dcmd=+0  d=-0.09 | phi=+0.09  ank=+0.42  alpha=+0.51
dcmd=+0  d=+0.00 | phi=+0.13  ank=+0.00  alpha=+0.13
dcmd=+0  d=+0.00 | phi=+0.02  ank=+0.02  alpha=+0.04
dcmd=+0  d=-0.09 | phi=+0.04  ank=+0.18  alpha=+0.22
dcmd=+0  d=+0.00 | phi=+0.02  ank=+0.26  alpha=+0.29
dcmd=+0  d=+0.00 | phi=+0.07  ank=-0.07  alpha=+0.00
dcmd=+0  d=+0.00 | phi=+0.07  ank=+0.15  alpha=+0.22
dcmd=+0  d=-0.09 | phi=+0.09  ank=-0.09  alpha=+0.00
dcmd=+0  d=+0.00 | phi=+0.04  ank=+0.33  alpha=+0.37
dcmd=+0  d=-0.09 | phi=+0.00  ank=-0.44  alpha=-0.44
dcmd=+0  d=+0.00 | phi=+0.02  ank=+0.09  alpha=+0.11
dcmd=+0  d=-0.09 | phi=+0.02  ank=+0.00  alpha=+0.02
dcmd=+0  d=+0.00 | phi=+0.11  ank=+0.04  alpha=+0.15
dcmd=+0  d=+0.00 | phi=+0.04  ank=+0.02  alpha=+0.07
dcmd=+0  d=+0.00 | phi=+0.09  ank=-0.31  alpha=-0.22
dcmd=+0  d=-0.09 | phi=+0.07  ank=-0.42  alpha=-0.35
# 출력 정지 — s 로 재개 (명령은 계속 먹음)
# D,t_ms,phi_deg,ank_deg,alpha_deg,del_cmd_deg,del_now_deg
# 형식: 100Hz CSV (로거용)
# ZERO — phi_zero=10624 ank_zero=13259
dcmd=+0  d=-0.09 | phi=+0.00  ank=+0.00  alpha=+0.00
# 토크 복구됨 (홈은 z 시점 그대로 — 크게 움직일 수 있으니 주의)
E,350695,MOVE,10
# 출력 재개 (s 로 다시 정지)
D,356213,0.044,1.274,1.318,10,0.000
D,356223,0.022,1.121,1.143,10,-0.088
D,356233,0.044,0.879,0.923,10,-0.088
D,356243,0.088,0.879,0.967,10,0.000
D,356253,0.022,0.835,0.857,10,-0.088
D,356263,0.044,1.099,1.143,10,0.000
D,356273,0.088,1.143,1.230,10,0.000
D,356283,0.022,1.165,1.187,10,0.000
D,356293,0.022,0.967,0.989,10,0.000
D,356303,0.044,0.747,0.791,10,0.000
D,356313,0.022,1.077,1.099,10,0.000
D,356323,-0.022,0.879,0.857,10,0.000
D,356333,0.044,1.055,1.099,10,0.000
D,356343,0.022,1.538,1.560,10,-0.088
D,356353,0.022,0.989,1.011,10,0.000
D,356363,-0.044,1.230,1.187,10,0.000
D,356373,0.022,0.835,0.857,10,0.000
D,356383,0.000,1.428,1.428,10,0.000
D,356393,0.022,1.011,1.033,10,0.000
D,356403,0.044,1.208,1.252,10,0.000
D,356413,0.000,1.252,1.252,10,0.000
D,356423,0.044,1.208,1.252,10,-0.088
D,356433,-0.044,1.187,1.143,10,0.000
D,356443,-0.022,0.901,0.879,10,0.000
D,356453,-0.022,1.208,1.187,10,0.000
D,356463,0.022,1.011,1.033,10,-0.088
D,356473,-0.044,1.187,1.143,10,0.000
D,356483,0.000,1.406,1.406,10,0.000
D,356493,-0.044,1.362,1.318,10,0.000
D,356503,0.022,1.165,1.187,10,0.000
D,356513,0.066,1.121,1.187,10,0.000
D,356523,-0.044,1.143,1.099,10,0.000
D,356533,0.000,1.011,1.011,10,0.000
D,356543,0.066,0.945,1.011,10,0.000
D,356553,0.066,0.857,0.923,10,0.000
D,356563,-0.022,1.143,1.121,10,-0.088
D,356573,-0.022,0.923,0.901,10,0.000
D,356583,0.044,1.121,1.165,10,0.000
D,356593,0.044,0.989,1.033,10,0.000
D,356603,-0.022,1.230,1.208,10,-0.088
D,356613,-0.022,1.208,1.187,10,0.000
D,356623,-0.022,1.208,1.187,10,-0.088
D,356633,0.022,1.406,1.428,10,-0.088
D,356643,0.022,0.769,0.791,10,0.000
D,356653,-0.022,0.879,0.857,10,0.000
D,356663,0.022,1.165,1.187,10,0.000
D,356673,0.022,1.077,1.099,10,0.000
D,356683,0.000,1.428,1.428,10,-0.088
D,356693,0.088,1.252,1.340,10,0.000
D,356703,0.000,0.835,0.835,10,-0.088
D,356713,0.022,0.857,0.879,10,0.000
D,356723,0.110,1.055,1.165,10,-0.088
D,356733,0.000,1.340,1.340,10,-248.115
D,356743,-0.044,0.747,0.703,10,-0.088
D,356753,0.022,1.033,1.055,10,-248.203
D,356763,0.022,1.165,1.187,10,-248.203
D,356773,0.022,1.252,1.274,10,-248.203
D,356783,0.000,1.143,1.143,10,9.668
D,356793,0.044,0.703,0.747,10,9.668
D,356803,0.044,1.340,1.384,10,9.668
D,356813,0.022,1.406,1.428,10,9.668
D,356823,0.022,1.318,1.340,10,9.668
D,356833,0.088,1.121,1.208,10,9.668
D,356843,0.066,1.099,1.165,10,9.668
D,356853,0.044,0.725,0.769,10,9.668
D,356863,0.066,0.989,1.055,10,9.668
D,356873,0.000,1.296,1.296,10,9.668
D,356883,-0.022,1.077,1.055,10,9.668
D,356893,0.066,1.318,1.384,10,9.668
D,356903,0.022,1.187,1.208,10,9.668
D,356913,0.000,1.011,1.011,10,9.580
D,356923,0.022,1.077,1.099,10,9.668
D,356933,0.022,0.901,0.923,10,9.668
D,356943,-0.066,1.033,0.967,10,9.668
D,356953,0.022,1.450,1.472,10,9.668
D,356963,0.000,1.011,1.011,10,9.668
D,356973,0.022,0.747,0.769,10,9.668
D,356983,0.022,0.703,0.725,10,9.668
D,356993,0.088,1.538,1.626,10,9.668
D,357003,0.066,1.143,1.208,10,9.668
D,357013,-0.022,1.450,1.428,10,9.668
D,357023,0.044,1.208,1.252,10,9.668
D,357033,0.022,1.143,1.165,10,9.668
D,357043,0.000,1.384,1.384,10,9.668
D,357053,-0.022,0.857,0.835,10,9.668
D,357063,0.000,1.274,1.274,10,9.668
D,357073,0.044,0.989,1.033,10,9.668
D,357083,0.044,1.252,1.296,10,9.668
D,357093,0.000,1.165,1.165,10,9.668
D,357103,-0.022,0.681,0.659,10,9.668
D,357113,0.044,1.143,1.187,10,9.668
D,357123,0.022,1.011,1.033,10,9.580
D,357133,0.088,1.208,1.296,10,9.668
D,357143,0.066,1.538,1.604,10,9.668
D,357153,0.066,1.011,1.077,10,9.668
D,357163,0.022,1.406,1.428,10,9.668
D,357173,0.000,1.055,1.055,10,9.668
D,357183,0.044,1.121,1.165,10,9.668
D,357193,0.022,1.296,1.318,10,9.668
D,357203,0.000,1.011,1.011,10,9.668
D,357213,0.110,1.340,1.450,10,9.668
D,357223,0.000,0.835,0.835,10,9.668
D,357233,0.044,1.318,1.362,10,9.668
D,357243,0.088,0.989,1.077,10,9.668
D,357253,-0.044,1.055,1.011,10,9.668
D,357263,0.000,1.121,1.121,10,9.580
D,357273,0.066,0.857,0.923,10,9.668
D,357283,0.022,1.033,1.055,10,9.668
D,357293,0.044,0.923,0.967,10,9.668
D,357303,-0.022,1.055,1.033,10,9.668
D,357313,0.000,0.923,0.923,10,9.668
D,357323,0.110,1.033,1.143,10,9.668
D,357333,0.000,1.099,1.099,10,9.668
D,357343,0.044,1.077,1.121,10,9.668
D,357353,0.000,0.989,0.989,10,9.668
D,357363,0.000,0.615,0.615,10,9.668
D,357373,0.022,1.077,1.099,10,9.668
D,357383,-0.044,1.099,1.055,10,9.668
D,357393,0.022,0.659,0.681,10,9.668
D,357403,0.022,1.011,1.033,10,9.668
D,357413,0.044,1.187,1.230,10,9.668
D,357423,0.088,0.681,0.769,10,9.668
D,357433,0.044,1.296,1.340,10,9.668
D,357443,0.022,1.143,1.165,10,9.668
D,357453,0.066,0.989,1.055,10,9.668
D,357463,0.044,0.769,0.813,10,9.668
D,357473,0.000,1.099,1.099,10,9.668
D,357483,0.066,0.835,0.901,10,9.668
D,357493,0.022,0.923,0.945,10,9.668
D,357503,0.000,1.187,1.187,10,9.668
D,357513,0.088,0.989,1.077,10,9.668
D,357523,0.022,1.187,1.208,10,9.668
D,357533,0.044,1.318,1.362,10,9.668
D,357543,0.066,1.165,1.230,10,9.668
D,357553,0.066,1.077,1.143,10,9.668
D,357563,0.022,0.615,0.637,10,9.580
D,357573,0.044,1.252,1.296,10,9.668
D,357583,-0.022,1.318,1.296,10,9.668
D,357593,0.044,1.033,1.077,10,9.580
D,357603,0.000,1.055,1.055,10,9.668
D,357613,0.044,0.527,0.571,10,9.668
D,357623,0.022,1.384,1.406,10,9.668
D,357633,0.066,1.318,1.384,10,9.668
D,357643,0.066,1.077,1.143,10,9.668
D,357653,-0.022,0.747,0.725,10,9.668
D,357663,0.022,1.055,1.077,10,9.668
D,357673,0.044,0.945,0.989,10,9.668
D,357683,0.022,1.362,1.384,10,9.580
D,357693,0.000,1.121,1.121,10,9.668
D,357703,0.000,1.187,1.187,10,9.668
D,357713,-0.022,1.099,1.077,10,9.668
D,357723,0.000,1.384,1.384,10,9.668
D,357733,-0.022,1.252,1.230,10,9.668
D,357743,0.066,1.516,1.582,10,9.668
D,357753,0.044,0.879,0.923,10,9.668
D,357763,0.022,1.011,1.033,10,9.668
D,357773,0.088,1.099,1.187,10,9.668
D,357783,0.044,0.989,1.033,10,9.668
D,357793,0.022,1.340,1.362,10,9.668
D,357803,-0.044,1.208,1.165,10,9.668
D,357813,-0.022,1.011,0.989,10,9.668
D,357823,0.066,0.923,0.989,10,9.668
D,357833,0.022,1.252,1.274,10,9.668
D,357843,-0.044,1.055,1.011,10,9.668
D,357853,0.088,1.033,1.121,10,9.580
D,357863,0.000,1.187,1.187,10,9.580
D,357873,0.066,0.879,0.945,10,9.668
D,357883,0.044,0.967,1.011,10,9.668
D,357893,0.044,1.406,1.450,10,9.668
D,357903,0.022,1.099,1.121,10,9.668
D,357913,-0.044,0.791,0.747,10,9.668
D,357923,0.088,0.879,0.967,10,9.668
D,357933,-0.022,1.165,1.143,10,9.668
D,357943,0.044,0.681,0.725,10,9.668
D,357953,0.022,1.252,1.274,10,9.668
D,357963,0.000,0.571,0.571,10,9.668
D,357973,0.022,1.318,1.340,10,9.668
D,357983,0.066,0.439,0.505,10,9.668
D,357993,0.088,1.121,1.208,10,9.668
D,358003,0.022,0.945,0.967,10,9.668
D,358013,0.000,0.967,0.967,10,9.668
D,358023,0.066,1.165,1.230,10,9.668
D,358033,0.000,1.121,1.121,10,9.668
D,358043,0.000,1.099,1.099,10,9.668
D,358053,0.022,1.428,1.450,10,9.668
D,358063,0.000,0.703,0.703,10,9.668
D,358073,-0.022,1.252,1.230,10,9.668
D,358083,0.044,1.121,1.165,10,9.580
D,358093,0.000,0.747,0.747,10,9.668
D,358103,0.088,0.747,0.835,10,9.668
D,358113,0.110,0.967,1.077,10,9.668
D,358123,0.044,1.055,1.099,10,9.668
D,358133,0.066,1.362,1.428,10,9.668
D,358143,0.000,0.879,0.879,10,9.668
D,358153,0.088,0.923,1.011,10,9.668
D,358163,0.022,1.252,1.274,10,9.668
D,358173,0.000,1.121,1.121,10,9.668
D,358183,0.044,1.296,1.340,10,9.668
D,358193,0.022,1.055,1.077,10,9.668
D,358203,0.044,1.274,1.318,10,9.580
D,358213,0.044,1.274,1.318,10,9.668
D,358223,0.000,1.077,1.077,10,9.668
D,358233,-0.022,0.967,0.945,10,9.668
D,358243,0.044,1.604,1.648,10,9.580
D,358253,0.066,1.274,1.340,10,9.668
D,358263,0.044,0.703,0.747,10,9.580
D,358273,0.044,1.055,1.099,10,9.668
D,358283,0.066,1.230,1.296,10,9.668
D,358293,0.044,1.252,1.296,10,9.668
D,358303,0.022,1.055,1.077,10,9.668
D,358313,0.022,1.340,1.362,10,9.668
D,358323,0.110,1.121,1.230,10,9.668
D,358333,0.044,1.143,1.187,10,9.580
D,358343,0.000,0.945,0.945,10,9.668
D,358353,0.088,1.340,1.428,10,9.668
D,358363,0.044,1.077,1.121,10,9.668
D,358373,0.022,1.143,1.165,10,9.668
D,358383,-0.044,1.230,1.187,10,9.580
D,358393,0.022,0.879,0.901,10,9.668
D,358403,0.022,0.901,0.923,10,9.668
D,358413,0.066,1.121,1.187,10,9.668
D,358423,0.022,1.230,1.252,10,9.668
D,358433,0.000,1.274,1.274,10,9.668
D,358443,0.066,1.143,1.208,10,9.668
D,358453,0.066,1.187,1.252,10,9.580
D,358463,0.022,0.901,0.923,10,9.668
D,358473,0.022,1.143,1.165,10,9.668
D,358483,0.088,0.879,0.967,10,9.668
D,358493,0.044,1.033,1.077,10,9.668
D,358503,0.022,0.769,0.791,10,9.668
D,358513,-0.044,0.857,0.813,10,9.668
D,358523,0.088,1.077,1.165,10,9.668
D,358533,0.000,1.055,1.055,10,9.668
D,358543,0.088,1.165,1.252,10,9.668
D,358553,0.044,1.472,1.516,10,9.668
D,358563,0.000,1.055,1.055,10,9.668
D,358573,0.022,1.296,1.318,10,9.668
D,358583,0.044,1.011,1.055,10,9.668
D,358593,0.022,1.055,1.077,10,9.668
D,358603,0.044,1.077,1.121,10,9.668
D,358613,0.088,1.099,1.187,10,9.668
D,358623,0.044,1.187,1.230,10,9.668
D,358633,0.044,1.033,1.077,10,9.668
D,358643,0.088,1.340,1.428,10,9.668
D,358653,0.066,1.077,1.143,10,9.668
D,358663,0.044,0.945,0.989,10,9.668
D,358673,0.022,1.055,1.077,10,9.668
D,358683,0.022,1.011,1.033,10,9.668
D,358693,0.066,0.967,1.033,10,9.668
D,358703,0.066,1.055,1.121,10,9.668
D,358713,0.088,1.099,1.187,10,9.668
D,358723,0.088,1.121,1.208,10,9.668
D,358733,0.088,1.208,1.296,10,9.668
D,358743,0.022,1.208,1.230,10,9.668
D,358753,0.088,1.165,1.252,10,9.668
D,358763,0.022,1.208,1.230,10,9.668
D,358773,0.044,1.055,1.099,10,9.668
D,358783,0.022,1.560,1.582,10,9.668
D,358793,0.044,1.077,1.121,10,9.668
D,358803,-0.022,0.791,0.769,10,9.668
D,358813,-0.022,1.208,1.187,10,9.668
D,358823,-0.044,0.967,0.923,10,9.668
D,358833,0.066,0.813,0.879,10,9.668
D,358843,0.066,1.011,1.077,10,9.668
D,358853,0.044,1.318,1.362,10,9.668
D,358863,0.088,1.077,1.165,10,9.668
D,358873,0.044,0.813,0.857,10,9.668
D,358883,0.066,1.208,1.274,10,9.668
D,358893,0.000,0.901,0.901,10,9.668
D,358903,0.000,1.165,1.165,10,9.668
D,358913,0.066,1.230,1.296,10,9.668
D,358923,0.088,1.230,1.318,10,9.668
D,358933,0.088,0.923,1.011,10,9.668
D,358943,0.000,1.121,1.121,10,9.668
D,358953,0.088,1.033,1.121,10,9.580
D,358963,0.022,1.252,1.274,10,9.668
D,358973,0.000,0.945,0.945,10,9.668
D,358983,0.022,0.945,0.967,10,9.668
D,358993,0.110,1.077,1.187,10,9.580
D,359003,0.088,0.989,1.077,10,9.668
D,359013,0.022,1.230,1.252,10,9.580
D,359023,0.044,1.208,1.252,10,9.580
D,359033,0.000,1.099,1.099,10,9.668
D,359043,0.000,1.165,1.165,10,9.668
D,359053,0.066,1.055,1.121,10,9.668
D,359063,0.000,1.033,1.033,10,9.580
D,359073,0.000,1.208,1.208,10,9.668
D,359083,0.088,1.033,1.121,10,9.668
D,359093,-0.022,1.055,1.033,10,9.580
D,359103,0.110,1.560,1.670,10,9.668
D,359113,0.066,1.121,1.187,10,9.668
D,359123,0.066,0.967,1.033,10,9.668
D,359133,-0.022,1.011,0.989,10,9.668
D,359143,0.022,1.011,1.033,10,9.668
D,359153,0.088,1.274,1.362,10,9.668
D,359163,0.066,1.230,1.296,10,9.668
D,359173,0.110,1.033,1.143,10,9.668
D,359183,0.066,1.055,1.121,10,9.668
D,359193,0.000,1.428,1.428,10,9.668
D,359203,0.088,1.077,1.165,10,9.668
D,359213,-0.022,1.011,0.989,10,9.668
D,359223,0.110,1.099,1.208,10,9.668
D,359233,0.000,0.549,0.549,10,9.668
D,359243,0.110,1.560,1.670,10,9.668
D,359253,0.044,1.165,1.208,10,9.668
D,359263,0.066,1.208,1.274,10,9.668
D,359273,0.088,1.143,1.230,10,9.668
D,359283,0.044,1.011,1.055,10,9.668
D,359293,0.000,1.296,1.296,10,9.668
D,359303,0.044,0.879,0.923,10,9.668
D,359313,0.044,1.055,1.099,10,9.668
D,359323,0.088,1.165,1.252,10,9.668
D,359333,0.022,1.143,1.165,10,9.668
D,359343,0.066,0.703,0.769,10,9.668
D,359353,0.044,1.208,1.252,10,9.668
D,359363,0.088,1.011,1.099,10,9.668
D,359373,0.022,1.208,1.230,10,9.668
D,359383,0.022,0.945,0.967,10,9.668
D,359393,0.044,0.967,1.011,10,9.668
D,359403,0.022,0.725,0.747,10,9.580
D,359413,0.110,1.340,1.450,10,9.668
D,359423,0.044,0.879,0.923,10,9.668
D,359433,0.088,1.208,1.296,10,9.668
D,359443,0.022,1.121,1.143,10,9.668
D,359453,0.022,1.208,1.230,10,9.668
D,359463,0.000,0.879,0.879,10,9.668
D,359473,0.022,0.857,0.879,10,9.668
D,359483,0.088,1.296,1.384,10,9.668
D,359493,0.066,1.011,1.077,10,9.668
D,359503,0.044,1.538,1.582,10,9.668
D,359513,0.000,1.165,1.165,10,9.668
D,359523,0.022,1.274,1.296,10,9.668
D,359533,0.044,1.077,1.121,10,9.668
D,359543,0.022,1.187,1.208,10,9.668
D,359553,0.110,1.208,1.318,10,9.668
D,359563,0.066,1.252,1.318,10,9.668
D,359573,0.044,1.362,1.406,10,9.668
D,359583,0.022,1.143,1.165,10,9.668
D,359593,0.022,1.252,1.274,10,9.668
D,359603,0.022,1.165,1.187,10,9.668
D,359613,0.000,0.857,0.857,10,9.668
D,359623,0.066,1.868,1.934,10,9.668
D,359633,0.066,1.494,1.560,10,9.668
D,359643,0.044,1.099,1.143,10,9.668
D,359653,0.044,1.296,1.340,10,9.668
D,359663,0.066,1.230,1.296,10,9.668
D,359673,0.044,1.077,1.121,10,9.668
D,359683,0.022,1.143,1.165,10,9.668
D,359693,0.044,1.011,1.055,10,9.668
D,359703,0.044,0.967,1.011,10,9.668
D,359713,0.022,1.165,1.187,10,9.668
D,359723,0.110,0.967,1.077,10,9.668
D,359733,0.044,1.516,1.560,10,9.668
D,359743,0.000,1.318,1.318,10,9.668
D,359753,0.066,0.747,0.813,10,9.668
D,359763,0.022,1.428,1.450,10,9.668
D,359773,0.066,1.033,1.099,10,9.668
D,359783,0.022,0.615,0.637,10,9.668
D,359793,0.066,1.252,1.318,10,9.668
D,359803,0.022,1.406,1.428,10,9.668
D,359813,0.044,0.769,0.813,10,9.668
D,359823,0.088,0.967,1.055,10,9.668
D,359833,0.066,0.835,0.901,10,9.668
D,359843,0.022,0.637,0.659,10,9.668
D,359853,0.022,1.165,1.187,10,9.668
D,359863,0.022,0.989,1.011,10,9.668
D,359873,0.066,1.318,1.384,10,9.668
D,359883,0.044,0.615,0.659,10,9.668
D,359893,0.022,1.274,1.296,10,9.668
D,359903,-0.044,1.033,0.989,10,9.668
D,359913,0.088,1.187,1.274,10,9.668
D,359923,-0.022,1.296,1.274,10,9.668
D,359933,0.088,1.011,1.099,10,9.668
D,359943,0.044,1.033,1.077,10,9.668
D,359953,0.022,1.077,1.099,10,9.668
D,359963,0.066,0.923,0.989,10,9.668
D,359973,0.044,0.967,1.011,10,9.668
D,359983,-0.022,1.274,1.252,10,9.668
D,359993,0.000,1.033,1.033,10,9.668
D,360003,0.000,1.296,1.296,10,9.668
D,360013,-0.022,1.011,0.989,10,9.668
D,360023,0.000,1.121,1.121,10,9.668
D,360033,0.044,0.835,0.879,10,9.668
D,360043,0.022,1.384,1.406,10,9.668
D,360053,-0.022,1.099,1.077,10,9.580
D,360063,0.022,1.252,1.274,10,9.668
D,360073,0.022,0.835,0.857,10,9.668
D,360083,0.000,1.121,1.121,10,9.668
D,360093,0.044,0.989,1.033,10,9.668
D,360103,0.066,1.274,1.340,10,9.668
D,360113,0.000,1.296,1.296,10,9.668
D,360123,0.044,1.033,1.077,10,9.668
D,360133,0.022,0.791,0.813,10,9.668
D,360143,0.044,1.099,1.143,10,9.668
D,360153,0.044,1.428,1.472,10,9.668
D,360163,0.022,0.945,0.967,10,9.668
D,360173,0.000,0.989,0.989,10,9.668
D,360183,-0.022,1.230,1.208,10,9.668
D,360193,0.066,0.857,0.923,10,9.668
D,360203,0.044,0.989,1.033,10,9.668
D,360213,0.088,1.560,1.648,10,9.668
D,360223,0.022,0.923,0.945,10,9.668
D,360233,0.000,1.033,1.033,10,9.668
D,360243,0.044,1.165,1.208,10,9.580
D,360253,0.066,1.055,1.121,10,9.668
D,360263,0.066,1.099,1.165,10,9.668
D,360273,-0.066,1.208,1.143,10,9.668
D,360283,0.066,1.077,1.143,10,9.668
D,360293,0.088,1.318,1.406,10,9.668
D,360303,0.044,1.296,1.340,10,9.668
D,360313,0.044,0.659,0.703,10,9.668
D,360323,0.044,0.945,0.989,10,9.668
D,360333,0.000,1.077,1.077,10,9.668
D,360343,0.022,1.033,1.055,10,9.668
D,360353,0.066,1.165,1.230,10,9.668
D,360363,0.000,1.208,1.208,10,9.580
D,360373,0.000,1.033,1.033,10,9.668
D,360383,0.110,1.252,1.362,10,9.668
D,360393,0.022,1.055,1.077,10,9.668
D,360403,0.044,1.208,1.252,10,9.668
D,360413,0.044,1.121,1.165,10,9.668
D,360423,0.044,1.516,1.560,10,9.668
D,360433,-0.022,1.165,1.143,10,9.668
D,360443,0.066,1.187,1.252,10,9.668
D,360453,0.066,1.362,1.428,10,9.668
D,360463,0.066,1.187,1.252,10,9.668
D,360473,0.066,1.165,1.230,10,9.668
D,360483,0.044,0.813,0.857,10,9.668
D,360493,-0.022,0.945,0.923,10,9.668
D,360503,0.110,1.538,1.648,10,9.668
D,360513,0.044,0.835,0.879,10,9.580
D,360523,0.066,1.362,1.428,10,9.668
D,360533,0.022,1.121,1.143,10,9.668
D,360543,0.066,1.252,1.318,10,9.668
D,360553,0.088,1.033,1.121,10,9.668
D,360563,-0.044,1.077,1.033,10,9.580
D,360573,0.022,0.923,0.945,10,9.668
D,360583,0.022,1.011,1.033,10,9.668
D,360593,-0.022,0.923,0.901,10,9.668
D,360603,0.110,0.813,0.923,10,9.668
D,360613,0.022,1.187,1.208,10,9.668
D,360623,0.000,1.187,1.187,10,9.580
D,360633,-0.022,1.077,1.055,10,9.668
D,360643,0.000,0.857,0.857,10,9.668
D,360653,0.022,1.077,1.099,10,9.668
D,360663,0.132,0.901,1.033,10,9.668
D,360673,0.022,1.230,1.252,10,9.668
D,360683,0.022,1.340,1.362,10,9.668
D,360693,0.066,1.230,1.296,10,9.668
D,360703,0.022,1.274,1.296,10,9.668
D,360713,0.044,0.923,0.967,10,9.668
D,360723,0.044,1.230,1.274,10,9.668
D,360733,0.132,1.055,1.187,10,9.580
D,360743,0.044,1.077,1.121,10,9.668
D,360753,0.000,1.406,1.406,10,9.668
dcmd=+10  d=+9.67 | phi=+0.04  ank=+1.23  alpha=+1.27 | alpha/d=0.132
# 출력 정지 — s 로 재개 (명령은 계속 먹음)
# ZERO — phi_zero=10624 ank_zero=13321
dcmd=+0  d=+0.00 | phi=+0.02  ank=-0.18  alpha=-0.15
# 토크 복구됨 (홈은 z 시점 그대로 — 크게 움직일 수 있으니 주의)
E,378785,MOVE,10
# 출력 재개 (s 로 다시 정지)
D,384597,0.000,3.538,3.538,10,0.000
D,384607,-0.044,3.538,3.494,10,0.000
D,384617,-0.044,3.889,3.845,10,0.000
D,384627,0.022,3.691,3.713,10,0.000
D,384637,-0.044,3.098,3.054,10,0.000
D,384647,-0.088,3.735,3.647,10,0.000
D,384657,-0.022,3.560,3.538,10,0.000
D,384667,-0.066,3.582,3.516,10,0.000
D,384677,-0.044,3.054,3.010,10,0.000
D,384687,-0.044,3.340,3.296,10,0.000
D,384697,-0.022,3.318,3.296,10,0.000
D,384707,-0.022,3.735,3.713,10,-0.088
D,384717,-0.066,3.142,3.076,10,0.000
D,384727,-0.088,3.625,3.538,10,0.000
D,384737,-0.022,3.845,3.823,10,0.000
D,384747,-0.044,3.494,3.450,10,0.000
D,384757,-0.066,3.164,3.098,10,0.000
D,384767,-0.022,3.538,3.516,10,0.000
D,384777,-0.044,3.669,3.625,10,-0.088
D,384787,-0.044,3.208,3.164,10,0.000
D,384797,-0.022,3.274,3.252,10,0.000
D,384807,-0.022,3.450,3.428,10,0.000
D,384817,-0.044,3.538,3.494,10,0.000
D,384827,-0.022,3.384,3.362,10,0.000
D,384837,-0.022,3.801,3.779,10,0.000
D,384847,-0.022,3.230,3.208,10,0.000
D,384857,-0.066,3.032,2.966,10,0.000
D,384867,-0.044,3.098,3.054,10,0.000
D,384877,0.044,3.560,3.604,10,0.000
D,384887,0.000,3.208,3.208,10,0.000
D,384897,-0.044,3.560,3.516,10,0.000
D,384907,-0.044,3.625,3.582,10,0.000
D,384917,-0.022,3.713,3.691,10,0.000
D,384927,0.022,3.186,3.208,10,-0.088
D,384937,-0.044,3.560,3.516,10,0.000
D,384947,0.000,3.406,3.406,10,0.000
D,384957,0.000,3.735,3.735,10,0.000
D,384967,-0.044,3.428,3.384,10,0.000
D,384977,-0.022,3.296,3.274,10,-0.088
D,384987,-0.022,3.582,3.560,10,-0.088
D,384997,0.000,3.999,3.999,10,0.000
D,385007,0.000,3.494,3.494,10,-0.088
D,385017,0.000,3.450,3.450,10,0.000
D,385027,0.000,3.757,3.757,10,0.000
D,385037,0.000,3.582,3.582,10,0.000
D,385047,-0.022,3.406,3.384,10,0.000
D,385057,0.000,3.582,3.582,10,0.000
D,385067,0.000,3.669,3.669,10,0.000
D,385077,0.000,3.713,3.713,10,0.000
D,385087,-0.044,3.428,3.384,10,0.000
D,385097,0.044,3.296,3.340,10,-0.088
D,385107,-0.022,3.735,3.713,10,0.000
D,385117,-0.022,3.779,3.757,10,-257.783
D,385127,-0.022,3.186,3.164,10,-0.088
D,385137,0.044,3.757,3.801,10,-257.871
D,385147,0.000,3.845,3.845,10,-257.871
D,385157,0.044,3.735,3.779,10,-257.871
D,385167,0.022,3.538,3.560,10,9.141
D,385177,0.000,3.252,3.252,10,9.141
D,385187,0.066,3.406,3.472,10,9.053
D,385197,0.088,3.494,3.582,10,9.053
D,385207,0.022,3.669,3.691,10,9.141
D,385217,0.022,3.713,3.735,10,9.141
D,385227,0.110,3.779,3.889,10,9.053
D,385237,0.022,3.384,3.406,10,9.141
D,385247,0.066,3.274,3.340,10,9.053
D,385257,0.088,3.669,3.757,10,9.053
D,385267,0.022,3.384,3.406,10,9.141
D,385277,0.088,3.691,3.779,10,9.141
D,385287,0.022,3.230,3.252,10,9.053
D,385297,0.066,3.560,3.625,10,9.141
D,385307,0.132,3.494,3.625,10,9.053
D,385317,0.044,3.274,3.318,10,9.053
D,385327,0.066,3.669,3.735,10,9.053
D,385337,0.088,3.625,3.713,10,9.141
D,385347,0.132,3.384,3.516,10,9.053
D,385357,0.044,3.296,3.340,10,9.141
D,385367,0.066,3.647,3.713,10,9.141
D,385377,0.044,3.384,3.428,10,9.141
D,385387,0.066,3.494,3.560,10,9.053
D,385397,0.066,3.845,3.911,10,9.141
D,385407,0.088,3.691,3.779,10,9.141
D,385417,0.110,3.647,3.757,10,9.141
D,385427,0.110,3.582,3.691,10,9.141
D,385437,0.044,3.428,3.472,10,9.141
D,385447,0.088,3.406,3.494,10,9.053
D,385457,0.110,3.406,3.516,10,9.141
D,385467,0.110,3.472,3.582,10,9.053
D,385477,0.066,3.252,3.318,10,9.053
D,385487,0.132,3.538,3.669,10,9.053
D,385497,0.044,3.713,3.757,10,9.141
D,385507,0.132,3.735,3.867,10,9.141
D,385517,0.110,3.450,3.560,10,9.141
D,385527,0.066,3.274,3.340,10,9.053
D,385537,0.154,3.230,3.384,10,9.141
D,385547,0.110,3.823,3.933,10,9.141
D,385557,0.110,3.757,3.867,10,9.141
D,385567,0.088,3.911,3.999,10,9.141
D,385577,0.132,3.582,3.713,10,9.053
D,385587,0.154,3.406,3.560,10,9.141
D,385597,0.044,3.098,3.142,10,9.141
D,385607,0.110,3.669,3.779,10,9.053
D,385617,0.088,3.735,3.823,10,9.053
D,385627,0.110,3.384,3.494,10,9.141
D,385637,0.110,3.823,3.933,10,9.053
D,385647,0.176,3.472,3.647,10,9.141
D,385657,0.132,3.274,3.406,10,9.141
D,385667,0.044,3.340,3.384,10,9.053
D,385677,0.132,3.625,3.757,10,9.053
D,385687,0.110,3.625,3.735,10,9.141
D,385697,0.110,3.428,3.538,10,9.141
D,385707,0.110,3.230,3.340,10,9.141
D,385717,0.044,3.669,3.713,10,9.141
D,385727,0.066,3.845,3.911,10,9.141
D,385737,0.044,3.406,3.450,10,9.053
D,385747,0.066,3.823,3.889,10,9.053
D,385757,0.110,3.823,3.933,10,9.053
D,385767,0.088,3.669,3.757,10,9.141
D,385777,0.066,3.362,3.428,10,9.141
D,385787,0.088,3.538,3.625,10,9.141
D,385797,0.132,3.450,3.582,10,9.053
D,385807,0.132,3.647,3.779,10,9.053
D,385817,0.110,3.604,3.713,10,9.053
D,385827,0.110,3.318,3.428,10,9.141
D,385837,0.132,3.625,3.757,10,9.141
D,385847,0.110,3.428,3.538,10,9.053
D,385857,0.110,3.823,3.933,10,9.141
D,385867,0.088,3.516,3.604,10,9.141
D,385877,0.088,3.494,3.582,10,9.141
D,385887,0.066,3.669,3.735,10,9.053
D,385897,0.132,3.208,3.340,10,9.141
D,385907,0.088,3.538,3.625,10,9.053
D,385917,0.110,3.757,3.867,10,9.053
D,385927,0.088,3.713,3.801,10,9.141
D,385937,0.110,3.604,3.713,10,9.141
D,385947,0.044,3.406,3.450,10,9.141
D,385957,0.066,3.538,3.604,10,9.053
D,385967,0.088,3.538,3.625,10,9.141
D,385977,0.110,3.538,3.647,10,9.053
D,385987,0.110,3.691,3.801,10,9.141
D,385997,0.022,3.450,3.472,10,9.053
D,386007,0.088,3.604,3.691,10,9.141
D,386017,0.066,3.625,3.691,10,9.141
D,386027,0.022,3.208,3.230,10,9.141
D,386037,0.066,3.735,3.801,10,9.141
D,386047,0.022,3.340,3.362,10,9.053
D,386057,0.044,3.318,3.362,10,9.141
D,386067,0.044,3.076,3.120,10,9.141
D,386077,0.088,3.274,3.362,10,9.053
D,386087,0.066,3.186,3.252,10,9.141
D,386097,0.000,3.296,3.296,10,9.141
D,386107,0.022,3.362,3.384,10,9.053
D,386117,0.022,3.472,3.494,10,9.141
D,386127,0.044,3.494,3.538,10,9.053
D,386137,0.088,3.538,3.625,10,9.141
D,386147,0.022,3.538,3.560,10,9.141
D,386157,0.088,3.274,3.362,10,9.141
D,386167,0.044,3.362,3.406,10,9.053
D,386177,0.066,3.428,3.494,10,9.141
D,386187,0.088,3.582,3.669,10,9.141
D,386197,0.066,3.691,3.757,10,9.141
D,386207,0.022,3.933,3.955,10,9.141
D,386217,0.066,3.757,3.823,10,9.141
D,386227,0.000,3.625,3.625,10,9.141
D,386237,0.066,3.735,3.801,10,9.141
D,386247,-0.066,3.516,3.450,10,9.141
D,386257,-0.022,3.625,3.604,10,9.053
D,386267,0.000,3.450,3.450,10,9.053
D,386277,0.066,3.516,3.582,10,9.141
D,386287,0.000,3.669,3.669,10,9.141
D,386297,-0.066,3.560,3.494,10,9.141
D,386307,-0.044,3.428,3.384,10,9.141
D,386317,0.022,3.889,3.911,10,9.141
D,386327,-0.044,3.647,3.604,10,9.053
D,386337,-0.044,3.384,3.340,10,9.053
D,386347,0.000,3.604,3.604,10,9.141
D,386357,-0.066,3.604,3.538,10,9.053
D,386367,0.066,3.494,3.560,10,9.053
D,386377,0.022,3.669,3.691,10,9.141
D,386387,-0.044,3.450,3.406,10,9.141
D,386397,0.000,3.274,3.274,10,9.053
D,386407,0.000,3.120,3.120,10,9.141
D,386417,-0.022,3.538,3.516,10,9.141
D,386427,-0.044,3.713,3.669,10,9.053
D,386437,0.066,3.582,3.647,10,9.141
D,386447,-0.022,3.494,3.472,10,9.141
D,386457,-0.044,3.010,2.966,10,9.141
D,386467,-0.022,3.604,3.582,10,9.141
D,386477,0.044,3.450,3.494,10,9.141
D,386487,-0.022,3.318,3.296,10,9.141
D,386497,-0.066,3.384,3.318,10,9.141
D,386507,0.044,3.428,3.472,10,9.053
D,386517,0.000,3.823,3.823,10,9.141
D,386527,-0.022,3.516,3.494,10,9.141
D,386537,-0.022,3.274,3.252,10,9.141
D,386547,-0.044,3.582,3.538,10,9.053
D,386557,-0.044,3.516,3.472,10,9.053
D,386567,-0.022,3.735,3.713,10,9.053
D,386577,0.000,3.384,3.384,10,9.141
D,386587,-0.022,3.318,3.296,10,9.141
D,386597,0.000,3.669,3.669,10,9.141
D,386607,0.000,3.406,3.406,10,9.053
D,386617,-0.022,3.823,3.801,10,9.141
D,386627,-0.022,3.340,3.318,10,9.141
D,386637,-0.044,3.713,3.669,10,9.053
D,386647,0.000,3.691,3.691,10,9.141
D,386657,0.022,3.801,3.823,10,9.141
D,386667,0.044,3.582,3.625,10,9.053
D,386677,0.044,3.274,3.318,10,9.141
D,386687,-0.066,3.428,3.362,10,9.141
D,386697,0.022,3.362,3.384,10,9.141
D,386707,-0.022,3.647,3.625,10,9.053
D,386717,-0.022,3.384,3.362,10,9.053
D,386727,0.044,3.713,3.757,10,9.141
D,386737,-0.044,3.296,3.252,10,9.053
D,386747,0.022,3.538,3.560,10,9.141
D,386757,-0.022,3.691,3.669,10,9.141
D,386767,0.022,3.911,3.933,10,9.141
D,386777,-0.022,3.384,3.362,10,9.141
D,386787,-0.022,3.669,3.647,10,9.141
D,386797,0.000,3.450,3.450,10,9.141
D,386807,-0.066,3.428,3.362,10,9.141
D,386817,-0.044,3.054,3.010,10,9.141
D,386827,0.000,3.296,3.296,10,9.141
D,386837,-0.044,3.318,3.274,10,9.141
D,386847,-0.044,3.428,3.384,10,9.141
D,386857,-0.066,3.208,3.142,10,9.141
D,386867,-0.022,3.450,3.428,10,9.141
D,386877,-0.022,3.560,3.538,10,9.141
D,386887,0.000,3.472,3.472,10,9.141
D,386897,0.000,3.362,3.362,10,9.141
D,386907,0.044,3.340,3.384,10,9.053
D,386917,0.000,3.560,3.560,10,9.053
D,386927,-0.022,3.735,3.713,10,9.141
D,386937,-0.022,3.538,3.516,10,9.053
D,386947,0.022,3.428,3.450,10,9.141
D,386957,0.044,3.604,3.647,10,9.053
D,386967,0.000,3.713,3.713,10,9.141
D,386977,0.000,3.362,3.362,10,9.141
D,386987,0.044,3.406,3.450,10,9.141
D,386997,0.044,3.450,3.494,10,9.053
D,387007,0.044,3.472,3.516,10,9.053
D,387017,0.044,3.252,3.296,10,9.141
D,387027,0.022,3.120,3.142,10,9.141
D,387037,0.022,3.538,3.560,10,9.053
D,387047,0.044,3.142,3.186,10,9.053
D,387057,0.044,3.647,3.691,10,9.141
D,387067,0.000,3.625,3.625,10,9.141
D,387077,0.022,3.933,3.955,10,9.141
D,387087,0.000,3.428,3.428,10,9.053
D,387097,0.000,3.604,3.604,10,9.141
D,387107,0.066,3.735,3.801,10,9.053
D,387117,0.044,3.340,3.384,10,9.141
D,387127,0.022,3.582,3.604,10,9.141
D,387137,0.022,3.560,3.582,10,9.141
D,387147,0.066,3.625,3.691,10,9.053
D,387157,0.066,3.494,3.560,10,9.141
D,387167,-0.022,3.450,3.428,10,9.053
D,387177,0.022,3.494,3.516,10,9.053
D,387187,0.022,3.494,3.516,10,9.053
D,387197,0.022,3.757,3.779,10,9.053
D,387207,0.066,3.472,3.538,10,9.141
D,387217,0.066,3.076,3.142,10,9.141
D,387227,0.066,3.186,3.252,10,9.053
D,387237,0.110,3.142,3.252,10,9.141
D,387247,0.044,3.318,3.362,10,9.053
D,387257,0.066,3.604,3.669,10,9.141
D,387267,0.066,3.450,3.516,10,9.141
D,387277,0.066,3.142,3.208,10,9.141
D,387287,0.110,3.757,3.867,10,9.141
D,387297,0.066,3.340,3.406,10,9.053
D,387307,0.110,3.516,3.625,10,9.141
D,387317,0.132,3.472,3.604,10,9.053
D,387327,0.066,3.735,3.801,10,9.053
D,387337,0.110,3.779,3.889,10,9.141
D,387347,0.110,3.274,3.384,10,9.141
D,387357,0.066,3.911,3.977,10,9.141
D,387367,0.110,3.582,3.691,10,9.053
D,387377,0.088,3.362,3.450,10,9.141
D,387387,0.132,3.779,3.911,10,9.053
D,387397,0.088,3.406,3.494,10,9.141
D,387407,0.066,3.472,3.538,10,9.053
D,387417,0.088,3.340,3.428,10,9.141
D,387427,0.066,3.604,3.669,10,9.141
D,387437,0.088,3.604,3.691,10,9.141
D,387447,0.088,3.647,3.735,10,9.141
D,387457,0.066,3.142,3.208,10,9.141
D,387467,0.132,3.538,3.669,10,9.141
D,387477,0.110,3.691,3.801,10,9.053
D,387487,0.022,3.384,3.406,10,9.141
D,387497,0.088,3.516,3.604,10,9.141
D,387507,0.066,3.647,3.713,10,9.141
D,387517,0.044,3.384,3.428,10,9.141
D,387527,0.044,3.208,3.252,10,9.141
D,387537,0.110,3.889,3.999,10,9.141
D,387547,0.088,3.516,3.604,10,9.141
D,387557,0.066,3.318,3.384,10,9.141
D,387567,0.110,3.054,3.164,10,9.053
D,387577,0.088,3.076,3.164,10,9.141
D,387587,0.176,3.625,3.801,10,9.053
D,387597,0.132,3.340,3.472,10,9.141
D,387607,0.088,3.472,3.560,10,9.053
D,387617,0.088,3.669,3.757,10,9.053
D,387627,0.088,3.208,3.296,10,9.141
D,387637,0.132,3.604,3.735,10,9.141
D,387647,0.066,3.604,3.669,10,9.141
D,387657,0.110,3.560,3.669,10,9.141
D,387667,0.066,3.625,3.691,10,9.053
D,387677,0.110,3.252,3.362,10,9.141
D,387687,0.110,3.450,3.560,10,9.053
D,387697,0.066,3.604,3.669,10,9.053
D,387707,0.066,3.757,3.823,10,9.141
D,387717,0.110,3.538,3.647,10,9.141
D,387727,0.110,3.340,3.450,10,9.141
D,387737,0.110,3.779,3.889,10,9.053
D,387747,0.066,3.538,3.604,10,9.053
D,387757,0.088,3.516,3.604,10,9.053
D,387767,0.110,3.340,3.450,10,9.141
D,387777,0.066,3.384,3.450,10,9.053
D,387787,0.110,3.428,3.538,10,9.141
D,387797,0.022,3.472,3.494,10,9.141
D,387807,0.022,3.428,3.450,10,9.053
D,387817,0.132,3.757,3.889,10,9.141
D,387827,0.022,3.230,3.252,10,9.141
D,387837,0.066,3.757,3.823,10,9.053
D,387847,0.110,3.428,3.538,10,9.141
D,387857,0.044,3.933,3.977,10,9.053
D,387867,0.110,3.450,3.560,10,9.141
D,387877,0.110,3.691,3.801,10,9.141
D,387887,0.088,3.538,3.625,10,9.141
D,387897,0.066,3.604,3.669,10,9.141
D,387907,0.000,3.450,3.450,10,9.141
D,387917,0.110,3.076,3.186,10,9.141
D,387927,0.066,3.208,3.274,10,9.141
D,387937,0.066,3.472,3.538,10,9.053
D,387947,0.066,3.735,3.801,10,9.053
D,387957,0.088,3.647,3.735,10,9.141
D,387967,0.000,3.735,3.735,10,9.141
D,387977,0.110,3.560,3.669,10,9.141
D,387987,0.088,3.494,3.582,10,9.141
D,387997,0.000,3.494,3.494,10,9.141
D,388007,0.066,3.713,3.779,10,9.141
D,388017,0.044,3.208,3.252,10,9.141
D,388027,0.066,3.318,3.384,10,9.141
D,388037,0.000,3.274,3.274,10,9.141
D,388047,-0.044,3.362,3.318,10,9.053
D,388057,0.022,3.494,3.516,10,9.053
D,388067,0.044,3.538,3.582,10,9.141
D,388077,0.022,3.669,3.691,10,9.141
D,388087,0.000,3.801,3.801,10,9.141
D,388097,0.066,3.274,3.340,10,9.053
D,388107,-0.044,3.560,3.516,10,9.053
D,388117,-0.044,3.647,3.604,10,9.053
D,388127,0.022,3.208,3.230,10,9.053
D,388137,-0.022,3.669,3.647,10,9.141
D,388147,0.000,3.516,3.516,10,9.141
D,388157,-0.022,3.516,3.494,10,9.141
D,388167,-0.044,3.340,3.296,10,9.141
D,388177,0.044,3.713,3.757,10,9.141
D,388187,-0.022,3.428,3.406,10,9.053
D,388197,-0.022,3.494,3.472,10,9.141
D,388207,0.022,3.406,3.428,10,9.141
D,388217,-0.022,3.669,3.647,10,9.053
D,388227,0.022,3.340,3.362,10,9.053
D,388237,0.000,3.779,3.779,10,9.141
D,388247,0.000,3.494,3.494,10,9.141
D,388257,0.000,3.669,3.669,10,9.053
D,388267,-0.044,3.516,3.472,10,9.053
D,388277,0.022,3.713,3.735,10,9.141
D,388287,0.000,3.318,3.318,10,9.053
D,388297,-0.022,3.450,3.428,10,9.141
D,388307,0.066,3.164,3.230,10,9.141
D,388317,0.022,3.867,3.889,10,9.141
D,388327,-0.044,3.142,3.098,10,9.141
D,388337,-0.022,3.538,3.516,10,9.141
D,388347,0.066,3.340,3.406,10,9.053
D,388357,-0.044,3.208,3.164,10,9.141
D,388367,0.088,3.669,3.757,10,9.053
D,388377,-0.022,3.362,3.340,10,9.053
D,388387,0.066,3.757,3.823,10,9.141
D,388397,0.000,3.669,3.669,10,9.141
D,388407,-0.022,3.010,2.988,10,9.141
D,388417,0.000,3.362,3.362,10,9.141
D,388427,-0.022,3.538,3.516,10,9.141
D,388437,0.022,3.691,3.713,10,9.141
D,388447,-0.022,3.142,3.120,10,9.053
D,388457,-0.022,3.362,3.340,10,9.141
D,388467,0.000,3.032,3.032,10,9.141
D,388477,0.000,3.625,3.625,10,9.053
D,388487,-0.066,3.384,3.318,10,9.053
D,388497,0.022,3.384,3.406,10,9.053
D,388507,-0.066,3.362,3.296,10,9.141
D,388517,0.022,3.142,3.164,10,9.141
D,388527,0.022,3.955,3.977,10,9.053
D,388537,0.000,3.538,3.538,10,9.141
D,388547,0.000,3.252,3.252,10,9.141
D,388557,0.066,3.384,3.450,10,9.053
D,388567,0.000,3.538,3.538,10,9.141
D,388577,-0.022,3.384,3.362,10,9.053
D,388587,0.044,3.428,3.472,10,9.141
D,388597,0.000,3.867,3.867,10,9.141
D,388607,0.022,3.098,3.120,10,9.141
D,388617,0.044,3.406,3.450,10,9.141
D,388627,-0.022,3.450,3.428,10,9.141
D,388637,-0.044,3.582,3.538,10,9.141
D,388647,0.022,3.625,3.647,10,9.053
D,388657,0.000,3.757,3.757,10,9.053
D,388667,0.000,3.647,3.647,10,9.141
D,388677,0.044,3.538,3.582,10,9.141
D,388687,-0.022,3.823,3.801,10,9.141
D,388697,0.022,3.384,3.406,10,9.053
D,388707,0.000,3.538,3.538,10,9.141
D,388717,0.022,3.428,3.450,10,9.141
D,388727,-0.044,3.713,3.669,10,9.053
D,388737,0.000,3.713,3.713,10,9.053
D,388747,-0.066,3.625,3.560,10,9.141
D,388757,0.044,3.428,3.472,10,9.141
D,388767,-0.044,3.516,3.472,10,9.141
D,388777,-0.022,3.120,3.098,10,9.141
D,388787,-0.022,3.823,3.801,10,9.141
D,388797,0.044,3.779,3.823,10,9.053
D,388807,0.000,3.604,3.604,10,9.141
D,388817,0.044,3.582,3.625,10,9.053
dcmd=+10  d=+9.05 | phi=+0.04  ank=+3.49  alpha=+3.54 | alpha/d=0.391
# 출력 정지 — s 로 재개 (명령은 계속 먹음)
# 토크 복구됨 (홈은 z 시점 그대로 — 크게 움직일 수 있으니 주의)
E,390946,MOVE,20
# 출력 재개 (s 로 다시 정지)
D,394966,0.000,7.185,7.185,20,9.141
D,394976,0.000,7.449,7.449,20,9.053
D,394986,-0.022,7.185,7.163,20,9.141
D,394996,-0.044,7.273,7.229,20,9.053
D,395006,-0.022,7.405,7.383,20,9.053
D,395016,-0.022,6.921,6.899,20,9.141
D,395026,-0.044,7.471,7.427,20,9.053
D,395036,-0.022,7.449,7.427,20,9.141
D,395046,-0.044,7.119,7.075,20,9.141
D,395056,0.044,7.537,7.581,20,9.053
D,395066,0.022,7.603,7.625,20,9.141
D,395076,0.022,7.625,7.646,20,9.053
D,395086,0.000,7.471,7.471,20,9.141
D,395096,0.044,7.668,7.712,20,9.053
D,395106,-0.044,7.844,7.800,20,9.141
D,395116,-0.022,7.383,7.361,20,9.141
D,395126,0.044,7.581,7.625,20,9.053
D,395136,-0.044,7.844,7.800,20,9.053
D,395146,0.044,7.668,7.712,20,9.141
D,395156,-0.044,7.734,7.690,20,9.053
D,395166,0.000,7.053,7.053,20,9.141
D,395176,0.000,7.185,7.185,20,9.141
D,395186,0.022,7.559,7.581,20,9.053
D,395196,0.022,7.361,7.383,20,9.141
D,395206,0.044,7.581,7.625,20,9.053
D,395216,-0.022,7.383,7.361,20,9.141
D,395226,0.000,7.471,7.471,20,9.141
D,395236,-0.044,7.471,7.427,20,9.053
D,395246,0.000,7.625,7.625,20,9.053
D,395256,-0.022,7.712,7.690,20,9.141
D,395266,0.066,7.756,7.822,20,9.141
D,395276,-0.022,7.625,7.603,20,9.141
D,395286,0.044,7.559,7.603,20,9.141
D,395296,0.088,8.174,8.262,20,9.053
D,395306,-0.022,7.383,7.361,20,9.053
D,395316,0.088,7.361,7.449,20,9.141
D,395326,0.066,7.515,7.581,20,9.141
D,395336,-0.022,7.339,7.317,20,9.053
D,395346,0.066,7.559,7.625,20,9.053
D,395356,0.088,7.734,7.822,20,9.141
D,395366,0.022,7.295,7.317,20,9.141
D,395376,0.044,6.921,6.965,20,9.053
D,395386,0.000,7.405,7.405,20,9.141
D,395396,0.000,7.119,7.119,20,9.141
D,395406,-0.044,7.273,7.229,20,9.141
D,395416,0.022,7.339,7.361,20,9.141
D,395426,0.044,7.427,7.471,20,9.053
D,395436,0.022,7.229,7.251,20,9.141
D,395446,0.044,7.471,7.515,20,9.141
D,395456,0.110,7.449,7.559,20,9.053
D,395466,0.000,7.427,7.427,20,9.053
D,395476,0.044,7.163,7.207,20,9.141
D,395486,0.110,7.383,7.493,20,-257.783
D,395496,0.044,7.317,7.361,20,9.053
D,395506,0.022,7.427,7.449,20,-257.871
D,395516,0.088,7.449,7.537,20,-257.871
D,395526,0.088,7.537,7.625,20,-257.871
D,395536,0.132,7.427,7.559,20,18.545
D,395546,0.066,6.965,7.031,20,18.545
D,395556,0.044,7.515,7.559,20,18.545
D,395566,0.132,7.932,8.064,20,18.545
D,395576,0.110,7.690,7.800,20,18.545
D,395586,0.110,7.427,7.537,20,18.545
D,395596,0.088,7.646,7.734,20,18.545
D,395606,0.110,7.844,7.954,20,18.545
D,395616,0.110,7.449,7.559,20,18.545
D,395626,0.066,7.515,7.581,20,18.545
D,395636,0.066,7.734,7.800,20,18.545
D,395646,0.044,7.734,7.778,20,18.545
D,395656,0.132,7.493,7.625,20,18.545
D,395666,0.110,7.449,7.559,20,18.545
D,395676,0.066,7.668,7.734,20,18.545
D,395686,0.066,7.229,7.295,20,18.545
D,395696,0.044,7.603,7.646,20,18.545
D,395706,0.066,7.581,7.646,20,18.545
D,395716,0.132,7.031,7.163,20,18.545
D,395726,0.132,6.768,6.899,20,18.545
D,395736,0.088,7.778,7.866,20,18.545
D,395746,0.154,7.515,7.668,20,18.545
D,395756,0.154,7.185,7.339,20,18.545
D,395766,0.132,7.427,7.559,20,18.545
D,395776,0.132,7.646,7.778,20,18.545
D,395786,0.132,7.075,7.207,20,18.545
D,395796,0.022,7.668,7.690,20,18.545
D,395806,0.110,7.163,7.273,20,18.545
D,395816,0.044,7.888,7.932,20,18.545
D,395826,0.088,7.251,7.339,20,18.545
D,395836,0.088,7.954,8.042,20,18.545
D,395846,0.132,7.295,7.427,20,18.545
D,395856,0.110,7.581,7.690,20,18.545
D,395866,0.088,7.559,7.646,20,18.545
D,395876,0.066,7.537,7.603,20,18.545
D,395886,0.088,7.603,7.690,20,18.545
D,395896,0.066,7.273,7.339,20,18.545
D,395906,0.066,7.734,7.800,20,18.545
D,395916,0.066,7.383,7.449,20,18.545
D,395926,0.000,7.273,7.273,20,18.545
D,395936,0.110,7.339,7.449,20,18.545
D,395946,0.110,7.405,7.515,20,18.545
D,395956,0.066,7.251,7.317,20,18.545
D,395966,0.044,7.427,7.471,20,18.545
D,395976,0.066,7.207,7.273,20,18.545
D,395986,0.066,7.581,7.646,20,18.545
D,395996,0.044,8.086,8.130,20,18.545
D,396006,0.132,7.625,7.756,20,18.545
D,396016,0.044,7.427,7.471,20,18.545
D,396026,0.044,7.427,7.471,20,18.545
D,396036,0.044,7.119,7.163,20,18.545
D,396046,0.088,7.427,7.515,20,18.545
D,396056,0.132,7.471,7.603,20,18.545
D,396066,0.132,7.515,7.646,20,18.545
D,396076,0.110,7.163,7.273,20,18.545
D,396086,0.066,8.240,8.306,20,18.545
D,396096,0.066,7.756,7.822,20,18.545
D,396106,0.066,7.119,7.185,20,18.545
D,396116,0.110,7.471,7.581,20,18.545
D,396126,0.044,7.690,7.734,20,18.545
D,396136,0.110,7.668,7.778,20,18.545
D,396146,0.110,7.075,7.185,20,18.545
D,396156,0.066,7.251,7.317,20,18.545
D,396166,0.044,7.493,7.537,20,18.545
D,396176,0.066,7.229,7.295,20,18.545
D,396186,0.022,7.603,7.625,20,18.545
D,396196,0.088,7.493,7.581,20,18.545
D,396206,0.110,7.229,7.339,20,18.545
D,396216,0.044,7.427,7.471,20,18.545
D,396226,0.088,7.449,7.537,20,18.545
D,396236,0.066,7.427,7.493,20,18.545
D,396246,0.044,7.581,7.625,20,18.545
D,396256,0.022,7.734,7.756,20,18.545
D,396266,0.044,7.273,7.317,20,18.545
D,396276,0.000,7.493,7.493,20,18.545
D,396286,0.110,7.690,7.800,20,18.545
D,396296,0.044,7.625,7.668,20,18.545
D,396306,0.022,7.537,7.559,20,18.545
D,396316,0.088,7.427,7.515,20,18.545
D,396326,0.066,7.603,7.668,20,18.545
D,396336,0.088,7.471,7.559,20,18.545
D,396346,0.088,7.493,7.581,20,18.545
D,396356,0.110,7.339,7.449,20,18.545
D,396366,0.044,7.317,7.361,20,18.545
D,396376,0.022,7.207,7.229,20,18.545
D,396386,-0.044,7.493,7.449,20,18.545
D,396396,0.000,7.339,7.339,20,18.545
D,396406,0.088,7.493,7.581,20,18.545
D,396416,0.022,7.515,7.537,20,18.545
D,396426,0.000,7.427,7.427,20,18.545
D,396436,0.022,7.668,7.690,20,18.545
D,396446,0.110,7.383,7.493,20,18.545
D,396456,-0.022,7.185,7.163,20,18.545
D,396466,0.000,7.493,7.493,20,18.545
D,396476,0.022,7.603,7.625,20,18.545
D,396486,0.044,7.668,7.712,20,18.545
D,396496,0.000,7.493,7.493,20,18.545
D,396506,0.000,7.559,7.559,20,18.545
D,396516,-0.044,7.119,7.075,20,18.545
D,396526,0.022,7.251,7.273,20,18.545
D,396536,0.000,7.207,7.207,20,18.545
D,396546,0.022,7.119,7.141,20,18.545
D,396556,0.022,7.009,7.031,20,18.545
D,396566,0.088,7.097,7.185,20,18.545
D,396576,0.000,7.207,7.207,20,18.545
D,396586,-0.044,7.493,7.449,20,18.545
D,396596,0.000,7.317,7.317,20,18.545
D,396606,-0.022,7.229,7.207,20,18.545
D,396616,0.000,7.515,7.515,20,18.545
D,396626,0.022,7.405,7.427,20,18.545
D,396636,0.066,7.646,7.712,20,18.545
D,396646,0.000,7.800,7.800,20,18.545
D,396656,0.044,7.383,7.427,20,18.545
D,396666,0.022,7.317,7.339,20,18.545
D,396676,0.000,7.405,7.405,20,18.545
D,396686,0.000,7.471,7.471,20,18.545
D,396696,0.022,7.581,7.603,20,18.545
D,396706,0.000,7.295,7.295,20,18.545
D,396716,-0.022,7.778,7.756,20,18.545
D,396726,0.044,7.361,7.405,20,18.545
D,396736,-0.022,7.405,7.383,20,18.545
D,396746,-0.022,7.339,7.317,20,18.545
D,396756,0.044,7.734,7.778,20,18.545
D,396766,-0.022,7.515,7.493,20,18.545
D,396776,0.022,7.251,7.273,20,18.545
D,396786,0.000,7.251,7.251,20,18.545
D,396796,0.000,7.449,7.449,20,18.545
D,396806,-0.022,7.493,7.471,20,18.545
D,396816,0.022,7.515,7.537,20,18.545
D,396826,0.000,6.855,6.855,20,18.545
D,396836,-0.066,7.690,7.625,20,18.545
D,396846,0.022,7.778,7.800,20,18.545
D,396856,-0.022,7.427,7.405,20,18.545
D,396866,-0.022,7.646,7.625,20,18.545
D,396876,0.000,7.559,7.559,20,18.545
D,396886,0.066,7.471,7.537,20,18.545
D,396896,0.022,7.756,7.778,20,18.545
D,396906,0.066,7.185,7.251,20,18.545
D,396916,0.000,7.625,7.625,20,18.545
D,396926,0.066,7.646,7.712,20,18.545
D,396936,0.000,7.625,7.625,20,18.545
D,396946,0.022,7.581,7.603,20,18.545
D,396956,-0.022,7.822,7.800,20,18.545
D,396966,0.022,7.778,7.800,20,18.545
D,396976,0.044,7.295,7.339,20,18.545
D,396986,0.000,7.361,7.361,20,18.545
D,396996,0.022,7.185,7.207,20,18.545
D,397006,0.066,7.361,7.427,20,18.545
D,397016,-0.022,6.921,6.899,20,18.545
D,397026,-0.022,7.273,7.251,20,18.545
D,397036,0.044,7.515,7.559,20,18.545
D,397046,0.022,7.625,7.646,20,18.545
D,397056,0.000,7.053,7.053,20,18.545
D,397066,0.066,7.449,7.515,20,18.545
D,397076,-0.066,7.427,7.361,20,18.545
D,397086,0.022,7.537,7.559,20,18.545
D,397096,0.022,7.185,7.207,20,18.545
D,397106,0.022,7.976,7.998,20,18.545
D,397116,0.000,7.537,7.537,20,18.545
D,397126,-0.022,7.449,7.427,20,18.545
D,397136,0.044,7.712,7.756,20,18.545
D,397146,0.044,7.273,7.317,20,18.545
D,397156,0.022,7.339,7.361,20,18.545
D,397166,0.044,7.625,7.668,20,18.545
D,397176,0.000,7.625,7.625,20,18.545
D,397186,0.022,7.493,7.515,20,18.545
D,397196,0.022,7.712,7.734,20,18.545
D,397206,0.088,7.405,7.493,20,18.545
D,397216,0.022,7.800,7.822,20,18.545
D,397226,0.022,7.603,7.625,20,18.545
D,397236,-0.022,7.515,7.493,20,18.545
D,397246,0.022,7.515,7.537,20,18.545
D,397256,0.044,7.690,7.734,20,18.545
D,397266,0.066,7.207,7.273,20,18.545
D,397276,0.066,7.734,7.800,20,18.545
D,397286,0.000,7.163,7.163,20,18.545
D,397296,0.022,7.317,7.339,20,18.545
D,397306,0.044,7.559,7.603,20,18.545
D,397316,0.066,7.822,7.888,20,18.545
D,397326,0.000,7.559,7.559,20,18.545
D,397336,0.044,7.581,7.625,20,18.545
D,397346,0.066,7.251,7.317,20,18.545
D,397356,0.088,7.317,7.405,20,18.545
D,397366,0.044,7.515,7.559,20,18.545
D,397376,0.000,7.668,7.668,20,18.545
D,397386,0.044,6.943,6.987,20,18.545
D,397396,0.022,7.493,7.515,20,18.545
D,397406,0.088,7.317,7.405,20,18.545
D,397416,0.088,7.427,7.515,20,18.545
D,397426,0.066,7.427,7.493,20,18.545
D,397436,0.066,7.383,7.449,20,18.545
D,397446,0.044,7.559,7.603,20,18.545
D,397456,-0.022,7.800,7.778,20,18.545
D,397466,0.066,7.427,7.493,20,18.545
D,397476,0.110,7.339,7.449,20,18.545
D,397486,0.088,7.471,7.559,20,18.545
D,397496,0.088,7.383,7.471,20,18.545
D,397506,-0.022,7.756,7.734,20,18.545
D,397516,0.088,7.449,7.537,20,18.545
D,397526,0.022,6.965,6.987,20,18.545
D,397536,0.044,7.712,7.756,20,18.545
D,397546,0.044,7.383,7.427,20,18.545
D,397556,0.044,7.581,7.625,20,18.545
D,397566,0.066,7.625,7.690,20,18.545
D,397576,0.088,7.273,7.361,20,18.545
D,397586,0.066,7.141,7.207,20,18.545
D,397596,0.066,7.471,7.537,20,18.545
D,397606,0.044,7.581,7.625,20,18.545
D,397616,0.088,7.581,7.668,20,18.545
D,397626,0.066,7.339,7.405,20,18.545
D,397636,0.088,7.712,7.800,20,18.545
D,397646,0.022,7.493,7.515,20,18.545
D,397656,0.044,7.646,7.690,20,18.545
D,397666,0.066,7.690,7.756,20,18.545
D,397676,0.088,7.493,7.581,20,18.545
D,397686,0.088,7.361,7.449,20,18.545
D,397696,0.066,7.888,7.954,20,18.545
D,397706,0.066,7.690,7.756,20,18.545
D,397716,0.044,7.163,7.207,20,18.545
D,397726,0.132,7.185,7.317,20,18.545
D,397736,0.088,7.449,7.537,20,18.545
D,397746,0.110,7.471,7.581,20,18.545
D,397756,0.132,7.537,7.668,20,18.545
D,397766,0.132,7.537,7.668,20,18.545
D,397776,0.110,7.515,7.625,20,18.545
D,397786,0.110,7.690,7.800,20,18.545
D,397796,0.044,7.185,7.229,20,18.545
D,397806,0.066,7.712,7.778,20,18.545
D,397816,0.022,7.317,7.339,20,18.545
D,397826,0.066,7.229,7.295,20,18.545
D,397836,0.066,7.295,7.361,20,18.545
D,397846,0.066,7.515,7.581,20,18.545
D,397856,0.088,7.493,7.581,20,18.545
D,397866,0.088,7.537,7.625,20,18.545
D,397876,0.110,7.559,7.668,20,18.545
D,397886,0.132,7.515,7.646,20,18.545
D,397896,0.088,7.405,7.493,20,18.545
D,397906,0.088,7.581,7.668,20,18.545
D,397916,0.088,7.163,7.251,20,18.545
D,397926,0.044,7.712,7.756,20,18.545
D,397936,0.110,7.778,7.888,20,18.545
D,397946,0.066,7.295,7.361,20,18.545
D,397956,0.066,7.405,7.471,20,18.545
D,397966,0.066,7.339,7.405,20,18.545
D,397976,0.066,7.625,7.690,20,18.545
D,397986,0.110,7.493,7.603,20,18.545
D,397996,0.066,7.976,8.042,20,18.545
D,398006,0.088,7.537,7.625,20,18.545
D,398016,0.066,7.646,7.712,20,18.545
D,398026,0.110,7.251,7.361,20,18.545
D,398036,0.066,7.449,7.515,20,18.545
D,398046,0.000,7.471,7.471,20,18.545
D,398056,0.088,7.449,7.537,20,18.545
D,398066,0.022,7.778,7.800,20,18.545
D,398076,0.000,7.690,7.690,20,18.545
D,398086,0.044,7.097,7.141,20,18.545
D,398096,0.044,7.471,7.515,20,18.545
D,398106,0.044,7.075,7.119,20,18.545
D,398116,0.066,7.251,7.317,20,18.545
D,398126,0.088,7.383,7.471,20,18.545
D,398136,0.044,7.295,7.339,20,18.545
D,398146,0.088,7.339,7.427,20,18.545
D,398156,0.000,7.712,7.712,20,18.545
D,398166,0.066,7.932,7.998,20,18.545
D,398176,0.022,7.778,7.800,20,18.545
D,398186,0.022,7.251,7.273,20,18.545
D,398196,0.066,7.361,7.427,20,18.545
D,398206,0.022,7.273,7.295,20,18.545
D,398216,0.110,7.383,7.493,20,18.545
D,398226,0.044,7.405,7.449,20,18.545
D,398236,0.044,7.822,7.866,20,18.545
D,398246,0.044,6.921,6.965,20,18.545
D,398256,-0.022,7.646,7.625,20,18.545
D,398266,0.066,7.493,7.559,20,18.545
D,398276,0.000,7.229,7.229,20,18.545
D,398286,0.000,7.009,7.009,20,18.545
D,398296,0.066,7.449,7.515,20,18.545
D,398306,0.022,7.449,7.471,20,18.545
D,398316,0.000,7.471,7.471,20,18.545
D,398326,0.044,7.800,7.844,20,18.545
D,398336,0.066,7.031,7.097,20,18.545
D,398346,0.044,7.756,7.800,20,18.545
D,398356,0.088,7.427,7.515,20,18.545
D,398366,0.088,7.471,7.559,20,18.545
D,398376,0.088,7.515,7.603,20,18.545
D,398386,0.022,7.317,7.339,20,18.545
D,398396,0.044,7.690,7.734,20,18.545
D,398406,0.022,7.778,7.800,20,18.545
D,398416,0.044,7.383,7.427,20,18.545
D,398426,0.044,7.383,7.427,20,18.545
D,398436,0.044,7.581,7.625,20,18.545
D,398446,0.000,7.185,7.185,20,18.545
D,398456,0.066,7.031,7.097,20,18.545
D,398466,-0.022,7.339,7.317,20,18.545
D,398476,0.044,7.185,7.229,20,18.545
D,398486,0.022,7.668,7.690,20,18.545
D,398496,0.022,7.339,7.361,20,18.545
D,398506,0.000,7.141,7.141,20,18.545
D,398516,0.022,7.251,7.273,20,18.545
D,398526,0.088,7.207,7.295,20,18.545
D,398536,0.044,7.515,7.559,20,18.545
D,398546,0.044,7.383,7.427,20,18.545
D,398556,0.000,6.987,6.987,20,18.545
D,398566,0.132,6.855,6.987,20,18.545
D,398576,-0.022,7.471,7.449,20,18.545
D,398586,0.022,7.251,7.273,20,18.545
D,398596,-0.022,7.449,7.427,20,18.545
D,398606,-0.022,7.295,7.273,20,18.545
D,398616,0.044,7.800,7.844,20,18.545
D,398626,0.000,7.361,7.361,20,18.545
D,398636,0.000,7.273,7.273,20,18.545
D,398646,0.000,7.954,7.954,20,18.545
D,398656,-0.022,8.020,7.998,20,18.545
D,398666,-0.022,7.515,7.493,20,18.545
D,398676,0.022,7.668,7.690,20,18.545
D,398686,0.000,7.690,7.690,20,18.545
D,398696,-0.044,7.229,7.185,20,18.545
D,398706,0.022,7.471,7.493,20,18.545
D,398716,0.022,7.141,7.163,20,18.545
D,398726,0.022,7.361,7.383,20,18.545
D,398736,0.000,7.251,7.251,20,18.545
D,398746,0.000,7.427,7.427,20,18.545
D,398756,0.022,7.559,7.581,20,18.545
D,398766,0.000,7.537,7.537,20,18.545
D,398776,0.000,7.449,7.449,20,18.545
D,398786,0.022,7.471,7.493,20,18.545
D,398796,0.000,7.449,7.449,20,18.545
D,398806,0.022,7.449,7.471,20,18.545
D,398816,0.022,7.998,8.020,20,18.545
D,398826,0.000,7.515,7.515,20,18.545
D,398836,-0.022,7.449,7.427,20,18.545
D,398846,0.000,7.185,7.185,20,18.545
D,398856,0.000,7.317,7.317,20,18.545
D,398866,-0.088,7.449,7.361,20,18.545
D,398876,0.022,7.427,7.449,20,18.545
D,398886,0.000,7.295,7.295,20,18.545
D,398896,-0.022,7.493,7.471,20,18.545
D,398906,0.022,7.185,7.207,20,18.545
D,398916,0.044,7.625,7.668,20,18.545
D,398926,0.022,7.339,7.361,20,18.545
D,398936,-0.022,7.449,7.427,20,18.545
D,398946,0.044,7.800,7.844,20,18.545
D,398956,-0.044,7.075,7.031,20,18.545
D,398966,0.044,7.383,7.427,20,18.545
D,398976,0.022,7.361,7.383,20,18.545
D,398986,0.088,7.185,7.273,20,18.545
D,398996,-0.066,7.537,7.471,20,18.545
D,399006,0.000,7.537,7.537,20,18.545
D,399016,0.066,7.163,7.229,20,18.545
D,399026,0.044,7.668,7.712,20,18.545
D,399036,-0.022,7.778,7.756,20,18.545
D,399046,0.066,7.625,7.690,20,18.545
D,399056,0.022,7.273,7.295,20,18.545
D,399066,-0.022,7.361,7.339,20,18.545
D,399076,-0.022,6.899,6.877,20,18.545
D,399086,0.088,8.064,8.152,20,18.545
D,399096,0.044,7.317,7.361,20,18.545
D,399106,-0.022,7.559,7.537,20,18.545
D,399116,-0.022,7.800,7.778,20,18.545
D,399126,0.066,7.273,7.339,20,18.545
D,399136,0.000,7.383,7.383,20,18.545
D,399146,0.044,7.141,7.185,20,18.545
D,399156,0.044,7.493,7.537,20,18.545
D,399166,0.044,7.163,7.207,20,18.545
D,399176,0.022,7.493,7.515,20,18.545
D,399186,0.066,7.251,7.317,20,18.545
D,399196,-0.022,7.515,7.493,20,18.545
D,399206,0.066,7.427,7.493,20,18.545
D,399216,0.000,7.273,7.273,20,18.545
D,399226,0.110,7.712,7.822,20,18.545
D,399236,0.088,7.075,7.163,20,18.545
D,399246,0.044,7.229,7.273,20,18.545
D,399256,0.066,7.141,7.207,20,18.545
D,399266,0.044,7.822,7.866,20,18.545
D,399276,0.132,7.581,7.712,20,18.545
D,399286,0.066,7.515,7.581,20,18.545
D,399296,0.066,7.493,7.559,20,18.545
D,399306,0.022,7.361,7.383,20,18.545
D,399316,0.132,7.515,7.646,20,18.545
D,399326,0.022,7.339,7.361,20,18.545
D,399336,0.022,7.756,7.778,20,18.545
D,399346,0.066,8.108,8.174,20,18.545
D,399356,0.066,7.778,7.844,20,18.545
D,399366,0.088,7.383,7.471,20,18.545
D,399376,0.132,7.668,7.800,20,18.545
D,399386,0.110,7.383,7.493,20,18.545
D,399396,0.022,7.361,7.383,20,18.545
D,399406,0.044,7.690,7.734,20,18.545
D,399416,0.132,7.251,7.383,20,18.545
D,399426,0.110,7.646,7.756,20,18.545
D,399436,0.022,7.163,7.185,20,18.545
D,399446,0.088,7.537,7.625,20,18.545
D,399456,0.044,7.449,7.493,20,18.545
D,399466,0.154,7.603,7.756,20,18.545
D,399476,0.110,7.581,7.690,20,18.545
D,399486,0.132,7.449,7.581,20,18.545
D,399496,0.044,7.712,7.756,20,18.545
D,399506,0.044,7.471,7.515,20,18.545
D,399516,0.000,7.449,7.449,20,18.545
D,399526,0.132,7.141,7.273,20,18.545
D,399536,0.132,7.515,7.646,20,18.545
D,399546,0.132,7.493,7.625,20,18.545
D,399556,0.088,7.251,7.339,20,18.545
D,399566,0.044,7.603,7.646,20,18.545
D,399576,0.066,7.317,7.383,20,18.545
D,399586,0.132,7.646,7.778,20,18.545
D,399596,0.110,7.603,7.712,20,18.545
D,399606,0.066,7.493,7.559,20,18.545
D,399616,0.066,7.603,7.668,20,18.545
D,399626,0.022,7.207,7.229,20,18.545
D,399636,0.066,7.449,7.515,20,18.545
D,399646,0.088,7.427,7.515,20,18.545
D,399656,0.110,7.800,7.910,20,18.545
D,399666,0.066,7.471,7.537,20,18.545
D,399676,0.088,7.405,7.493,20,18.545
D,399686,0.132,7.317,7.449,20,18.545
D,399696,0.066,7.295,7.361,20,18.545
D,399706,0.044,7.844,7.888,20,18.545
D,399716,0.088,7.361,7.449,20,18.545
D,399726,0.132,7.405,7.537,20,18.545
D,399736,0.110,7.625,7.734,20,18.545
D,399746,0.110,7.581,7.690,20,18.545
D,399756,0.066,7.405,7.471,20,18.545
D,399766,0.110,7.471,7.581,20,18.545
D,399776,0.022,7.361,7.383,20,18.545
D,399786,0.088,7.317,7.405,20,18.545
D,399796,0.132,7.185,7.317,20,18.545
D,399806,0.022,7.317,7.339,20,18.545
D,399816,0.066,7.646,7.712,20,18.545
D,399826,0.088,7.449,7.537,20,18.545
D,399836,0.044,7.427,7.471,20,18.545
D,399846,0.044,7.405,7.449,20,18.545
D,399856,0.044,7.361,7.405,20,18.545
D,399866,0.088,7.690,7.778,20,18.545
D,399876,0.088,7.822,7.910,20,18.545
D,399886,0.044,7.625,7.668,20,18.545
D,399896,0.044,7.229,7.273,20,18.545
D,399906,0.154,6.921,7.075,20,18.545
D,399916,0.044,7.185,7.229,20,18.545
D,399926,0.066,7.361,7.427,20,18.545
D,399936,0.066,7.668,7.734,20,18.545
D,399946,0.044,7.273,7.317,20,18.545
D,399956,0.132,7.646,7.778,20,18.545
D,399966,-0.022,7.668,7.646,20,18.545
D,399976,0.044,7.075,7.119,20,18.545
D,399986,0.066,7.097,7.163,20,18.545
D,399996,0.088,7.383,7.471,20,18.545
D,400006,0.088,7.339,7.427,20,18.545
D,400016,0.022,7.405,7.427,20,18.545
D,400026,0.022,7.603,7.625,20,18.545
D,400036,0.066,7.559,7.625,20,18.545
D,400046,0.088,7.141,7.229,20,18.545
D,400056,0.088,7.493,7.581,20,18.545
D,400066,0.066,7.295,7.361,20,18.545
D,400076,0.000,7.603,7.603,20,18.545
D,400086,0.088,7.405,7.493,20,18.545
D,400096,0.066,7.075,7.141,20,18.545
D,400106,0.066,7.449,7.515,20,18.545
D,400116,0.044,7.317,7.361,20,18.545
D,400126,-0.022,7.822,7.800,20,18.545
D,400136,0.044,7.493,7.537,20,18.545
D,400146,0.044,7.339,7.383,20,18.545
D,400156,0.044,7.405,7.449,20,18.545
D,400166,0.066,7.493,7.559,20,18.545
D,400176,0.066,7.053,7.119,20,18.545
D,400186,0.022,7.449,7.471,20,18.545
D,400196,-0.022,7.339,7.317,20,18.545
D,400206,0.066,7.405,7.471,20,18.545
D,400216,0.066,7.449,7.515,20,18.545
D,400226,0.000,7.515,7.515,20,18.545
D,400236,0.022,7.603,7.625,20,18.545
D,400246,0.066,7.515,7.581,20,18.545
D,400256,0.022,7.295,7.317,20,18.545
dcmd=+20  d=+18.54 | phi=+0.09  ank=+7.49  alpha=+7.58 | alpha/d=0.409
# 출력 정지 — s 로 재개 (명령은 계속 먹음)
# 토크 복구됨 (홈은 z 시점 그대로 — 크게 움직일 수 있으니 주의)
E,401719,MOVE,30
# 출력 재개 (s 로 다시 정지)
D,403282,-0.110,10.745,10.635,30,18.545
D,403292,-0.154,10.547,10.393,30,18.545
D,403302,-0.220,10.635,10.415,30,18.545
D,403312,-0.176,10.305,10.129,30,18.545
D,403322,-0.154,10.679,10.525,30,18.545
D,403332,-0.198,10.854,10.657,30,18.545
D,403342,-0.110,10.898,10.789,30,18.545
D,403352,-0.110,11.118,11.008,30,18.545
D,403362,-0.132,11.162,11.030,30,18.545
D,403372,-0.132,11.008,10.876,30,18.545
D,403382,-0.110,10.745,10.635,30,18.545
D,403392,-0.110,11.338,11.228,30,18.545
D,403402,-0.044,11.008,10.964,30,18.545
D,403412,-0.022,11.316,11.294,30,18.545
D,403422,0.022,11.316,11.338,30,18.545
D,403432,0.022,11.404,11.426,30,18.545
D,403442,0.066,11.470,11.536,30,18.545
D,403452,0.066,11.206,11.272,30,18.545
D,403462,0.044,11.492,11.536,30,18.545
D,403472,0.088,11.624,11.711,30,18.545
D,403482,0.132,11.865,11.997,30,18.545
D,403492,0.198,11.404,11.602,30,18.545
D,403502,0.088,11.909,11.997,30,18.545
D,403512,0.132,11.689,11.821,30,18.545
D,403522,0.176,11.887,12.063,30,18.545
D,403532,0.132,11.624,11.755,30,18.545
D,403542,0.198,11.272,11.470,30,18.545
D,403552,0.198,11.492,11.689,30,18.545
D,403562,0.132,11.448,11.580,30,18.545
D,403572,0.220,11.646,11.865,30,18.545
D,403582,0.198,11.646,11.843,30,18.545
D,403592,0.220,11.997,12.217,30,18.545
D,403602,0.154,11.733,11.887,30,18.545
D,403612,0.176,11.887,12.063,30,18.545
D,403622,0.110,11.426,11.536,30,18.545
D,403632,0.044,11.470,11.514,30,18.545
D,403642,0.066,11.272,11.338,30,18.545
D,403652,0.088,11.316,11.404,30,18.545
D,403662,0.088,11.558,11.646,30,18.545
D,403672,0.000,11.646,11.646,30,18.545
D,403682,-0.022,11.184,11.162,30,18.545
D,403692,0.044,11.558,11.602,30,18.545
D,403702,-0.044,11.206,11.162,30,18.545
D,403712,-0.022,11.250,11.228,30,18.545
D,403722,-0.066,11.492,11.426,30,18.545
D,403732,-0.088,11.514,11.426,30,18.545
D,403742,-0.154,11.140,10.986,30,18.545
D,403752,-0.110,10.679,10.569,30,18.545
D,403762,-0.132,11.140,11.008,30,18.545
D,403772,-0.132,11.360,11.228,30,18.545
D,403782,-0.044,10.942,10.898,30,18.545
D,403792,-0.066,11.162,11.096,30,18.545
D,403802,-0.110,11.316,11.206,30,-257.783
D,403812,-0.198,10.964,10.767,30,18.545
D,403822,-0.132,11.250,11.118,30,-257.871
D,403832,-0.132,11.448,11.316,30,-257.871
D,403842,-0.132,11.514,11.382,30,-257.871
D,403852,-0.110,11.294,11.184,30,27.949
D,403862,-0.110,11.118,11.008,30,27.949
D,403872,-0.132,11.250,11.118,30,27.949
D,403882,-0.132,11.118,10.986,30,27.949
D,403892,-0.088,11.206,11.118,30,27.949
D,403902,-0.176,11.096,10.920,30,27.949
D,403912,-0.066,11.580,11.514,30,27.949
D,403922,-0.132,11.096,10.964,30,27.949
D,403932,-0.044,11.206,11.162,30,27.949
D,403942,-0.110,11.404,11.294,30,27.949
D,403952,-0.044,10.789,10.745,30,27.949
D,403962,-0.088,11.755,11.667,30,27.949
D,403972,-0.044,11.118,11.074,30,27.949
D,403982,-0.088,11.316,11.228,30,27.949
D,403992,0.000,11.689,11.689,30,27.949
D,404002,-0.022,11.492,11.470,30,27.949
D,404012,0.000,11.558,11.558,30,27.949
D,404022,0.000,11.096,11.096,30,27.949
D,404032,-0.066,11.096,11.030,30,27.949
D,404042,0.000,11.338,11.338,30,27.949
D,404052,-0.022,11.316,11.294,30,27.949
D,404062,-0.044,11.250,11.206,30,27.949
D,404072,0.022,11.470,11.492,30,27.949
D,404082,0.000,11.360,11.360,30,27.949
D,404092,-0.022,11.294,11.272,30,27.949
D,404102,0.000,11.470,11.470,30,27.949
D,404112,0.000,11.514,11.514,30,27.949
D,404122,-0.066,11.338,11.272,30,27.949
D,404132,-0.044,11.580,11.536,30,27.949
D,404142,-0.022,11.514,11.492,30,27.949
D,404152,-0.066,11.470,11.404,30,27.949
D,404162,-0.044,11.646,11.602,30,27.861
D,404172,-0.088,11.514,11.426,30,27.949
D,404182,-0.044,11.646,11.602,30,27.949
D,404192,-0.044,11.646,11.602,30,27.949
D,404202,-0.066,11.316,11.250,30,27.949
D,404212,0.022,11.338,11.360,30,27.949
D,404222,-0.066,11.250,11.184,30,27.949
D,404232,-0.088,11.624,11.536,30,27.949
D,404242,-0.066,11.646,11.580,30,27.949
D,404252,-0.044,11.140,11.096,30,27.949
D,404262,-0.066,11.206,11.140,30,27.949
D,404272,-0.022,11.558,11.536,30,27.949
D,404282,-0.088,10.942,10.854,30,27.949
D,404292,-0.022,10.876,10.854,30,27.949
D,404302,-0.022,11.338,11.316,30,27.949
D,404312,0.022,11.250,11.272,30,27.949
D,404322,-0.044,11.689,11.646,30,27.949
D,404332,-0.022,11.228,11.206,30,27.949
D,404342,0.000,11.162,11.162,30,27.949
D,404352,0.022,11.096,11.118,30,27.949
D,404362,-0.022,11.492,11.470,30,27.949
D,404372,0.022,11.646,11.667,30,27.861
D,404382,0.000,10.767,10.767,30,27.949
D,404392,0.066,11.514,11.580,30,27.949
D,404402,0.022,11.382,11.404,30,27.949
D,404412,0.044,11.206,11.250,30,27.861
D,404422,0.044,11.382,11.426,30,27.949
D,404432,0.132,11.777,11.909,30,27.949
D,404442,0.066,10.986,11.052,30,27.949
D,404452,0.066,11.580,11.646,30,27.949
D,404462,0.022,11.338,11.360,30,27.861
D,404472,0.066,11.646,11.711,30,27.949
D,404482,0.044,11.448,11.492,30,27.949
D,404492,0.066,11.558,11.624,30,27.949
D,404502,0.066,11.096,11.162,30,27.949
D,404512,0.066,11.250,11.316,30,27.949
D,404522,0.066,11.624,11.689,30,27.949
D,404532,0.088,11.316,11.404,30,27.949
D,404542,0.066,11.558,11.624,30,27.949
D,404552,0.000,11.030,11.030,30,27.949
D,404562,0.088,11.689,11.777,30,27.949
D,404572,0.000,11.316,11.316,30,27.949
D,404582,0.044,11.360,11.404,30,27.949
D,404592,0.044,11.404,11.448,30,27.949
D,404602,0.110,11.733,11.843,30,27.949
D,404612,0.132,11.338,11.470,30,27.949
D,404622,0.022,11.140,11.162,30,27.949
D,404632,0.088,11.074,11.162,30,27.949
D,404642,0.066,11.404,11.470,30,27.949
D,404652,0.044,11.096,11.140,30,27.949
D,404662,0.110,11.404,11.514,30,27.949
D,404672,0.066,11.316,11.382,30,27.949
D,404682,0.044,11.470,11.514,30,27.949
D,404692,0.044,11.118,11.162,30,27.949
D,404702,0.110,10.789,10.898,30,27.949
D,404712,0.110,11.338,11.448,30,27.861
D,404722,0.176,11.118,11.294,30,27.949
D,404732,0.132,11.470,11.602,30,27.949
D,404742,0.110,11.228,11.338,30,27.949
D,404752,0.176,11.492,11.667,30,27.949
D,404762,0.154,11.426,11.580,30,27.949
D,404772,0.110,11.294,11.404,30,27.949
D,404782,0.154,11.558,11.711,30,27.949
D,404792,0.088,11.184,11.272,30,27.861
D,404802,0.066,11.360,11.426,30,27.949
D,404812,0.066,11.558,11.624,30,27.949
D,404822,0.110,11.492,11.602,30,27.861
D,404832,0.132,11.338,11.470,30,27.949
D,404842,0.132,11.228,11.360,30,27.949
D,404852,0.110,11.052,11.162,30,27.861
D,404862,0.132,11.360,11.492,30,27.949
D,404872,0.110,11.382,11.492,30,27.949
D,404882,0.132,11.975,12.107,30,27.949
D,404892,0.088,11.096,11.184,30,27.949
D,404902,0.176,10.920,11.096,30,27.949
D,404912,0.154,11.426,11.580,30,27.949
D,404922,0.198,11.602,11.799,30,27.949
D,404932,0.176,11.602,11.777,30,27.949
D,404942,0.176,11.514,11.689,30,27.861
D,404952,0.132,11.382,11.514,30,27.949
D,404962,0.110,11.448,11.558,30,27.949
D,404972,0.088,11.316,11.404,30,27.949
D,404982,0.110,11.426,11.536,30,27.949
D,404992,0.088,11.272,11.360,30,27.949
D,405002,0.132,11.074,11.206,30,27.949
D,405012,0.110,11.360,11.470,30,27.949
D,405022,0.132,11.272,11.404,30,27.861
D,405032,0.088,11.140,11.228,30,27.949
D,405042,0.110,11.360,11.470,30,27.949
D,405052,0.044,11.558,11.602,30,27.949
D,405062,0.132,11.206,11.338,30,27.949
D,405072,0.132,11.558,11.689,30,27.949
D,405082,0.066,11.228,11.294,30,27.949
D,405092,0.110,11.118,11.228,30,27.949
D,405102,0.110,11.338,11.448,30,27.949
D,405112,0.110,11.206,11.316,30,27.949
D,405122,0.066,11.184,11.250,30,27.949
D,405132,0.110,11.030,11.140,30,27.949
D,405142,0.154,11.250,11.404,30,27.861
D,405152,0.110,11.492,11.602,30,27.949
D,405162,0.110,11.404,11.514,30,27.949
D,405172,0.110,11.228,11.338,30,27.949
D,405182,0.022,11.316,11.338,30,27.949
D,405192,0.066,11.514,11.580,30,27.949
D,405202,0.044,11.711,11.755,30,27.949
D,405212,0.066,11.074,11.140,30,27.949
D,405222,0.088,11.184,11.272,30,27.949
D,405232,0.088,10.898,10.986,30,27.949
D,405242,0.022,11.228,11.250,30,27.949
D,405252,0.088,11.338,11.426,30,27.949
D,405262,0.066,11.294,11.360,30,27.949
D,405272,0.088,11.140,11.228,30,27.949
D,405282,0.066,11.689,11.755,30,27.949
D,405292,0.088,11.118,11.206,30,27.949
D,405302,0.088,11.360,11.448,30,27.949
D,405312,-0.022,11.711,11.689,30,27.949
D,405322,0.066,11.492,11.558,30,27.949
D,405332,0.088,11.689,11.777,30,27.949
D,405342,0.044,11.250,11.294,30,27.949
D,405352,0.022,11.338,11.360,30,27.949
D,405362,0.088,11.602,11.689,30,27.861
D,405372,0.022,11.184,11.206,30,27.949
D,405382,0.022,11.162,11.184,30,27.949
D,405392,0.000,11.382,11.382,30,27.949
D,405402,0.066,11.448,11.514,30,27.949
D,405412,0.066,11.162,11.228,30,27.949
D,405422,0.044,11.206,11.250,30,27.949
D,405432,0.000,10.833,10.833,30,27.949
D,405442,0.088,11.316,11.404,30,27.949
D,405452,0.044,11.624,11.667,30,27.949
D,405462,0.044,11.733,11.777,30,27.861
D,405472,0.044,11.272,11.316,30,27.949
D,405482,-0.022,11.360,11.338,30,27.949
D,405492,-0.044,11.931,11.887,30,27.949
D,405502,0.044,11.294,11.338,30,27.949
D,405512,0.022,11.316,11.338,30,27.949
D,405522,0.044,11.404,11.448,30,27.949
D,405532,0.022,11.580,11.602,30,27.949
D,405542,0.022,11.338,11.360,30,27.949
D,405552,-0.022,11.184,11.162,30,27.949
D,405562,-0.066,11.602,11.536,30,27.949
D,405572,0.022,11.140,11.162,30,27.949
D,405582,-0.022,11.624,11.602,30,27.949
D,405592,-0.044,11.404,11.360,30,27.949
D,405602,0.044,11.360,11.404,30,27.861
D,405612,-0.066,11.316,11.250,30,27.949
D,405622,0.000,11.360,11.360,30,27.861
D,405632,-0.044,11.184,11.140,30,27.949
D,405642,-0.044,11.580,11.536,30,27.949
D,405652,-0.044,10.723,10.679,30,27.949
D,405662,-0.044,10.964,10.920,30,27.949
D,405672,-0.088,11.316,11.228,30,27.949
D,405682,-0.044,11.382,11.338,30,27.949
D,405692,-0.044,11.206,11.162,30,27.949
D,405702,-0.088,11.689,11.602,30,27.949
D,405712,-0.022,11.711,11.689,30,27.949
D,405722,-0.044,11.294,11.250,30,27.861
D,405732,-0.066,11.426,11.360,30,27.949
D,405742,-0.066,11.338,11.272,30,27.949
D,405752,-0.066,11.426,11.360,30,27.949
D,405762,-0.088,11.536,11.448,30,27.949
D,405772,-0.022,11.140,11.118,30,27.949
D,405782,0.022,11.184,11.206,30,27.949
D,405792,-0.022,11.338,11.316,30,27.861
D,405802,-0.022,11.514,11.492,30,27.949
D,405812,0.022,11.360,11.382,30,27.949
D,405822,-0.044,11.689,11.646,30,27.949
D,405832,-0.066,11.184,11.118,30,27.949
D,405842,-0.044,11.382,11.338,30,27.949
D,405852,-0.044,11.250,11.206,30,27.949
D,405862,-0.066,11.382,11.316,30,27.949
D,405872,-0.088,11.689,11.602,30,27.949
D,405882,0.000,11.338,11.338,30,27.949
D,405892,-0.044,11.008,10.964,30,27.861
D,405902,-0.022,11.492,11.470,30,27.949
D,405912,0.000,11.646,11.646,30,27.949
D,405922,0.022,11.799,11.821,30,27.949
D,405932,-0.022,11.228,11.206,30,27.861
D,405942,-0.066,11.448,11.382,30,27.949
D,405952,-0.044,11.030,10.986,30,27.861
D,405962,-0.066,11.404,11.338,30,27.949
D,405972,-0.022,11.272,11.250,30,27.949
D,405982,0.022,11.733,11.755,30,27.949
D,405992,-0.066,11.404,11.338,30,27.949
D,406002,-0.066,11.426,11.360,30,27.949
D,406012,-0.066,11.733,11.667,30,27.949
D,406022,0.022,11.096,11.118,30,27.861
D,406032,0.022,11.228,11.250,30,27.949
D,406042,-0.044,11.250,11.206,30,27.949
D,406052,-0.066,11.140,11.074,30,27.949
D,406062,0.000,11.250,11.250,30,27.949
D,406072,-0.022,11.162,11.140,30,27.949
D,406082,-0.044,11.250,11.206,30,27.949
D,406092,-0.044,11.338,11.294,30,27.949
D,406102,-0.044,11.184,11.140,30,27.949
D,406112,0.022,11.602,11.624,30,27.949
D,406122,0.000,11.667,11.667,30,27.949
D,406132,-0.022,11.206,11.184,30,27.949
D,406142,-0.044,11.316,11.272,30,27.861
D,406152,0.022,11.470,11.492,30,27.949
D,406162,0.022,11.272,11.294,30,27.949
D,406172,-0.022,11.602,11.580,30,27.949
D,406182,-0.022,11.580,11.558,30,27.949
D,406192,-0.022,11.118,11.096,30,27.949
D,406202,0.022,11.096,11.118,30,27.949
D,406212,-0.022,10.986,10.964,30,27.949
D,406222,0.000,11.228,11.228,30,27.949
D,406232,-0.044,10.964,10.920,30,27.949
D,406242,0.000,11.536,11.536,30,27.949
D,406252,0.066,11.492,11.558,30,27.949
D,406262,0.044,10.942,10.986,30,27.949
D,406272,0.022,11.382,11.404,30,27.949
D,406282,-0.022,11.580,11.558,30,27.949
D,406292,0.066,11.338,11.404,30,27.949
D,406302,0.022,11.140,11.162,30,27.949
D,406312,0.044,11.228,11.272,30,27.949
D,406322,0.000,11.184,11.184,30,27.949
D,406332,0.022,11.558,11.580,30,27.949
D,406342,0.022,11.096,11.118,30,27.949
D,406352,0.066,11.184,11.250,30,27.949
D,406362,0.132,11.250,11.382,30,27.949
D,406372,0.022,11.843,11.865,30,27.949
D,406382,0.110,11.448,11.558,30,27.861
D,406392,0.022,11.689,11.711,30,27.949
D,406402,0.044,11.646,11.689,30,27.949
D,406412,0.022,11.272,11.294,30,27.861
D,406422,0.110,11.536,11.646,30,27.949
D,406432,0.132,11.228,11.360,30,27.949
D,406442,0.066,11.294,11.360,30,27.949
D,406452,0.022,11.514,11.536,30,27.949
D,406462,0.088,11.426,11.514,30,27.949
D,406472,0.044,11.580,11.624,30,27.949
D,406482,0.066,11.426,11.492,30,27.949
D,406492,0.022,11.404,11.426,30,27.949
D,406502,0.044,11.382,11.426,30,27.949
D,406512,0.088,10.898,10.986,30,27.949
D,406522,0.110,11.294,11.404,30,27.949
D,406532,0.066,11.382,11.448,30,27.949
D,406542,0.066,11.382,11.448,30,27.949
D,406552,0.110,11.030,11.140,30,27.949
D,406562,0.132,11.558,11.689,30,27.949
D,406572,0.110,11.514,11.624,30,27.949
D,406582,0.132,11.074,11.206,30,27.861
D,406592,0.110,11.470,11.580,30,27.861
D,406602,0.088,11.206,11.294,30,27.949
D,406612,0.154,11.250,11.404,30,27.861
D,406622,0.110,11.470,11.580,30,27.949
D,406632,0.110,11.184,11.294,30,27.949
D,406642,0.088,11.360,11.448,30,27.949
D,406652,0.088,11.316,11.404,30,27.861
D,406662,0.176,11.338,11.514,30,27.949
D,406672,0.110,11.733,11.843,30,27.949
D,406682,0.044,11.667,11.711,30,27.949
D,406692,0.066,11.206,11.272,30,27.949
D,406702,0.088,11.118,11.206,30,27.949
D,406712,0.088,11.426,11.514,30,27.949
D,406722,0.044,11.140,11.184,30,27.949
D,406732,0.110,11.558,11.667,30,27.949
D,406742,0.088,11.272,11.360,30,27.949
D,406752,0.110,11.667,11.777,30,27.949
D,406762,0.110,11.536,11.646,30,27.949
D,406772,0.110,11.360,11.470,30,27.949
D,406782,0.110,11.030,11.140,30,27.949
D,406792,0.110,11.228,11.338,30,27.861
D,406802,0.110,11.580,11.689,30,27.949
D,406812,0.132,10.986,11.118,30,27.949
D,406822,0.088,11.536,11.624,30,27.949
D,406832,0.088,11.360,11.448,30,27.861
D,406842,0.088,11.294,11.382,30,27.949
D,406852,0.132,11.448,11.580,30,27.949
D,406862,0.132,11.228,11.360,30,27.949
D,406872,0.132,11.140,11.272,30,27.949
D,406882,0.132,11.008,11.140,30,27.949
D,406892,0.110,11.228,11.338,30,27.949
D,406902,0.088,11.602,11.689,30,27.949
D,406912,0.088,11.404,11.492,30,27.949
D,406922,0.088,11.426,11.514,30,27.949
D,406932,0.110,11.030,11.140,30,27.949
D,406942,0.088,11.206,11.294,30,27.949
D,406952,0.154,11.448,11.602,30,27.949
D,406962,0.110,11.492,11.602,30,27.949
D,406972,0.110,11.250,11.360,30,27.949
D,406982,0.110,11.580,11.689,30,27.949
D,406992,0.132,11.184,11.316,30,27.949
D,407002,0.088,11.558,11.646,30,27.949
D,407012,0.088,11.008,11.096,30,27.949
D,407022,0.066,11.646,11.711,30,27.949
D,407032,0.110,11.316,11.426,30,27.861
D,407042,0.044,11.602,11.646,30,27.861
D,407052,0.088,11.338,11.426,30,27.949
D,407062,0.044,11.074,11.118,30,27.949
D,407072,0.088,11.382,11.470,30,27.949
D,407082,0.132,11.074,11.206,30,27.949
D,407092,0.066,11.404,11.470,30,27.949
D,407102,0.044,11.206,11.250,30,27.949
D,407112,0.088,11.492,11.580,30,27.949
D,407122,0.088,11.206,11.294,30,27.949
D,407132,0.066,11.162,11.228,30,27.949
D,407142,0.022,11.382,11.404,30,27.949
D,407152,0.066,11.426,11.492,30,27.949
D,407162,0.044,11.228,11.272,30,27.949
D,407172,0.044,11.580,11.624,30,27.949
D,407182,0.044,11.316,11.360,30,27.861
D,407192,0.044,11.074,11.118,30,27.949
D,407202,0.088,11.426,11.514,30,27.949
D,407212,0.066,11.602,11.667,30,27.949
D,407222,0.088,11.206,11.294,30,27.949
D,407232,0.066,11.536,11.602,30,27.949
D,407242,0.044,11.558,11.602,30,27.949
D,407252,0.066,11.602,11.667,30,27.949
D,407262,0.044,11.074,11.118,30,27.949
D,407272,0.088,11.272,11.360,30,27.949
D,407282,0.000,11.492,11.492,30,27.949
D,407292,0.066,11.382,11.448,30,27.949
D,407302,0.044,11.492,11.536,30,27.949
D,407312,0.000,11.448,11.448,30,27.949
D,407322,0.044,11.052,11.096,30,27.949
D,407332,-0.044,11.667,11.624,30,27.949
D,407342,0.044,11.140,11.184,30,27.949
D,407352,0.000,11.162,11.162,30,27.949
D,407362,0.044,11.382,11.426,30,27.949
D,407372,0.000,11.228,11.228,30,27.949
D,407382,0.066,11.316,11.382,30,27.861
D,407392,0.022,11.052,11.074,30,27.949
D,407402,0.066,11.360,11.426,30,27.949
D,407412,-0.066,11.184,11.118,30,27.949
D,407422,0.022,11.514,11.536,30,27.949
D,407432,0.044,11.250,11.294,30,27.949
D,407442,-0.022,11.558,11.536,30,27.861
D,407452,0.066,11.470,11.536,30,27.949
D,407462,0.000,11.272,11.272,30,27.949
D,407472,0.066,11.184,11.250,30,27.949
D,407482,-0.022,11.404,11.382,30,27.949
D,407492,0.044,11.448,11.492,30,27.949
D,407502,-0.022,11.074,11.052,30,27.949
D,407512,0.000,11.338,11.338,30,27.949
D,407522,0.044,11.316,11.360,30,27.949
D,407532,-0.022,11.316,11.294,30,27.949
D,407542,0.022,11.338,11.360,30,27.949
D,407552,-0.066,11.294,11.228,30,27.949
D,407562,-0.022,10.723,10.701,30,27.949
D,407572,0.022,10.898,10.920,30,27.949
D,407582,-0.022,10.942,10.920,30,27.949
D,407592,-0.044,11.404,11.360,30,27.949
D,407602,0.022,11.162,11.184,30,27.949
D,407612,0.000,11.492,11.492,30,27.949
D,407622,-0.022,11.338,11.316,30,27.949
D,407632,-0.044,11.514,11.470,30,27.949
D,407642,-0.022,11.008,10.986,30,27.949
D,407652,-0.022,11.602,11.580,30,27.949
D,407662,-0.022,11.074,11.052,30,27.949
D,407672,0.044,11.799,11.843,30,27.949
D,407682,0.000,11.404,11.404,30,27.949
D,407692,-0.022,11.689,11.667,30,27.949
D,407702,-0.066,11.118,11.052,30,27.949
D,407712,-0.022,11.404,11.382,30,27.949
D,407722,-0.044,11.360,11.316,30,27.949
D,407732,-0.022,11.118,11.096,30,27.949
D,407742,0.044,11.646,11.689,30,27.949
D,407752,0.066,11.711,11.777,30,27.949
D,407762,-0.022,11.624,11.602,30,27.949
D,407772,-0.088,11.514,11.426,30,27.949
D,407782,-0.044,11.426,11.382,30,27.949
D,407792,-0.066,11.426,11.360,30,27.949
D,407802,-0.044,11.448,11.404,30,27.949
D,407812,0.000,11.206,11.206,30,27.949
D,407822,-0.022,11.096,11.074,30,27.949
D,407832,-0.022,11.118,11.096,30,27.949
D,407842,0.000,11.448,11.448,30,27.861
D,407852,0.022,11.426,11.448,30,27.949
D,407862,-0.022,11.602,11.580,30,27.949
D,407872,-0.044,11.184,11.140,30,27.861
D,407882,0.044,11.426,11.470,30,27.949
D,407892,0.000,11.096,11.096,30,27.949
D,407902,0.000,11.558,11.558,30,27.949
D,407912,-0.022,11.030,11.008,30,27.949
D,407922,-0.022,11.096,11.074,30,27.949
D,407932,-0.044,11.360,11.316,30,27.949
D,407942,0.000,10.942,10.942,30,27.949
D,407952,-0.066,11.206,11.140,30,27.949
D,407962,-0.022,11.448,11.426,30,27.949
D,407972,-0.022,11.074,11.052,30,27.949
D,407982,-0.022,11.426,11.404,30,27.949
D,407992,-0.022,11.404,11.382,30,27.861
D,408002,-0.066,11.140,11.074,30,27.949
D,408012,-0.022,11.733,11.711,30,27.949
D,408022,0.000,11.294,11.294,30,27.949
D,408032,0.000,11.558,11.558,30,27.949
D,408042,-0.022,11.096,11.074,30,27.861
D,408052,0.066,11.008,11.074,30,27.949
D,408062,0.044,11.711,11.755,30,27.949
D,408072,0.022,11.404,11.426,30,27.949
D,408082,-0.022,11.404,11.382,30,27.949
D,408092,0.000,11.360,11.360,30,27.949
D,408102,0.022,11.667,11.689,30,27.949
D,408112,0.022,11.514,11.536,30,27.949
D,408122,0.044,11.492,11.536,30,27.949
D,408132,0.044,10.767,10.811,30,27.949
D,408142,0.000,11.074,11.074,30,27.861
D,408152,0.044,10.986,11.030,30,27.949
D,408162,0.110,11.580,11.689,30,27.949
D,408172,0.022,11.162,11.184,30,27.949
D,408182,0.044,11.250,11.294,30,27.949
D,408192,0.044,11.206,11.250,30,27.949
D,408202,0.044,11.250,11.294,30,27.949
D,408212,0.088,11.052,11.140,30,27.949
D,408222,0.022,11.272,11.294,30,27.949
D,408232,-0.022,11.689,11.667,30,27.949
D,408242,0.044,11.624,11.667,30,27.949
D,408252,0.088,11.799,11.887,30,27.949
D,408262,0.066,11.580,11.646,30,27.949
D,408272,0.044,11.580,11.624,30,27.949
D,408282,0.066,11.558,11.624,30,27.949
D,408292,0.066,11.404,11.470,30,27.949
D,408302,-0.022,11.404,11.382,30,27.949
D,408312,0.088,11.426,11.514,30,27.949
D,408322,0.000,11.426,11.426,30,27.949
D,408332,0.044,11.118,11.162,30,27.949
D,408342,0.044,11.162,11.206,30,27.861
D,408352,0.022,11.646,11.667,30,27.949
D,408362,0.022,11.448,11.470,30,27.949
D,408372,0.066,11.294,11.360,30,27.949
D,408382,0.110,11.140,11.250,30,27.949
D,408392,0.000,11.338,11.338,30,27.949
D,408402,0.066,11.404,11.470,30,27.949
D,408412,0.066,11.646,11.711,30,27.949
D,408422,0.044,11.250,11.294,30,27.949
D,408432,0.044,11.382,11.426,30,27.949
D,408442,0.066,11.470,11.536,30,27.949
D,408452,0.088,11.360,11.448,30,27.949
D,408462,0.088,11.382,11.470,30,27.949
D,408472,0.044,11.382,11.426,30,27.949
D,408482,0.110,11.316,11.426,30,27.949
D,408492,0.088,11.360,11.448,30,27.949
D,408502,0.110,11.140,11.250,30,27.949
D,408512,0.044,11.074,11.118,30,27.949
D,408522,0.066,11.602,11.667,30,27.949
D,408532,0.088,11.536,11.624,30,27.949
D,408542,0.088,11.360,11.448,30,27.949
D,408552,0.110,11.250,11.360,30,27.949
D,408562,0.110,11.558,11.667,30,27.949
D,408572,0.110,11.140,11.250,30,27.949
D,408582,0.110,11.382,11.492,30,27.949
D,408592,0.132,11.294,11.426,30,27.861
D,408602,0.132,11.448,11.580,30,27.949
D,408612,0.110,11.338,11.448,30,27.949
D,408622,0.044,11.777,11.821,30,27.949
D,408632,0.132,11.338,11.470,30,27.949
D,408642,0.110,11.316,11.426,30,27.949
D,408652,0.110,11.316,11.426,30,27.949
D,408662,0.110,11.294,11.404,30,27.949
D,408672,0.110,11.030,11.140,30,27.949
D,408682,0.110,11.514,11.624,30,27.861
D,408692,0.066,11.514,11.580,30,27.949
D,408702,0.132,11.162,11.294,30,27.949
D,408712,0.110,11.228,11.338,30,27.949
D,408722,0.110,11.338,11.448,30,27.949
D,408732,0.044,11.382,11.426,30,27.861
D,408742,0.066,11.624,11.689,30,27.949
D,408752,0.088,11.689,11.777,30,27.949
D,408762,0.110,11.338,11.448,30,27.949
D,408772,0.088,11.184,11.272,30,27.949
D,408782,0.154,11.184,11.338,30,27.949
D,408792,0.066,11.338,11.404,30,27.861
D,408802,0.066,10.898,10.964,30,27.949
D,408812,0.110,11.162,11.272,30,27.949
D,408822,0.132,11.074,11.206,30,27.949
D,408832,0.110,10.986,11.096,30,27.949
D,408842,0.022,11.689,11.711,30,27.949
D,408852,0.110,10.898,11.008,30,27.949
D,408862,0.066,11.118,11.184,30,27.949
D,408872,0.132,11.448,11.580,30,27.949
D,408882,0.110,11.250,11.360,30,27.949
D,408892,0.088,11.206,11.294,30,27.861
D,408902,0.066,11.360,11.426,30,27.949
D,408912,0.022,11.382,11.404,30,27.949
D,408922,0.044,11.250,11.294,30,27.949
D,408932,0.088,11.382,11.470,30,27.949
D,408942,0.066,11.294,11.360,30,27.949
D,408952,0.110,11.316,11.426,30,27.861
D,408962,0.110,11.338,11.448,30,27.949
D,408972,0.132,11.316,11.448,30,27.949
D,408982,0.132,11.250,11.382,30,27.949
D,408992,0.066,11.580,11.646,30,27.949
D,409002,0.044,11.514,11.558,30,27.949
D,409012,0.044,11.975,12.019,30,27.949
D,409022,0.000,11.294,11.294,30,27.949
D,409032,0.066,11.492,11.558,30,27.949
D,409042,0.044,11.426,11.470,30,27.949
D,409052,0.022,11.360,11.382,30,27.949
D,409062,0.110,11.272,11.382,30,27.949
D,409072,0.000,11.360,11.360,30,27.949
D,409082,0.022,11.184,11.206,30,27.949
D,409092,0.022,11.536,11.558,30,27.949
D,409102,0.066,11.492,11.558,30,27.949
D,409112,0.110,11.074,11.184,30,27.949
D,409122,0.066,10.942,11.008,30,27.949
D,409132,0.088,11.250,11.338,30,27.949
D,409142,0.044,11.536,11.580,30,27.949
D,409152,0.044,11.602,11.646,30,27.949
D,409162,0.066,10.920,10.986,30,27.949
D,409172,0.000,11.667,11.667,30,27.949
D,409182,0.044,11.470,11.514,30,27.949
D,409192,0.044,11.316,11.360,30,27.949
D,409202,0.088,11.074,11.162,30,27.949
D,409212,0.088,11.250,11.338,30,27.949
D,409222,0.066,11.338,11.404,30,27.949
dcmd=+30  d=+27.86 | phi=+0.00  ank=+11.01  alpha=+11.01 | alpha/d=0.395
# 출력 정지 — s 로 재개 (명령은 계속 먹음)
# 토크 복구됨 (홈은 z 시점 그대로 — 크게 움직일 수 있으니 주의)
E,414994,MOVE,40
# 출력 재개 (s 로 다시 정지)
D,422254,0.066,14.985,15.051,40,27.949
D,422264,0.044,15.293,15.337,40,27.949
D,422274,0.000,15.117,15.117,40,27.949
D,422284,0.044,15.513,15.557,40,27.949
D,422294,0.000,15.095,15.095,40,27.949
D,422304,0.088,15.205,15.293,40,27.949
D,422314,0.066,15.425,15.491,40,27.949
D,422324,0.022,15.359,15.381,40,27.949
D,422334,0.044,15.139,15.183,40,27.861
D,422344,0.044,15.293,15.337,40,27.949
D,422354,0.044,15.183,15.227,40,27.949
D,422364,0.044,15.271,15.315,40,27.949
D,422374,0.066,15.073,15.139,40,27.861
D,422384,0.088,15.337,15.425,40,27.949
D,422394,0.088,15.161,15.249,40,27.949
D,422404,-0.022,15.798,15.776,40,27.949
D,422414,-0.022,15.073,15.051,40,27.949
D,422424,0.000,15.337,15.337,40,27.949
D,422434,0.022,15.535,15.557,40,27.861
D,422444,0.022,14.832,14.854,40,27.949
D,422454,0.022,14.941,14.963,40,27.949
D,422464,-0.022,15.205,15.183,40,27.861
D,422474,0.044,15.337,15.381,40,27.949
D,422484,-0.022,15.469,15.447,40,27.949
D,422494,-0.022,15.095,15.073,40,27.861
D,422504,-0.066,15.095,15.029,40,27.861
D,422514,-0.022,15.469,15.447,40,27.949
D,422524,-0.044,15.337,15.293,40,27.949
D,422534,-0.022,15.227,15.205,40,27.949
D,422544,-0.022,15.425,15.403,40,27.949
D,422554,0.022,15.381,15.403,40,27.949
D,422564,-0.022,15.403,15.381,40,27.949
D,422574,-0.044,15.183,15.139,40,27.949
D,422584,-0.044,15.073,15.029,40,27.949
D,422594,-0.044,14.941,14.897,40,27.949
D,422604,-0.022,14.963,14.941,40,27.949
D,422614,-0.022,15.469,15.447,40,27.861
D,422624,-0.066,15.403,15.337,40,27.949
D,422634,0.000,15.315,15.315,40,27.949
D,422644,-0.022,15.117,15.095,40,27.949
D,422654,-0.044,15.161,15.117,40,27.949
D,422664,-0.044,15.381,15.337,40,27.949
D,422674,-0.066,14.963,14.897,40,27.949
D,422684,-0.110,14.919,14.810,40,27.949
D,422694,-0.066,14.875,14.810,40,27.949
D,422704,0.000,15.051,15.051,40,27.949
D,422714,-0.044,15.161,15.117,40,27.949
D,422724,-0.066,15.557,15.491,40,27.949
D,422734,-0.044,15.051,15.007,40,27.949
D,422744,0.044,15.425,15.469,40,27.949
D,422754,-0.066,15.271,15.205,40,27.949
D,422764,-0.066,15.425,15.359,40,27.949
D,422774,-0.044,14.941,14.897,40,-257.783
D,422784,-0.044,15.447,15.403,40,27.949
D,422794,-0.066,15.623,15.557,40,-257.871
D,422804,-0.044,15.249,15.205,40,-257.871
D,422814,-0.044,15.359,15.315,40,-257.871
D,422824,-0.044,15.337,15.293,40,37.178
D,422834,-0.044,15.425,15.381,40,37.266
D,422844,-0.044,15.425,15.381,40,37.266
D,422854,-0.044,15.469,15.425,40,37.178
D,422864,-0.022,15.183,15.161,40,37.266
D,422874,-0.044,15.205,15.161,40,37.266
D,422884,-0.066,15.535,15.469,40,37.178
D,422894,-0.044,15.073,15.029,40,37.266
D,422904,0.022,15.227,15.249,40,37.266
D,422914,-0.044,15.513,15.469,40,37.266
D,422924,-0.044,14.985,14.941,40,37.266
D,422934,-0.044,15.293,15.249,40,37.266
D,422944,0.044,15.425,15.469,40,37.266
D,422954,-0.044,15.623,15.579,40,37.266
D,422964,-0.044,15.183,15.139,40,37.266
D,422974,0.022,15.249,15.271,40,37.266
D,422984,-0.044,15.930,15.886,40,37.266
D,422994,-0.044,15.161,15.117,40,37.266
D,423004,0.066,15.095,15.161,40,37.266
D,423014,-0.044,15.161,15.117,40,37.266
D,423024,-0.066,15.513,15.447,40,37.266
D,423034,0.044,15.051,15.095,40,37.266
D,423044,-0.022,14.810,14.788,40,37.266
D,423054,-0.044,15.007,14.963,40,37.266
D,423064,0.022,15.051,15.073,40,37.266
D,423074,0.000,15.227,15.227,40,37.266
D,423084,0.022,15.447,15.469,40,37.266
D,423094,-0.022,15.447,15.425,40,37.178
D,423104,0.066,15.271,15.337,40,37.266
D,423114,0.000,15.425,15.425,40,37.178
D,423124,-0.022,15.271,15.249,40,37.266
D,423134,0.022,15.095,15.117,40,37.266
D,423144,-0.022,15.249,15.227,40,37.266
D,423154,0.022,15.293,15.315,40,37.266
D,423164,0.022,15.139,15.161,40,37.266
D,423174,0.044,15.491,15.535,40,37.266
D,423184,0.000,15.403,15.403,40,37.266
D,423194,-0.044,15.073,15.029,40,37.266
D,423204,0.044,15.139,15.183,40,37.266
D,423214,0.000,15.623,15.623,40,37.178
D,423224,0.022,15.161,15.183,40,37.178
D,423234,0.066,15.688,15.754,40,37.266
D,423244,0.044,14.963,15.007,40,37.266
D,423254,0.022,15.293,15.315,40,37.266
D,423264,0.000,15.403,15.403,40,37.178
D,423274,0.088,15.381,15.469,40,37.266
D,423284,0.044,15.139,15.183,40,37.266
D,423294,0.022,15.403,15.425,40,37.266
D,423304,0.066,15.271,15.337,40,37.266
D,423314,0.066,14.963,15.029,40,37.266
D,423324,0.044,14.810,14.854,40,37.266
D,423334,0.044,15.337,15.381,40,37.266
D,423344,0.044,15.051,15.095,40,37.266
D,423354,0.088,15.161,15.249,40,37.266
D,423364,0.066,15.513,15.579,40,37.266
D,423374,0.000,15.491,15.491,40,37.266
D,423384,0.132,15.205,15.337,40,37.266
D,423394,0.088,15.227,15.315,40,37.266
D,423404,0.110,14.985,15.095,40,37.266
D,423414,0.044,15.183,15.227,40,37.266
D,423424,0.088,15.359,15.447,40,37.266
D,423434,0.088,15.073,15.161,40,37.266
D,423444,0.110,15.337,15.447,40,37.266
D,423454,0.066,14.941,15.007,40,37.266
D,423464,0.088,15.315,15.403,40,37.266
D,423474,0.022,15.491,15.513,40,37.178
D,423484,0.088,15.205,15.293,40,37.266
D,423494,0.088,15.293,15.381,40,37.266
D,423504,0.088,15.161,15.249,40,37.266
D,423514,0.022,15.139,15.161,40,37.266
D,423524,0.154,15.183,15.337,40,37.266
D,423534,0.110,15.381,15.491,40,37.266
D,423544,0.110,15.513,15.623,40,37.266
D,423554,0.110,15.051,15.161,40,37.266
D,423564,0.088,15.051,15.139,40,37.266
D,423574,0.044,15.161,15.205,40,37.266
D,423584,0.110,15.601,15.710,40,37.266
D,423594,0.110,14.832,14.941,40,37.266
D,423604,0.022,15.359,15.381,40,37.266
D,423614,0.132,15.315,15.447,40,37.178
D,423624,0.110,14.897,15.007,40,37.266
D,423634,0.132,15.293,15.425,40,37.178
D,423644,0.066,14.985,15.051,40,37.266
D,423654,0.132,15.403,15.535,40,37.266
D,423664,0.110,15.117,15.227,40,37.266
D,423674,0.044,15.271,15.315,40,37.266
D,423684,0.110,15.754,15.864,40,37.266
D,423694,0.198,15.337,15.535,40,37.266
D,423704,0.110,15.513,15.623,40,37.266
D,423714,0.110,15.557,15.667,40,37.266
D,423724,0.110,15.293,15.403,40,37.266
D,423734,0.132,15.271,15.403,40,37.266
D,423744,0.154,15.579,15.732,40,37.266
D,423754,0.044,15.491,15.535,40,37.266
D,423764,0.110,15.315,15.425,40,37.266
D,423774,0.088,15.183,15.271,40,37.266
D,423784,0.154,15.557,15.710,40,37.266
D,423794,0.132,15.601,15.732,40,37.266
D,423804,0.154,14.919,15.073,40,37.266
D,423814,0.110,15.601,15.710,40,37.178
D,423824,0.110,15.139,15.249,40,37.266
D,423834,0.110,15.051,15.161,40,37.266
D,423844,0.110,15.073,15.183,40,37.266
D,423854,0.110,15.403,15.513,40,37.266
D,423864,0.088,15.315,15.403,40,37.266
D,423874,0.132,15.381,15.513,40,37.266
D,423884,0.110,15.425,15.535,40,37.178
D,423894,0.088,15.381,15.469,40,37.178
D,423904,0.154,14.897,15.051,40,37.266
D,423914,0.088,14.985,15.073,40,37.266
D,423924,0.132,15.249,15.381,40,37.266
D,423934,0.088,15.095,15.183,40,37.266
D,423944,0.088,15.095,15.183,40,37.266
D,423954,0.088,15.183,15.271,40,37.178
D,423964,0.132,15.073,15.205,40,37.178
D,423974,0.110,15.227,15.337,40,37.178
D,423984,0.044,15.183,15.227,40,37.266
D,423994,0.044,15.293,15.337,40,37.178
D,424004,0.088,15.271,15.359,40,37.178
D,424014,0.110,15.315,15.425,40,37.266
D,424024,0.110,15.117,15.227,40,37.266
D,424034,0.088,15.315,15.403,40,37.266
D,424044,0.154,15.601,15.754,40,37.178
D,424054,0.132,15.249,15.381,40,37.266
D,424064,0.110,15.271,15.381,40,37.266
D,424074,0.044,15.293,15.337,40,37.178
D,424084,0.066,15.249,15.315,40,37.266
D,424094,0.066,15.293,15.359,40,37.266
D,424104,0.044,15.337,15.381,40,37.266
D,424114,-0.066,15.161,15.095,40,37.178
D,424124,0.022,15.601,15.623,40,37.178
D,424134,0.066,15.227,15.293,40,37.266
D,424144,0.044,15.073,15.117,40,37.266
D,424154,0.066,15.754,15.820,40,37.266
D,424164,0.044,15.095,15.139,40,37.266
D,424174,0.088,15.161,15.249,40,37.266
D,424184,0.066,15.051,15.117,40,37.266
D,424194,0.066,15.051,15.117,40,37.178
D,424204,-0.022,14.963,14.941,40,37.178
D,424214,0.022,15.359,15.381,40,37.266
D,424224,0.066,14.810,14.875,40,37.266
D,424234,0.044,15.425,15.469,40,37.178
D,424244,-0.022,15.403,15.381,40,37.266
D,424254,0.044,15.227,15.271,40,37.266
D,424264,0.066,15.161,15.227,40,37.266
D,424274,0.044,15.447,15.491,40,37.266
D,424284,0.044,15.117,15.161,40,37.266
D,424294,0.044,15.425,15.469,40,37.266
D,424304,0.000,15.249,15.249,40,37.266
D,424314,-0.022,15.315,15.293,40,37.266
D,424324,-0.022,15.007,14.985,40,37.266
D,424334,0.022,15.645,15.667,40,37.266
D,424344,0.022,14.985,15.007,40,37.266
D,424354,0.022,15.557,15.579,40,37.266
D,424364,-0.044,15.249,15.205,40,37.266
D,424374,-0.022,15.337,15.315,40,37.266
D,424384,-0.022,15.381,15.359,40,37.266
D,424394,0.022,15.271,15.293,40,37.266
D,424404,0.000,15.227,15.227,40,37.266
D,424414,-0.044,15.227,15.183,40,37.178
D,424424,-0.044,15.469,15.425,40,37.178
D,424434,0.022,15.183,15.205,40,37.266
D,424444,0.044,14.854,14.897,40,37.266
D,424454,-0.044,15.337,15.293,40,37.266
D,424464,-0.022,15.623,15.601,40,37.178
D,424474,-0.066,15.271,15.205,40,37.266
D,424484,-0.044,15.535,15.491,40,37.266
D,424494,0.000,15.557,15.557,40,37.266
D,424504,-0.022,15.051,15.029,40,37.266
D,424514,-0.044,14.875,14.832,40,37.266
D,424524,-0.066,15.249,15.183,40,37.266
D,424534,-0.044,15.139,15.095,40,37.266
D,424544,-0.044,15.359,15.315,40,37.266
D,424554,0.000,15.271,15.271,40,37.266
D,424564,0.000,15.161,15.161,40,37.266
D,424574,-0.044,15.271,15.227,40,37.266
D,424584,-0.066,14.963,14.897,40,37.178
D,424594,-0.022,14.875,14.854,40,37.266
D,424604,-0.022,15.227,15.205,40,37.266
D,424614,-0.110,15.315,15.205,40,37.266
D,424624,-0.088,15.381,15.293,40,37.266
D,424634,-0.044,14.985,14.941,40,37.266
D,424644,-0.066,15.425,15.359,40,37.266
D,424654,-0.088,15.205,15.117,40,37.266
D,424664,-0.044,15.601,15.557,40,37.178
D,424674,0.000,15.205,15.205,40,37.178
D,424684,-0.044,15.183,15.139,40,37.266
D,424694,-0.022,15.271,15.249,40,37.178
D,424704,0.022,15.249,15.271,40,37.266
D,424714,-0.044,15.205,15.161,40,37.266
D,424724,-0.022,15.095,15.073,40,37.266
D,424734,-0.022,15.359,15.337,40,37.178
D,424744,0.000,15.183,15.183,40,37.178
D,424754,-0.022,15.337,15.315,40,37.178
D,424764,-0.066,15.447,15.381,40,37.266
D,424774,-0.044,15.249,15.205,40,37.178
D,424784,-0.044,14.854,14.810,40,37.266
D,424794,-0.066,15.029,14.963,40,37.266
D,424804,-0.088,15.381,15.293,40,37.178
D,424814,0.000,14.897,14.897,40,37.266
D,424824,0.000,15.601,15.601,40,37.266
D,424834,0.000,15.227,15.227,40,37.178
D,424844,-0.088,15.425,15.337,40,37.266
D,424854,0.000,15.271,15.271,40,37.266
D,424864,-0.022,15.029,15.007,40,37.266
D,424874,-0.044,14.941,14.897,40,37.178
D,424884,-0.088,14.897,14.810,40,37.178
D,424894,-0.044,15.139,15.095,40,37.266
D,424904,-0.088,14.766,14.678,40,37.266
D,424914,-0.022,15.491,15.469,40,37.266
D,424924,-0.066,15.447,15.381,40,37.266
D,424934,-0.022,15.601,15.579,40,37.266
D,424944,0.066,15.645,15.710,40,37.266
D,424954,0.022,15.029,15.051,40,37.178
D,424964,0.000,15.359,15.359,40,37.266
D,424974,0.000,15.732,15.732,40,37.266
D,424984,0.044,15.425,15.469,40,37.178
D,424994,0.000,15.381,15.381,40,37.266
D,425004,0.000,14.897,14.897,40,37.266
D,425014,0.000,15.227,15.227,40,37.266
D,425024,0.022,15.403,15.425,40,37.266
D,425034,0.000,15.315,15.315,40,37.266
D,425044,0.088,15.139,15.227,40,37.178
D,425054,0.000,15.469,15.469,40,37.266
D,425064,0.000,15.205,15.205,40,37.266
D,425074,0.000,15.051,15.051,40,37.178
D,425084,0.000,15.183,15.183,40,37.266
D,425094,0.022,14.832,14.854,40,37.266
D,425104,0.088,15.623,15.710,40,37.178
D,425114,0.066,15.095,15.161,40,37.266
D,425124,0.066,15.293,15.359,40,37.266
D,425134,0.022,15.315,15.337,40,37.266
D,425144,0.044,15.249,15.293,40,37.266
D,425154,0.022,15.205,15.227,40,37.266
D,425164,0.044,15.623,15.667,40,37.266
D,425174,0.022,15.095,15.117,40,37.266
D,425184,0.066,15.337,15.403,40,37.266
D,425194,0.132,15.535,15.667,40,37.266
D,425204,0.044,15.007,15.051,40,37.266
D,425214,0.088,15.337,15.425,40,37.266
D,425224,0.132,15.139,15.271,40,37.266
D,425234,0.110,15.315,15.425,40,37.266
D,425244,0.044,15.183,15.227,40,37.178
D,425254,0.044,14.963,15.007,40,37.178
D,425264,0.066,15.117,15.183,40,37.266
D,425274,0.044,15.293,15.337,40,37.266
D,425284,0.044,15.007,15.051,40,37.266
D,425294,0.088,14.963,15.051,40,37.266
D,425304,0.110,15.205,15.315,40,37.266
D,425314,0.132,15.447,15.579,40,37.266
D,425324,0.022,15.491,15.513,40,37.266
D,425334,0.022,15.381,15.403,40,37.266
D,425344,0.110,15.205,15.315,40,37.266
D,425354,0.088,15.183,15.271,40,37.266
D,425364,0.022,15.161,15.183,40,37.266
D,425374,0.176,15.293,15.469,40,37.178
D,425384,0.088,15.359,15.447,40,37.266
D,425394,0.044,15.249,15.293,40,37.266
D,425404,0.132,15.117,15.249,40,37.266
D,425414,0.066,14.919,14.985,40,37.266
D,425424,0.088,15.491,15.579,40,37.266
D,425434,0.110,15.447,15.557,40,37.266
D,425444,0.066,15.315,15.381,40,37.266
D,425454,0.088,15.337,15.425,40,37.266
D,425464,0.044,15.095,15.139,40,37.266
D,425474,0.110,15.271,15.381,40,37.266
D,425484,0.132,15.183,15.315,40,37.266
D,425494,0.110,14.744,14.854,40,37.178
D,425504,0.044,15.469,15.513,40,37.266
D,425514,0.132,14.919,15.051,40,37.266
D,425524,0.110,15.425,15.535,40,37.266
D,425534,0.110,15.183,15.293,40,37.266
D,425544,0.110,14.963,15.073,40,37.178
D,425554,0.110,15.645,15.754,40,37.266
D,425564,0.110,15.161,15.271,40,37.266
D,425574,0.110,15.139,15.249,40,37.266
D,425584,0.110,15.117,15.227,40,37.266
D,425594,0.044,14.985,15.029,40,37.266
D,425604,0.110,15.117,15.227,40,37.266
D,425614,0.132,15.227,15.359,40,37.266
D,425624,0.066,15.645,15.710,40,37.266
D,425634,0.088,14.832,14.919,40,37.266
D,425644,0.132,15.271,15.403,40,37.266
D,425654,0.110,14.832,14.941,40,37.266
D,425664,0.132,14.919,15.051,40,37.266
D,425674,0.088,15.337,15.425,40,37.266
D,425684,0.110,15.535,15.645,40,37.266
D,425694,0.088,14.963,15.051,40,37.266
D,425704,0.022,14.941,14.963,40,37.266
D,425714,0.132,15.205,15.337,40,37.266
D,425724,0.088,15.073,15.161,40,37.178
D,425734,0.110,15.491,15.601,40,37.266
D,425744,0.044,15.293,15.337,40,37.266
D,425754,0.066,15.403,15.469,40,37.266
D,425764,0.154,15.139,15.293,40,37.178
D,425774,0.132,15.227,15.359,40,37.178
D,425784,0.044,15.710,15.754,40,37.178
D,425794,0.088,15.205,15.293,40,37.178
D,425804,0.176,15.469,15.645,40,37.266
D,425814,0.044,14.897,14.941,40,37.266
D,425824,0.110,15.315,15.425,40,37.266
D,425834,0.088,15.381,15.469,40,37.266
D,425844,0.110,15.095,15.205,40,37.178
D,425854,0.066,15.117,15.183,40,37.266
D,425864,0.088,15.293,15.381,40,37.266
D,425874,0.088,14.985,15.073,40,37.266
D,425884,0.110,15.227,15.337,40,37.178
D,425894,0.066,15.029,15.095,40,37.266
D,425904,0.044,15.227,15.271,40,37.266
D,425914,0.132,15.117,15.249,40,37.178
D,425924,0.088,15.535,15.623,40,37.266
D,425934,0.110,15.095,15.205,40,37.266
D,425944,0.132,15.381,15.513,40,37.266
D,425954,0.044,15.161,15.205,40,37.266
D,425964,0.000,15.337,15.337,40,37.266
D,425974,0.066,15.249,15.315,40,37.266
D,425984,0.088,15.557,15.645,40,37.266
D,425994,0.044,15.403,15.447,40,37.178
D,426004,0.022,15.249,15.271,40,37.266
D,426014,0.110,14.832,14.941,40,37.266
D,426024,0.022,15.491,15.513,40,37.266
D,426034,0.066,15.513,15.579,40,37.178
D,426044,0.044,14.941,14.985,40,37.178
D,426054,0.022,15.359,15.381,40,37.178
D,426064,0.022,15.139,15.161,40,37.266
D,426074,0.088,15.139,15.227,40,37.266
D,426084,0.088,15.315,15.403,40,37.266
D,426094,0.000,15.381,15.381,40,37.266
D,426104,0.022,14.985,15.007,40,37.266
D,426114,0.022,15.667,15.688,40,37.266
D,426124,0.066,15.117,15.183,40,37.266
D,426134,0.022,15.161,15.183,40,37.178
D,426144,0.000,15.161,15.161,40,37.266
D,426154,0.044,15.337,15.381,40,37.178
D,426164,0.088,15.403,15.491,40,37.178
D,426174,0.066,15.820,15.886,40,37.266
D,426184,0.022,15.381,15.403,40,37.178
D,426194,0.022,15.381,15.403,40,37.266
D,426204,0.000,15.029,15.029,40,37.266
D,426214,0.022,14.985,15.007,40,37.266
D,426224,0.022,15.337,15.359,40,37.266
D,426234,-0.022,14.897,14.875,40,37.178
D,426244,0.044,15.315,15.359,40,37.266
D,426254,0.066,15.315,15.381,40,37.266
D,426264,0.088,15.732,15.820,40,37.266
D,426274,-0.022,15.161,15.139,40,37.266
D,426284,-0.022,15.337,15.315,40,37.266
D,426294,0.000,15.183,15.183,40,37.266
D,426304,-0.066,15.645,15.579,40,37.266
D,426314,0.022,15.469,15.491,40,37.266
D,426324,0.000,15.227,15.227,40,37.266
D,426334,0.000,15.469,15.469,40,37.266
D,426344,0.000,15.029,15.029,40,37.266
D,426354,-0.022,15.535,15.513,40,37.266
D,426364,-0.044,15.227,15.183,40,37.266
D,426374,-0.066,15.403,15.337,40,37.266
D,426384,-0.022,15.029,15.007,40,37.266
D,426394,0.022,14.963,14.985,40,37.266
D,426404,-0.022,15.249,15.227,40,37.266
D,426414,0.022,15.227,15.249,40,37.266
D,426424,0.022,15.117,15.139,40,37.266
D,426434,0.022,15.337,15.359,40,37.266
D,426444,0.044,15.381,15.425,40,37.266
D,426454,-0.044,15.205,15.161,40,37.266
D,426464,-0.066,15.688,15.623,40,37.266
D,426474,-0.044,15.205,15.161,40,37.266
D,426484,0.000,15.227,15.227,40,37.178
D,426494,-0.022,15.337,15.315,40,37.266
D,426504,-0.022,15.205,15.183,40,37.266
D,426514,-0.022,15.139,15.117,40,37.266
D,426524,-0.044,15.161,15.117,40,37.266
D,426534,0.044,15.073,15.117,40,37.266
D,426544,0.000,15.447,15.447,40,37.266
D,426554,-0.022,15.601,15.579,40,37.266
D,426564,0.022,15.688,15.710,40,37.266
D,426574,0.044,15.491,15.535,40,37.178
D,426584,0.044,14.985,15.029,40,37.266
D,426594,-0.022,15.776,15.754,40,37.178
D,426604,0.000,15.205,15.205,40,37.266
D,426614,0.000,15.029,15.029,40,37.266
D,426624,-0.022,15.095,15.073,40,37.178
D,426634,0.000,15.513,15.513,40,37.266
D,426644,-0.022,14.897,14.875,40,37.178
D,426654,-0.044,15.205,15.161,40,37.266
D,426664,0.022,15.073,15.095,40,37.266
D,426674,0.044,15.359,15.403,40,37.266
D,426684,0.044,15.271,15.315,40,37.266
D,426694,-0.044,15.293,15.249,40,37.266
D,426704,-0.066,15.161,15.095,40,37.178
D,426714,0.000,14.985,14.985,40,37.178
D,426724,-0.044,15.161,15.117,40,37.266
D,426734,0.000,15.403,15.403,40,37.266
D,426744,0.044,15.029,15.073,40,37.178
D,426754,0.044,15.205,15.249,40,37.266
D,426764,0.022,15.359,15.381,40,37.266
D,426774,0.066,15.139,15.205,40,37.266
D,426784,0.022,14.919,14.941,40,37.266
D,426794,0.000,15.205,15.205,40,37.266
D,426804,0.000,15.381,15.381,40,37.266
D,426814,-0.044,15.183,15.139,40,37.178
D,426824,-0.022,15.227,15.205,40,37.266
D,426834,0.044,15.491,15.535,40,37.266
D,426844,0.000,15.293,15.293,40,37.266
D,426854,0.000,15.710,15.710,40,37.266
D,426864,0.022,15.688,15.710,40,37.266
D,426874,0.022,15.139,15.161,40,37.266
D,426884,0.022,15.491,15.513,40,37.266
D,426894,0.066,15.293,15.359,40,37.178
D,426904,0.066,15.337,15.403,40,37.178
D,426914,0.088,14.963,15.051,40,37.178
D,426924,0.022,14.897,14.919,40,37.266
D,426934,0.044,15.117,15.161,40,37.178
D,426944,0.044,15.073,15.117,40,37.266
D,426954,0.110,15.073,15.183,40,37.178
D,426964,0.000,15.381,15.381,40,37.266
D,426974,0.110,15.469,15.579,40,37.178
D,426984,0.066,16.260,16.326,40,37.266
D,426994,-0.022,15.007,14.985,40,37.266
D,427004,0.022,15.315,15.337,40,37.266
D,427014,0.066,15.095,15.161,40,37.178
D,427024,0.044,15.271,15.315,40,37.178
D,427034,0.110,15.249,15.359,40,37.266
D,427044,0.088,15.007,15.095,40,37.266
D,427054,0.110,15.623,15.732,40,37.266
D,427064,0.000,14.919,14.919,40,37.266
D,427074,0.066,15.491,15.557,40,37.178
D,427084,0.088,15.205,15.293,40,37.266
D,427094,0.000,15.205,15.205,40,37.178
D,427104,0.044,14.963,15.007,40,37.266
D,427114,0.088,14.941,15.029,40,37.266
D,427124,0.110,16.084,16.194,40,37.266
D,427134,0.066,15.183,15.249,40,37.266
D,427144,0.110,14.963,15.073,40,37.266
D,427154,0.000,15.688,15.688,40,37.178
D,427164,0.022,15.337,15.359,40,37.266
D,427174,0.066,15.029,15.095,40,37.178
D,427184,0.066,15.095,15.161,40,37.266
D,427194,0.088,15.007,15.095,40,37.266
D,427204,0.088,15.315,15.403,40,37.178
D,427214,0.066,15.161,15.227,40,37.266
D,427224,0.088,15.073,15.161,40,37.266
D,427234,0.000,15.271,15.271,40,37.266
D,427244,0.022,15.051,15.073,40,37.266
D,427254,0.022,15.139,15.161,40,37.266
D,427264,0.066,15.425,15.491,40,37.266
D,427274,0.110,15.535,15.645,40,37.178
D,427284,0.110,15.337,15.447,40,37.266
D,427294,0.132,15.491,15.623,40,37.266
D,427304,0.110,14.985,15.095,40,37.266
D,427314,0.132,15.271,15.403,40,37.178
D,427324,0.022,14.963,14.985,40,37.266
D,427334,0.022,15.117,15.139,40,37.266
D,427344,0.066,14.963,15.029,40,37.178
D,427354,0.132,15.381,15.513,40,37.266
D,427364,0.154,15.029,15.183,40,37.266
D,427374,0.000,14.766,14.766,40,37.178
D,427384,0.110,15.293,15.403,40,37.266
D,427394,0.066,15.293,15.359,40,37.178
D,427404,0.066,15.205,15.271,40,37.178
D,427414,0.110,15.293,15.403,40,37.266
D,427424,0.066,15.139,15.205,40,37.178
D,427434,0.132,15.403,15.535,40,37.266
D,427444,0.132,15.425,15.557,40,37.266
D,427454,0.088,15.293,15.381,40,37.178
D,427464,0.132,14.941,15.073,40,37.266
D,427474,0.088,14.875,14.963,40,37.266
D,427484,0.154,15.315,15.469,40,37.266
D,427494,0.044,15.623,15.667,40,37.266
D,427504,0.044,15.029,15.073,40,37.178
D,427514,0.132,15.403,15.535,40,37.178
D,427524,0.088,15.337,15.425,40,37.266
D,427534,0.110,14.963,15.073,40,37.266
D,427544,0.044,15.359,15.403,40,37.178
D,427554,0.132,15.381,15.513,40,37.178
D,427564,0.110,15.535,15.645,40,37.266
D,427574,0.044,14.744,14.788,40,37.266
D,427584,0.022,15.315,15.337,40,37.266
D,427594,0.132,15.447,15.579,40,37.266
D,427604,0.066,15.337,15.403,40,37.266
D,427614,0.022,14.919,14.941,40,37.266
D,427624,0.022,15.447,15.469,40,37.266
D,427634,0.066,15.359,15.425,40,37.266
D,427644,0.044,15.293,15.337,40,37.178
D,427654,0.110,15.029,15.139,40,37.266
D,427664,0.066,15.359,15.425,40,37.178
D,427674,0.044,15.029,15.073,40,37.266
D,427684,0.132,15.183,15.315,40,37.266
D,427694,0.022,15.249,15.271,40,37.178
D,427704,0.066,15.205,15.271,40,37.266
D,427714,0.044,15.403,15.447,40,37.266
D,427724,0.132,15.249,15.381,40,37.266
D,427734,0.088,15.183,15.271,40,37.266
D,427744,0.110,15.447,15.557,40,37.266
D,427754,0.088,15.205,15.293,40,37.178
D,427764,0.066,15.183,15.249,40,37.266
D,427774,0.044,15.249,15.293,40,37.178
D,427784,0.022,15.007,15.029,40,37.266
D,427794,0.088,15.293,15.381,40,37.178
D,427804,0.110,15.205,15.315,40,37.266
D,427814,0.022,15.776,15.798,40,37.266
D,427824,0.110,15.425,15.535,40,37.266
D,427834,0.088,15.117,15.205,40,37.266
D,427844,0.044,15.139,15.183,40,37.266
D,427854,0.044,15.469,15.513,40,37.178
D,427864,0.044,14.810,14.854,40,37.178
D,427874,0.000,15.095,15.095,40,37.266
D,427884,0.022,14.941,14.963,40,37.178
D,427894,-0.022,15.491,15.469,40,37.266
D,427904,-0.066,15.095,15.029,40,37.266
D,427914,0.022,15.315,15.337,40,37.266
D,427924,0.044,15.205,15.249,40,37.266
D,427934,0.066,15.183,15.249,40,37.266
D,427944,0.044,15.469,15.513,40,37.178
D,427954,0.000,15.381,15.381,40,37.266
D,427964,0.044,15.513,15.557,40,37.266
D,427974,0.022,15.139,15.161,40,37.266
D,427984,-0.022,15.293,15.271,40,37.266
D,427994,0.066,15.491,15.557,40,37.178
D,428004,0.000,15.491,15.491,40,37.178
D,428014,0.044,15.183,15.227,40,37.266
D,428024,0.000,15.227,15.227,40,37.266
D,428034,0.000,15.381,15.381,40,37.266
D,428044,0.022,15.183,15.205,40,37.266
D,428054,0.000,15.161,15.161,40,37.266
D,428064,0.000,15.139,15.139,40,37.266
D,428074,0.000,15.029,15.029,40,37.266
D,428084,-0.044,15.623,15.579,40,37.266
D,428094,0.066,15.447,15.513,40,37.178
D,428104,0.066,15.293,15.359,40,37.178
D,428114,0.000,15.425,15.425,40,37.178
D,428124,0.044,15.029,15.073,40,37.266
D,428134,0.044,15.183,15.227,40,37.266
D,428144,0.044,15.205,15.249,40,37.266
D,428154,0.000,15.513,15.513,40,37.266
D,428164,0.066,15.381,15.447,40,37.266
D,428174,0.000,15.227,15.227,40,37.266
D,428184,0.044,15.513,15.557,40,37.266
D,428194,0.022,15.249,15.271,40,37.266
D,428204,-0.044,15.601,15.557,40,37.178
D,428214,0.022,15.469,15.491,40,37.266
D,428224,0.000,15.337,15.337,40,37.178
D,428234,0.000,15.007,15.007,40,37.266
D,428244,0.044,15.205,15.249,40,37.266
D,428254,-0.022,15.139,15.117,40,37.266
D,428264,-0.044,15.227,15.183,40,37.266
D,428274,0.000,15.095,15.095,40,37.266
D,428284,-0.044,14.854,14.810,40,37.266
D,428294,-0.022,15.095,15.073,40,37.266
D,428304,-0.044,15.403,15.359,40,37.266
D,428314,0.000,15.315,15.315,40,37.178
D,428324,0.000,15.315,15.315,40,37.178
D,428334,-0.022,15.381,15.359,40,37.178
D,428344,0.044,15.337,15.381,40,37.266
D,428354,0.000,15.227,15.227,40,37.266
D,428364,0.000,15.227,15.227,40,37.266
D,428374,0.000,15.337,15.337,40,37.266
D,428384,0.000,15.667,15.667,40,37.266
D,428394,0.022,15.139,15.161,40,37.178
D,428404,-0.066,15.161,15.095,40,37.266
D,428414,0.000,14.897,14.897,40,37.266
D,428424,-0.022,15.161,15.139,40,37.178
D,428434,-0.044,15.293,15.249,40,37.266
D,428444,-0.044,15.513,15.469,40,37.266
D,428454,0.000,15.293,15.293,40,37.266
D,428464,0.000,15.271,15.271,40,37.266
D,428474,-0.044,15.029,14.985,40,37.266
D,428484,0.022,15.469,15.491,40,37.266
D,428494,0.022,15.117,15.139,40,37.266
D,428504,-0.022,15.359,15.337,40,37.266
D,428514,0.088,14.788,14.875,40,37.266
D,428524,-0.066,14.941,14.875,40,37.266
D,428534,-0.022,15.293,15.271,40,37.266
D,428544,-0.044,14.963,14.919,40,37.266
D,428554,-0.088,15.403,15.315,40,37.266
D,428564,0.022,15.447,15.469,40,37.266
D,428574,0.022,15.359,15.381,40,37.266
D,428584,-0.022,15.161,15.139,40,37.178
D,428594,0.022,15.359,15.381,40,37.266
D,428604,0.066,15.425,15.491,40,37.178
D,428614,0.000,15.271,15.271,40,37.266
D,428624,0.000,15.513,15.513,40,37.266
D,428634,0.022,15.557,15.579,40,37.266
D,428644,0.000,15.293,15.293,40,37.266
D,428654,-0.022,15.139,15.117,40,37.266
D,428664,-0.022,15.227,15.205,40,37.266
D,428674,0.044,15.315,15.359,40,37.266
D,428684,0.022,14.985,15.007,40,37.266
D,428694,0.000,15.293,15.293,40,37.266
D,428704,0.000,15.073,15.073,40,37.266
D,428714,-0.022,15.381,15.359,40,37.266
D,428724,0.044,15.359,15.403,40,37.266
D,428734,-0.044,15.007,14.963,40,37.266
D,428744,0.000,15.161,15.161,40,37.266
D,428754,0.044,14.941,14.985,40,37.266
D,428764,0.000,15.403,15.403,40,37.266
D,428774,0.066,14.941,15.007,40,37.266
D,428784,0.066,15.271,15.337,40,37.266
D,428794,0.044,14.832,14.875,40,37.266
D,428804,0.022,15.469,15.491,40,37.266
D,428814,0.022,15.293,15.315,40,37.178
D,428824,0.066,15.469,15.535,40,37.266
D,428834,0.044,15.710,15.754,40,37.266
D,428844,0.022,15.095,15.117,40,37.266
D,428854,0.044,14.897,14.941,40,37.266
D,428864,0.044,15.271,15.315,40,37.178
D,428874,0.044,15.183,15.227,40,37.266
D,428884,0.000,15.205,15.205,40,37.266
D,428894,0.000,15.623,15.623,40,37.266
D,428904,-0.022,14.854,14.832,40,37.266
D,428914,0.000,15.117,15.117,40,37.266
D,428924,0.044,15.161,15.205,40,37.266
D,428934,0.022,15.447,15.469,40,37.266
D,428944,0.110,15.117,15.227,40,37.266
D,428954,0.088,15.029,15.117,40,37.178
D,428964,0.066,15.183,15.249,40,37.178
D,428974,0.044,14.919,14.963,40,37.266
D,428984,0.066,15.205,15.271,40,37.178
D,428994,0.044,14.985,15.029,40,37.178
D,429004,0.044,15.337,15.381,40,37.266
D,429014,0.022,15.293,15.315,40,37.178
D,429024,0.088,15.205,15.293,40,37.266
D,429034,0.110,15.557,15.667,40,37.266
D,429044,0.088,15.117,15.205,40,37.266
D,429054,0.022,15.007,15.029,40,37.266
D,429064,0.044,15.029,15.073,40,37.178
D,429074,0.066,15.249,15.315,40,37.266
D,429084,0.088,15.183,15.271,40,37.178
D,429094,0.110,15.447,15.557,40,37.266
D,429104,0.066,15.535,15.601,40,37.178
D,429114,0.088,15.249,15.337,40,37.266
D,429124,0.176,15.315,15.491,40,37.266
D,429134,0.088,15.447,15.535,40,37.178
D,429144,0.110,15.447,15.557,40,37.178
D,429154,0.110,15.183,15.293,40,37.266
D,429164,0.088,15.029,15.117,40,37.178
D,429174,0.088,15.205,15.293,40,37.266
D,429184,0.088,15.403,15.491,40,37.266
D,429194,0.132,15.293,15.425,40,37.178
D,429204,0.044,15.579,15.623,40,37.266
D,429214,0.088,15.227,15.315,40,37.266
D,429224,0.066,15.007,15.073,40,37.266
D,429234,0.066,15.513,15.579,40,37.266
D,429244,0.088,15.227,15.315,40,37.266
D,429254,0.022,15.227,15.249,40,37.266
D,429264,0.044,14.919,14.963,40,37.178
D,429274,0.110,15.293,15.403,40,37.178
D,429284,0.088,15.051,15.139,40,37.266
D,429294,0.088,15.381,15.469,40,37.178
D,429304,0.110,15.271,15.381,40,37.178
D,429314,0.088,15.271,15.359,40,37.178
D,429324,0.110,15.359,15.469,40,37.178
D,429334,0.044,15.051,15.095,40,37.178
D,429344,0.044,15.491,15.535,40,37.178
D,429354,0.044,15.095,15.139,40,37.266
D,429364,0.088,15.139,15.227,40,37.178
D,429374,0.044,15.403,15.447,40,37.266
D,429384,0.110,15.315,15.425,40,37.266
D,429394,0.110,14.985,15.095,40,37.266
D,429404,0.066,15.095,15.161,40,37.178
D,429414,0.022,15.403,15.425,40,37.266
D,429424,0.132,15.447,15.579,40,37.266
D,429434,0.044,15.249,15.293,40,37.266
D,429444,0.066,14.810,14.875,40,37.266
D,429454,0.110,14.788,14.897,40,37.266
D,429464,0.044,15.227,15.271,40,37.266
D,429474,0.066,15.161,15.227,40,37.178
D,429484,0.000,15.623,15.623,40,37.266
D,429494,0.110,14.985,15.095,40,37.266
D,429504,0.110,15.029,15.139,40,37.266
D,429514,0.044,15.051,15.095,40,37.266
D,429524,0.088,15.095,15.183,40,37.266
D,429534,0.066,15.073,15.139,40,37.178
D,429544,0.044,15.073,15.117,40,37.266
D,429554,0.066,15.249,15.315,40,37.266
D,429564,0.066,15.249,15.315,40,37.266
D,429574,0.066,15.513,15.579,40,37.266
D,429584,0.132,15.469,15.601,40,37.266
D,429594,0.066,15.359,15.425,40,37.266
D,429604,0.022,15.535,15.557,40,37.266
D,429614,0.132,15.095,15.227,40,37.178
D,429624,0.110,15.117,15.227,40,37.266
D,429634,-0.044,15.425,15.381,40,37.178
D,429644,0.088,15.535,15.623,40,37.178
D,429654,0.044,15.095,15.139,40,37.266
D,429664,0.044,15.337,15.381,40,37.266
D,429674,0.044,15.579,15.623,40,37.178
D,429684,0.088,15.073,15.161,40,37.266
D,429694,0.088,15.293,15.381,40,37.266
D,429704,0.066,14.963,15.029,40,37.266
D,429714,0.088,15.161,15.249,40,37.266
D,429724,-0.044,14.722,14.678,40,37.178
D,429734,0.066,15.051,15.117,40,37.266
D,429744,0.088,14.832,14.919,40,37.266
D,429754,0.066,15.007,15.073,40,37.266
D,429764,0.066,15.073,15.139,40,37.266
D,429774,0.044,15.073,15.117,40,37.266
D,429784,0.044,14.875,14.919,40,37.266
D,429794,0.044,15.271,15.315,40,37.266
D,429804,0.066,14.854,14.919,40,37.266
D,429814,0.044,15.007,15.051,40,37.266
D,429824,0.044,15.271,15.315,40,37.266
D,429834,0.066,15.095,15.161,40,37.266
D,429844,0.022,15.249,15.271,40,37.266
D,429854,0.022,15.205,15.227,40,37.266
D,429864,0.044,15.029,15.073,40,37.178
D,429874,0.044,14.963,15.007,40,37.178
D,429884,0.066,15.535,15.601,40,37.178
D,429894,0.066,15.996,16.062,40,37.266
D,429904,0.044,15.842,15.886,40,37.266
D,429914,0.022,15.161,15.183,40,37.266
D,429924,-0.044,15.293,15.249,40,37.178
D,429934,0.044,15.205,15.249,40,37.266
D,429944,0.044,15.117,15.161,40,37.266
D,429954,-0.022,15.710,15.688,40,37.266
D,429964,0.022,15.051,15.073,40,37.178
D,429974,0.110,14.897,15.007,40,37.178
D,429984,0.000,14.766,14.766,40,37.266
D,429994,0.088,15.227,15.315,40,37.178
D,430004,-0.022,14.985,14.963,40,37.266
D,430014,0.044,15.425,15.469,40,37.266
D,430024,0.000,15.710,15.710,40,37.178
D,430034,-0.022,15.007,14.985,40,37.266
D,430044,0.022,15.073,15.095,40,37.178
D,430054,0.044,15.161,15.205,40,37.178
D,430064,0.044,15.513,15.557,40,37.266
D,430074,0.000,14.941,14.941,40,37.266
D,430084,-0.022,15.051,15.029,40,37.178
D,430094,0.000,15.491,15.491,40,37.266
D,430104,0.000,15.293,15.293,40,37.266
D,430114,-0.066,15.579,15.513,40,37.178
D,430124,0.022,15.117,15.139,40,37.266
D,430134,-0.044,15.293,15.249,40,37.178
D,430144,0.022,15.271,15.293,40,37.178
D,430154,-0.022,15.403,15.381,40,37.266
D,430164,0.066,15.183,15.249,40,37.266
D,430174,0.044,15.688,15.732,40,37.266
D,430184,0.022,15.710,15.732,40,37.178
D,430194,0.022,15.513,15.535,40,37.266
D,430204,0.000,15.337,15.337,40,37.266
D,430214,-0.022,14.875,14.854,40,37.266
D,430224,0.022,15.161,15.183,40,37.266
D,430234,0.000,14.963,14.963,40,37.266
D,430244,0.066,15.776,15.842,40,37.266
D,430254,0.044,15.557,15.601,40,37.178
D,430264,0.044,15.403,15.447,40,37.178
D,430274,0.044,14.941,14.985,40,37.266
D,430284,-0.022,15.029,15.007,40,37.266
D,430294,0.044,14.985,15.029,40,37.266
D,430304,0.044,15.337,15.381,40,37.266
D,430314,-0.044,15.249,15.205,40,37.266
D,430324,0.044,15.557,15.601,40,37.266
D,430334,-0.022,15.623,15.601,40,37.266
dcmd=+40  d=+37.27 | phi=+0.02  ank=+15.27  alpha=+15.29 | alpha/d=0.410
# 출력 정지 — s 로 재개 (명령은 계속 먹음)
# 토크 복구됨 (홈은 z 시점 그대로 — 크게 움직일 수 있으니 주의)
E,437010,MOVE,0
