solid OpenSCAD_Model
  facet normal -0.941547 0 0.336883
    outer loop
      vertex -7.65552 -31.4994 2.32228
      vertex -7.39104 -13 3.06147
      vertex -7.65552 -13 2.32228
    endloop
  endfacet
  facet normal -0.941547 0 0.336883
    outer loop
      vertex -7.39104 -13 3.06147
      vertex -7.65552 -31.4994 2.32228
      vertex -7.39104 -32.0356 3.06147
    endloop
  endfacet
  facet normal -0.941547 0 0.336882
    outer loop
      vertex -7.65552 -31.87 2.32228
      vertex -7.46782 -32.0653 2.84688
      vertex -7.65552 -31.6847 2.32228
    endloop
  endfacet
  facet normal -0.941547 -1.68404e-06 0.336882
    outer loop
      vertex -7.39104 -32.4063 3.06147
      vertex -7.46782 -32.0653 2.84688
      vertex -7.65552 -31.87 2.32228
    endloop
  endfacet
  facet normal -0.941546 0 0.336884
    outer loop
      vertex -7.46782 -32.0653 2.84688
      vertex -7.39104 -32.4063 3.06147
      vertex -7.39104 -32.2209 3.06147
    endloop
  endfacet
  facet normal 0.989176 0 0.146736
    outer loop
      vertex 7.84628 -13 1.56072
      vertex 7.96148 -30.3835 0.784137
      vertex 7.96148 -13 0.784137
    endloop
  endfacet
  facet normal 0.989176 0 0.146736
    outer loop
      vertex 7.96148 -30.3835 0.784137
      vertex 7.84628 -13 1.56072
      vertex 7.84628 -30.9469 1.56072
    endloop
  endfacet
  facet normal 0.989176 0 0.146736
    outer loop
      vertex 7.84628 -31.1322 1.56072
      vertex 7.96148 -30.7542 0.784137
      vertex 7.96148 -30.5689 0.784137
    endloop
  endfacet
  facet normal 0.989176 0 0.146736
    outer loop
      vertex 7.96148 -30.7542 0.784137
      vertex 7.84628 -31.1322 1.56072
      vertex 7.84628 -31.3175 1.56072
    endloop
  endfacet
  facet normal 0.998796 -1.83905e-07 0.0490649
    outer loop
      vertex 7.96148 -13 0.784137
      vertex 7.99567 -29.8786 0.0880809
      vertex 8 -13 0
    endloop
  endfacet
  facet normal 0.998796 0 0.0490605
    outer loop
      vertex 7.99567 -29.8786 0.0880809
      vertex 7.96148 -13 0.784137
      vertex 7.96148 -30.3835 0.784137
    endloop
  endfacet
  facet normal 0.998794 0 0.0491001
    outer loop
      vertex 8 -13 0
      vertex 7.99567 -29.8786 0.0880809
      vertex 8 -30 0
    endloop
  endfacet
  facet normal 0.998796 0 0.0490663
    outer loop
      vertex 7.98731 -30.1874 0.258318
      vertex 8 -30.1853 0
      vertex 8 -30 0
    endloop
  endfacet
  facet normal 0.998796 -0 0.0490642
    outer loop
      vertex 7.96148 -30.7542 0.784137
      vertex 7.98731 -30.1874 0.258318
      vertex 7.96148 -30.5689 0.784137
    endloop
  endfacet
  facet normal 0.998796 1.98762e-06 0.0490663
    outer loop
      vertex 7.98731 -30.1874 0.258318
      vertex 7.96148 -30.7542 0.784137
      vertex 8 -30.1853 0
    endloop
  endfacet
  facet normal 0.427562 0 -0.903986
    outer loop
      vertex 3.06147 -24.6382 -7.39104
      vertex 3.77117 -13 -7.05537
      vertex 3.77117 -24.8817 -7.05537
    endloop
  endfacet
  facet normal 0.427562 0 -0.903986
    outer loop
      vertex 3.77117 -13 -7.05537
      vertex 3.06147 -24.6382 -7.39104
      vertex 3.06147 -13 -7.39104
    endloop
  endfacet
  facet normal -0.514106 -5.49879e-07 -0.857727
    outer loop
      vertex -4.44456 -13 -6.65176
      vertex -3.77117 -24.8817 -7.05537
      vertex -4.06564 -25.0097 -6.87887
    endloop
  endfacet
  facet normal -0.514093 -0 -0.857735
    outer loop
      vertex -4.44456 -13 -6.65176
      vertex -4.06564 -25.0097 -6.87887
      vertex -4.44456 -25.1745 -6.65176
    endloop
  endfacet
  facet normal -0.514099 0 -0.857731
    outer loop
      vertex -3.77117 -24.8817 -7.05537
      vertex -4.44456 -13 -6.65176
      vertex -3.77117 -13 -7.05537
    endloop
  endfacet
  facet normal -0.970032 0 0.242979
    outer loop
      vertex -7.84628 -30.9469 1.56072
      vertex -7.65552 -13 2.32228
      vertex -7.84628 -13 1.56072
    endloop
  endfacet
  facet normal -0.970032 0 0.242979
    outer loop
      vertex -7.65552 -13 2.32228
      vertex -7.84628 -30.9469 1.56072
      vertex -7.65552 -31.4994 2.32228
    endloop
  endfacet
  facet normal -0.970032 0 0.242979
    outer loop
      vertex -7.84628 -31.3175 1.56072
      vertex -7.65552 -31.6847 2.32228
      vertex -7.84628 -31.1322 1.56072
    endloop
  endfacet
  facet normal -0.970032 0 0.242979
    outer loop
      vertex -7.65552 -31.6847 2.32228
      vertex -7.84628 -31.3175 1.56072
      vertex -7.65552 -31.87 2.32228
    endloop
  endfacet
  facet normal -0.146739 -1.86993e-07 -0.989175
    outer loop
      vertex -1.56072 -13 -7.84628
      vertex -0.784137 -24.2243 -7.96148
      vertex -1.20916 -24.2701 -7.89843
    endloop
  endfacet
  facet normal -0.146733 -0 -0.989176
    outer loop
      vertex -1.56072 -13 -7.84628
      vertex -1.20916 -24.2701 -7.89843
      vertex -1.56072 -24.3079 -7.84628
    endloop
  endfacet
  facet normal -0.146736 0 -0.989176
    outer loop
      vertex -0.784137 -24.2243 -7.96148
      vertex -1.56072 -13 -7.84628
      vertex -0.784137 -13 -7.96148
    endloop
  endfacet
  facet normal -0.242979 0 0.970032
    outer loop
      vertex -2.32228 -35.3684 7.65552
      vertex -1.56072 -13 7.84628
      vertex -2.32228 -13 7.65552
    endloop
  endfacet
  facet normal -0.242979 0 0.970032
    outer loop
      vertex -1.56072 -13 7.84628
      vertex -2.32228 -35.3684 7.65552
      vertex -1.56072 -35.5068 7.84628
    endloop
  endfacet
  facet normal -0.242972 0 0.970033
    outer loop
      vertex -2.15702 -35.5837 7.69692
      vertex -1.56072 -35.8774 7.84628
      vertex -1.56072 -35.6921 7.84628
    endloop
  endfacet
  facet normal -0.243005 0 0.970025
    outer loop
      vertex -2.32228 -35.739 7.65552
      vertex -2.15702 -35.5837 7.69692
      vertex -2.32228 -35.5537 7.65552
    endloop
  endfacet
  facet normal -0.242983 -2.46483e-05 0.97003
    outer loop
      vertex -2.15702 -35.5837 7.69692
      vertex -2.32228 -35.739 7.65552
      vertex -1.56072 -35.8774 7.84628
    endloop
  endfacet
  facet normal 0.0490649 0 0.998796
    outer loop
      vertex 0 -13 8
      vertex 0.784137 -35.5903 7.96148
      vertex 0.784137 -13 7.96148
    endloop
  endfacet
  facet normal 0.0490649 0 0.998796
    outer loop
      vertex 0.784137 -35.5903 7.96148
      vertex 0 -13 8
      vertex 0 -35.6183 8
    endloop
  endfacet
  facet normal 0.0490649 0 0.998796
    outer loop
      vertex 0 -35.8036 8
      vertex 0.784137 -35.961 7.96148
      vertex 0.784137 -35.7757 7.96148
    endloop
  endfacet
  facet normal 0.0490649 0 0.998796
    outer loop
      vertex 0.784137 -35.961 7.96148
      vertex 0 -35.8036 8
      vertex 0 -35.9889 8
    endloop
  endfacet
  facet normal 0.427562 0 0.903986
    outer loop
      vertex 3.06147 -13 7.39104
      vertex 3.77117 -34.933 7.05537
      vertex 3.77117 -13 7.05537
    endloop
  endfacet
  facet normal 0.427562 0 0.903986
    outer loop
      vertex 3.77117 -34.933 7.05537
      vertex 3.06147 -13 7.39104
      vertex 3.06147 -35.1765 7.39104
    endloop
  endfacet
  facet normal 0.427562 0 0.903986
    outer loop
      vertex 3.06147 -35.3618 7.39104
      vertex 3.77117 -35.3036 7.05537
      vertex 3.77117 -35.1183 7.05537
    endloop
  endfacet
  facet normal 0.427562 0 0.903986
    outer loop
      vertex 3.77117 -35.3036 7.05537
      vertex 3.06147 -35.3618 7.39104
      vertex 3.06147 -35.5471 7.39104
    endloop
  endfacet
  facet normal 0.0490584 0 -0.998796
    outer loop
      vertex 0.35598 -24.2091 -7.98251
      vertex 0.784137 -13 -7.96148
      vertex 0.784137 -24.2243 -7.96148
    endloop
  endfacet
  facet normal 0.0490728 -5.51567e-07 -0.998795
    outer loop
      vertex 0 -24.1964 -8
      vertex 0.784137 -13 -7.96148
      vertex 0.35598 -24.2091 -7.98251
    endloop
  endfacet
  facet normal 0.0490649 0 -0.998796
    outer loop
      vertex 0.784137 -13 -7.96148
      vertex 0 -24.1964 -8
      vertex 0 -13 -8
    endloop
  endfacet
  facet normal 0.146733 0 -0.989176
    outer loop
      vertex 1.20916 -24.2701 -7.89843
      vertex 1.56072 -13 -7.84628
      vertex 1.56072 -24.3079 -7.84628
    endloop
  endfacet
  facet normal 0.146739 -1.86993e-07 -0.989175
    outer loop
      vertex 0.784137 -24.2243 -7.96148
      vertex 1.56072 -13 -7.84628
      vertex 1.20916 -24.2701 -7.89843
    endloop
  endfacet
  facet normal 0.146736 0 -0.989176
    outer loop
      vertex 1.56072 -13 -7.84628
      vertex 0.784137 -24.2243 -7.96148
      vertex 0.784137 -13 -7.96148
    endloop
  endfacet
  facet normal -0.740946 0 0.671564
    outer loop
      vertex -6.18408 -33.4965 5.07515
      vertex -5.65685 -13 5.65685
      vertex -6.18408 -13 5.07515
    endloop
  endfacet
  facet normal -0.740946 0 0.671564
    outer loop
      vertex -5.65685 -13 5.65685
      vertex -6.18408 -33.4965 5.07515
      vertex -5.65685 -33.9185 5.65685
    endloop
  endfacet
  facet normal -0.740954 0 0.671556
    outer loop
      vertex -6.18408 -33.8671 5.07515
      vertex -5.78868 -33.9983 5.51141
      vertex -6.18408 -33.6818 5.07515
    endloop
  endfacet
  facet normal -0.740959 -3.56089e-05 0.67155
    outer loop
      vertex -5.65685 -34.2891 5.65685
      vertex -5.78868 -33.9983 5.51141
      vertex -6.18408 -33.8671 5.07515
    endloop
  endfacet
  facet normal -0.740924 0 0.671589
    outer loop
      vertex -5.78868 -33.9983 5.51141
      vertex -5.65685 -34.2891 5.65685
      vertex -5.65685 -34.1038 5.65685
    endloop
  endfacet
  facet normal 0.989176 0 -0.146736
    outer loop
      vertex 7.96148 -13 -0.784137
      vertex 7.84628 -28.8678 -1.56072
      vertex 7.84628 -13 -1.56072
    endloop
  endfacet
  facet normal 0.989176 0 -0.146736
    outer loop
      vertex 7.84628 -28.8678 -1.56072
      vertex 7.96148 -13 -0.784137
      vertex 7.96148 -29.4311 -0.784137
    endloop
  endfacet
  facet normal -0.970032 0 -0.242979
    outer loop
      vertex -7.65552 -28.3153 -2.32228
      vertex -7.84628 -13 -1.56072
      vertex -7.65552 -13 -2.32228
    endloop
  endfacet
  facet normal -0.970033 -3.80737e-07 -0.242972
    outer loop
      vertex -7.725 -28.5165 -2.04489
      vertex -7.84628 -13 -1.56072
      vertex -7.65552 -28.3153 -2.32228
    endloop
  endfacet
  facet normal -0.97003 -0 -0.242983
    outer loop
      vertex -7.84628 -13 -1.56072
      vertex -7.725 -28.5165 -2.04489
      vertex -7.84628 -28.8678 -1.56072
    endloop
  endfacet
  facet normal -0.803206 0 0.595701
    outer loop
      vertex -6.65176 -33.039 4.44456
      vertex -6.18408 -13 5.07515
      vertex -6.65176 -13 4.44456
    endloop
  endfacet
  facet normal -0.803206 0 0.595701
    outer loop
      vertex -6.18408 -13 5.07515
      vertex -6.65176 -33.039 4.44456
      vertex -6.18408 -33.4965 5.07515
    endloop
  endfacet
  facet normal -0.803206 0 0.595701
    outer loop
      vertex -6.65176 -33.4096 4.44456
      vertex -6.52846 -33.3449 4.61081
      vertex -6.65176 -33.2243 4.44456
    endloop
  endfacet
  facet normal -0.803206 -4.94698e-07 0.595701
    outer loop
      vertex -6.65176 -33.4096 4.44456
      vertex -6.18408 -33.6818 5.07515
      vertex -6.52846 -33.3449 4.61081
    endloop
  endfacet
  facet normal -0.803206 0 0.595701
    outer loop
      vertex -6.18408 -33.6818 5.07515
      vertex -6.65176 -33.4096 4.44456
      vertex -6.18408 -33.8671 5.07515
    endloop
  endfacet
  facet normal 0.336883 0 0.941547
    outer loop
      vertex 2.32228 -13 7.65552
      vertex 3.06147 -35.1765 7.39104
      vertex 3.06147 -13 7.39104
    endloop
  endfacet
  facet normal 0.336883 0 0.941547
    outer loop
      vertex 3.06147 -35.1765 7.39104
      vertex 2.32228 -13 7.65552
      vertex 2.32228 -35.3684 7.65552
    endloop
  endfacet
  facet normal 0.336883 0 0.941547
    outer loop
      vertex 2.32228 -35.5537 7.65552
      vertex 3.06147 -35.5471 7.39104
      vertex 3.06147 -35.3618 7.39104
    endloop
  endfacet
  facet normal 0.336883 0 0.941547
    outer loop
      vertex 3.06147 -35.5471 7.39104
      vertex 2.32228 -35.5537 7.65552
      vertex 2.32228 -35.739 7.65552
    endloop
  endfacet
  facet normal 0.242979 0 0.970032
    outer loop
      vertex 1.56072 -13 7.84628
      vertex 2.32228 -35.3684 7.65552
      vertex 2.32228 -13 7.65552
    endloop
  endfacet
  facet normal 0.242979 0 0.970032
    outer loop
      vertex 2.32228 -35.3684 7.65552
      vertex 1.56072 -13 7.84628
      vertex 1.56072 -35.5068 7.84628
    endloop
  endfacet
  facet normal 0.243005 0 0.970025
    outer loop
      vertex 2.15702 -35.5837 7.69692
      vertex 2.32228 -35.739 7.65552
      vertex 2.32228 -35.5537 7.65552
    endloop
  endfacet
  facet normal 0.242972 -0 0.970033
    outer loop
      vertex 1.56072 -35.8774 7.84628
      vertex 2.15702 -35.5837 7.69692
      vertex 1.56072 -35.6921 7.84628
    endloop
  endfacet
  facet normal 0.242983 -2.46483e-05 0.97003
    outer loop
      vertex 2.15702 -35.5837 7.69692
      vertex 1.56072 -35.8774 7.84628
      vertex 2.32228 -35.739 7.65552
    endloop
  endfacet
  facet normal 0.941547 0 0.336883
    outer loop
      vertex 7.39104 -13 3.06147
      vertex 7.65552 -31.4994 2.32228
      vertex 7.65552 -13 2.32228
    endloop
  endfacet
  facet normal 0.941547 0 0.336883
    outer loop
      vertex 7.65552 -31.4994 2.32228
      vertex 7.39104 -13 3.06147
      vertex 7.39104 -32.0356 3.06147
    endloop
  endfacet
  facet normal 0.941547 0 0.336882
    outer loop
      vertex 7.46782 -32.0653 2.84688
      vertex 7.65552 -31.87 2.32228
      vertex 7.65552 -31.6847 2.32228
    endloop
  endfacet
  facet normal 0.941546 -0 0.336884
    outer loop
      vertex 7.39104 -32.4063 3.06147
      vertex 7.46782 -32.0653 2.84688
      vertex 7.39104 -32.2209 3.06147
    endloop
  endfacet
  facet normal 0.941547 -1.68404e-06 0.336882
    outer loop
      vertex 7.46782 -32.0653 2.84688
      vertex 7.39104 -32.4063 3.06147
      vertex 7.65552 -31.87 2.32228
    endloop
  endfacet
  facet normal -0.803206 0 -0.595701
    outer loop
      vertex -6.18408 -26.3182 -5.07515
      vertex -6.65176 -13 -4.44456
      vertex -6.18408 -13 -5.07515
    endloop
  endfacet
  facet normal -0.803206 -4.55286e-10 -0.595701
    outer loop
      vertex -6.37404 -26.504 -4.81902
      vertex -6.65176 -13 -4.44456
      vertex -6.18408 -26.3182 -5.07515
    endloop
  endfacet
  facet normal -0.803206 -0 -0.595701
    outer loop
      vertex -6.65176 -13 -4.44456
      vertex -6.37404 -26.504 -4.81902
      vertex -6.65176 -26.7757 -4.44456
    endloop
  endfacet
  facet normal -0.242981 -1.45305e-07 -0.970031
    outer loop
      vertex -2.32228 -13 -7.65552
      vertex -1.56072 -24.3079 -7.84628
      vertex -1.90389 -24.3703 -7.76032
    endloop
  endfacet
  facet normal -0.242977 -0 -0.970032
    outer loop
      vertex -2.32228 -13 -7.65552
      vertex -1.90389 -24.3703 -7.76032
      vertex -2.32228 -24.4463 -7.65552
    endloop
  endfacet
  facet normal -0.242979 0 -0.970032
    outer loop
      vertex -1.56072 -24.3079 -7.84628
      vertex -2.32228 -13 -7.65552
      vertex -1.56072 -13 -7.84628
    endloop
  endfacet
  facet normal 0.595701 0 0.803206
    outer loop
      vertex 4.44456 -13 6.65176
      vertex 5.07515 -34.3009 6.18408
      vertex 5.07515 -13 6.18408
    endloop
  endfacet
  facet normal 0.595701 0 0.803206
    outer loop
      vertex 5.07515 -34.3009 6.18408
      vertex 4.44456 -13 6.65176
      vertex 4.44456 -34.6402 6.65176
    endloop
  endfacet
  facet normal 0.595701 0 0.803206
    outer loop
      vertex 4.44456 -34.8255 6.65176
      vertex 5.07515 -34.6716 6.18408
      vertex 5.07515 -34.4862 6.18408
    endloop
  endfacet
  facet normal 0.595701 0 0.803206
    outer loop
      vertex 5.07515 -34.6716 6.18408
      vertex 4.44456 -34.8255 6.65176
      vertex 4.44456 -35.0108 6.65176
    endloop
  endfacet
  facet normal 0.740946 0 0.671564
    outer loop
      vertex 5.65685 -13 5.65685
      vertex 6.18408 -33.4965 5.07515
      vertex 6.18408 -13 5.07515
    endloop
  endfacet
  facet normal 0.740946 0 0.671564
    outer loop
      vertex 6.18408 -33.4965 5.07515
      vertex 5.65685 -13 5.65685
      vertex 5.65685 -33.9185 5.65685
    endloop
  endfacet
  facet normal 0.740954 0 0.671556
    outer loop
      vertex 5.78868 -33.9983 5.51141
      vertex 6.18408 -33.8671 5.07515
      vertex 6.18408 -33.6818 5.07515
    endloop
  endfacet
  facet normal 0.740924 -0 0.671589
    outer loop
      vertex 5.65685 -34.2891 5.65685
      vertex 5.78868 -33.9983 5.51141
      vertex 5.65685 -34.1038 5.65685
    endloop
  endfacet
  facet normal 0.740959 -3.56089e-05 0.67155
    outer loop
      vertex 5.78868 -33.9983 5.51141
      vertex 5.65685 -34.2891 5.65685
      vertex 6.18408 -33.8671 5.07515
    endloop
  endfacet
  facet normal 0.970032 0 0.242979
    outer loop
      vertex 7.65552 -13 2.32228
      vertex 7.84628 -30.9469 1.56072
      vertex 7.84628 -13 1.56072
    endloop
  endfacet
  facet normal 0.970032 0 0.242979
    outer loop
      vertex 7.84628 -30.9469 1.56072
      vertex 7.65552 -13 2.32228
      vertex 7.65552 -31.4994 2.32228
    endloop
  endfacet
  facet normal 0.970032 0 0.242979
    outer loop
      vertex 7.65552 -31.6847 2.32228
      vertex 7.84628 -31.3175 1.56072
      vertex 7.84628 -31.1322 1.56072
    endloop
  endfacet
  facet normal 0.970032 0 0.242979
    outer loop
      vertex 7.84628 -31.3175 1.56072
      vertex 7.65552 -31.6847 2.32228
      vertex 7.65552 -31.87 2.32228
    endloop
  endfacet
  facet normal -0.857731 0 0.514099
    outer loop
      vertex -7.05537 -32.5505 3.77117
      vertex -6.65176 -13 4.44456
      vertex -7.05537 -13 3.77117
    endloop
  endfacet
  facet normal -0.857731 0 0.514099
    outer loop
      vertex -6.65176 -13 4.44456
      vertex -7.05537 -32.5505 3.77117
      vertex -6.65176 -33.039 4.44456
    endloop
  endfacet
  facet normal -0.857731 0 0.514099
    outer loop
      vertex -7.05537 -32.9211 3.77117
      vertex -6.65176 -33.2243 4.44456
      vertex -7.05537 -32.7358 3.77117
    endloop
  endfacet
  facet normal -0.857731 0 0.514099
    outer loop
      vertex -6.65176 -33.2243 4.44456
      vertex -7.05537 -32.9211 3.77117
      vertex -6.65176 -33.4096 4.44456
    endloop
  endfacet
  facet normal 0.857731 0 0.514099
    outer loop
      vertex 6.65176 -13 4.44456
      vertex 7.05537 -32.5505 3.77117
      vertex 7.05537 -13 3.77117
    endloop
  endfacet
  facet normal 0.857731 0 0.514099
    outer loop
      vertex 7.05537 -32.5505 3.77117
      vertex 6.65176 -13 4.44456
      vertex 6.65176 -33.039 4.44456
    endloop
  endfacet
  facet normal 0.857731 0 0.514099
    outer loop
      vertex 6.65176 -33.2243 4.44456
      vertex 7.05537 -32.9211 3.77117
      vertex 7.05537 -32.7358 3.77117
    endloop
  endfacet
  facet normal 0.857731 0 0.514099
    outer loop
      vertex 7.05537 -32.9211 3.77117
      vertex 6.65176 -33.2243 4.44456
      vertex 6.65176 -33.4096 4.44456
    endloop
  endfacet
  facet normal 0.903986 0 0.427562
    outer loop
      vertex 7.05537 -13 3.77117
      vertex 7.39104 -32.0356 3.06147
      vertex 7.39104 -13 3.06147
    endloop
  endfacet
  facet normal 0.903986 0 0.427562
    outer loop
      vertex 7.39104 -32.0356 3.06147
      vertex 7.05537 -13 3.77117
      vertex 7.05537 -32.5505 3.77117
    endloop
  endfacet
  facet normal 0.903986 0 0.427562
    outer loop
      vertex 7.05537 -32.7358 3.77117
      vertex 7.39104 -32.4063 3.06147
      vertex 7.39104 -32.2209 3.06147
    endloop
  endfacet
  facet normal 0.903986 0 0.427562
    outer loop
      vertex 7.39104 -32.4063 3.06147
      vertex 7.05537 -32.7358 3.77117
      vertex 7.05537 -32.9211 3.77117
    endloop
  endfacet
  facet normal -0.941547 0 -0.336883
    outer loop
      vertex -7.39104 -27.7791 -3.06147
      vertex -7.65552 -13 -2.32228
      vertex -7.39104 -13 -3.06147
    endloop
  endfacet
  facet normal -0.941546 8.67193e-08 -0.336884
    outer loop
      vertex -7.55698 -28.1155 -2.59769
      vertex -7.65552 -13 -2.32228
      vertex -7.39104 -27.7791 -3.06147
    endloop
  endfacet
  facet normal -0.941548 -0 -0.33688
    outer loop
      vertex -7.65552 -13 -2.32228
      vertex -7.55698 -28.1155 -2.59769
      vertex -7.65552 -28.3153 -2.32228
    endloop
  endfacet
  facet normal -0.671564 0 0.740946
    outer loop
      vertex -5.65685 -33.9185 5.65685
      vertex -5.07515 -13 6.18408
      vertex -5.65685 -13 5.65685
    endloop
  endfacet
  facet normal -0.671564 0 0.740946
    outer loop
      vertex -5.07515 -13 6.18408
      vertex -5.65685 -33.9185 5.65685
      vertex -5.07515 -34.3009 6.18408
    endloop
  endfacet
  facet normal -0.671564 0 0.740946
    outer loop
      vertex -5.65685 -34.2891 5.65685
      vertex -5.07515 -34.4862 6.18408
      vertex -5.65685 -34.1038 5.65685
    endloop
  endfacet
  facet normal -0.671564 0 0.740946
    outer loop
      vertex -5.07515 -34.4862 6.18408
      vertex -5.65685 -34.2891 5.65685
      vertex -5.07515 -34.6716 6.18408
    endloop
  endfacet
  facet normal -0.998796 0 -0.0490649
    outer loop
      vertex -7.96148 -29.4311 -0.784137
      vertex -8 -13 0
      vertex -7.96148 -13 -0.784137
    endloop
  endfacet
  facet normal -0.998796 -1.35483e-07 -0.0490621
    outer loop
      vertex -7.97462 -29.6252 -0.516635
      vertex -8 -13 0
      vertex -7.96148 -29.4311 -0.784137
    endloop
  endfacet
  facet normal -0.998796 -0 -0.0490664
    outer loop
      vertex -8 -13 0
      vertex -7.97462 -29.6252 -0.516635
      vertex -8 -30 0
    endloop
  endfacet
  facet normal -0.998794 0 -0.0491001
    outer loop
      vertex -7.99567 -30.1214 -0.0880809
      vertex -8 -30.1853 0
      vertex -8 -30 0
    endloop
  endfacet
  facet normal -0.857731 0 -0.514099
    outer loop
      vertex -6.65176 -26.7757 -4.44456
      vertex -7.05537 -13 -3.77117
      vertex -6.65176 -13 -4.44456
    endloop
  endfacet
  facet normal -0.857731 -0 -0.514099
    outer loop
      vertex -7.05537 -13 -3.77117
      vertex -6.65176 -26.7757 -4.44456
      vertex -7.05537 -27.2642 -3.77117
    endloop
  endfacet
  facet normal 0.970032 0 -0.242979
    outer loop
      vertex 7.84628 -13 -1.56072
      vertex 7.65552 -28.3153 -2.32228
      vertex 7.65552 -13 -2.32228
    endloop
  endfacet
  facet normal 0.970033 -3.80737e-07 -0.242972
    outer loop
      vertex 7.84628 -13 -1.56072
      vertex 7.725 -28.5165 -2.04489
      vertex 7.65552 -28.3153 -2.32228
    endloop
  endfacet
  facet normal 0.97003 0 -0.242983
    outer loop
      vertex 7.725 -28.5165 -2.04489
      vertex 7.84628 -13 -1.56072
      vertex 7.84628 -28.8678 -1.56072
    endloop
  endfacet
  facet normal 0 1 0
    outer loop
      vertex 0 -13 5.7
      vertex 0 -13 8
      vertex 0.784137 -13 7.96148
    endloop
  endfacet
  facet normal 0 1 0
    outer loop
      vertex 0.558697 -13 5.67255
      vertex 0.784137 -13 7.96148
      vertex 1.56072 -13 7.84628
    endloop
  endfacet
  facet normal 0 1 0
    outer loop
      vertex 0 -13 8
      vertex 0 -13 5.7
      vertex -0.784137 -13 7.96148
    endloop
  endfacet
  facet normal 0 1 0
    outer loop
      vertex 1.11201 -13 5.59048
      vertex 1.56072 -13 7.84628
      vertex 2.32228 -13 7.65552
    endloop
  endfacet
  facet normal 0 1 -0
    outer loop
      vertex -0.558697 -13 5.67255
      vertex -0.784137 -13 7.96148
      vertex 0 -13 5.7
    endloop
  endfacet
  facet normal 0 1 0
    outer loop
      vertex 1.65462 -13 5.45456
      vertex 2.32228 -13 7.65552
      vertex 3.06147 -13 7.39104
    endloop
  endfacet
  facet normal 0 1 0
    outer loop
      vertex -0.784137 -13 7.96148
      vertex -0.558697 -13 5.67255
      vertex -1.56072 -13 7.84628
    endloop
  endfacet
  facet normal 0 1 0
    outer loop
      vertex 2.1813 -13 5.26611
      vertex 3.06147 -13 7.39104
      vertex 3.77117 -13 7.05537
    endloop
  endfacet
  facet normal 0 1 -0
    outer loop
      vertex -1.11201 -13 5.59048
      vertex -1.56072 -13 7.84628
      vertex -0.558697 -13 5.67255
    endloop
  endfacet
  facet normal 0 1 0
    outer loop
      vertex 2.68696 -13 5.02695
      vertex 3.77117 -13 7.05537
      vertex 4.44456 -13 6.65176
    endloop
  endfacet
  facet normal 0 1 0
    outer loop
      vertex -1.56072 -13 7.84628
      vertex -1.11201 -13 5.59048
      vertex -2.32228 -13 7.65552
    endloop
  endfacet
  facet normal 0 1 0
    outer loop
      vertex 3.16675 -13 4.73938
      vertex 4.44456 -13 6.65176
      vertex 5.07515 -13 6.18408
    endloop
  endfacet
  facet normal 0 1 -0
    outer loop
      vertex -1.65462 -13 5.45456
      vertex -2.32228 -13 7.65552
      vertex -1.11201 -13 5.59048
    endloop
  endfacet
  facet normal 0 1 0
    outer loop
      vertex -2.32228 -13 7.65552
      vertex -1.65462 -13 5.45456
      vertex -3.06147 -13 7.39104
    endloop
  endfacet
  facet normal 0 1 0
    outer loop
      vertex 0.784137 -13 7.96148
      vertex 0.558697 -13 5.67255
      vertex 0 -13 5.7
    endloop
  endfacet
  facet normal 0 1 0
    outer loop
      vertex 3.61604 -13 4.40616
      vertex 5.07515 -13 6.18408
      vertex 5.65685 -13 5.65685
    endloop
  endfacet
  facet normal 0 1 0
    outer loop
      vertex 1.56072 -13 7.84628
      vertex 1.11201 -13 5.59048
      vertex 0.558697 -13 5.67255
    endloop
  endfacet
  facet normal 0 1 0
    outer loop
      vertex 2.32228 -13 7.65552
      vertex 1.65462 -13 5.45456
      vertex 1.11201 -13 5.59048
    endloop
  endfacet
  facet normal 0 1 0
    outer loop
      vertex 3.06147 -13 7.39104
      vertex 2.1813 -13 5.26611
      vertex 1.65462 -13 5.45456
    endloop
  endfacet
  facet normal 0 1 0
    outer loop
      vertex 4.03051 -13 4.03051
      vertex 5.65685 -13 5.65685
      vertex 6.18408 -13 5.07515
    endloop
  endfacet
  facet normal 0 1 0
    outer loop
      vertex 3.77117 -13 7.05537
      vertex 2.68696 -13 5.02695
      vertex 2.1813 -13 5.26611
    endloop
  endfacet
  facet normal 0 1 0
    outer loop
      vertex 4.44456 -13 6.65176
      vertex 3.16675 -13 4.73938
      vertex 2.68696 -13 5.02695
    endloop
  endfacet
  facet normal 0 1 0
    outer loop
      vertex 4.40616 -13 3.61604
      vertex 6.18408 -13 5.07515
      vertex 6.65176 -13 4.44456
    endloop
  endfacet
  facet normal 0 1 0
    outer loop
      vertex 5.07515 -13 6.18408
      vertex 3.61604 -13 4.40616
      vertex 3.16675 -13 4.73938
    endloop
  endfacet
  facet normal 0 1 0
    outer loop
      vertex 5.65685 -13 5.65685
      vertex 4.03051 -13 4.03051
      vertex 3.61604 -13 4.40616
    endloop
  endfacet
  facet normal 0 1 0
    outer loop
      vertex 4.73938 -13 3.16675
      vertex 6.65176 -13 4.44456
      vertex 7.05537 -13 3.77117
    endloop
  endfacet
  facet normal 0 1 0
    outer loop
      vertex 6.18408 -13 5.07515
      vertex 4.40616 -13 3.61604
      vertex 4.03051 -13 4.03051
    endloop
  endfacet
  facet normal 0 1 0
    outer loop
      vertex 6.65176 -13 4.44456
      vertex 4.73938 -13 3.16675
      vertex 4.40616 -13 3.61604
    endloop
  endfacet
  facet normal 0 1 0
    outer loop
      vertex 5.02695 -13 2.68696
      vertex 7.05537 -13 3.77117
      vertex 7.39104 -13 3.06147
    endloop
  endfacet
  facet normal 0 1 0
    outer loop
      vertex 7.05537 -13 3.77117
      vertex 5.02695 -13 2.68696
      vertex 4.73938 -13 3.16675
    endloop
  endfacet
  facet normal 0 1 0
    outer loop
      vertex 5.26611 -13 2.1813
      vertex 7.39104 -13 3.06147
      vertex 7.65552 -13 2.32228
    endloop
  endfacet
  facet normal 0 1 0
    outer loop
      vertex 7.39104 -13 3.06147
      vertex 5.26611 -13 2.1813
      vertex 5.02695 -13 2.68696
    endloop
  endfacet
  facet normal 0 1 0
    outer loop
      vertex 7.65552 -13 2.32228
      vertex 5.45456 -13 1.65462
      vertex 5.26611 -13 2.1813
    endloop
  endfacet
  facet normal 0 1 0
    outer loop
      vertex 7.84628 -13 1.56072
      vertex 5.45456 -13 1.65462
      vertex 7.65552 -13 2.32228
    endloop
  endfacet
  facet normal 0 1 0
    outer loop
      vertex 7.84628 -13 1.56072
      vertex 5.59048 -13 1.11201
      vertex 5.45456 -13 1.65462
    endloop
  endfacet
  facet normal 0 1 0
    outer loop
      vertex 7.96148 -13 0.784137
      vertex 5.59048 -13 1.11201
      vertex 7.84628 -13 1.56072
    endloop
  endfacet
  facet normal 0 1 0
    outer loop
      vertex 7.96148 -13 0.784137
      vertex 5.67255 -13 0.558697
      vertex 5.59048 -13 1.11201
    endloop
  endfacet
  facet normal 0 1 0
    outer loop
      vertex 8 -13 0
      vertex 5.67255 -13 0.558697
      vertex 7.96148 -13 0.784137
    endloop
  endfacet
  facet normal 0 1 0
    outer loop
      vertex 8 -13 0
      vertex 5.7 -13 0
      vertex 5.67255 -13 0.558697
    endloop
  endfacet
  facet normal 0 1 0
    outer loop
      vertex 8 -13 0
      vertex 5.67255 -13 -0.558697
      vertex 5.7 -13 0
    endloop
  endfacet
  facet normal 0 1 -0
    outer loop
      vertex 7.96148 -13 -0.784137
      vertex 5.67255 -13 -0.558697
      vertex 8 -13 0
    endloop
  endfacet
  facet normal 0 1 0
    outer loop
      vertex 7.96148 -13 -0.784137
      vertex 5.59048 -13 -1.11201
      vertex 5.67255 -13 -0.558697
    endloop
  endfacet
  facet normal 0 1 -0
    outer loop
      vertex 7.84628 -13 -1.56072
      vertex 5.59048 -13 -1.11201
      vertex 7.96148 -13 -0.784137
    endloop
  endfacet
  facet normal 0 1 0
    outer loop
      vertex 7.84628 -13 -1.56072
      vertex 5.45456 -13 -1.65462
      vertex 5.59048 -13 -1.11201
    endloop
  endfacet
  facet normal 0 1 -0
    outer loop
      vertex 7.65552 -13 -2.32228
      vertex 5.45456 -13 -1.65462
      vertex 7.84628 -13 -1.56072
    endloop
  endfacet
  facet normal 0 1 0
    outer loop
      vertex 5.45456 -13 -1.65462
      vertex 7.65552 -13 -2.32228
      vertex 5.26611 -13 -2.1813
    endloop
  endfacet
  facet normal 0 1 -0
    outer loop
      vertex 7.39104 -13 -3.06147
      vertex 5.26611 -13 -2.1813
      vertex 7.65552 -13 -2.32228
    endloop
  endfacet
  facet normal 0 1 0
    outer loop
      vertex 5.26611 -13 -2.1813
      vertex 7.39104 -13 -3.06147
      vertex 5.02695 -13 -2.68696
    endloop
  endfacet
  facet normal 0 1 -0
    outer loop
      vertex 7.05537 -13 -3.77117
      vertex 5.02695 -13 -2.68696
      vertex 7.39104 -13 -3.06147
    endloop
  endfacet
  facet normal 0 1 0
    outer loop
      vertex 5.02695 -13 -2.68696
      vertex 7.05537 -13 -3.77117
      vertex 4.73938 -13 -3.16675
    endloop
  endfacet
  facet normal 0 1 -0
    outer loop
      vertex 6.65176 -13 -4.44456
      vertex 4.73938 -13 -3.16675
      vertex 7.05537 -13 -3.77117
    endloop
  endfacet
  facet normal 0 1 0
    outer loop
      vertex 4.73938 -13 -3.16675
      vertex 6.65176 -13 -4.44456
      vertex 4.40616 -13 -3.61604
    endloop
  endfacet
  facet normal 0 1 -0
    outer loop
      vertex 6.18408 -13 -5.07515
      vertex 4.40616 -13 -3.61604
      vertex 6.65176 -13 -4.44456
    endloop
  endfacet
  facet normal 0 1 0
    outer loop
      vertex 4.40616 -13 -3.61604
      vertex 6.18408 -13 -5.07515
      vertex 4.03051 -13 -4.03051
    endloop
  endfacet
  facet normal 0 1 -0
    outer loop
      vertex 5.65685 -13 -5.65685
      vertex 4.03051 -13 -4.03051
      vertex 6.18408 -13 -5.07515
    endloop
  endfacet
  facet normal 0 1 0
    outer loop
      vertex 4.03051 -13 -4.03051
      vertex 5.65685 -13 -5.65685
      vertex 3.61604 -13 -4.40616
    endloop
  endfacet
  facet normal 0 1 -0
    outer loop
      vertex 5.07515 -13 -6.18408
      vertex 3.61604 -13 -4.40616
      vertex 5.65685 -13 -5.65685
    endloop
  endfacet
  facet normal 0 1 0
    outer loop
      vertex 3.61604 -13 -4.40616
      vertex 5.07515 -13 -6.18408
      vertex 3.16675 -13 -4.73938
    endloop
  endfacet
  facet normal 0 1 -0
    outer loop
      vertex 4.44456 -13 -6.65176
      vertex 3.16675 -13 -4.73938
      vertex 5.07515 -13 -6.18408
    endloop
  endfacet
  facet normal 0 1 0
    outer loop
      vertex 3.16675 -13 -4.73938
      vertex 4.44456 -13 -6.65176
      vertex 2.68696 -13 -5.02695
    endloop
  endfacet
  facet normal 0 1 -0
    outer loop
      vertex 3.77117 -13 -7.05537
      vertex 2.68696 -13 -5.02695
      vertex 4.44456 -13 -6.65176
    endloop
  endfacet
  facet normal 0 1 0
    outer loop
      vertex 2.68696 -13 -5.02695
      vertex 3.77117 -13 -7.05537
      vertex 2.1813 -13 -5.26611
    endloop
  endfacet
  facet normal 0 1 -0
    outer loop
      vertex 3.06147 -13 -7.39104
      vertex 2.1813 -13 -5.26611
      vertex 3.77117 -13 -7.05537
    endloop
  endfacet
  facet normal 0 1 0
    outer loop
      vertex 2.1813 -13 -5.26611
      vertex 3.06147 -13 -7.39104
      vertex 1.65462 -13 -5.45456
    endloop
  endfacet
  facet normal 0 1 -0
    outer loop
      vertex -2.1813 -13 5.26611
      vertex -3.06147 -13 7.39104
      vertex -1.65462 -13 5.45456
    endloop
  endfacet
  facet normal 0 1 0
    outer loop
      vertex -3.06147 -13 7.39104
      vertex -2.1813 -13 5.26611
      vertex -3.77117 -13 7.05537
    endloop
  endfacet
  facet normal 0 1 -0
    outer loop
      vertex -2.68696 -13 5.02695
      vertex -3.77117 -13 7.05537
      vertex -2.1813 -13 5.26611
    endloop
  endfacet
  facet normal 0 1 0
    outer loop
      vertex -3.77117 -13 7.05537
      vertex -2.68696 -13 5.02695
      vertex -4.44456 -13 6.65176
    endloop
  endfacet
  facet normal 0 1 -0
    outer loop
      vertex -3.16675 -13 4.73938
      vertex -4.44456 -13 6.65176
      vertex -2.68696 -13 5.02695
    endloop
  endfacet
  facet normal 0 1 0
    outer loop
      vertex -4.44456 -13 6.65176
      vertex -3.16675 -13 4.73938
      vertex -5.07515 -13 6.18408
    endloop
  endfacet
  facet normal 0 1 -0
    outer loop
      vertex -3.61604 -13 4.40616
      vertex -5.07515 -13 6.18408
      vertex -3.16675 -13 4.73938
    endloop
  endfacet
  facet normal 0 1 0
    outer loop
      vertex -5.07515 -13 6.18408
      vertex -3.61604 -13 4.40616
      vertex -5.65685 -13 5.65685
    endloop
  endfacet
  facet normal 0 1 -0
    outer loop
      vertex -4.03051 -13 4.03051
      vertex -5.65685 -13 5.65685
      vertex -3.61604 -13 4.40616
    endloop
  endfacet
  facet normal 0 1 0
    outer loop
      vertex -5.65685 -13 5.65685
      vertex -4.03051 -13 4.03051
      vertex -6.18408 -13 5.07515
    endloop
  endfacet
  facet normal 0 1 -0
    outer loop
      vertex -4.40616 -13 3.61604
      vertex -6.18408 -13 5.07515
      vertex -4.03051 -13 4.03051
    endloop
  endfacet
  facet normal 0 1 0
    outer loop
      vertex -6.18408 -13 5.07515
      vertex -4.40616 -13 3.61604
      vertex -6.65176 -13 4.44456
    endloop
  endfacet
  facet normal 0 1 -0
    outer loop
      vertex -4.73938 -13 3.16675
      vertex -6.65176 -13 4.44456
      vertex -4.40616 -13 3.61604
    endloop
  endfacet
  facet normal 0 1 0
    outer loop
      vertex -6.65176 -13 4.44456
      vertex -4.73938 -13 3.16675
      vertex -7.05537 -13 3.77117
    endloop
  endfacet
  facet normal 0 1 -0
    outer loop
      vertex -5.02695 -13 2.68696
      vertex -7.05537 -13 3.77117
      vertex -4.73938 -13 3.16675
    endloop
  endfacet
  facet normal 0 1 0
    outer loop
      vertex -7.05537 -13 3.77117
      vertex -5.02695 -13 2.68696
      vertex -7.39104 -13 3.06147
    endloop
  endfacet
  facet normal 0 1 -0
    outer loop
      vertex -5.26611 -13 2.1813
      vertex -7.39104 -13 3.06147
      vertex -5.02695 -13 2.68696
    endloop
  endfacet
  facet normal 0 1 0
    outer loop
      vertex -7.39104 -13 3.06147
      vertex -5.26611 -13 2.1813
      vertex -7.65552 -13 2.32228
    endloop
  endfacet
  facet normal 0 1 -0
    outer loop
      vertex -5.45456 -13 1.65462
      vertex -7.65552 -13 2.32228
      vertex -5.26611 -13 2.1813
    endloop
  endfacet
  facet normal 0 1 0
    outer loop
      vertex -5.45456 -13 1.65462
      vertex -7.84628 -13 1.56072
      vertex -7.65552 -13 2.32228
    endloop
  endfacet
  facet normal 0 1 -0
    outer loop
      vertex -5.59048 -13 1.11201
      vertex -7.84628 -13 1.56072
      vertex -5.45456 -13 1.65462
    endloop
  endfacet
  facet normal 0 1 0
    outer loop
      vertex -5.59048 -13 1.11201
      vertex -7.96148 -13 0.784137
      vertex -7.84628 -13 1.56072
    endloop
  endfacet
  facet normal 0 1 -0
    outer loop
      vertex -5.67255 -13 0.558697
      vertex -7.96148 -13 0.784137
      vertex -5.59048 -13 1.11201
    endloop
  endfacet
  facet normal 0 1 -0
    outer loop
      vertex -5.7 -13 0
      vertex -7.96148 -13 0.784137
      vertex -5.67255 -13 0.558697
    endloop
  endfacet
  facet normal 0 1 0
    outer loop
      vertex -5.7 -13 0
      vertex -8 -13 0
      vertex -7.96148 -13 0.784137
    endloop
  endfacet
  facet normal 0 1 0
    outer loop
      vertex -5.67255 -13 -0.558697
      vertex -8 -13 0
      vertex -5.7 -13 0
    endloop
  endfacet
  facet normal 0 1 0
    outer loop
      vertex -5.67255 -13 -0.558697
      vertex -7.96148 -13 -0.784137
      vertex -8 -13 0
    endloop
  endfacet
  facet normal 0 1 0
    outer loop
      vertex -5.59048 -13 -1.11201
      vertex -7.96148 -13 -0.784137
      vertex -5.67255 -13 -0.558697
    endloop
  endfacet
  facet normal 0 1 0
    outer loop
      vertex -5.59048 -13 -1.11201
      vertex -7.84628 -13 -1.56072
      vertex -7.96148 -13 -0.784137
    endloop
  endfacet
  facet normal 0 1 0
    outer loop
      vertex -5.45456 -13 -1.65462
      vertex -7.84628 -13 -1.56072
      vertex -5.59048 -13 -1.11201
    endloop
  endfacet
  facet normal 0 1 0
    outer loop
      vertex -7.65552 -13 -2.32228
      vertex -5.45456 -13 -1.65462
      vertex -5.26611 -13 -2.1813
    endloop
  endfacet
  facet normal 0 1 0
    outer loop
      vertex -5.45456 -13 -1.65462
      vertex -7.65552 -13 -2.32228
      vertex -7.84628 -13 -1.56072
    endloop
  endfacet
  facet normal 0 1 0
    outer loop
      vertex -7.39104 -13 -3.06147
      vertex -5.26611 -13 -2.1813
      vertex -5.02695 -13 -2.68696
    endloop
  endfacet
  facet normal 0 1 0
    outer loop
      vertex -5.26611 -13 -2.1813
      vertex -7.39104 -13 -3.06147
      vertex -7.65552 -13 -2.32228
    endloop
  endfacet
  facet normal 0 1 0
    outer loop
      vertex -7.05537 -13 -3.77117
      vertex -5.02695 -13 -2.68696
      vertex -4.73938 -13 -3.16675
    endloop
  endfacet
  facet normal 0 1 0
    outer loop
      vertex -6.65176 -13 -4.44456
      vertex -4.73938 -13 -3.16675
      vertex -4.40616 -13 -3.61604
    endloop
  endfacet
  facet normal 0 1 0
    outer loop
      vertex -5.02695 -13 -2.68696
      vertex -7.05537 -13 -3.77117
      vertex -7.39104 -13 -3.06147
    endloop
  endfacet
  facet normal 0 1 0
    outer loop
      vertex -6.18408 -13 -5.07515
      vertex -4.40616 -13 -3.61604
      vertex -4.03051 -13 -4.03051
    endloop
  endfacet
  facet normal 0 1 0
    outer loop
      vertex -5.65685 -13 -5.65685
      vertex -4.03051 -13 -4.03051
      vertex -3.61604 -13 -4.40616
    endloop
  endfacet
  facet normal 0 1 0
    outer loop
      vertex -4.73938 -13 -3.16675
      vertex -6.65176 -13 -4.44456
      vertex -7.05537 -13 -3.77117
    endloop
  endfacet
  facet normal 0 1 0
    outer loop
      vertex -5.07515 -13 -6.18408
      vertex -3.61604 -13 -4.40616
      vertex -3.16675 -13 -4.73938
    endloop
  endfacet
  facet normal 0 1 0
    outer loop
      vertex -4.44456 -13 -6.65176
      vertex -3.16675 -13 -4.73938
      vertex -2.68696 -13 -5.02695
    endloop
  endfacet
  facet normal 0 1 0
    outer loop
      vertex -4.40616 -13 -3.61604
      vertex -6.18408 -13 -5.07515
      vertex -6.65176 -13 -4.44456
    endloop
  endfacet
  facet normal 0 1 0
    outer loop
      vertex -3.77117 -13 -7.05537
      vertex -2.68696 -13 -5.02695
      vertex -2.1813 -13 -5.26611
    endloop
  endfacet
  facet normal 0 1 0
    outer loop
      vertex -3.06147 -13 -7.39104
      vertex -2.1813 -13 -5.26611
      vertex -1.65462 -13 -5.45456
    endloop
  endfacet
  facet normal 0 1 0
    outer loop
      vertex -2.32228 -13 -7.65552
      vertex -1.65462 -13 -5.45456
      vertex -1.11201 -13 -5.59048
    endloop
  endfacet
  facet normal 0 1 0
    outer loop
      vertex -4.03051 -13 -4.03051
      vertex -5.65685 -13 -5.65685
      vertex -6.18408 -13 -5.07515
    endloop
  endfacet
  facet normal 0 1 0
    outer loop
      vertex -1.56072 -13 -7.84628
      vertex -1.11201 -13 -5.59048
      vertex -0.558697 -13 -5.67255
    endloop
  endfacet
  facet normal 0 1 0
    outer loop
      vertex -0.784137 -13 -7.96148
      vertex -0.558697 -13 -5.67255
      vertex 0 -13 -5.7
    endloop
  endfacet
  facet normal 0 1 -0
    outer loop
      vertex 2.32228 -13 -7.65552
      vertex 1.65462 -13 -5.45456
      vertex 3.06147 -13 -7.39104
    endloop
  endfacet
  facet normal 0 1 0
    outer loop
      vertex -3.61604 -13 -4.40616
      vertex -5.07515 -13 -6.18408
      vertex -5.65685 -13 -5.65685
    endloop
  endfacet
  facet normal 0 1 0
    outer loop
      vertex 1.65462 -13 -5.45456
      vertex 2.32228 -13 -7.65552
      vertex 1.11201 -13 -5.59048
    endloop
  endfacet
  facet normal 0 1 0
    outer loop
      vertex -3.16675 -13 -4.73938
      vertex -4.44456 -13 -6.65176
      vertex -5.07515 -13 -6.18408
    endloop
  endfacet
  facet normal 0 1 -0
    outer loop
      vertex 1.56072 -13 -7.84628
      vertex 1.11201 -13 -5.59048
      vertex 2.32228 -13 -7.65552
    endloop
  endfacet
  facet normal 0 1 0
    outer loop
      vertex -2.68696 -13 -5.02695
      vertex -3.77117 -13 -7.05537
      vertex -4.44456 -13 -6.65176
    endloop
  endfacet
  facet normal 0 1 0
    outer loop
      vertex 1.11201 -13 -5.59048
      vertex 1.56072 -13 -7.84628
      vertex 0.558697 -13 -5.67255
    endloop
  endfacet
  facet normal 0 1 0
    outer loop
      vertex -2.1813 -13 -5.26611
      vertex -3.06147 -13 -7.39104
      vertex -3.77117 -13 -7.05537
    endloop
  endfacet
  facet normal 0 1 -0
    outer loop
      vertex 0.784137 -13 -7.96148
      vertex 0.558697 -13 -5.67255
      vertex 1.56072 -13 -7.84628
    endloop
  endfacet
  facet normal 0 1 0
    outer loop
      vertex -1.65462 -13 -5.45456
      vertex -2.32228 -13 -7.65552
      vertex -3.06147 -13 -7.39104
    endloop
  endfacet
  facet normal 0 1 0
    outer loop
      vertex 0.558697 -13 -5.67255
      vertex 0.784137 -13 -7.96148
      vertex 0 -13 -5.7
    endloop
  endfacet
  facet normal 0 1 0
    outer loop
      vertex -1.11201 -13 -5.59048
      vertex -1.56072 -13 -7.84628
      vertex -2.32228 -13 -7.65552
    endloop
  endfacet
  facet normal 0 1 0
    outer loop
      vertex 0 -13 -8
      vertex 0 -13 -5.7
      vertex 0.784137 -13 -7.96148
    endloop
  endfacet
  facet normal 0 1 0
    outer loop
      vertex -0.558697 -13 -5.67255
      vertex -0.784137 -13 -7.96148
      vertex -1.56072 -13 -7.84628
    endloop
  endfacet
  facet normal 0 1 0
    outer loop
      vertex 0 -13 -5.7
      vertex 0 -13 -8
      vertex -0.784137 -13 -7.96148
    endloop
  endfacet
  facet normal -0.427562 -0 -0.903986
    outer loop
      vertex -3.77117 -13 -7.05537
      vertex -3.06147 -24.6382 -7.39104
      vertex -3.77117 -24.8817 -7.05537
    endloop
  endfacet
  facet normal -0.427562 0 -0.903986
    outer loop
      vertex -3.06147 -24.6382 -7.39104
      vertex -3.77117 -13 -7.05537
      vertex -3.06147 -13 -7.39104
    endloop
  endfacet
  facet normal 0.514099 0 0.857731
    outer loop
      vertex 3.77117 -13 7.05537
      vertex 4.44456 -34.6402 6.65176
      vertex 4.44456 -13 6.65176
    endloop
  endfacet
  facet normal 0.514099 0 0.857731
    outer loop
      vertex 4.44456 -34.6402 6.65176
      vertex 3.77117 -13 7.05537
      vertex 3.77117 -34.933 7.05537
    endloop
  endfacet
  facet normal 0.514099 0 0.857731
    outer loop
      vertex 3.77117 -35.1183 7.05537
      vertex 4.44456 -35.0108 6.65176
      vertex 4.44456 -34.8255 6.65176
    endloop
  endfacet
  facet normal 0.514099 0 0.857731
    outer loop
      vertex 4.44456 -35.0108 6.65176
      vertex 3.77117 -35.1183 7.05537
      vertex 3.77117 -35.3036 7.05537
    endloop
  endfacet
  facet normal -0.671556 6.84497e-07 -0.740953
    outer loop
      vertex -5.65685 -13 -5.65685
      vertex -5.07515 -25.5138 -6.18408
      vertex -5.41126 -25.7348 -5.87945
    endloop
  endfacet
  facet normal -0.671576 -0 -0.740936
    outer loop
      vertex -5.65685 -13 -5.65685
      vertex -5.41126 -25.7348 -5.87945
      vertex -5.65685 -25.8962 -5.65685
    endloop
  endfacet
  facet normal -0.671564 0 -0.740946
    outer loop
      vertex -5.07515 -25.5138 -6.18408
      vertex -5.65685 -13 -5.65685
      vertex -5.07515 -13 -6.18408
    endloop
  endfacet
  facet normal -0.336896 -9.92603e-07 -0.941542
    outer loop
      vertex -3.06147 -13 -7.39104
      vertex -2.32228 -24.4463 -7.65552
      vertex -2.73118 -24.5524 -7.50921
    endloop
  endfacet
  facet normal -0.336865 -0 -0.941553
    outer loop
      vertex -3.06147 -13 -7.39104
      vertex -2.73118 -24.5524 -7.50921
      vertex -3.06147 -24.6382 -7.39104
    endloop
  endfacet
  facet normal -0.336883 0 -0.941547
    outer loop
      vertex -2.32228 -24.4463 -7.65552
      vertex -3.06147 -13 -7.39104
      vertex -2.32228 -13 -7.65552
    endloop
  endfacet
  facet normal 0.671564 0 0.740946
    outer loop
      vertex 5.07515 -13 6.18408
      vertex 5.65685 -33.9185 5.65685
      vertex 5.65685 -13 5.65685
    endloop
  endfacet
  facet normal 0.671564 0 0.740946
    outer loop
      vertex 5.65685 -33.9185 5.65685
      vertex 5.07515 -13 6.18408
      vertex 5.07515 -34.3009 6.18408
    endloop
  endfacet
  facet normal 0.671564 0 0.740946
    outer loop
      vertex 5.07515 -34.4862 6.18408
      vertex 5.65685 -34.2891 5.65685
      vertex 5.65685 -34.1038 5.65685
    endloop
  endfacet
  facet normal 0.671564 0 0.740946
    outer loop
      vertex 5.65685 -34.2891 5.65685
      vertex 5.07515 -34.4862 6.18408
      vertex 5.07515 -34.6716 6.18408
    endloop
  endfacet
  facet normal -0.336883 0 0.941547
    outer loop
      vertex -3.06147 -35.1765 7.39104
      vertex -2.32228 -13 7.65552
      vertex -3.06147 -13 7.39104
    endloop
  endfacet
  facet normal -0.336883 0 0.941547
    outer loop
      vertex -2.32228 -13 7.65552
      vertex -3.06147 -35.1765 7.39104
      vertex -2.32228 -35.3684 7.65552
    endloop
  endfacet
  facet normal -0.336883 0 0.941547
    outer loop
      vertex -3.06147 -35.5471 7.39104
      vertex -2.32228 -35.5537 7.65552
      vertex -3.06147 -35.3618 7.39104
    endloop
  endfacet
  facet normal -0.336883 0 0.941547
    outer loop
      vertex -2.32228 -35.5537 7.65552
      vertex -3.06147 -35.5471 7.39104
      vertex -2.32228 -35.739 7.65552
    endloop
  endfacet
  facet normal -0.0490728 0 -0.998795
    outer loop
      vertex -0.35598 -24.2091 -7.98251
      vertex 0 -13 -8
      vertex 0 -24.1964 -8
    endloop
  endfacet
  facet normal -0.0490584 -0 -0.998796
    outer loop
      vertex -0.784137 -13 -7.96148
      vertex -0.35598 -24.2091 -7.98251
      vertex -0.784137 -24.2243 -7.96148
    endloop
  endfacet
  facet normal -0.0490649 -2.5074e-07 -0.998796
    outer loop
      vertex -0.35598 -24.2091 -7.98251
      vertex -0.784137 -13 -7.96148
      vertex 0 -13 -8
    endloop
  endfacet
  facet normal 0.514093 0 -0.857735
    outer loop
      vertex 4.06564 -25.0097 -6.87887
      vertex 4.44456 -13 -6.65176
      vertex 4.44456 -25.1745 -6.65176
    endloop
  endfacet
  facet normal 0.514106 -5.49879e-07 -0.857727
    outer loop
      vertex 3.77117 -24.8817 -7.05537
      vertex 4.44456 -13 -6.65176
      vertex 4.06564 -25.0097 -6.87887
    endloop
  endfacet
  facet normal 0.514099 0 -0.857731
    outer loop
      vertex 4.44456 -13 -6.65176
      vertex 3.77117 -24.8817 -7.05537
      vertex 3.77117 -13 -7.05537
    endloop
  endfacet
  facet normal 0.803206 0 -0.595701
    outer loop
      vertex 6.65176 -13 -4.44456
      vertex 6.18408 -26.3182 -5.07515
      vertex 6.18408 -13 -5.07515
    endloop
  endfacet
  facet normal 0.803206 -4.55286e-10 -0.595701
    outer loop
      vertex 6.65176 -13 -4.44456
      vertex 6.37404 -26.504 -4.81902
      vertex 6.18408 -26.3182 -5.07515
    endloop
  endfacet
  facet normal 0.803206 0 -0.595701
    outer loop
      vertex 6.37404 -26.504 -4.81902
      vertex 6.65176 -13 -4.44456
      vertex 6.65176 -26.7757 -4.44456
    endloop
  endfacet
  facet normal 0.740946 0 -0.671564
    outer loop
      vertex 6.18408 -13 -5.07515
      vertex 5.65685 -25.8962 -5.65685
      vertex 5.65685 -13 -5.65685
    endloop
  endfacet
  facet normal 0.740946 0 -0.671564
    outer loop
      vertex 5.65685 -25.8962 -5.65685
      vertex 6.18408 -13 -5.07515
      vertex 6.18408 -26.3182 -5.07515
    endloop
  endfacet
  facet normal 0.857731 0 -0.514099
    outer loop
      vertex 7.05537 -13 -3.77117
      vertex 6.65176 -26.7757 -4.44456
      vertex 6.65176 -13 -4.44456
    endloop
  endfacet
  facet normal 0.857731 0 -0.514099
    outer loop
      vertex 6.65176 -26.7757 -4.44456
      vertex 7.05537 -13 -3.77117
      vertex 7.05537 -27.2642 -3.77117
    endloop
  endfacet
  facet normal 0.941547 0 -0.336883
    outer loop
      vertex 7.65552 -13 -2.32228
      vertex 7.39104 -27.7791 -3.06147
      vertex 7.39104 -13 -3.06147
    endloop
  endfacet
  facet normal 0.941546 8.67193e-08 -0.336884
    outer loop
      vertex 7.65552 -13 -2.32228
      vertex 7.55698 -28.1155 -2.59769
      vertex 7.39104 -27.7791 -3.06147
    endloop
  endfacet
  facet normal 0.941548 0 -0.33688
    outer loop
      vertex 7.55698 -28.1155 -2.59769
      vertex 7.65552 -13 -2.32228
      vertex 7.65552 -28.3153 -2.32228
    endloop
  endfacet
  facet normal -0.0490649 0 0.998796
    outer loop
      vertex -0.784137 -35.5903 7.96148
      vertex 0 -13 8
      vertex -0.784137 -13 7.96148
    endloop
  endfacet
  facet normal -0.0490649 0 0.998796
    outer loop
      vertex 0 -13 8
      vertex -0.784137 -35.5903 7.96148
      vertex 0 -35.6183 8
    endloop
  endfacet
  facet normal -0.0490649 0 0.998796
    outer loop
      vertex -0.784137 -35.961 7.96148
      vertex 0 -35.8036 8
      vertex -0.784137 -35.7757 7.96148
    endloop
  endfacet
  facet normal -0.0490649 0 0.998796
    outer loop
      vertex 0 -35.8036 8
      vertex -0.784137 -35.961 7.96148
      vertex 0 -35.9889 8
    endloop
  endfacet
  facet normal -0.514099 0 0.857731
    outer loop
      vertex -4.44456 -34.6402 6.65176
      vertex -3.77117 -13 7.05537
      vertex -4.44456 -13 6.65176
    endloop
  endfacet
  facet normal -0.514099 0 0.857731
    outer loop
      vertex -3.77117 -13 7.05537
      vertex -4.44456 -34.6402 6.65176
      vertex -3.77117 -34.933 7.05537
    endloop
  endfacet
  facet normal -0.514099 0 0.857731
    outer loop
      vertex -4.44456 -35.0108 6.65176
      vertex -3.77117 -35.1183 7.05537
      vertex -4.44456 -34.8255 6.65176
    endloop
  endfacet
  facet normal -0.514099 0 0.857731
    outer loop
      vertex -3.77117 -35.1183 7.05537
      vertex -4.44456 -35.0108 6.65176
      vertex -3.77117 -35.3036 7.05537
    endloop
  endfacet
  facet normal -0.427562 0 0.903986
    outer loop
      vertex -3.77117 -34.933 7.05537
      vertex -3.06147 -13 7.39104
      vertex -3.77117 -13 7.05537
    endloop
  endfacet
  facet normal -0.427562 0 0.903986
    outer loop
      vertex -3.06147 -13 7.39104
      vertex -3.77117 -34.933 7.05537
      vertex -3.06147 -35.1765 7.39104
    endloop
  endfacet
  facet normal -0.427562 0 0.903986
    outer loop
      vertex -3.77117 -35.3036 7.05537
      vertex -3.06147 -35.3618 7.39104
      vertex -3.77117 -35.1183 7.05537
    endloop
  endfacet
  facet normal -0.427562 0 0.903986
    outer loop
      vertex -3.06147 -35.3618 7.39104
      vertex -3.77117 -35.3036 7.05537
      vertex -3.06147 -35.5471 7.39104
    endloop
  endfacet
  facet normal -0.595701 0 0.803206
    outer loop
      vertex -5.07515 -34.3009 6.18408
      vertex -4.44456 -13 6.65176
      vertex -5.07515 -13 6.18408
    endloop
  endfacet
  facet normal -0.595701 0 0.803206
    outer loop
      vertex -4.44456 -13 6.65176
      vertex -5.07515 -34.3009 6.18408
      vertex -4.44456 -34.6402 6.65176
    endloop
  endfacet
  facet normal -0.595701 0 0.803206
    outer loop
      vertex -5.07515 -34.6716 6.18408
      vertex -4.44456 -34.8255 6.65176
      vertex -5.07515 -34.4862 6.18408
    endloop
  endfacet
  facet normal -0.595701 0 0.803206
    outer loop
      vertex -4.44456 -34.8255 6.65176
      vertex -5.07515 -34.6716 6.18408
      vertex -4.44456 -35.0108 6.65176
    endloop
  endfacet
  facet normal -0.989176 0 0.146736
    outer loop
      vertex -7.96148 -30.3835 0.784137
      vertex -7.84628 -13 1.56072
      vertex -7.96148 -13 0.784137
    endloop
  endfacet
  facet normal -0.989176 0 0.146736
    outer loop
      vertex -7.84628 -13 1.56072
      vertex -7.96148 -30.3835 0.784137
      vertex -7.84628 -30.9469 1.56072
    endloop
  endfacet
  facet normal -0.989176 0 0.146736
    outer loop
      vertex -7.96148 -30.7542 0.784137
      vertex -7.84628 -31.1322 1.56072
      vertex -7.96148 -30.5689 0.784137
    endloop
  endfacet
  facet normal -0.989176 0 0.146736
    outer loop
      vertex -7.84628 -31.1322 1.56072
      vertex -7.96148 -30.7542 0.784137
      vertex -7.84628 -31.3175 1.56072
    endloop
  endfacet
  facet normal -0.903986 0 -0.427562
    outer loop
      vertex -7.05537 -27.2642 -3.77117
      vertex -7.39104 -13 -3.06147
      vertex -7.05537 -13 -3.77117
    endloop
  endfacet
  facet normal -0.903986 -0 -0.427562
    outer loop
      vertex -7.39104 -13 -3.06147
      vertex -7.05537 -27.2642 -3.77117
      vertex -7.39104 -27.7791 -3.06147
    endloop
  endfacet
  facet normal 0.146736 0 0.989176
    outer loop
      vertex 0.784137 -13 7.96148
      vertex 1.56072 -35.5068 7.84628
      vertex 1.56072 -13 7.84628
    endloop
  endfacet
  facet normal 0.146736 0 0.989176
    outer loop
      vertex 1.56072 -35.5068 7.84628
      vertex 0.784137 -13 7.96148
      vertex 0.784137 -35.5903 7.96148
    endloop
  endfacet
  facet normal 0.146736 0 0.989176
    outer loop
      vertex 0.784137 -35.7757 7.96148
      vertex 1.56072 -35.8774 7.84628
      vertex 1.56072 -35.6921 7.84628
    endloop
  endfacet
  facet normal 0.146736 0 0.989176
    outer loop
      vertex 1.56072 -35.8774 7.84628
      vertex 0.784137 -35.7757 7.96148
      vertex 0.784137 -35.961 7.96148
    endloop
  endfacet
  facet normal 0.595701 0 -0.803206
    outer loop
      vertex 4.44456 -25.1745 -6.65176
      vertex 5.07515 -13 -6.18408
      vertex 5.07515 -25.5138 -6.18408
    endloop
  endfacet
  facet normal 0.595701 0 -0.803206
    outer loop
      vertex 5.07515 -13 -6.18408
      vertex 4.44456 -25.1745 -6.65176
      vertex 4.44456 -13 -6.65176
    endloop
  endfacet
  facet normal 0.998796 0 -0.0490649
    outer loop
      vertex 8 -13 0
      vertex 7.96148 -29.4311 -0.784137
      vertex 7.96148 -13 -0.784137
    endloop
  endfacet
  facet normal 0.998796 -1.35483e-07 -0.0490621
    outer loop
      vertex 8 -13 0
      vertex 7.97462 -29.6252 -0.516635
      vertex 7.96148 -29.4311 -0.784137
    endloop
  endfacet
  facet normal 0.998796 0 -0.0490664
    outer loop
      vertex 7.97462 -29.6252 -0.516635
      vertex 8 -13 0
      vertex 8 -30 0
    endloop
  endfacet
  facet normal 0.998794 0 -0.0491001
    outer loop
      vertex 8 -30.1853 0
      vertex 7.99567 -30.1214 -0.0880809
      vertex 8 -30 0
    endloop
  endfacet
  facet normal -0.146736 0 0.989176
    outer loop
      vertex -1.56072 -35.5068 7.84628
      vertex -0.784137 -13 7.96148
      vertex -1.56072 -13 7.84628
    endloop
  endfacet
  facet normal -0.146736 0 0.989176
    outer loop
      vertex -0.784137 -13 7.96148
      vertex -1.56072 -35.5068 7.84628
      vertex -0.784137 -35.5903 7.96148
    endloop
  endfacet
  facet normal -0.146736 0 0.989176
    outer loop
      vertex -1.56072 -35.8774 7.84628
      vertex -0.784137 -35.7757 7.96148
      vertex -1.56072 -35.6921 7.84628
    endloop
  endfacet
  facet normal -0.146736 0 0.989176
    outer loop
      vertex -0.784137 -35.7757 7.96148
      vertex -1.56072 -35.8774 7.84628
      vertex -0.784137 -35.961 7.96148
    endloop
  endfacet
  facet normal -0.989176 0 -0.146736
    outer loop
      vertex -7.84628 -28.8678 -1.56072
      vertex -7.96148 -13 -0.784137
      vertex -7.84628 -13 -1.56072
    endloop
  endfacet
  facet normal -0.989176 -0 -0.146736
    outer loop
      vertex -7.96148 -13 -0.784137
      vertex -7.84628 -28.8678 -1.56072
      vertex -7.96148 -29.4311 -0.784137
    endloop
  endfacet
  facet normal 0.336865 0 -0.941553
    outer loop
      vertex 2.73118 -24.5524 -7.50921
      vertex 3.06147 -13 -7.39104
      vertex 3.06147 -24.6382 -7.39104
    endloop
  endfacet
  facet normal 0.336896 -9.92603e-07 -0.941542
    outer loop
      vertex 2.32228 -24.4463 -7.65552
      vertex 3.06147 -13 -7.39104
      vertex 2.73118 -24.5524 -7.50921
    endloop
  endfacet
  facet normal 0.336883 0 -0.941547
    outer loop
      vertex 3.06147 -13 -7.39104
      vertex 2.32228 -24.4463 -7.65552
      vertex 2.32228 -13 -7.65552
    endloop
  endfacet
  facet normal 0.242977 0 -0.970032
    outer loop
      vertex 1.90389 -24.3703 -7.76032
      vertex 2.32228 -13 -7.65552
      vertex 2.32228 -24.4463 -7.65552
    endloop
  endfacet
  facet normal 0.242981 -1.45305e-07 -0.970031
    outer loop
      vertex 1.56072 -24.3079 -7.84628
      vertex 2.32228 -13 -7.65552
      vertex 1.90389 -24.3703 -7.76032
    endloop
  endfacet
  facet normal 0.242979 0 -0.970032
    outer loop
      vertex 2.32228 -13 -7.65552
      vertex 1.56072 -24.3079 -7.84628
      vertex 1.56072 -13 -7.84628
    endloop
  endfacet
  facet normal -0.740946 0 -0.671564
    outer loop
      vertex -5.65685 -25.8962 -5.65685
      vertex -6.18408 -13 -5.07515
      vertex -5.65685 -13 -5.65685
    endloop
  endfacet
  facet normal -0.740946 -0 -0.671564
    outer loop
      vertex -6.18408 -13 -5.07515
      vertex -5.65685 -25.8962 -5.65685
      vertex -6.18408 -26.3182 -5.07515
    endloop
  endfacet
  facet normal -0.903986 0 0.427562
    outer loop
      vertex -7.39104 -32.0356 3.06147
      vertex -7.05537 -13 3.77117
      vertex -7.39104 -13 3.06147
    endloop
  endfacet
  facet normal -0.903986 0 0.427562
    outer loop
      vertex -7.05537 -13 3.77117
      vertex -7.39104 -32.0356 3.06147
      vertex -7.05537 -32.5505 3.77117
    endloop
  endfacet
  facet normal -0.903986 0 0.427562
    outer loop
      vertex -7.39104 -32.4063 3.06147
      vertex -7.05537 -32.7358 3.77117
      vertex -7.39104 -32.2209 3.06147
    endloop
  endfacet
  facet normal -0.903986 0 0.427562
    outer loop
      vertex -7.05537 -32.7358 3.77117
      vertex -7.39104 -32.4063 3.06147
      vertex -7.05537 -32.9211 3.77117
    endloop
  endfacet
  facet normal 0.803206 0 0.595701
    outer loop
      vertex 6.18408 -13 5.07515
      vertex 6.65176 -33.039 4.44456
      vertex 6.65176 -13 4.44456
    endloop
  endfacet
  facet normal 0.803206 0 0.595701
    outer loop
      vertex 6.65176 -33.039 4.44456
      vertex 6.18408 -13 5.07515
      vertex 6.18408 -33.4965 5.07515
    endloop
  endfacet
  facet normal 0.803206 0 0.595701
    outer loop
      vertex 6.52846 -33.3449 4.61081
      vertex 6.65176 -33.4096 4.44456
      vertex 6.65176 -33.2243 4.44456
    endloop
  endfacet
  facet normal 0.803206 -4.94698e-07 0.595701
    outer loop
      vertex 6.18408 -33.6818 5.07515
      vertex 6.65176 -33.4096 4.44456
      vertex 6.52846 -33.3449 4.61081
    endloop
  endfacet
  facet normal 0.803206 0 0.595701
    outer loop
      vertex 6.65176 -33.4096 4.44456
      vertex 6.18408 -33.6818 5.07515
      vertex 6.18408 -33.8671 5.07515
    endloop
  endfacet
  facet normal -0.595701 -0 -0.803206
    outer loop
      vertex -5.07515 -13 -6.18408
      vertex -4.44456 -25.1745 -6.65176
      vertex -5.07515 -25.5138 -6.18408
    endloop
  endfacet
  facet normal -0.595701 0 -0.803206
    outer loop
      vertex -4.44456 -25.1745 -6.65176
      vertex -5.07515 -13 -6.18408
      vertex -4.44456 -13 -6.65176
    endloop
  endfacet
  facet normal 0.903986 0 -0.427562
    outer loop
      vertex 7.39104 -13 -3.06147
      vertex 7.05537 -27.2642 -3.77117
      vertex 7.05537 -13 -3.77117
    endloop
  endfacet
  facet normal 0.903986 0 -0.427562
    outer loop
      vertex 7.05537 -27.2642 -3.77117
      vertex 7.39104 -13 -3.06147
      vertex 7.39104 -27.7791 -3.06147
    endloop
  endfacet
  facet normal -0.998796 -1.83905e-07 0.0490649
    outer loop
      vertex -8 -13 0
      vertex -7.99567 -29.8786 0.0880809
      vertex -7.96148 -13 0.784137
    endloop
  endfacet
  facet normal -0.998794 0 0.0491001
    outer loop
      vertex -7.99567 -29.8786 0.0880809
      vertex -8 -13 0
      vertex -8 -30 0
    endloop
  endfacet
  facet normal -0.998796 0 0.0490605
    outer loop
      vertex -7.96148 -13 0.784137
      vertex -7.99567 -29.8786 0.0880809
      vertex -7.96148 -30.3835 0.784137
    endloop
  endfacet
  facet normal -0.998796 0 0.0490663
    outer loop
      vertex -8 -30.1853 0
      vertex -7.98731 -30.1874 0.258318
      vertex -8 -30 0
    endloop
  endfacet
  facet normal -0.998796 1.98762e-06 0.0490663
    outer loop
      vertex -7.96148 -30.7542 0.784137
      vertex -7.98731 -30.1874 0.258318
      vertex -8 -30.1853 0
    endloop
  endfacet
  facet normal -0.998796 0 0.0490642
    outer loop
      vertex -7.98731 -30.1874 0.258318
      vertex -7.96148 -30.7542 0.784137
      vertex -7.96148 -30.5689 0.784137
    endloop
  endfacet
  facet normal 0.671576 0 -0.740936
    outer loop
      vertex 5.41126 -25.7348 -5.87945
      vertex 5.65685 -13 -5.65685
      vertex 5.65685 -25.8962 -5.65685
    endloop
  endfacet
  facet normal 0.671556 6.84497e-07 -0.740953
    outer loop
      vertex 5.07515 -25.5138 -6.18408
      vertex 5.65685 -13 -5.65685
      vertex 5.41126 -25.7348 -5.87945
    endloop
  endfacet
  facet normal 0.671564 0 -0.740946
    outer loop
      vertex 5.65685 -13 -5.65685
      vertex 5.07515 -25.5138 -6.18408
      vertex 5.07515 -13 -6.18408
    endloop
  endfacet
  facet normal 4.68311e-05 -0.809427 -0.587221
    outer loop
      vertex 0 -35.8611 7.82384
      vertex 0 -35.9889 8
      vertex -0.784137 -35.961 7.96148
    endloop
  endfacet
  facet normal -2.61283e-05 -0.809427 -0.587221
    outer loop
      vertex -0.784137 -35.8332 7.78532
      vertex -0.784137 -35.961 7.96148
      vertex -1.56072 -35.8774 7.84628
    endloop
  endfacet
  facet normal -4.68311e-05 -0.809427 -0.587221
    outer loop
      vertex 0 -35.9889 8
      vertex 0 -35.8611 7.82384
      vertex 0.784137 -35.961 7.96148
    endloop
  endfacet
  facet normal -4.68311e-05 -0.809427 -0.587221
    outer loop
      vertex 0.784137 -35.8332 7.78532
      vertex 0.784137 -35.961 7.96148
      vertex 0 -35.8611 7.82384
    endloop
  endfacet
  facet normal 4.68311e-05 -0.809427 -0.587221
    outer loop
      vertex -0.784137 -35.961 7.96148
      vertex -0.784137 -35.8332 7.78532
      vertex 0 -35.8611 7.82384
    endloop
  endfacet
  facet normal -2.61283e-05 -0.809427 -0.587221
    outer loop
      vertex -1.56072 -35.8774 7.84628
      vertex -1.56072 -35.7496 7.67012
      vertex -0.784137 -35.8332 7.78532
    endloop
  endfacet
  facet normal -4.75475e-05 -0.809501 -0.587119
    outer loop
      vertex -2.15408 -35.6418 7.52149
      vertex -1.56072 -35.8774 7.84628
      vertex -2.32228 -35.739 7.65552
    endloop
  endfacet
  facet normal 3.76812e-05 -0.809427 -0.587221
    outer loop
      vertex -1.56072 -35.8774 7.84628
      vertex -2.15408 -35.6418 7.52149
      vertex -1.56072 -35.7496 7.67012
    endloop
  endfacet
  facet normal -0.00017161 -0.809427 -0.587221
    outer loop
      vertex -2.32228 -35.739 7.65552
      vertex -2.32228 -35.6112 7.47936
      vertex -2.15408 -35.6418 7.52149
    endloop
  endfacet
  facet normal -2.83452e-05 -0.809427 -0.587221
    outer loop
      vertex -3.06147 -35.5471 7.39104
      vertex -2.32228 -35.6112 7.47936
      vertex -2.32228 -35.739 7.65552
    endloop
  endfacet
  facet normal -3.23285e-05 -0.809443 -0.587199
    outer loop
      vertex -3.06147 -35.5471 7.39104
      vertex -3.06147 -35.4193 7.21487
      vertex -2.32228 -35.6112 7.47936
    endloop
  endfacet
  facet normal 7.96962e-06 -0.809443 -0.587199
    outer loop
      vertex -3.77117 -35.3036 7.05537
      vertex -3.06147 -35.4193 7.21487
      vertex -3.06147 -35.5471 7.39104
    endloop
  endfacet
  facet normal 1.54607e-05 -0.809427 -0.587221
    outer loop
      vertex -3.77117 -35.3036 7.05537
      vertex -3.77117 -35.1758 6.87921
      vertex -3.06147 -35.4193 7.21487
    endloop
  endfacet
  facet normal 1.16681e-05 -0.809427 -0.587221
    outer loop
      vertex -4.44456 -35.0108 6.65176
      vertex -3.77117 -35.1758 6.87921
      vertex -3.77117 -35.3036 7.05537
    endloop
  endfacet
  facet normal 4.09391e-07 -0.809443 -0.587199
    outer loop
      vertex -4.44456 -35.0108 6.65176
      vertex -4.44456 -34.883 6.47559
      vertex -3.77117 -35.1758 6.87921
    endloop
  endfacet
  facet normal 9.20989e-05 -0.809443 -0.587199
    outer loop
      vertex -5.07515 -34.6716 6.18408
      vertex -4.44456 -34.883 6.47559
      vertex -4.44456 -35.0108 6.65176
    endloop
  endfacet
  facet normal 0.000107506 -0.809427 -0.587221
    outer loop
      vertex -5.07515 -34.6716 6.18408
      vertex -5.07515 -34.5438 6.00792
      vertex -4.44456 -34.883 6.47559
    endloop
  endfacet
  facet normal -9.52618e-06 -0.809427 -0.587221
    outer loop
      vertex -5.65685 -34.2891 5.65685
      vertex -5.07515 -34.5438 6.00792
      vertex -5.07515 -34.6716 6.18408
    endloop
  endfacet
  facet normal -9.52618e-06 -0.809427 -0.587221
    outer loop
      vertex -5.65685 -34.2891 5.65685
      vertex -5.65685 -34.1613 5.48069
      vertex -5.07515 -34.5438 6.00792
    endloop
  endfacet
  facet normal -0.000240725 -0.809427 -0.587221
    outer loop
      vertex -5.65685 -34.2891 5.65685
      vertex -5.79073 -34.0541 5.33298
      vertex -5.65685 -34.1613 5.48069
    endloop
  endfacet
  facet normal 0.000229705 -0.809335 -0.587348
    outer loop
      vertex -6.18408 -33.8671 5.07515
      vertex -5.79073 -34.0541 5.33298
      vertex -5.65685 -34.2891 5.65685
    endloop
  endfacet
  facet normal 8.04111e-05 -0.809443 -0.587199
    outer loop
      vertex -6.18408 -33.8671 5.07515
      vertex -6.18408 -33.7393 4.89898
      vertex -5.79073 -34.0541 5.33298
    endloop
  endfacet
  facet normal -8.22596e-05 -0.809443 -0.587199
    outer loop
      vertex -6.65176 -33.4096 4.44456
      vertex -6.18408 -33.7393 4.89898
      vertex -6.18408 -33.8671 5.07515
    endloop
  endfacet
  facet normal -0.000253276 -0.809526 -0.587083
    outer loop
      vertex -6.65176 -33.4096 4.44456
      vertex -6.52667 -33.4042 4.43706
      vertex -6.18408 -33.7393 4.89898
    endloop
  endfacet
  facet normal -0.000265795 -0.809427 -0.587221
    outer loop
      vertex -6.65176 -33.4096 4.44456
      vertex -6.65176 -33.2818 4.2684
      vertex -6.52667 -33.4042 4.43706
    endloop
  endfacet
  facet normal 5.78553e-05 -0.809427 -0.587221
    outer loop
      vertex -7.05537 -32.9211 3.77117
      vertex -6.65176 -33.2818 4.2684
      vertex -6.65176 -33.4096 4.44456
    endloop
  endfacet
  facet normal 5.78553e-05 -0.809427 -0.587221
    outer loop
      vertex -7.05537 -32.9211 3.77117
      vertex -7.05537 -32.7933 3.59501
      vertex -6.65176 -33.2818 4.2684
    endloop
  endfacet
  facet normal 0.000170998 -0.809427 -0.587221
    outer loop
      vertex -7.39104 -32.4063 3.06147
      vertex -7.05537 -32.7933 3.59501
      vertex -7.05537 -32.9211 3.77117
    endloop
  endfacet
  facet normal 0.000170998 -0.809427 -0.587221
    outer loop
      vertex -7.39104 -32.4063 3.06147
      vertex -7.39104 -32.2785 2.88531
      vertex -7.05537 -32.7933 3.59501
    endloop
  endfacet
  facet normal -0.00024235 -0.809427 -0.587221
    outer loop
      vertex -7.39104 -32.4063 3.06147
      vertex -7.46885 -32.1207 2.66783
      vertex -7.39104 -32.2785 2.88531
    endloop
  endfacet
  facet normal 6.13561e-05 -0.809398 -0.58726
    outer loop
      vertex -7.65552 -31.87 2.32228
      vertex -7.46885 -32.1207 2.66783
      vertex -7.39104 -32.4063 3.06147
    endloop
  endfacet
  facet normal -4.97711e-05 -0.809427 -0.587221
    outer loop
      vertex -7.65552 -31.87 2.32228
      vertex -7.65552 -31.7422 2.14612
      vertex -7.46885 -32.1207 2.66783
    endloop
  endfacet
  facet normal -2.48578e-05 -0.809427 -0.587221
    outer loop
      vertex -7.84628 -31.3175 1.56072
      vertex -7.65552 -31.7422 2.14612
      vertex -7.65552 -31.87 2.32228
    endloop
  endfacet
  facet normal -2.48578e-05 -0.809427 -0.587221
    outer loop
      vertex -7.84628 -31.3175 1.56072
      vertex -7.84628 -31.1897 1.38456
      vertex -7.65552 -31.7422 2.14612
    endloop
  endfacet
  facet normal 0.000653305 -0.809427 -0.58722
    outer loop
      vertex -7.96148 -30.7542 0.784137
      vertex -7.84628 -31.1897 1.38456
      vertex -7.84628 -31.3175 1.56072
    endloop
  endfacet
  facet normal 0.00061856 -0.80943 -0.587216
    outer loop
      vertex -7.96148 -30.7542 0.784137
      vertex -7.96148 -30.6264 0.607975
      vertex -7.84628 -31.1897 1.38456
    endloop
  endfacet
  facet normal -0.000698191 -0.80943 -0.587216
    outer loop
      vertex -8 -30.1853 0
      vertex -7.96148 -30.6264 0.607975
      vertex -7.96148 -30.7542 0.784137
    endloop
  endfacet
  facet normal -0.00252445 -0.809483 -0.587138
    outer loop
      vertex -7.96148 -30.6264 0.607975
      vertex -8 -30.1853 0
      vertex -7.98716 -30.2471 0.0851479
    endloop
  endfacet
  facet normal -0.00132168 -0.809398 -0.587259
    outer loop
      vertex -7.98716 -30.2471 0.0851479
      vertex -8 -30.1853 0
      vertex -7.99567 -30.1214 -0.0880809
    endloop
  endfacet
  facet normal 2.61283e-05 -0.809427 -0.587221
    outer loop
      vertex 0.784137 -35.961 7.96148
      vertex 0.784137 -35.8332 7.78532
      vertex 1.56072 -35.8774 7.84628
    endloop
  endfacet
  facet normal 2.61283e-05 -0.809427 -0.587221
    outer loop
      vertex 1.56072 -35.7496 7.67012
      vertex 1.56072 -35.8774 7.84628
      vertex 0.784137 -35.8332 7.78532
    endloop
  endfacet
  facet normal -3.76812e-05 -0.809427 -0.587221
    outer loop
      vertex 2.15408 -35.6418 7.52149
      vertex 1.56072 -35.8774 7.84628
      vertex 1.56072 -35.7496 7.67012
    endloop
  endfacet
  facet normal 4.75475e-05 -0.809501 -0.587119
    outer loop
      vertex 1.56072 -35.8774 7.84628
      vertex 2.15408 -35.6418 7.52149
      vertex 2.32228 -35.739 7.65552
    endloop
  endfacet
  facet normal 0.00017161 -0.809427 -0.587221
    outer loop
      vertex 2.32228 -35.6112 7.47936
      vertex 2.32228 -35.739 7.65552
      vertex 2.15408 -35.6418 7.52149
    endloop
  endfacet
  facet normal 2.83452e-05 -0.809427 -0.587221
    outer loop
      vertex 2.32228 -35.6112 7.47936
      vertex 3.06147 -35.5471 7.39104
      vertex 2.32228 -35.739 7.65552
    endloop
  endfacet
  facet normal 3.23285e-05 -0.809443 -0.587199
    outer loop
      vertex 3.06147 -35.4193 7.21487
      vertex 3.06147 -35.5471 7.39104
      vertex 2.32228 -35.6112 7.47936
    endloop
  endfacet
  facet normal -7.96962e-06 -0.809443 -0.587199
    outer loop
      vertex 3.06147 -35.4193 7.21487
      vertex 3.77117 -35.3036 7.05537
      vertex 3.06147 -35.5471 7.39104
    endloop
  endfacet
  facet normal -1.54607e-05 -0.809427 -0.587221
    outer loop
      vertex 3.77117 -35.1758 6.87921
      vertex 3.77117 -35.3036 7.05537
      vertex 3.06147 -35.4193 7.21487
    endloop
  endfacet
  facet normal -1.16681e-05 -0.809427 -0.587221
    outer loop
      vertex 3.77117 -35.1758 6.87921
      vertex 4.44456 -35.0108 6.65176
      vertex 3.77117 -35.3036 7.05537
    endloop
  endfacet
  facet normal -4.09391e-07 -0.809443 -0.587199
    outer loop
      vertex 4.44456 -34.883 6.47559
      vertex 4.44456 -35.0108 6.65176
      vertex 3.77117 -35.1758 6.87921
    endloop
  endfacet
  facet normal -9.20989e-05 -0.809443 -0.587199
    outer loop
      vertex 4.44456 -34.883 6.47559
      vertex 5.07515 -34.6716 6.18408
      vertex 4.44456 -35.0108 6.65176
    endloop
  endfacet
  facet normal -0.000107506 -0.809427 -0.587221
    outer loop
      vertex 5.07515 -34.5438 6.00792
      vertex 5.07515 -34.6716 6.18408
      vertex 4.44456 -34.883 6.47559
    endloop
  endfacet
  facet normal 9.52618e-06 -0.809427 -0.587221
    outer loop
      vertex 5.07515 -34.5438 6.00792
      vertex 5.65685 -34.2891 5.65685
      vertex 5.07515 -34.6716 6.18408
    endloop
  endfacet
  facet normal 9.52618e-06 -0.809427 -0.587221
    outer loop
      vertex 5.65685 -34.1613 5.48069
      vertex 5.65685 -34.2891 5.65685
      vertex 5.07515 -34.5438 6.00792
    endloop
  endfacet
  facet normal 0.000240725 -0.809427 -0.587221
    outer loop
      vertex 5.79073 -34.0541 5.33298
      vertex 5.65685 -34.2891 5.65685
      vertex 5.65685 -34.1613 5.48069
    endloop
  endfacet
  facet normal -0.000229705 -0.809335 -0.587348
    outer loop
      vertex 5.79073 -34.0541 5.33298
      vertex 6.18408 -33.8671 5.07515
      vertex 5.65685 -34.2891 5.65685
    endloop
  endfacet
  facet normal -8.04111e-05 -0.809443 -0.587199
    outer loop
      vertex 6.18408 -33.7393 4.89898
      vertex 6.18408 -33.8671 5.07515
      vertex 5.79073 -34.0541 5.33298
    endloop
  endfacet
  facet normal 8.22596e-05 -0.809443 -0.587199
    outer loop
      vertex 6.18408 -33.7393 4.89898
      vertex 6.65176 -33.4096 4.44456
      vertex 6.18408 -33.8671 5.07515
    endloop
  endfacet
  facet normal 0.000253276 -0.809526 -0.587083
    outer loop
      vertex 6.52667 -33.4042 4.43706
      vertex 6.65176 -33.4096 4.44456
      vertex 6.18408 -33.7393 4.89898
    endloop
  endfacet
  facet normal 0.000265795 -0.809427 -0.587221
    outer loop
      vertex 6.65176 -33.2818 4.2684
      vertex 6.65176 -33.4096 4.44456
      vertex 6.52667 -33.4042 4.43706
    endloop
  endfacet
  facet normal -5.78553e-05 -0.809427 -0.587221
    outer loop
      vertex 6.65176 -33.2818 4.2684
      vertex 7.05537 -32.9211 3.77117
      vertex 6.65176 -33.4096 4.44456
    endloop
  endfacet
  facet normal -5.78553e-05 -0.809427 -0.587221
    outer loop
      vertex 7.05537 -32.7933 3.59501
      vertex 7.05537 -32.9211 3.77117
      vertex 6.65176 -33.2818 4.2684
    endloop
  endfacet
  facet normal -0.000170998 -0.809427 -0.587221
    outer loop
      vertex 7.05537 -32.7933 3.59501
      vertex 7.39104 -32.4063 3.06147
      vertex 7.05537 -32.9211 3.77117
    endloop
  endfacet
  facet normal -0.000170998 -0.809427 -0.587221
    outer loop
      vertex 7.39104 -32.2785 2.88531
      vertex 7.39104 -32.4063 3.06147
      vertex 7.05537 -32.7933 3.59501
    endloop
  endfacet
  facet normal 0.00024235 -0.809427 -0.587221
    outer loop
      vertex 7.46885 -32.1207 2.66783
      vertex 7.39104 -32.4063 3.06147
      vertex 7.39104 -32.2785 2.88531
    endloop
  endfacet
  facet normal -6.13561e-05 -0.809398 -0.58726
    outer loop
      vertex 7.46885 -32.1207 2.66783
      vertex 7.65552 -31.87 2.32228
      vertex 7.39104 -32.4063 3.06147
    endloop
  endfacet
  facet normal 4.97711e-05 -0.809427 -0.587221
    outer loop
      vertex 7.65552 -31.7422 2.14612
      vertex 7.65552 -31.87 2.32228
      vertex 7.46885 -32.1207 2.66783
    endloop
  endfacet
  facet normal 2.48578e-05 -0.809427 -0.587221
    outer loop
      vertex 7.65552 -31.7422 2.14612
      vertex 7.84628 -31.3175 1.56072
      vertex 7.65552 -31.87 2.32228
    endloop
  endfacet
  facet normal 2.48578e-05 -0.809427 -0.587221
    outer loop
      vertex 7.84628 -31.1897 1.38456
      vertex 7.84628 -31.3175 1.56072
      vertex 7.65552 -31.7422 2.14612
    endloop
  endfacet
  facet normal -0.000653305 -0.809427 -0.58722
    outer loop
      vertex 7.84628 -31.1897 1.38456
      vertex 7.96148 -30.7542 0.784137
      vertex 7.84628 -31.3175 1.56072
    endloop
  endfacet
  facet normal -0.00061856 -0.80943 -0.587216
    outer loop
      vertex 7.96148 -30.6264 0.607975
      vertex 7.96148 -30.7542 0.784137
      vertex 7.84628 -31.1897 1.38456
    endloop
  endfacet
  facet normal 0.00252445 -0.809483 -0.587138
    outer loop
      vertex 8 -30.1853 0
      vertex 7.96148 -30.6264 0.607975
      vertex 7.98716 -30.2471 0.0851479
    endloop
  endfacet
  facet normal 0.000698191 -0.80943 -0.587216
    outer loop
      vertex 7.96148 -30.6264 0.607975
      vertex 8 -30.1853 0
      vertex 7.96148 -30.7542 0.784137
    endloop
  endfacet
  facet normal 0.00132168 -0.809398 -0.587259
    outer loop
      vertex 8 -30.1853 0
      vertex 7.98716 -30.2471 0.0851479
      vertex 7.99567 -30.1214 -0.0880809
    endloop
  endfacet
  facet normal 0.998791 -0.0467244 0.0152569
    outer loop
      vertex 7.97453 -34.922 -13.4044
      vertex 7.96148 -40.6775 -30.1763
      vertex 7.9757 -34.9029 -13.4225
    endloop
  endfacet
  facet normal 0.998795 -0.0466534 0.0152326
    outer loop
      vertex 7.96998 -34.9928 -13.3229
      vertex 7.96148 -40.6775 -30.1763
      vertex 7.97453 -34.922 -13.4044
    endloop
  endfacet
  facet normal 0.998796 -0.0466378 0.0152273
    outer loop
      vertex 7.96572 -35.0553 -13.2349
      vertex 7.96148 -40.6775 -30.1763
      vertex 7.96998 -34.9928 -13.3229
    endloop
  endfacet
  facet normal 0.998795 -0.0466593 0.0152345
    outer loop
      vertex 7.96179 -35.1088 -13.1411
      vertex 7.96148 -40.6775 -30.1763
      vertex 7.96572 -35.0553 -13.2349
    endloop
  endfacet
  facet normal 0.998809 -0.0463848 0.0151447
    outer loop
      vertex 7.96148 -40.6775 -30.1763
      vertex 7.96179 -35.1088 -13.1411
      vertex 7.96148 -35.1127 -13.1326
    endloop
  endfacet
  facet normal 0.998796 -0.0466279 0.015246
    outer loop
      vertex 7.96148 -30.5689 0.784137
      vertex 7.98746 -30.1277 0.431488
      vertex 7.96148 -30.5113 0.960299
    endloop
  endfacet
  facet normal 0.998795 -0.0466506 0.0152175
    outer loop
      vertex 7.98746 -30.1277 0.431488
      vertex 7.96148 -30.5689 0.784137
      vertex 7.98731 -30.1874 0.258318
    endloop
  endfacet
  facet normal 0.998796 -0.0466342 0.0152263
    outer loop
      vertex 7.96998 -34.4251 -11.584
      vertex 7.98716 -30.2471 0.0851479
      vertex 7.96148 -30.6264 0.607975
    endloop
  endfacet
  facet normal 0.998802 -0.046512 0.0151835
    outer loop
      vertex 7.98716 -30.2471 0.0851479
      vertex 7.97453 -34.3198 -11.56
      vertex 7.97728 -34.2582 -11.5522
    endloop
  endfacet
  facet normal 0.998796 -0.0466277 0.015224
    outer loop
      vertex 7.98716 -30.2471 0.0851479
      vertex 7.96998 -34.4251 -11.584
      vertex 7.97453 -34.3198 -11.56
    endloop
  endfacet
  facet normal 0.998796 -0.0466371 0.0152272
    outer loop
      vertex 7.96148 -30.6264 0.607975
      vertex 7.96572 -34.5275 -11.6182
      vertex 7.96998 -34.4251 -11.584
    endloop
  endfacet
  facet normal 0.998794 -0.046673 0.0152387
    outer loop
      vertex 7.96148 -30.6264 0.607975
      vertex 7.96179 -34.626 -11.6623
      vertex 7.96572 -34.5275 -11.6182
    endloop
  endfacet
  facet normal 0.998805 -0.046453 0.015167
    outer loop
      vertex 7.96179 -34.626 -11.6623
      vertex 7.96148 -30.6264 0.607975
      vertex 7.96148 -34.6342 -11.667
    endloop
  endfacet
  facet normal 0.998795 -0.0466518 0.0152325
    outer loop
      vertex 7.96148 -40.6775 -30.1763
      vertex 8 -34.4694 -13.6888
      vertex 7.9947 -34.5703 -13.6503
    endloop
  endfacet
  facet normal 0.998798 -0.04659 0.0152096
    outer loop
      vertex 7.96148 -40.6775 -30.1763
      vertex 7.9947 -34.5703 -13.6503
      vertex 7.98946 -34.6669 -13.6021
    endloop
  endfacet
  facet normal 0.998793 -0.0467007 0.0152498
    outer loop
      vertex 7.96148 -40.6775 -30.1763
      vertex 7.98946 -34.6669 -13.6021
      vertex 7.98431 -34.7583 -13.5447
    endloop
  endfacet
  facet normal 0.998796 -0.046631 0.015225
    outer loop
      vertex 7.96148 -40.6775 -30.1763
      vertex 7.98431 -34.7583 -13.5447
      vertex 7.97932 -34.8436 -13.4786
    endloop
  endfacet
  facet normal 0.998799 -0.0465843 0.0152086
    outer loop
      vertex 7.96148 -40.6775 -30.1763
      vertex 7.97932 -34.8436 -13.4786
      vertex 7.9757 -34.9029 -13.4225
    endloop
  endfacet
  facet normal 0.998795 -0.0466438 0.0152295
    outer loop
      vertex 8 -34.4694 -13.6888
      vertex 7.96148 -40.6775 -30.1763
      vertex 8 -39.9321 -30.4196
    endloop
  endfacet
  facet normal 0.998795 -0.0466498 0.0152172
    outer loop
      vertex 7.98731 -30.1874 0.258318
      vertex 8 -29.9425 0.176162
      vertex 7.98746 -30.1277 0.431488
    endloop
  endfacet
  facet normal 0.998795 -0.0466469 0.0152257
    outer loop
      vertex 8 -29.9425 0.176162
      vertex 7.98731 -30.1874 0.258318
      vertex 8 -30 0
    endloop
  endfacet
  facet normal 0.998793 -0.0466829 0.015242
    outer loop
      vertex 7.99567 -30.1214 -0.0880809
      vertex 8 -33.7866 -11.5975
      vertex 8 -30 0
    endloop
  endfacet
  facet normal 0.998796 -0.0466359 0.0152262
    outer loop
      vertex 7.97728 -34.2582 -11.5522
      vertex 7.99567 -30.1214 -0.0880809
      vertex 7.98716 -30.2471 0.0851479
    endloop
  endfacet
  facet normal 0.998793 -0.0466921 0.015245
    outer loop
      vertex 7.99567 -30.1214 -0.0880809
      vertex 7.9947 -33.8907 -11.5691
      vertex 8 -33.7866 -11.5975
    endloop
  endfacet
  facet normal 0.9988 -0.0465593 0.0152014
    outer loop
      vertex 7.99567 -30.1214 -0.0880809
      vertex 7.98946 -33.9972 -11.551
      vertex 7.9947 -33.8907 -11.5691
    endloop
  endfacet
  facet normal 0.998791 -0.0467269 0.015258
    outer loop
      vertex 7.99567 -30.1214 -0.0880809
      vertex 7.98431 -34.1048 -11.5434
      vertex 7.98946 -33.9972 -11.551
    endloop
  endfacet
  facet normal 0.998799 -0.0465706 0.0152037
    outer loop
      vertex 7.99567 -30.1214 -0.0880809
      vertex 7.97932 -34.2128 -11.5464
      vertex 7.98431 -34.1048 -11.5434
    endloop
  endfacet
  facet normal 0.998786 -0.0468337 0.0152976
    outer loop
      vertex 7.99567 -30.1214 -0.0880809
      vertex 7.97728 -34.2582 -11.5522
      vertex 7.97932 -34.2128 -11.5464
    endloop
  endfacet
  facet normal -0.000145155 -0.30994 -0.950756
    outer loop
      vertex -2.32228 -32.6546 -32.7957
      vertex -3.77117 -33.2251 -32.6095
      vertex -3.06147 -32.9061 -32.7136
    endloop
  endfacet
  facet normal 2.02472e-05 -0.31017 -0.950681
    outer loop
      vertex -1.56072 -47.3909 -27.9843
      vertex -2.32228 -47.2095 -28.0435
      vertex 0 -47.537 -27.9366
    endloop
  endfacet
  facet normal -0.998809 -0.0463848 0.0151447
    outer loop
      vertex -7.96179 -35.1088 -13.1411
      vertex -7.96148 -40.6775 -30.1763
      vertex -7.96148 -35.1127 -13.1326
    endloop
  endfacet
  facet normal -0.998795 -0.0466593 0.0152345
    outer loop
      vertex -7.96572 -35.0553 -13.2349
      vertex -7.96148 -40.6775 -30.1763
      vertex -7.96179 -35.1088 -13.1411
    endloop
  endfacet
  facet normal -0.998796 -0.0466378 0.0152273
    outer loop
      vertex -7.96998 -34.9928 -13.3229
      vertex -7.96148 -40.6775 -30.1763
      vertex -7.96572 -35.0553 -13.2349
    endloop
  endfacet
  facet normal -0.998795 -0.0466534 0.0152326
    outer loop
      vertex -7.97453 -34.922 -13.4044
      vertex -7.96148 -40.6775 -30.1763
      vertex -7.96998 -34.9928 -13.3229
    endloop
  endfacet
  facet normal -0.998791 -0.0467244 0.0152569
    outer loop
      vertex -7.96148 -40.6775 -30.1763
      vertex -7.97453 -34.922 -13.4044
      vertex -7.9757 -34.9029 -13.4225
    endloop
  endfacet
  facet normal -0.998795 -0.0466506 0.0152175
    outer loop
      vertex -7.96148 -30.5689 0.784137
      vertex -7.98746 -30.1277 0.431488
      vertex -7.98731 -30.1874 0.258318
    endloop
  endfacet
  facet normal -0.998796 -0.0466279 0.015246
    outer loop
      vertex -7.98746 -30.1277 0.431488
      vertex -7.96148 -30.5689 0.784137
      vertex -7.96148 -30.5113 0.960299
    endloop
  endfacet
  facet normal -0.998802 -0.046512 0.0151835
    outer loop
      vertex -7.97453 -34.3198 -11.56
      vertex -7.98716 -30.2471 0.0851479
      vertex -7.97728 -34.2582 -11.5522
    endloop
  endfacet
  facet normal -0.998796 -0.0466277 0.015224
    outer loop
      vertex -7.96998 -34.4251 -11.584
      vertex -7.98716 -30.2471 0.0851479
      vertex -7.97453 -34.3198 -11.56
    endloop
  endfacet
  facet normal -0.998796 -0.0466342 0.0152263
    outer loop
      vertex -7.98716 -30.2471 0.0851479
      vertex -7.96998 -34.4251 -11.584
      vertex -7.96148 -30.6264 0.607975
    endloop
  endfacet
  facet normal -0.998796 -0.0466371 0.0152272
    outer loop
      vertex -7.96572 -34.5275 -11.6182
      vertex -7.96148 -30.6264 0.607975
      vertex -7.96998 -34.4251 -11.584
    endloop
  endfacet
  facet normal -0.998794 -0.046673 0.0152387
    outer loop
      vertex -7.96179 -34.626 -11.6623
      vertex -7.96148 -30.6264 0.607975
      vertex -7.96572 -34.5275 -11.6182
    endloop
  endfacet
  facet normal -0.998805 -0.046453 0.015167
    outer loop
      vertex -7.96148 -30.6264 0.607975
      vertex -7.96179 -34.626 -11.6623
      vertex -7.96148 -34.6342 -11.667
    endloop
  endfacet
  facet normal 0 -0.310424 -0.950598
    outer loop
      vertex -2.32228 -47.2095 -28.0435
      vertex 4.44456 -46.2553 -28.3551
      vertex 2.32228 -47.2095 -28.0435
    endloop
  endfacet
  facet normal -0 -0.310424 -0.950598
    outer loop
      vertex 4.44456 -46.2553 -28.3551
      vertex -2.32228 -47.2095 -28.0435
      vertex -4.44456 -46.2553 -28.3551
    endloop
  endfacet
  facet normal 0.998794 0.0466755 -0.0152402
    outer loop
      vertex 7.98946 -34.2589 -13.7353
      vertex 8 -39.9321 -30.4196
      vertex 7.98584 -34.1832 -13.7407
    endloop
  endfacet
  facet normal 0.998797 0.0466142 -0.0152194
    outer loop
      vertex 7.9947 -34.3653 -13.7173
      vertex 8 -39.9321 -30.4196
      vertex 7.98946 -34.2589 -13.7353
    endloop
  endfacet
  facet normal 0.998794 0.0466786 -0.0152408
    outer loop
      vertex 8 -39.9321 -30.4196
      vertex 7.9947 -34.3653 -13.7173
      vertex 8 -34.4694 -13.6888
    endloop
  endfacet
  facet normal 0.998794 0.0466786 -0.0152361
    outer loop
      vertex 8 -30 0
      vertex 7.99567 -29.8786 0.0880809
      vertex 8 -29.9425 0.176162
    endloop
  endfacet
  facet normal 0.998796 0.0466426 -0.0152289
    outer loop
      vertex 8 -33.7866 -11.5975
      vertex 7.97462 -29.6252 -0.516635
      vertex 8 -30 0
    endloop
  endfacet
  facet normal 0.998919 0.044199 -0.0143863
    outer loop
      vertex 7.97462 -29.6252 -0.516635
      vertex 7.98431 -33.4978 -11.7416
      vertex 7.98415 -33.4949 -11.7438
    endloop
  endfacet
  facet normal 0.998793 0.0467009 -0.0152495
    outer loop
      vertex 7.97462 -29.6252 -0.516635
      vertex 7.98946 -33.5892 -11.6842
      vertex 7.98431 -33.4978 -11.7416
    endloop
  endfacet
  facet normal 0.998798 0.0465898 -0.0152101
    outer loop
      vertex 7.97462 -29.6252 -0.516635
      vertex 7.9947 -33.6858 -11.636
      vertex 7.98946 -33.5892 -11.6842
    endloop
  endfacet
  facet normal 0.998793 0.0466922 -0.0152475
    outer loop
      vertex 7.97462 -29.6252 -0.516635
      vertex 8 -33.7866 -11.5975
      vertex 7.9947 -33.6858 -11.636
    endloop
  endfacet
  facet normal 0.146869 0.940307 -0.307006
    outer loop
      vertex 1.09639 -26.4175 -14.5295
      vertex 0.784137 -24.2243 -7.96148
      vertex 1.20916 -24.2701 -7.89843
    endloop
  endfacet
  facet normal 0.146662 0.940333 -0.307024
    outer loop
      vertex 0.784137 -24.2243 -7.96148
      vertex 1.09639 -26.4175 -14.5295
      vertex 0.784137 -26.3735 -14.5439
    endloop
  endfacet
  facet normal -0.242947 -0.922132 0.30108
    outer loop
      vertex -1.56072 -35.7496 7.67012
      vertex -2.15408 -35.6418 7.52149
      vertex -1.56072 -47.3909 -27.9843
    endloop
  endfacet
  facet normal -0.242977 -0.922151 0.300997
    outer loop
      vertex -2.15995 -35.5257 7.87235
      vertex -1.56072 -35.6921 7.84628
      vertex -1.56072 -35.6346 8.02244
    endloop
  endfacet
  facet normal -0.242997 -0.922199 0.300835
    outer loop
      vertex -1.56072 -35.6921 7.84628
      vertex -2.15995 -35.5257 7.87235
      vertex -2.15702 -35.5837 7.69692
    endloop
  endfacet
  facet normal -0.000146684 -0.310232 -0.950661
    outer loop
      vertex 5.65685 -45.3096 -28.6639
      vertex 4.44456 -46.2553 -28.3551
      vertex 7.05537 -43.517 -29.2491
    endloop
  endfacet
  facet normal -0.998794 0.0466786 -0.0152408
    outer loop
      vertex -7.9947 -34.3653 -13.7173
      vertex -8 -39.9321 -30.4196
      vertex -8 -34.4694 -13.6888
    endloop
  endfacet
  facet normal -0.998797 0.0466142 -0.0152194
    outer loop
      vertex -7.98946 -34.2589 -13.7353
      vertex -8 -39.9321 -30.4196
      vertex -7.9947 -34.3653 -13.7173
    endloop
  endfacet
  facet normal -0.998794 0.0466755 -0.0152402
    outer loop
      vertex -8 -39.9321 -30.4196
      vertex -7.98946 -34.2589 -13.7353
      vertex -7.98584 -34.1832 -13.7407
    endloop
  endfacet
  facet normal -0.998794 0.0466786 -0.0152361
    outer loop
      vertex -7.99567 -29.8786 0.0880809
      vertex -8 -30 0
      vertex -8 -29.9425 0.176162
    endloop
  endfacet
  facet normal -0.998919 0.044199 -0.0143863
    outer loop
      vertex -7.98431 -33.4978 -11.7416
      vertex -7.97462 -29.6252 -0.516635
      vertex -7.98415 -33.4949 -11.7438
    endloop
  endfacet
  facet normal -0.998793 0.0467009 -0.0152495
    outer loop
      vertex -7.98946 -33.5892 -11.6842
      vertex -7.97462 -29.6252 -0.516635
      vertex -7.98431 -33.4978 -11.7416
    endloop
  endfacet
  facet normal -0.998798 0.0465898 -0.0152101
    outer loop
      vertex -7.9947 -33.6858 -11.636
      vertex -7.97462 -29.6252 -0.516635
      vertex -7.98946 -33.5892 -11.6842
    endloop
  endfacet
  facet normal -0.998793 0.0466922 -0.0152475
    outer loop
      vertex -8 -33.7866 -11.5975
      vertex -7.97462 -29.6252 -0.516635
      vertex -7.9947 -33.6858 -11.636
    endloop
  endfacet
  facet normal -0.998796 0.0466426 -0.0152289
    outer loop
      vertex -7.97462 -29.6252 -0.516635
      vertex -8 -33.7866 -11.5975
      vertex -8 -30 0
    endloop
  endfacet
  facet normal 0.514127 0.815353 -0.266218
    outer loop
      vertex 4.19064 -27.8463 -15.3253
      vertex 4.1 -29.3776 -20.1903
      vertex 3.77117 -27.6073 -15.4034
    endloop
  endfacet
  facet normal 0.514021 0.815415 -0.266235
    outer loop
      vertex 4.44456 -33.6088 -32.4842
      vertex 4.1 -29.3776 -20.1903
      vertex 4.19064 -27.8463 -15.3253
    endloop
  endfacet
  facet normal 0.513929 0.815466 -0.266256
    outer loop
      vertex 4.1 -29.3776 -20.1903
      vertex 4.44456 -33.6088 -32.4842
      vertex 4.1 -31.2399 -25.894
    endloop
  endfacet
  facet normal 0.514193 0.815321 -0.26619
    outer loop
      vertex 4.44456 -33.6088 -32.4842
      vertex 3.77117 -31.0525 -25.9552
      vertex 4.1 -31.2399 -25.894
    endloop
  endfacet
  facet normal 0.514127 0.815356 -0.26621
    outer loop
      vertex 3.77117 -31.0525 -25.9552
      vertex 4.44456 -33.6088 -32.4842
      vertex 3.77117 -33.2251 -32.6095
    endloop
  endfacet
  facet normal 0.514193 0.815318 -0.2662
    outer loop
      vertex 3.77117 -27.6073 -15.4034
      vertex 4.1 -29.3776 -20.1903
      vertex 3.77117 -29.1902 -20.2515
    endloop
  endfacet
  facet normal 0.514023 0.815412 -0.266241
    outer loop
      vertex 4.1738 -27.4643 -14.1877
      vertex 3.77117 -24.8817 -7.05537
      vertex 4.06564 -25.0097 -6.87887
    endloop
  endfacet
  facet normal 0.514088 0.815376 -0.266225
    outer loop
      vertex 3.77117 -24.8817 -7.05537
      vertex 4.1738 -27.4643 -14.1877
      vertex 3.77117 -27.2349 -14.2626
    endloop
  endfacet
  facet normal -0.671576 0.704344 -0.229969
    outer loop
      vertex -5.07515 -34.0534 -32.339
      vertex -5.2945 -28.6246 -15.0712
      vertex -5.07515 -28.4356 -15.1329
    endloop
  endfacet
  facet normal -0.671561 0.704359 -0.229967
    outer loop
      vertex -5.07515 -25.5138 -6.18408
      vertex -5.30904 -28.2646 -13.9264
      vertex -5.41126 -25.7348 -5.87945
    endloop
  endfacet
  facet normal -0.671534 0.704381 -0.229976
    outer loop
      vertex -5.30904 -28.2646 -13.9264
      vertex -5.07515 -25.5138 -6.18408
      vertex -5.07515 -28.0631 -13.9922
    endloop
  endfacet
  facet normal 0.803273 -0.566197 0.184863
    outer loop
      vertex 6.18408 -44.7566 -28.8444
      vertex 6.65176 -33.2818 4.2684
      vertex 6.52667 -33.4042 4.43706
    endloop
  endfacet
  facet normal 0.803226 -0.566257 0.184884
    outer loop
      vertex 6.65176 -33.2818 4.2684
      vertex 6.18408 -44.7566 -28.8444
      vertex 6.65176 -44.1571 -29.0401
    endloop
  endfacet
  facet normal 0.803143 -0.566319 0.185054
    outer loop
      vertex 6.52846 -33.3449 4.61081
      vertex 6.65176 -33.1668 4.62072
      vertex 6.53024 -33.2856 4.78456
    endloop
  endfacet
  facet normal 0.803179 -0.566333 0.184855
    outer loop
      vertex 6.65176 -33.1668 4.62072
      vertex 6.52846 -33.3449 4.61081
      vertex 6.65176 -33.2243 4.44456
    endloop
  endfacet
  facet normal -0.146856 0.940309 -0.307007
    outer loop
      vertex -1.1 -30.2357 -26.2219
      vertex -1.56072 -32.4733 -32.8549
      vertex -1.56072 -30.3007 -26.2006
    endloop
  endfacet
  facet normal -0.14679 0.940316 -0.307014
    outer loop
      vertex -1.56072 -32.4733 -32.8549
      vertex -1.1 -30.2357 -26.2219
      vertex -1.1 -32.4083 -32.8761
    endloop
  endfacet
  facet normal -0.146649 0.940336 -0.307022
    outer loop
      vertex -1.20916 -24.2701 -7.89843
      vertex -1.56072 -26.483 -14.5081
      vertex -1.56072 -24.3079 -7.84628
    endloop
  endfacet
  facet normal -0.146794 0.940318 -0.307008
    outer loop
      vertex -1.56072 -26.483 -14.5081
      vertex -1.20916 -24.2701 -7.89843
      vertex -1.09639 -26.4175 -14.5295
    endloop
  endfacet
  facet normal -0.14679 0.940319 -0.307007
    outer loop
      vertex -1.1 -26.7905 -15.67
      vertex -1.56072 -28.4384 -20.497
      vertex -1.56072 -26.8555 -15.6488
    endloop
  endfacet
  facet normal -0.14679 0.940319 -0.307007
    outer loop
      vertex -1.56072 -28.4384 -20.497
      vertex -1.1 -26.7905 -15.67
      vertex -1.1 -28.3734 -20.5182
    endloop
  endfacet
  facet normal -0.989178 0.139463 -0.045583
    outer loop
      vertex -7.84628 -32.8306 -13.6979
      vertex -7.94212 -33.4483 -13.508
      vertex -7.94113 -33.4385 -13.4995
    endloop
  endfacet
  facet normal -0.989178 0.139492 -0.0454897
    outer loop
      vertex -7.84628 -32.8306 -13.6979
      vertex -7.95166 -33.5363 -13.5704
      vertex -7.94212 -33.4483 -13.508
    endloop
  endfacet
  facet normal -0.989177 0.139485 -0.0455263
    outer loop
      vertex -7.84628 -32.8306 -13.6979
      vertex -7.96148 -33.6219 -13.6193
      vertex -7.95166 -33.5363 -13.5704
    endloop
  endfacet
  facet normal -0.989177 0.139484 -0.0455415
    outer loop
      vertex -7.84628 -38.4484 -30.904
      vertex -7.96148 -33.6219 -13.6193
      vertex -7.84628 -32.8306 -13.6979
    endloop
  endfacet
  facet normal -0.989177 0.13948 -0.0455404
    outer loop
      vertex -7.96148 -33.6219 -13.6193
      vertex -7.84628 -38.4484 -30.904
      vertex -7.96148 -39.1867 -30.663
    endloop
  endfacet
  facet normal -0.989178 0.139476 -0.0455384
    outer loop
      vertex -7.96148 -33.1434 -12.1538
      vertex -7.84628 -28.8678 -1.56072
      vertex -7.84628 -32.4581 -12.5572
    endloop
  endfacet
  facet normal -0.989179 0.139442 -0.0456275
    outer loop
      vertex -7.94212 -33.0689 -12.3461
      vertex -7.84628 -32.4581 -12.5572
      vertex -7.94113 -33.066 -12.3587
    endloop
  endfacet
  facet normal -0.989178 0.139458 -0.045579
    outer loop
      vertex -7.95166 -33.1031 -12.2437
      vertex -7.84628 -32.4581 -12.5572
      vertex -7.94212 -33.0689 -12.3461
    endloop
  endfacet
  facet normal -0.989177 0.139486 -0.0455222
    outer loop
      vertex -7.96148 -33.1434 -12.1538
      vertex -7.84628 -32.4581 -12.5572
      vertex -7.95166 -33.1031 -12.2437
    endloop
  endfacet
  facet normal -0.989174 0.139501 -0.0455483
    outer loop
      vertex -7.84628 -28.8678 -1.56072
      vertex -7.96148 -33.1434 -12.1538
      vertex -7.96148 -29.4311 -0.784137
    endloop
  endfacet
  facet normal 0.514127 0.815355 -0.266214
    outer loop
      vertex 4.44456 -33.6088 -32.4842
      vertex 4.19064 -27.8463 -15.3253
      vertex 4.44456 -27.991 -15.2781
    endloop
  endfacet
  facet normal 0.51416 0.815337 -0.266205
    outer loop
      vertex 4.44456 -27.6185 -14.1373
      vertex 4.06564 -25.0097 -6.87887
      vertex 4.44456 -25.1745 -6.65176
    endloop
  endfacet
  facet normal 0.513964 0.815445 -0.266253
    outer loop
      vertex 4.06564 -25.0097 -6.87887
      vertex 4.44456 -27.6185 -14.1373
      vertex 4.1738 -27.4643 -14.1877
    endloop
  endfacet
  facet normal 0.740922 -0.638423 0.208447
    outer loop
      vertex 6.18408 -33.7393 4.89898
      vertex 5.79073 -34.0541 5.33298
      vertex 6.18408 -44.7566 -28.8444
    endloop
  endfacet
  facet normal 0.741038 -0.638274 0.208489
    outer loop
      vertex 5.78868 -33.9983 5.51141
      vertex 6.18408 -33.6242 5.25131
      vertex 5.78663 -33.9424 5.68983
    endloop
  endfacet
  facet normal 0.741068 -0.638181 0.208669
    outer loop
      vertex 6.18408 -33.6242 5.25131
      vertex 5.78868 -33.9983 5.51141
      vertex 6.18408 -33.6818 5.07515
    endloop
  endfacet
  facet normal -1.98097e-05 -0.310384 -0.950611
    outer loop
      vertex 3.06147 -46.9581 -28.1256
      vertex 2.32228 -47.2095 -28.0435
      vertex 4.44456 -46.2553 -28.3551
    endloop
  endfacet
  facet normal -0.00123393 -0.310349 -0.950622
    outer loop
      vertex -7.96148 -40.6775 -30.1763
      vertex -8 -39.9321 -30.4196
      vertex -7.96148 -39.1867 -30.663
    endloop
  endfacet
  facet normal -0.000370292 -0.310596 -0.950542
    outer loop
      vertex -6.65176 -44.1571 -29.0401
      vertex -7.05537 -43.517 -29.2491
      vertex -5.65685 -45.3096 -28.6639
    endloop
  endfacet
  facet normal 0.000495588 -0.310242 -0.950658
    outer loop
      vertex 7.96148 -39.1867 -30.663
      vertex 7.39104 -37.0218 -31.3698
      vertex 7.84628 -38.4484 -30.904
    endloop
  endfacet
  facet normal 3.62165e-05 -0.310344 -0.950624
    outer loop
      vertex 6.65176 -35.707 -31.7991
      vertex 5.07515 -34.0534 -32.339
      vertex 6.18408 -35.1076 -31.9948
    endloop
  endfacet
  facet normal 0.803262 0.56621 -0.184868
    outer loop
      vertex 6.65176 -35.707 -31.7991
      vertex 6.4754 -29.8631 -14.6668
      vertex 6.65176 -30.0892 -14.593
    endloop
  endfacet
  facet normal 0.80324 0.566239 -0.184875
    outer loop
      vertex 6.65176 -29.7167 -13.4523
      vertex 6.37404 -26.504 -4.81902
      vertex 6.65176 -26.7757 -4.44456
    endloop
  endfacet
  facet normal 0.803172 0.566324 -0.184909
    outer loop
      vertex 6.37404 -26.504 -4.81902
      vertex 6.65176 -29.7167 -13.4523
      vertex 6.46371 -29.4757 -13.531
    endloop
  endfacet
  facet normal 0.336964 0.895021 -0.29222
    outer loop
      vertex 2.43008 -30.5187 -26.1295
      vertex 2.32228 -32.6546 -32.7957
      vertex 2.32228 -30.482 -26.1414
    endloop
  endfacet
  facet normal 0.336817 0.89507 -0.29224
    outer loop
      vertex 2.61949 -26.7654 -14.4159
      vertex 2.32228 -24.4463 -7.65552
      vertex 2.73118 -24.5524 -7.50921
    endloop
  endfacet
  facet normal 0.33664 0.895128 -0.292267
    outer loop
      vertex 2.32228 -24.4463 -7.65552
      vertex 2.61949 -26.7654 -14.4159
      vertex 2.32228 -26.6644 -14.4489
    endloop
  endfacet
  facet normal 0.336823 0.895067 -0.292241
    outer loop
      vertex 2.52247 -28.6878 -20.4155
      vertex 2.32228 -27.0368 -15.5896
      vertex 2.60101 -27.1316 -15.5587
    endloop
  endfacet
  facet normal 0.337011 0.895006 -0.292213
    outer loop
      vertex 2.32228 -27.0368 -15.5896
      vertex 2.52247 -28.6878 -20.4155
      vertex 2.32228 -28.6197 -20.4378
    endloop
  endfacet
  facet normal -0.000495588 -0.310242 -0.950658
    outer loop
      vertex -7.39104 -37.0218 -31.3698
      vertex -7.96148 -39.1867 -30.663
      vertex -7.84628 -38.4484 -30.904
    endloop
  endfacet
  facet normal 0.000759872 -0.311101 -0.950377
    outer loop
      vertex -5.07515 -34.0534 -32.339
      vertex -6.18408 -35.1076 -31.9948
      vertex -5.65685 -34.5546 -32.1754
    endloop
  endfacet
  facet normal 2.86241e-05 -0.310402 -0.950605
    outer loop
      vertex -6.65176 -35.707 -31.7991
      vertex -7.39104 -37.0218 -31.3698
      vertex -7.05537 -36.3471 -31.5901
    endloop
  endfacet
  facet normal -0.146869 0.940307 -0.307006
    outer loop
      vertex -0.784137 -24.2243 -7.96148
      vertex -1.09639 -26.4175 -14.5295
      vertex -1.20916 -24.2701 -7.89843
    endloop
  endfacet
  facet normal -0.146662 0.940333 -0.307024
    outer loop
      vertex -1.09639 -26.4175 -14.5295
      vertex -0.784137 -24.2243 -7.96148
      vertex -0.784137 -26.3735 -14.5439
    endloop
  endfacet
  facet normal -0.595726 0.763522 -0.24929
    outer loop
      vertex -4.44456 -27.991 -15.2781
      vertex -5.07515 -34.0534 -32.339
      vertex -5.07515 -28.4356 -15.1329
    endloop
  endfacet
  facet normal -0.595726 0.763522 -0.24929
    outer loop
      vertex -5.07515 -34.0534 -32.339
      vertex -4.44456 -27.991 -15.2781
      vertex -4.44456 -33.6088 -32.4842
    endloop
  endfacet
  facet normal -0.595716 0.76353 -0.249288
    outer loop
      vertex -4.44456 -25.1745 -6.65176
      vertex -5.07515 -28.0631 -13.9922
      vertex -5.07515 -25.5138 -6.18408
    endloop
  endfacet
  facet normal -0.5957 0.763541 -0.249293
    outer loop
      vertex -5.07515 -28.0631 -13.9922
      vertex -4.44456 -25.1745 -6.65176
      vertex -4.44456 -27.6185 -14.1373
    endloop
  endfacet
  facet normal -0.740953 -0.63839 0.208437
    outer loop
      vertex -5.65685 -45.3096 -28.6639
      vertex -5.79073 -34.0541 5.33298
      vertex -6.18408 -44.7566 -28.8444
    endloop
  endfacet
  facet normal -0.741037 -0.638303 0.208408
    outer loop
      vertex -5.79073 -34.0541 5.33298
      vertex -5.65685 -45.3096 -28.6639
      vertex -5.65685 -34.1613 5.48069
    endloop
  endfacet
  facet normal -0.740933 -0.638385 0.208523
    outer loop
      vertex -5.65685 -34.1038 5.65685
      vertex -5.78663 -33.9424 5.68983
      vertex -5.78868 -33.9983 5.51141
    endloop
  endfacet
  facet normal -0.740879 -0.638383 0.208724
    outer loop
      vertex -5.78663 -33.9424 5.68983
      vertex -5.65685 -34.1038 5.65685
      vertex -5.65685 -34.0462 5.83302
    endloop
  endfacet
  facet normal 0.857728 -0.488715 0.159566
    outer loop
      vertex 6.65176 -44.1571 -29.0401
      vertex 7.05537 -32.7933 3.59501
      vertex 6.65176 -33.2818 4.2684
    endloop
  endfacet
  facet normal 0.85772 -0.488727 0.159571
    outer loop
      vertex 7.05537 -32.7933 3.59501
      vertex 6.65176 -44.1571 -29.0401
      vertex 7.05537 -43.517 -29.2491
    endloop
  endfacet
  facet normal 0.857713 -0.488752 0.159532
    outer loop
      vertex 6.65176 -33.2243 4.44456
      vertex 7.05537 -32.6783 3.94734
      vertex 6.65176 -33.1668 4.62072
    endloop
  endfacet
  facet normal 0.857711 -0.488757 0.159525
    outer loop
      vertex 7.05537 -32.6783 3.94734
      vertex 6.65176 -33.2243 4.44456
      vertex 7.05537 -32.7358 3.77117
    endloop
  endfacet
  facet normal -0.336922 -0.895034 0.292231
    outer loop
      vertex -3.06147 -35.4193 7.21487
      vertex -2.32228 -47.2095 -28.0435
      vertex -2.32228 -35.6112 7.47936
    endloop
  endfacet
  facet normal -0.336867 -0.895052 0.292238
    outer loop
      vertex -2.32228 -47.2095 -28.0435
      vertex -3.06147 -35.4193 7.21487
      vertex -3.06147 -46.9581 -28.1256
    endloop
  endfacet
  facet normal -0.3369 -0.895066 0.292157
    outer loop
      vertex -3.06147 -35.3043 7.5672
      vertex -2.32228 -35.5537 7.65552
      vertex -2.32228 -35.4962 7.83168
    endloop
  endfacet
  facet normal -0.3369 -0.895066 0.292157
    outer loop
      vertex -2.32228 -35.5537 7.65552
      vertex -3.06147 -35.3043 7.5672
      vertex -3.06147 -35.3618 7.39104
    endloop
  endfacet
  facet normal 0.000146571 -0.309845 -0.950787
    outer loop
      vertex 1.1 -32.4235 -32.8712
      vertex 1.56072 -32.4733 -32.8549
      vertex 2.32228 -32.6546 -32.7957
    endloop
  endfacet
  facet normal 0.000508302 -0.30682 -0.951767
    outer loop
      vertex 1.56072 -32.4733 -32.8549
      vertex 1.1 -32.4235 -32.8712
      vertex 1.1 -32.4083 -32.8761
    endloop
  endfacet
  facet normal 1.68616e-05 -0.310379 -0.950613
    outer loop
      vertex 7.05537 -43.517 -29.2491
      vertex 6.65176 -35.707 -31.7991
      vertex 7.39104 -37.0218 -31.3698
    endloop
  endfacet
  facet normal 0.94155 -0.320237 0.104559
    outer loop
      vertex 7.65552 -31.7422 2.14612
      vertex 7.46885 -32.1207 2.66783
      vertex 7.65552 -42.1397 -29.6988
    endloop
  endfacet
  facet normal 0.941564 -0.320162 0.104663
    outer loop
      vertex 7.46782 -32.0653 2.84688
      vertex 7.65552 -31.6272 2.49844
      vertex 7.46679 -32.0098 3.02592
    endloop
  endfacet
  facet normal 0.941546 -0.320256 0.104534
    outer loop
      vertex 7.65552 -31.6272 2.49844
      vertex 7.46782 -32.0653 2.84688
      vertex 7.65552 -31.6847 2.32228
    endloop
  endfacet
  facet normal -0.000266448 -0.310349 -0.950623
    outer loop
      vertex 7.96148 -40.6775 -30.1763
      vertex 7.39104 -42.8423 -29.4694
      vertex 7.96148 -39.1867 -30.663
    endloop
  endfacet
  facet normal -0.941534 -0.320279 0.104572
    outer loop
      vertex -7.39104 -42.8423 -29.4694
      vertex -7.46885 -32.1207 2.66783
      vertex -7.65552 -42.1397 -29.6988
    endloop
  endfacet
  facet normal -0.941565 -0.320196 0.104544
    outer loop
      vertex -7.46885 -32.1207 2.66783
      vertex -7.39104 -42.8423 -29.4694
      vertex -7.39104 -32.2785 2.88531
    endloop
  endfacet
  facet normal -0.941539 -0.320228 0.104683
    outer loop
      vertex -7.39104 -32.2209 3.06147
      vertex -7.46679 -32.0098 3.02592
      vertex -7.46782 -32.0653 2.84688
    endloop
  endfacet
  facet normal -0.941546 -0.320256 0.104534
    outer loop
      vertex -7.46679 -32.0098 3.02592
      vertex -7.39104 -32.2209 3.06147
      vertex -7.39104 -32.1634 3.23763
    endloop
  endfacet
  facet normal 0.803202 -0.566287 0.184894
    outer loop
      vertex 6.18408 -33.7393 4.89898
      vertex 6.18408 -44.7566 -28.8444
      vertex 6.52667 -33.4042 4.43706
    endloop
  endfacet
  facet normal 0.803298 -0.566085 0.185096
    outer loop
      vertex 6.18408 -33.6818 5.07515
      vertex 6.53024 -33.2856 4.78456
      vertex 6.18408 -33.6242 5.25131
    endloop
  endfacet
  facet normal 0.80328 -0.566144 0.184993
    outer loop
      vertex 6.53024 -33.2856 4.78456
      vertex 6.18408 -33.6818 5.07515
      vertex 6.52846 -33.3449 4.61081
    endloop
  endfacet
  facet normal 0.903974 -0.406469 0.132713
    outer loop
      vertex 7.05537 -43.517 -29.2491
      vertex 7.39104 -32.2785 2.88531
      vertex 7.05537 -32.7933 3.59501
    endloop
  endfacet
  facet normal 0.903999 -0.406421 0.132696
    outer loop
      vertex 7.39104 -32.2785 2.88531
      vertex 7.05537 -43.517 -29.2491
      vertex 7.39104 -42.8423 -29.4694
    endloop
  endfacet
  facet normal 0.903985 -0.406462 0.132665
    outer loop
      vertex 7.05537 -32.7358 3.77117
      vertex 7.39104 -32.1634 3.23763
      vertex 7.05537 -32.6783 3.94734
    endloop
  endfacet
  facet normal 0.903986 -0.406457 0.132671
    outer loop
      vertex 7.39104 -32.1634 3.23763
      vertex 7.05537 -32.7358 3.77117
      vertex 7.39104 -32.2209 3.06147
    endloop
  endfacet
  facet normal 0.989178 0.139463 -0.045583
    outer loop
      vertex 7.94212 -33.4483 -13.508
      vertex 7.84628 -32.8306 -13.6979
      vertex 7.94113 -33.4385 -13.4995
    endloop
  endfacet
  facet normal 0.989178 0.139492 -0.0454897
    outer loop
      vertex 7.95166 -33.5363 -13.5704
      vertex 7.84628 -32.8306 -13.6979
      vertex 7.94212 -33.4483 -13.508
    endloop
  endfacet
  facet normal 0.989177 0.139485 -0.0455263
    outer loop
      vertex 7.96148 -33.6219 -13.6193
      vertex 7.84628 -32.8306 -13.6979
      vertex 7.95166 -33.5363 -13.5704
    endloop
  endfacet
  facet normal 0.989177 0.139484 -0.0455415
    outer loop
      vertex 7.96148 -33.6219 -13.6193
      vertex 7.84628 -38.4484 -30.904
      vertex 7.84628 -32.8306 -13.6979
    endloop
  endfacet
  facet normal 0.989177 0.13948 -0.0455404
    outer loop
      vertex 7.84628 -38.4484 -30.904
      vertex 7.96148 -33.6219 -13.6193
      vertex 7.96148 -39.1867 -30.663
    endloop
  endfacet
  facet normal 0.989174 0.139501 -0.0455483
    outer loop
      vertex 7.96148 -33.1434 -12.1538
      vertex 7.84628 -28.8678 -1.56072
      vertex 7.96148 -29.4311 -0.784137
    endloop
  endfacet
  facet normal 0.989178 0.139476 -0.0455384
    outer loop
      vertex 7.84628 -28.8678 -1.56072
      vertex 7.96148 -33.1434 -12.1538
      vertex 7.84628 -32.4581 -12.5572
    endloop
  endfacet
  facet normal 0.989179 0.139442 -0.0456275
    outer loop
      vertex 7.84628 -32.4581 -12.5572
      vertex 7.94212 -33.0689 -12.3461
      vertex 7.94113 -33.066 -12.3587
    endloop
  endfacet
  facet normal 0.989178 0.139458 -0.045579
    outer loop
      vertex 7.84628 -32.4581 -12.5572
      vertex 7.95166 -33.1031 -12.2437
      vertex 7.94212 -33.0689 -12.3461
    endloop
  endfacet
  facet normal 0.989177 0.139486 -0.0455222
    outer loop
      vertex 7.84628 -32.4581 -12.5572
      vertex 7.96148 -33.1434 -12.1538
      vertex 7.95166 -33.1031 -12.2437
    endloop
  endfacet
  facet normal 0.336851 0.895056 -0.292245
    outer loop
      vertex 3.06147 -32.9061 -32.7136
      vertex 2.43008 -30.5187 -26.1295
      vertex 3.06147 -30.7334 -26.0593
    endloop
  endfacet
  facet normal 0.336974 0.895017 -0.292219
    outer loop
      vertex 2.43008 -30.5187 -26.1295
      vertex 3.06147 -32.9061 -32.7136
      vertex 2.32228 -32.6546 -32.7957
    endloop
  endfacet
  facet normal 0.337042 0.894993 -0.292217
    outer loop
      vertex 3.06147 -26.9158 -14.3668
      vertex 2.73118 -24.5524 -7.50921
      vertex 3.06147 -24.6382 -7.39104
    endloop
  endfacet
  facet normal 0.33702 0.895 -0.292221
    outer loop
      vertex 2.73118 -24.5524 -7.50921
      vertex 3.06147 -26.9158 -14.3668
      vertex 2.61949 -26.7654 -14.4159
    endloop
  endfacet
  facet normal 0.336894 0.89504 -0.292242
    outer loop
      vertex 3.06147 -28.8712 -20.3557
      vertex 2.60101 -27.1316 -15.5587
      vertex 3.06147 -27.2882 -15.5075
    endloop
  endfacet
  facet normal 0.336961 0.89502 -0.292228
    outer loop
      vertex 2.60101 -27.1316 -15.5587
      vertex 3.06147 -28.8712 -20.3557
      vertex 2.52247 -28.6878 -20.4155
    endloop
  endfacet
  facet normal -0.000508302 -0.30682 -0.951767
    outer loop
      vertex -1.1 -32.4235 -32.8712
      vertex -1.56072 -32.4733 -32.8549
      vertex -1.1 -32.4083 -32.8761
    endloop
  endfacet
  facet normal -0.000146571 -0.309845 -0.950787
    outer loop
      vertex -1.56072 -32.4733 -32.8549
      vertex -1.1 -32.4235 -32.8712
      vertex -2.32228 -32.6546 -32.7957
    endloop
  endfacet
  facet normal -3.62165e-05 -0.310344 -0.950624
    outer loop
      vertex -5.07515 -34.0534 -32.339
      vertex -6.65176 -35.707 -31.7991
      vertex -6.18408 -35.1076 -31.9948
    endloop
  endfacet
  facet normal -0.740916 0.63843 -0.208448
    outer loop
      vertex -5.65685 -34.5546 -32.1754
      vertex -6.18408 -29.4897 -14.7887
      vertex -5.65685 -28.9368 -14.9693
    endloop
  endfacet
  facet normal -0.740971 0.638371 -0.208432
    outer loop
      vertex -6.18408 -29.4897 -14.7887
      vertex -5.65685 -34.5546 -32.1754
      vertex -6.18408 -35.1076 -31.9948
    endloop
  endfacet
  facet normal -0.740953 0.63839 -0.208439
    outer loop
      vertex -6.18408 -29.1173 -13.648
      vertex -5.65685 -25.8962 -5.65685
      vertex -5.65685 -28.5643 -13.8285
    endloop
  endfacet
  facet normal -0.74095 0.638393 -0.20844
    outer loop
      vertex -5.65685 -25.8962 -5.65685
      vertex -6.18408 -29.1173 -13.648
      vertex -6.18408 -26.3182 -5.07515
    endloop
  endfacet
  facet normal -0.671552 0.704364 -0.229975
    outer loop
      vertex -5.2945 -28.6246 -15.0712
      vertex -5.65685 -34.5546 -32.1754
      vertex -5.65685 -28.9368 -14.9693
    endloop
  endfacet
  facet normal -0.671561 0.704357 -0.229972
    outer loop
      vertex -5.65685 -34.5546 -32.1754
      vertex -5.2945 -28.6246 -15.0712
      vertex -5.07515 -34.0534 -32.339
    endloop
  endfacet
  facet normal -0.671443 0.704457 -0.23001
    outer loop
      vertex -5.41126 -25.7348 -5.87945
      vertex -5.65685 -28.5643 -13.8285
      vertex -5.65685 -25.8962 -5.65685
    endloop
  endfacet
  facet normal -0.671615 0.704311 -0.229953
    outer loop
      vertex -5.65685 -28.5643 -13.8285
      vertex -5.41126 -25.7348 -5.87945
      vertex -5.30904 -28.2646 -13.9264
    endloop
  endfacet
  facet normal -0.998769 0.0471588 -0.0153974
    outer loop
      vertex -7.96148 -39.1867 -30.663
      vertex -7.96179 -33.63 -13.624
      vertex -7.96148 -33.6219 -13.6193
    endloop
  endfacet
  facet normal -0.998797 0.0466178 -0.015221
    outer loop
      vertex -7.96148 -39.1867 -30.663
      vertex -7.96572 -33.7286 -13.6681
      vertex -7.96179 -33.63 -13.624
    endloop
  endfacet
  facet normal -0.998793 0.0466881 -0.0152436
    outer loop
      vertex -7.96148 -39.1867 -30.663
      vertex -7.96998 -33.8309 -13.7023
      vertex -7.96572 -33.7286 -13.6681
    endloop
  endfacet
  facet normal -0.998796 0.0466279 -0.0152246
    outer loop
      vertex -7.96148 -39.1867 -30.663
      vertex -7.97453 -33.9362 -13.7263
      vertex -7.96998 -33.8309 -13.7023
    endloop
  endfacet
  facet normal -0.998798 0.0466031 -0.0152169
    outer loop
      vertex -7.96148 -39.1867 -30.663
      vertex -7.97932 -34.0433 -13.7399
      vertex -7.97453 -33.9362 -13.7263
    endloop
  endfacet
  facet normal -0.998797 0.0466141 -0.0152202
    outer loop
      vertex -7.96148 -39.1867 -30.663
      vertex -7.98431 -34.1512 -13.7429
      vertex -7.97932 -34.0433 -13.7399
    endloop
  endfacet
  facet normal -0.998792 0.0467065 -0.0152477
    outer loop
      vertex -7.96148 -39.1867 -30.663
      vertex -7.98584 -34.1832 -13.7407
      vertex -7.98431 -34.1512 -13.7429
    endloop
  endfacet
  facet normal -0.998796 0.046642 -0.0152287
    outer loop
      vertex -7.98584 -34.1832 -13.7407
      vertex -7.96148 -39.1867 -30.663
      vertex -8 -39.9321 -30.4196
    endloop
  endfacet
  facet normal -0.998784 0.046856 -0.0152989
    outer loop
      vertex -7.96179 -33.1472 -12.1452
      vertex -7.96148 -29.4311 -0.784137
      vertex -7.96148 -33.1434 -12.1538
    endloop
  endfacet
  facet normal -0.998795 0.0466591 -0.0152345
    outer loop
      vertex -7.96572 -33.2007 -12.0514
      vertex -7.96148 -29.4311 -0.784137
      vertex -7.96179 -33.1472 -12.1452
    endloop
  endfacet
  facet normal -0.998796 0.0466378 -0.0152274
    outer loop
      vertex -7.96998 -33.2632 -11.9634
      vertex -7.96148 -29.4311 -0.784137
      vertex -7.96572 -33.2007 -12.0514
    endloop
  endfacet
  facet normal -0.998795 0.0466533 -0.0152327
    outer loop
      vertex -7.97453 -33.334 -11.8819
      vertex -7.96148 -29.4311 -0.784137
      vertex -7.96998 -33.2632 -11.9634
    endloop
  endfacet
  facet normal -0.998797 0.0466184 -0.0152204
    outer loop
      vertex -7.97932 -33.4124 -11.8077
      vertex -7.96148 -29.4311 -0.784137
      vertex -7.97453 -33.334 -11.8819
    endloop
  endfacet
  facet normal -0.998794 0.0466712 -0.0152395
    outer loop
      vertex -7.98415 -33.4949 -11.7438
      vertex -7.96148 -29.4311 -0.784137
      vertex -7.97932 -33.4124 -11.8077
    endloop
  endfacet
  facet normal -0.998796 0.0466327 -0.0152252
    outer loop
      vertex -7.96148 -29.4311 -0.784137
      vertex -7.98415 -33.4949 -11.7438
      vertex -7.97462 -29.6252 -0.516635
    endloop
  endfacet
  facet normal -0.336964 0.895021 -0.29222
    outer loop
      vertex -2.32228 -32.6546 -32.7957
      vertex -2.43008 -30.5187 -26.1295
      vertex -2.32228 -30.482 -26.1414
    endloop
  endfacet
  facet normal -0.336817 0.89507 -0.29224
    outer loop
      vertex -2.32228 -24.4463 -7.65552
      vertex -2.61949 -26.7654 -14.4159
      vertex -2.73118 -24.5524 -7.50921
    endloop
  endfacet
  facet normal -0.33664 0.895128 -0.292267
    outer loop
      vertex -2.61949 -26.7654 -14.4159
      vertex -2.32228 -24.4463 -7.65552
      vertex -2.32228 -26.6644 -14.4489
    endloop
  endfacet
  facet normal -0.336823 0.895067 -0.292241
    outer loop
      vertex -2.32228 -27.0368 -15.5896
      vertex -2.52247 -28.6878 -20.4155
      vertex -2.60101 -27.1316 -15.5587
    endloop
  endfacet
  facet normal -0.337011 0.895006 -0.292213
    outer loop
      vertex -2.52247 -28.6878 -20.4155
      vertex -2.32228 -27.0368 -15.5896
      vertex -2.32228 -28.6197 -20.4378
    endloop
  endfacet
  facet normal -0.243576 0.921985 -0.301024
    outer loop
      vertex -2.21122 -30.4555 -26.1501
      vertex -2.32228 -32.6546 -32.7957
      vertex -2.32228 -30.482 -26.1414
    endloop
  endfacet
  facet normal -0.242922 0.922137 -0.301086
    outer loop
      vertex -1.90389 -24.3703 -7.76032
      vertex -2.32228 -26.6644 -14.4489
      vertex -2.32228 -24.4463 -7.65552
    endloop
  endfacet
  facet normal -0.243219 0.922072 -0.301045
    outer loop
      vertex -2.32228 -26.6644 -14.4489
      vertex -1.90389 -24.3703 -7.76032
      vertex -2.01607 -26.5914 -14.4727
    endloop
  endfacet
  facet normal -0.243114 0.922096 -0.301057
    outer loop
      vertex -2.03511 -26.9684 -15.612
      vertex -2.32228 -28.6197 -20.4378
      vertex -2.32228 -27.0368 -15.5896
    endloop
  endfacet
  facet normal -0.242873 0.922149 -0.30109
    outer loop
      vertex -2.32228 -28.6197 -20.4378
      vertex -2.03511 -26.9684 -15.612
      vertex -2.11602 -28.5706 -20.4538
    endloop
  endfacet
  facet normal -0.336851 0.895056 -0.292245
    outer loop
      vertex -2.43008 -30.5187 -26.1295
      vertex -3.06147 -32.9061 -32.7136
      vertex -3.06147 -30.7334 -26.0593
    endloop
  endfacet
  facet normal -0.336974 0.895017 -0.292219
    outer loop
      vertex -3.06147 -32.9061 -32.7136
      vertex -2.43008 -30.5187 -26.1295
      vertex -2.32228 -32.6546 -32.7957
    endloop
  endfacet
  facet normal -0.337042 0.894993 -0.292217
    outer loop
      vertex -2.73118 -24.5524 -7.50921
      vertex -3.06147 -26.9158 -14.3668
      vertex -3.06147 -24.6382 -7.39104
    endloop
  endfacet
  facet normal -0.33702 0.895 -0.292221
    outer loop
      vertex -3.06147 -26.9158 -14.3668
      vertex -2.73118 -24.5524 -7.50921
      vertex -2.61949 -26.7654 -14.4159
    endloop
  endfacet
  facet normal -0.336894 0.89504 -0.292242
    outer loop
      vertex -2.60101 -27.1316 -15.5587
      vertex -3.06147 -28.8712 -20.3557
      vertex -3.06147 -27.2882 -15.5075
    endloop
  endfacet
  facet normal -0.336961 0.89502 -0.292228
    outer loop
      vertex -3.06147 -28.8712 -20.3557
      vertex -2.60101 -27.1316 -15.5587
      vertex -2.52247 -28.6878 -20.4155
    endloop
  endfacet
  facet normal -2.73784e-05 -0.310376 -0.950614
    outer loop
      vertex 7.39104 -42.8423 -29.4694
      vertex 7.05537 -43.517 -29.2491
      vertex 7.39104 -37.0218 -31.3698
    endloop
  endfacet
  facet normal 0.00118279 -0.311771 -0.950156
    outer loop
      vertex 5.07515 -45.8107 -28.5002
      vertex 4.44456 -46.2553 -28.3551
      vertex 5.65685 -45.3096 -28.6639
    endloop
  endfacet
  facet normal 0.0490114 -0.949471 0.310005
    outer loop
      vertex 0 -47.537 -27.9366
      vertex 0.784137 -35.8332 7.78532
      vertex 0 -35.8611 7.82384
    endloop
  endfacet
  facet normal 0.0490611 -0.949469 0.310004
    outer loop
      vertex 0.784137 -35.8332 7.78532
      vertex 0 -47.537 -27.9366
      vertex 0.784137 -47.5004 -27.9486
    endloop
  endfacet
  facet normal 0.0491291 -0.949492 0.309922
    outer loop
      vertex 0 -35.8036 8
      vertex 0.784137 -35.7181 8.13764
      vertex 0 -35.7461 8.17616
    endloop
  endfacet
  facet normal 0.0490265 -0.949338 0.31041
    outer loop
      vertex 0.784137 -35.7181 8.13764
      vertex 0 -35.8036 8
      vertex 0.784137 -35.7757 7.96148
    endloop
  endfacet
  facet normal 0 -0.310358 -0.95062
    outer loop
      vertex 4.44456 -46.2553 -28.3551
      vertex 1.60438 -43.517 -29.2491
      vertex 7.05537 -43.517 -29.2491
    endloop
  endfacet
  facet normal -0.000164362 -0.310512 -0.950569
    outer loop
      vertex 4.44456 -46.2553 -28.3551
      vertex 1.569 -43.5329 -29.2439
      vertex 1.60438 -43.517 -29.2491
    endloop
  endfacet
  facet normal 0.000213147 -0.310152 -0.950687
    outer loop
      vertex 4.44456 -46.2553 -28.3551
      vertex 1.50586 -43.5544 -29.2369
      vertex 1.569 -43.5329 -29.2439
    endloop
  endfacet
  facet normal 0.000141444 -0.310222 -0.950664
    outer loop
      vertex 4.44456 -46.2553 -28.3551
      vertex 1.19017 -43.6618 -29.2019
      vertex 1.50586 -43.5544 -29.2369
    endloop
  endfacet
  facet normal -6.35474e-05 -0.310455 -0.950588
    outer loop
      vertex 4.44456 -46.2553 -28.3551
      vertex 0.864919 -43.7392 -29.1766
      vertex 1.19017 -43.6618 -29.2019
    endloop
  endfacet
  facet normal -0.000428739 -0.310924 -0.950435
    outer loop
      vertex 4.44456 -46.2553 -28.3551
      vertex 0.79987 -43.7547 -29.1715
      vertex 0.864919 -43.7392 -29.1766
    endloop
  endfacet
  facet normal 3.09507e-05 -0.310319 -0.950632
    outer loop
      vertex 4.44456 -46.2553 -28.3551
      vertex 0.40187 -43.8108 -29.1532
      vertex 0.79987 -43.7547 -29.1715
    endloop
  endfacet
  facet normal 0.000159705 -0.310127 -0.950695
    outer loop
      vertex 4.44456 -46.2553 -28.3551
      vertex 0.334891 -43.8139 -29.1522
      vertex 0.40187 -43.8108 -29.1532
    endloop
  endfacet
  facet normal 6.82496e-05 -0.310266 -0.95065
    outer loop
      vertex 4.44456 -46.2553 -28.3551
      vertex 0 -43.8296 -29.1471
      vertex 0.334891 -43.8139 -29.1522
    endloop
  endfacet
  facet normal 0 -0.310379 -0.950613
    outer loop
      vertex -4.44456 -46.2553 -28.3551
      vertex 0 -43.8296 -29.1471
      vertex 4.44456 -46.2553 -28.3551
    endloop
  endfacet
  facet normal -6.82496e-05 -0.310266 -0.95065
    outer loop
      vertex 0 -43.8296 -29.1471
      vertex -4.44456 -46.2553 -28.3551
      vertex -0.334891 -43.8139 -29.1522
    endloop
  endfacet
  facet normal -0.000159705 -0.310127 -0.950695
    outer loop
      vertex -0.334891 -43.8139 -29.1522
      vertex -4.44456 -46.2553 -28.3551
      vertex -0.40187 -43.8108 -29.1532
    endloop
  endfacet
  facet normal -3.09507e-05 -0.310319 -0.950632
    outer loop
      vertex -0.40187 -43.8108 -29.1532
      vertex -4.44456 -46.2553 -28.3551
      vertex -0.79987 -43.7547 -29.1715
    endloop
  endfacet
  facet normal 0.000428739 -0.310924 -0.950435
    outer loop
      vertex -0.79987 -43.7547 -29.1715
      vertex -4.44456 -46.2553 -28.3551
      vertex -0.864919 -43.7392 -29.1766
    endloop
  endfacet
  facet normal 6.35474e-05 -0.310455 -0.950588
    outer loop
      vertex -0.864919 -43.7392 -29.1766
      vertex -4.44456 -46.2553 -28.3551
      vertex -1.19017 -43.6618 -29.2019
    endloop
  endfacet
  facet normal -0.000141444 -0.310222 -0.950664
    outer loop
      vertex -1.19017 -43.6618 -29.2019
      vertex -4.44456 -46.2553 -28.3551
      vertex -1.50586 -43.5544 -29.2369
    endloop
  endfacet
  facet normal -0.000213147 -0.310152 -0.950687
    outer loop
      vertex -1.50586 -43.5544 -29.2369
      vertex -4.44456 -46.2553 -28.3551
      vertex -1.569 -43.5329 -29.2439
    endloop
  endfacet
  facet normal 0.000164362 -0.310512 -0.950569
    outer loop
      vertex -1.569 -43.5329 -29.2439
      vertex -4.44456 -46.2553 -28.3551
      vertex -1.60438 -43.517 -29.2491
    endloop
  endfacet
  facet normal -0 -0.310358 -0.95062
    outer loop
      vertex -1.60438 -43.517 -29.2491
      vertex -4.44456 -46.2553 -28.3551
      vertex -7.05537 -43.517 -29.2491
    endloop
  endfacet
  facet normal 0.427548 -0.859347 0.28058
    outer loop
      vertex 3.06147 -46.9581 -28.1256
      vertex 3.77117 -35.1758 6.87921
      vertex 3.06147 -35.4193 7.21487
    endloop
  endfacet
  facet normal 0.427575 -0.859335 0.280576
    outer loop
      vertex 3.77117 -35.1758 6.87921
      vertex 3.06147 -46.9581 -28.1256
      vertex 3.77117 -46.639 -28.2298
    endloop
  endfacet
  facet normal 0.427529 -0.85938 0.280508
    outer loop
      vertex 3.06147 -35.3618 7.39104
      vertex 3.77117 -35.0608 7.23153
      vertex 3.06147 -35.3043 7.5672
    endloop
  endfacet
  facet normal 0.427529 -0.85938 0.280508
    outer loop
      vertex 3.77117 -35.0608 7.23153
      vertex 3.06147 -35.3618 7.39104
      vertex 3.77117 -35.1183 7.05537
    endloop
  endfacet
  facet normal -0.000285004 -0.309922 -0.950762
    outer loop
      vertex -7.05537 -43.517 -29.2491
      vertex -3.64455 -41.7117 -29.8386
      vertex -3.61588 -41.7694 -29.8198
    endloop
  endfacet
  facet normal 2.72211e-05 -0.310416 -0.950601
    outer loop
      vertex -7.05537 -43.517 -29.2491
      vertex -3.90086 -41.1235 -30.0306
      vertex -3.78791 -41.4236 -29.9326
    endloop
  endfacet
  facet normal -0.00019148 -0.310229 -0.950662
    outer loop
      vertex -7.05537 -43.517 -29.2491
      vertex -4.09671 -39.9957 -30.3988
      vertex -4.08026 -40.3141 -30.2949
    endloop
  endfacet
  facet normal 0.000581066 -0.310816 -0.95047
    outer loop
      vertex -4.09671 -39.9957 -30.3988
      vertex -7.05537 -43.517 -29.2491
      vertex -4.1 -39.9321 -30.4196
    endloop
  endfacet
  facet normal -4.9166e-05 -0.310348 -0.950623
    outer loop
      vertex -4.02122 -40.6924 -30.1714
      vertex -7.05537 -43.517 -29.2491
      vertex -4.08026 -40.3141 -30.2949
    endloop
  endfacet
  facet normal 8.90467e-05 -0.310483 -0.950579
    outer loop
      vertex -3.93975 -41.0016 -30.0704
      vertex -7.05537 -43.517 -29.2491
      vertex -4.02122 -40.6924 -30.1714
    endloop
  endfacet
  facet normal -0.000111355 -0.310258 -0.950652
    outer loop
      vertex -3.92346 -41.0635 -30.0502
      vertex -7.05537 -43.517 -29.2491
      vertex -3.93975 -41.0016 -30.0704
    endloop
  endfacet
  facet normal 8.82755e-05 -0.310489 -0.950577
    outer loop
      vertex -3.90086 -41.1235 -30.0306
      vertex -7.05537 -43.517 -29.2491
      vertex -3.92346 -41.0635 -30.0502
    endloop
  endfacet
  facet normal -0.000104717 -0.31023 -0.950662
    outer loop
      vertex -3.64455 -41.7117 -29.8386
      vertex -7.05537 -43.517 -29.2491
      vertex -3.78791 -41.4236 -29.9326
    endloop
  endfacet
  facet normal 9.77057e-05 -0.310603 -0.95054
    outer loop
      vertex -3.40903 -42.0974 -29.7126
      vertex -7.05537 -43.517 -29.2491
      vertex -3.61588 -41.7694 -29.8198
    endloop
  endfacet
  facet normal -8.59213e-07 -0.310374 -0.950615
    outer loop
      vertex -3.16934 -42.4046 -29.6123
      vertex -7.05537 -43.517 -29.2491
      vertex -3.40903 -42.0974 -29.7126
    endloop
  endfacet
  facet normal -2.29747e-05 -0.310304 -0.950637
    outer loop
      vertex -2.89914 -42.688 -29.5198
      vertex -7.05537 -43.517 -29.2491
      vertex -3.16934 -42.4046 -29.6123
    endloop
  endfacet
  facet normal 7.42467e-06 -0.310442 -0.950592
    outer loop
      vertex -2.60101 -42.9449 -29.4359
      vertex -7.05537 -43.517 -29.2491
      vertex -2.89914 -42.688 -29.5198
    endloop
  endfacet
  facet normal 8.87521e-06 -0.310452 -0.950589
    outer loop
      vertex -2.27784 -43.1727 -29.3615
      vertex -7.05537 -43.517 -29.2491
      vertex -2.60101 -42.9449 -29.4359
    endloop
  endfacet
  facet normal -4.50822e-06 -0.310284 -0.950644
    outer loop
      vertex -1.93273 -43.3694 -29.2973
      vertex -7.05537 -43.517 -29.2491
      vertex -2.27784 -43.1727 -29.3615
    endloop
  endfacet
  facet normal 0 -0.310426 -0.950598
    outer loop
      vertex -7.05537 -43.517 -29.2491
      vertex -1.93273 -43.3694 -29.2973
      vertex -1.60438 -43.517 -29.2491
    endloop
  endfacet
  facet normal 0.000205839 -0.310366 -0.950617
    outer loop
      vertex -1.19017 -36.2024 -31.6374
      vertex -1.1 -32.6546 -32.7957
      vertex -1.1 -36.1809 -31.6444
    endloop
  endfacet
  facet normal -0.000110602 -0.310394 -0.950608
    outer loop
      vertex -2.32228 -32.6546 -32.7957
      vertex -1.19017 -36.2024 -31.6374
      vertex -1.569 -36.3312 -31.5953
    endloop
  endfacet
  facet normal 4.54576e-06 -0.310372 -0.950615
    outer loop
      vertex -2.32228 -32.6546 -32.7957
      vertex -1.569 -36.3312 -31.5953
      vertex -1.87211 -36.4675 -31.5508
    endloop
  endfacet
  facet normal 0.000199007 -0.310352 -0.950622
    outer loop
      vertex -2.32228 -32.6546 -32.7957
      vertex -1.87211 -36.4675 -31.5508
      vertex -1.93273 -36.4948 -31.5419
    endloop
  endfacet
  facet normal -2.96737e-05 -0.310373 -0.950615
    outer loop
      vertex -2.32228 -32.6546 -32.7957
      vertex -1.93273 -36.4948 -31.5419
      vertex -2.27784 -36.6914 -31.4777
    endloop
  endfacet
  facet normal 0 -0.310362 -0.950619
    outer loop
      vertex -1.19017 -36.2024 -31.6374
      vertex -2.32228 -32.6546 -32.7957
      vertex -1.1 -32.6546 -32.7957
    endloop
  endfacet
  facet normal 0.00012009 -0.310371 -0.950615
    outer loop
      vertex -2.3317 -36.7294 -31.4653
      vertex -2.32228 -32.6546 -32.7957
      vertex -2.27784 -36.6914 -31.4777
    endloop
  endfacet
  facet normal 4.65071e-06 -0.310371 -0.950616
    outer loop
      vertex -2.60101 -36.9193 -31.4033
      vertex -2.32228 -32.6546 -32.7957
      vertex -2.3317 -36.7294 -31.4653
    endloop
  endfacet
  facet normal -0.000122579 -0.310363 -0.950618
    outer loop
      vertex -2.84945 -37.1333 -31.3334
      vertex -2.32228 -32.6546 -32.7957
      vertex -2.60101 -36.9193 -31.4033
    endloop
  endfacet
  facet normal 0.00158048 -0.310544 -0.950558
    outer loop
      vertex -2.89914 -37.1761 -31.3195
      vertex -2.32228 -32.6546 -32.7957
      vertex -2.84945 -37.1333 -31.3334
    endloop
  endfacet
  facet normal -0.000301675 -0.310327 -0.95063
    outer loop
      vertex -3.16934 -37.4595 -31.2269
      vertex -2.32228 -32.6546 -32.7957
      vertex -2.89914 -37.1761 -31.3195
    endloop
  endfacet
  facet normal 0.000516474 -0.310458 -0.950587
    outer loop
      vertex -3.20929 -37.5107 -31.2102
      vertex -2.32228 -32.6546 -32.7957
      vertex -3.16934 -37.4595 -31.2269
    endloop
  endfacet
  facet normal -0.000104879 -0.310355 -0.950621
    outer loop
      vertex -3.40903 -37.7667 -31.1266
      vertex -2.32228 -32.6546 -32.7957
      vertex -3.20929 -37.5107 -31.2102
    endloop
  endfacet
  facet normal 0.000170624 -0.310408 -0.950603
    outer loop
      vertex -3.61588 -38.0948 -31.0195
      vertex -2.32228 -32.6546 -32.7957
      vertex -3.40903 -37.7667 -31.1266
    endloop
  endfacet
  facet normal 2.2143e-05 -0.310376 -0.950614
    outer loop
      vertex -3.78791 -38.4406 -30.9066
      vertex -2.32228 -32.6546 -32.7957
      vertex -3.61588 -38.0948 -31.0195
    endloop
  endfacet
  facet normal 0.000231344 -0.310519 -0.950567
    outer loop
      vertex -7.05537 -43.517 -29.2491
      vertex -3.78791 -38.4406 -30.9066
      vertex -3.92346 -38.8007 -30.789
    endloop
  endfacet
  facet normal -0.000215625 -0.310251 -0.950655
    outer loop
      vertex -7.05537 -43.517 -29.2491
      vertex -3.92346 -38.8007 -30.789
      vertex -4.02122 -39.1717 -30.6679
    endloop
  endfacet
  facet normal -3.87829e-05 -0.310362 -0.950618
    outer loop
      vertex -3.78791 -38.4406 -30.9066
      vertex -7.05537 -43.517 -29.2491
      vertex -2.32228 -32.6546 -32.7957
    endloop
  endfacet
  facet normal -0.00024457 -0.310233 -0.950661
    outer loop
      vertex -4.08026 -39.5501 -30.5444
      vertex -7.05537 -43.517 -29.2491
      vertex -4.02122 -39.1717 -30.6679
    endloop
  endfacet
  facet normal 0.000237615 -0.31056 -0.950554
    outer loop
      vertex -7.05537 -43.517 -29.2491
      vertex -4.08026 -39.5501 -30.5444
      vertex -4.1 -39.9321 -30.4196
    endloop
  endfacet
  facet normal -0.000581066 -0.310816 -0.95047
    outer loop
      vertex 7.05537 -43.517 -29.2491
      vertex 4.09671 -39.9957 -30.3988
      vertex 4.1 -39.9321 -30.4196
    endloop
  endfacet
  facet normal 0.00019148 -0.310229 -0.950662
    outer loop
      vertex 7.05537 -43.517 -29.2491
      vertex 4.08026 -40.3141 -30.2949
      vertex 4.09671 -39.9957 -30.3988
    endloop
  endfacet
  facet normal 4.9166e-05 -0.310348 -0.950623
    outer loop
      vertex 7.05537 -43.517 -29.2491
      vertex 4.02122 -40.6924 -30.1714
      vertex 4.08026 -40.3141 -30.2949
    endloop
  endfacet
  facet normal -8.90467e-05 -0.310483 -0.950579
    outer loop
      vertex 7.05537 -43.517 -29.2491
      vertex 3.93975 -41.0016 -30.0704
      vertex 4.02122 -40.6924 -30.1714
    endloop
  endfacet
  facet normal 0.000111355 -0.310258 -0.950652
    outer loop
      vertex 7.05537 -43.517 -29.2491
      vertex 3.92346 -41.0635 -30.0502
      vertex 3.93975 -41.0016 -30.0704
    endloop
  endfacet
  facet normal -8.82755e-05 -0.310489 -0.950577
    outer loop
      vertex 7.05537 -43.517 -29.2491
      vertex 3.90086 -41.1235 -30.0306
      vertex 3.92346 -41.0635 -30.0502
    endloop
  endfacet
  facet normal -2.72211e-05 -0.310416 -0.950601
    outer loop
      vertex 7.05537 -43.517 -29.2491
      vertex 3.78791 -41.4236 -29.9326
      vertex 3.90086 -41.1235 -30.0306
    endloop
  endfacet
  facet normal 0.000104717 -0.31023 -0.950662
    outer loop
      vertex 7.05537 -43.517 -29.2491
      vertex 3.64455 -41.7117 -29.8386
      vertex 3.78791 -41.4236 -29.9326
    endloop
  endfacet
  facet normal 0.000285004 -0.309922 -0.950762
    outer loop
      vertex 7.05537 -43.517 -29.2491
      vertex 3.61588 -41.7694 -29.8198
      vertex 3.64455 -41.7117 -29.8386
    endloop
  endfacet
  facet normal -9.77057e-05 -0.310603 -0.95054
    outer loop
      vertex 7.05537 -43.517 -29.2491
      vertex 3.40903 -42.0974 -29.7126
      vertex 3.61588 -41.7694 -29.8198
    endloop
  endfacet
  facet normal 8.59213e-07 -0.310374 -0.950615
    outer loop
      vertex 7.05537 -43.517 -29.2491
      vertex 3.16934 -42.4046 -29.6123
      vertex 3.40903 -42.0974 -29.7126
    endloop
  endfacet
  facet normal 2.29747e-05 -0.310304 -0.950637
    outer loop
      vertex 7.05537 -43.517 -29.2491
      vertex 2.89914 -42.688 -29.5198
      vertex 3.16934 -42.4046 -29.6123
    endloop
  endfacet
  facet normal -7.42467e-06 -0.310442 -0.950592
    outer loop
      vertex 7.05537 -43.517 -29.2491
      vertex 2.60101 -42.9449 -29.4359
      vertex 2.89914 -42.688 -29.5198
    endloop
  endfacet
  facet normal -8.87521e-06 -0.310452 -0.950589
    outer loop
      vertex 7.05537 -43.517 -29.2491
      vertex 2.27784 -43.1727 -29.3615
      vertex 2.60101 -42.9449 -29.4359
    endloop
  endfacet
  facet normal 4.50822e-06 -0.310284 -0.950644
    outer loop
      vertex 7.05537 -43.517 -29.2491
      vertex 1.93273 -43.3694 -29.2973
      vertex 2.27784 -43.1727 -29.3615
    endloop
  endfacet
  facet normal 0 -0.310426 -0.950598
    outer loop
      vertex 1.93273 -43.3694 -29.2973
      vertex 7.05537 -43.517 -29.2491
      vertex 1.60438 -43.517 -29.2491
    endloop
  endfacet
  facet normal -0.000237615 -0.31056 -0.950554
    outer loop
      vertex 4.08026 -39.5501 -30.5444
      vertex 7.05537 -43.517 -29.2491
      vertex 4.1 -39.9321 -30.4196
    endloop
  endfacet
  facet normal 0.00024457 -0.310233 -0.950661
    outer loop
      vertex 4.02122 -39.1717 -30.6679
      vertex 7.05537 -43.517 -29.2491
      vertex 4.08026 -39.5501 -30.5444
    endloop
  endfacet
  facet normal 0.000215625 -0.310251 -0.950655
    outer loop
      vertex 3.92346 -38.8007 -30.789
      vertex 7.05537 -43.517 -29.2491
      vertex 4.02122 -39.1717 -30.6679
    endloop
  endfacet
  facet normal -0.000231344 -0.310519 -0.950567
    outer loop
      vertex 3.78791 -38.4406 -30.9066
      vertex 7.05537 -43.517 -29.2491
      vertex 3.92346 -38.8007 -30.789
    endloop
  endfacet
  facet normal -2.2143e-05 -0.310376 -0.950614
    outer loop
      vertex 2.32228 -32.6546 -32.7957
      vertex 3.78791 -38.4406 -30.9066
      vertex 3.61588 -38.0948 -31.0195
    endloop
  endfacet
  facet normal -0.000170624 -0.310408 -0.950603
    outer loop
      vertex 2.32228 -32.6546 -32.7957
      vertex 3.61588 -38.0948 -31.0195
      vertex 3.40903 -37.7667 -31.1266
    endloop
  endfacet
  facet normal 0.000122579 -0.310363 -0.950618
    outer loop
      vertex 2.32228 -32.6546 -32.7957
      vertex 2.84945 -37.1333 -31.3334
      vertex 2.60101 -36.9193 -31.4033
    endloop
  endfacet
  facet normal 3.87829e-05 -0.310362 -0.950618
    outer loop
      vertex 3.78791 -38.4406 -30.9066
      vertex 2.32228 -32.6546 -32.7957
      vertex 7.05537 -43.517 -29.2491
    endloop
  endfacet
  facet normal 0.000104879 -0.310355 -0.950621
    outer loop
      vertex 3.20929 -37.5107 -31.2102
      vertex 2.32228 -32.6546 -32.7957
      vertex 3.40903 -37.7667 -31.1266
    endloop
  endfacet
  facet normal -0.000516474 -0.310458 -0.950587
    outer loop
      vertex 3.16934 -37.4595 -31.2269
      vertex 2.32228 -32.6546 -32.7957
      vertex 3.20929 -37.5107 -31.2102
    endloop
  endfacet
  facet normal 0.000301675 -0.310327 -0.95063
    outer loop
      vertex 2.89914 -37.1761 -31.3195
      vertex 2.32228 -32.6546 -32.7957
      vertex 3.16934 -37.4595 -31.2269
    endloop
  endfacet
  facet normal -0.00158048 -0.310544 -0.950558
    outer loop
      vertex 2.84945 -37.1333 -31.3334
      vertex 2.32228 -32.6546 -32.7957
      vertex 2.89914 -37.1761 -31.3195
    endloop
  endfacet
  facet normal -4.65071e-06 -0.310371 -0.950616
    outer loop
      vertex 2.3317 -36.7294 -31.4653
      vertex 2.32228 -32.6546 -32.7957
      vertex 2.60101 -36.9193 -31.4033
    endloop
  endfacet
  facet normal -0.00012009 -0.310371 -0.950615
    outer loop
      vertex 2.27784 -36.6914 -31.4777
      vertex 2.32228 -32.6546 -32.7957
      vertex 2.3317 -36.7294 -31.4653
    endloop
  endfacet
  facet normal 2.96737e-05 -0.310373 -0.950615
    outer loop
      vertex 1.93273 -36.4948 -31.5419
      vertex 2.32228 -32.6546 -32.7957
      vertex 2.27784 -36.6914 -31.4777
    endloop
  endfacet
  facet normal -0.000199007 -0.310352 -0.950622
    outer loop
      vertex 1.87211 -36.4675 -31.5508
      vertex 2.32228 -32.6546 -32.7957
      vertex 1.93273 -36.4948 -31.5419
    endloop
  endfacet
  facet normal -4.54576e-06 -0.310372 -0.950615
    outer loop
      vertex 1.569 -36.3312 -31.5953
      vertex 2.32228 -32.6546 -32.7957
      vertex 1.87211 -36.4675 -31.5508
    endloop
  endfacet
  facet normal 0.000110602 -0.310394 -0.950608
    outer loop
      vertex 1.19017 -36.2024 -31.6374
      vertex 2.32228 -32.6546 -32.7957
      vertex 1.569 -36.3312 -31.5953
    endloop
  endfacet
  facet normal -0.000205839 -0.310366 -0.950617
    outer loop
      vertex 1.1 -32.6546 -32.7957
      vertex 1.19017 -36.2024 -31.6374
      vertex 1.1 -36.1809 -31.6444
    endloop
  endfacet
  facet normal 0 -0.310362 -0.950619
    outer loop
      vertex 1.19017 -36.2024 -31.6374
      vertex 1.1 -32.6546 -32.7957
      vertex 2.32228 -32.6546 -32.7957
    endloop
  endfacet
  facet normal -0.00015832 -0.310652 -0.950524
    outer loop
      vertex 5.07515 -34.0534 -32.339
      vertex 2.32228 -32.6546 -32.7957
      vertex 4.44456 -33.6088 -32.4842
    endloop
  endfacet
  facet normal 1.98097e-05 -0.310384 -0.950611
    outer loop
      vertex -3.06147 -46.9581 -28.1256
      vertex -4.44456 -46.2553 -28.3551
      vertex -2.32228 -47.2095 -28.0435
    endloop
  endfacet
  facet normal 7.05922e-05 -0.310376 -0.950614
    outer loop
      vertex -7.39104 -42.8423 -29.4694
      vertex -7.96148 -39.1867 -30.663
      vertex -7.39104 -37.0218 -31.3698
    endloop
  endfacet
  facet normal 2.73784e-05 -0.310376 -0.950614
    outer loop
      vertex -7.05537 -43.517 -29.2491
      vertex -7.39104 -42.8423 -29.4694
      vertex -7.39104 -37.0218 -31.3698
    endloop
  endfacet
  facet normal 0.000146684 -0.310232 -0.950661
    outer loop
      vertex -5.65685 -45.3096 -28.6639
      vertex -7.05537 -43.517 -29.2491
      vertex -4.44456 -46.2553 -28.3551
    endloop
  endfacet
  facet normal -0.000920887 -0.31065 -0.950524
    outer loop
      vertex 7.84628 -38.4484 -30.904
      vertex 7.39104 -37.0218 -31.3698
      vertex 7.65552 -37.7245 -31.1404
    endloop
  endfacet
  facet normal -2.86241e-05 -0.310402 -0.950605
    outer loop
      vertex 7.39104 -37.0218 -31.3698
      vertex 6.65176 -35.707 -31.7991
      vertex 7.05537 -36.3471 -31.5901
    endloop
  endfacet
  facet normal 0.94152 0.320315 -0.104583
    outer loop
      vertex 7.49077 -31.6689 -14.0772
      vertex 7.39104 -37.0218 -31.3698
      vertex 7.39104 -31.404 -14.1637
    endloop
  endfacet
  facet normal 0.941535 0.320275 -0.104571
    outer loop
      vertex 7.49738 -31.3141 -12.9308
      vertex 7.39104 -27.7791 -3.06147
      vertex 7.55698 -28.1155 -2.59769
    endloop
  endfacet
  facet normal 0.941566 0.320196 -0.104543
    outer loop
      vertex 7.39104 -27.7791 -3.06147
      vertex 7.49738 -31.3141 -12.9308
      vertex 7.39104 -31.0315 -13.023
    endloop
  endfacet
  facet normal -5.1446e-06 -0.31038 -0.950613
    outer loop
      vertex 7.05537 -43.517 -29.2491
      vertex 2.32228 -32.6546 -32.7957
      vertex 5.07515 -34.0534 -32.339
    endloop
  endfacet
  facet normal 0.0489341 0.949474 -0.310009
    outer loop
      vertex 0.784137 -26.3735 -14.5439
      vertex 0.35598 -24.2091 -7.98251
      vertex 0.784137 -24.2243 -7.96148
    endloop
  endfacet
  facet normal 0.0489876 0.949472 -0.310005
    outer loop
      vertex 0.35598 -24.2091 -7.98251
      vertex 0.784137 -26.3735 -14.5439
      vertex 0.468848 -26.3588 -14.5487
    endloop
  endfacet
  facet normal 0.595726 0.763522 -0.24929
    outer loop
      vertex 5.07515 -34.0534 -32.339
      vertex 4.44456 -27.991 -15.2781
      vertex 5.07515 -28.4356 -15.1329
    endloop
  endfacet
  facet normal 0.595726 0.763522 -0.24929
    outer loop
      vertex 4.44456 -27.991 -15.2781
      vertex 5.07515 -34.0534 -32.339
      vertex 4.44456 -33.6088 -32.4842
    endloop
  endfacet
  facet normal 0.595716 0.76353 -0.249288
    outer loop
      vertex 5.07515 -28.0631 -13.9922
      vertex 4.44456 -25.1745 -6.65176
      vertex 5.07515 -25.5138 -6.18408
    endloop
  endfacet
  facet normal 0.5957 0.763541 -0.249293
    outer loop
      vertex 4.44456 -25.1745 -6.65176
      vertex 5.07515 -28.0631 -13.9922
      vertex 4.44456 -27.6185 -14.1373
    endloop
  endfacet
  facet normal 0.427543 0.859352 -0.280575
    outer loop
      vertex 3.77117 -33.2251 -32.6095
      vertex 3.06147 -30.7334 -26.0593
      vertex 3.77117 -31.0525 -25.9552
    endloop
  endfacet
  facet normal 0.427444 0.859392 -0.280601
    outer loop
      vertex 3.06147 -30.7334 -26.0593
      vertex 3.77117 -33.2251 -32.6095
      vertex 3.06147 -32.9061 -32.7136
    endloop
  endfacet
  facet normal 0.427551 0.859345 -0.280581
    outer loop
      vertex 3.77117 -27.2349 -14.2626
      vertex 3.06147 -24.6382 -7.39104
      vertex 3.77117 -24.8817 -7.05537
    endloop
  endfacet
  facet normal 0.427575 0.859336 -0.280575
    outer loop
      vertex 3.06147 -24.6382 -7.39104
      vertex 3.77117 -27.2349 -14.2626
      vertex 3.06147 -26.9158 -14.3668
    endloop
  endfacet
  facet normal 0.427543 0.859351 -0.280577
    outer loop
      vertex 3.77117 -29.1902 -20.2515
      vertex 3.06147 -27.2882 -15.5075
      vertex 3.77117 -27.6073 -15.4034
    endloop
  endfacet
  facet normal 0.427476 0.859377 -0.280598
    outer loop
      vertex 3.06147 -27.2882 -15.5075
      vertex 3.77117 -29.1902 -20.2515
      vertex 3.06147 -28.8712 -20.3557
    endloop
  endfacet
  facet normal 0.671552 0.704364 -0.229975
    outer loop
      vertex 5.65685 -34.5546 -32.1754
      vertex 5.2945 -28.6246 -15.0712
      vertex 5.65685 -28.9368 -14.9693
    endloop
  endfacet
  facet normal 0.671561 0.704357 -0.229972
    outer loop
      vertex 5.2945 -28.6246 -15.0712
      vertex 5.65685 -34.5546 -32.1754
      vertex 5.07515 -34.0534 -32.339
    endloop
  endfacet
  facet normal 0.671443 0.704457 -0.23001
    outer loop
      vertex 5.65685 -28.5643 -13.8285
      vertex 5.41126 -25.7348 -5.87945
      vertex 5.65685 -25.8962 -5.65685
    endloop
  endfacet
  facet normal 0.671615 0.704311 -0.229953
    outer loop
      vertex 5.41126 -25.7348 -5.87945
      vertex 5.65685 -28.5643 -13.8285
      vertex 5.30904 -28.2646 -13.9264
    endloop
  endfacet
  facet normal 0.803204 0.566284 -0.184895
    outer loop
      vertex 6.4754 -29.8631 -14.6668
      vertex 6.18408 -35.1076 -31.9948
      vertex 6.18408 -29.4897 -14.7887
    endloop
  endfacet
  facet normal 0.803183 0.566311 -0.184903
    outer loop
      vertex 6.18408 -35.1076 -31.9948
      vertex 6.4754 -29.8631 -14.6668
      vertex 6.65176 -35.707 -31.7991
    endloop
  endfacet
  facet normal 0.803197 0.566293 -0.184898
    outer loop
      vertex 6.46371 -29.4757 -13.531
      vertex 6.18408 -26.3182 -5.07515
      vertex 6.37404 -26.504 -4.81902
    endloop
  endfacet
  facet normal 0.80319 0.566302 -0.184902
    outer loop
      vertex 6.18408 -26.3182 -5.07515
      vertex 6.46371 -29.4757 -13.531
      vertex 6.18408 -29.1173 -13.648
    endloop
  endfacet
  facet normal 0.671576 0.704344 -0.229969
    outer loop
      vertex 5.2945 -28.6246 -15.0712
      vertex 5.07515 -34.0534 -32.339
      vertex 5.07515 -28.4356 -15.1329
    endloop
  endfacet
  facet normal 0.671561 0.704359 -0.229967
    outer loop
      vertex 5.30904 -28.2646 -13.9264
      vertex 5.07515 -25.5138 -6.18408
      vertex 5.41126 -25.7348 -5.87945
    endloop
  endfacet
  facet normal 0.671534 0.704381 -0.229976
    outer loop
      vertex 5.07515 -25.5138 -6.18408
      vertex 5.30904 -28.2646 -13.9264
      vertex 5.07515 -28.0631 -13.9922
    endloop
  endfacet
  facet normal -1.68616e-05 -0.310379 -0.950613
    outer loop
      vertex -7.05537 -43.517 -29.2491
      vertex -7.39104 -37.0218 -31.3698
      vertex -6.65176 -35.707 -31.7991
    endloop
  endfacet
  facet normal 4.9792e-06 -0.31038 -0.950613
    outer loop
      vertex -5.07515 -34.0534 -32.339
      vertex -7.05537 -43.517 -29.2491
      vertex -6.65176 -35.707 -31.7991
    endloop
  endfacet
  facet normal -0.803204 0.566284 -0.184895
    outer loop
      vertex -6.18408 -35.1076 -31.9948
      vertex -6.4754 -29.8631 -14.6668
      vertex -6.18408 -29.4897 -14.7887
    endloop
  endfacet
  facet normal -0.803183 0.566311 -0.184903
    outer loop
      vertex -6.4754 -29.8631 -14.6668
      vertex -6.18408 -35.1076 -31.9948
      vertex -6.65176 -35.707 -31.7991
    endloop
  endfacet
  facet normal -0.80319 0.566302 -0.184902
    outer loop
      vertex -6.46371 -29.4757 -13.531
      vertex -6.18408 -26.3182 -5.07515
      vertex -6.18408 -29.1173 -13.648
    endloop
  endfacet
  facet normal -0.803197 0.566293 -0.184898
    outer loop
      vertex -6.18408 -26.3182 -5.07515
      vertex -6.46371 -29.4757 -13.531
      vertex -6.37404 -26.504 -4.81902
    endloop
  endfacet
  facet normal -0.903999 0.406421 -0.132697
    outer loop
      vertex -7.05537 -36.3471 -31.5901
      vertex -7.39104 -31.404 -14.1637
      vertex -7.05537 -30.7293 -14.384
    endloop
  endfacet
  facet normal -0.903999 0.406421 -0.132697
    outer loop
      vertex -7.39104 -31.404 -14.1637
      vertex -7.05537 -36.3471 -31.5901
      vertex -7.39104 -37.0218 -31.3698
    endloop
  endfacet
  facet normal -0.903977 0.406465 -0.132713
    outer loop
      vertex -7.39104 -31.0315 -13.023
      vertex -7.05537 -27.2642 -3.77117
      vertex -7.05537 -30.3569 -13.2433
    endloop
  endfacet
  facet normal -0.903996 0.406427 -0.132697
    outer loop
      vertex -7.05537 -27.2642 -3.77117
      vertex -7.39104 -31.0315 -13.023
      vertex -7.39104 -27.7791 -3.06147
    endloop
  endfacet
  facet normal -0.94155 -0.320237 0.104559
    outer loop
      vertex -7.65552 -31.7422 2.14612
      vertex -7.65552 -42.1397 -29.6988
      vertex -7.46885 -32.1207 2.66783
    endloop
  endfacet
  facet normal -0.941546 -0.320256 0.104534
    outer loop
      vertex -7.46782 -32.0653 2.84688
      vertex -7.65552 -31.6272 2.49844
      vertex -7.65552 -31.6847 2.32228
    endloop
  endfacet
  facet normal -0.941564 -0.320162 0.104663
    outer loop
      vertex -7.65552 -31.6272 2.49844
      vertex -7.46782 -32.0653 2.84688
      vertex -7.46679 -32.0098 3.02592
    endloop
  endfacet
  facet normal -0.94152 0.320315 -0.104583
    outer loop
      vertex -7.39104 -37.0218 -31.3698
      vertex -7.49077 -31.6689 -14.0772
      vertex -7.39104 -31.404 -14.1637
    endloop
  endfacet
  facet normal -0.941566 0.320196 -0.104543
    outer loop
      vertex -7.49738 -31.3141 -12.9308
      vertex -7.39104 -27.7791 -3.06147
      vertex -7.39104 -31.0315 -13.023
    endloop
  endfacet
  facet normal -0.941535 0.320275 -0.104571
    outer loop
      vertex -7.39104 -27.7791 -3.06147
      vertex -7.49738 -31.3141 -12.9308
      vertex -7.55698 -28.1155 -2.59769
    endloop
  endfacet
  facet normal -0.970022 0.231016 -0.0754267
    outer loop
      vertex -7.65552 -37.7245 -31.1404
      vertex -7.77435 -32.5576 -13.7871
      vertex -7.65552 -32.1067 -13.9343
    endloop
  endfacet
  facet normal -0.970029 0.23099 -0.0754191
    outer loop
      vertex -7.77435 -32.5576 -13.7871
      vertex -7.65552 -37.7245 -31.1404
      vertex -7.84628 -38.4484 -30.904
    endloop
  endfacet
  facet normal -0.970038 0.230954 -0.0754068
    outer loop
      vertex -7.76958 -32.1671 -12.6522
      vertex -7.65552 -28.3153 -2.32228
      vertex -7.65552 -31.7342 -12.7936
    endloop
  endfacet
  facet normal -0.970027 0.230995 -0.0754221
    outer loop
      vertex -7.65552 -28.3153 -2.32228
      vertex -7.76958 -32.1671 -12.6522
      vertex -7.725 -28.5165 -2.04489
    endloop
  endfacet
  facet normal -0.514193 0.815318 -0.2662
    outer loop
      vertex -3.77117 -27.6073 -15.4034
      vertex -3.77117 -29.1902 -20.2515
      vertex -4.1 -29.3776 -20.1903
    endloop
  endfacet
  facet normal -0.514127 0.815353 -0.266218
    outer loop
      vertex -4.1 -29.3776 -20.1903
      vertex -4.19064 -27.8463 -15.3253
      vertex -3.77117 -27.6073 -15.4034
    endloop
  endfacet
  facet normal -0.513929 0.815466 -0.266256
    outer loop
      vertex -4.44456 -33.6088 -32.4842
      vertex -4.1 -29.3776 -20.1903
      vertex -4.1 -31.2399 -25.894
    endloop
  endfacet
  facet normal -0.514021 0.815415 -0.266235
    outer loop
      vertex -4.1 -29.3776 -20.1903
      vertex -4.44456 -33.6088 -32.4842
      vertex -4.19064 -27.8463 -15.3253
    endloop
  endfacet
  facet normal -0.514193 0.815321 -0.26619
    outer loop
      vertex -3.77117 -31.0525 -25.9552
      vertex -4.44456 -33.6088 -32.4842
      vertex -4.1 -31.2399 -25.894
    endloop
  endfacet
  facet normal -0.514127 0.815356 -0.26621
    outer loop
      vertex -4.44456 -33.6088 -32.4842
      vertex -3.77117 -31.0525 -25.9552
      vertex -3.77117 -33.2251 -32.6095
    endloop
  endfacet
  facet normal -0.514023 0.815412 -0.266241
    outer loop
      vertex -3.77117 -24.8817 -7.05537
      vertex -4.1738 -27.4643 -14.1877
      vertex -4.06564 -25.0097 -6.87887
    endloop
  endfacet
  facet normal -0.514088 0.815376 -0.266225
    outer loop
      vertex -4.1738 -27.4643 -14.1877
      vertex -3.77117 -24.8817 -7.05537
      vertex -3.77117 -27.2349 -14.2626
    endloop
  endfacet
  facet normal -0.97004 0.230948 -0.0754047
    outer loop
      vertex -7.77435 -32.5576 -13.7871
      vertex -7.84628 -38.4484 -30.904
      vertex -7.84628 -32.8306 -13.6979
    endloop
  endfacet
  facet normal -0.970015 0.231043 -0.0754387
    outer loop
      vertex -7.84628 -32.4581 -12.5572
      vertex -7.725 -28.5165 -2.04489
      vertex -7.76958 -32.1671 -12.6522
    endloop
  endfacet
  facet normal -0.970037 0.23096 -0.0754073
    outer loop
      vertex -7.725 -28.5165 -2.04489
      vertex -7.84628 -32.4581 -12.5572
      vertex -7.84628 -28.8678 -1.56072
    endloop
  endfacet
  facet normal -0.427543 0.859352 -0.280575
    outer loop
      vertex -3.06147 -30.7334 -26.0593
      vertex -3.77117 -33.2251 -32.6095
      vertex -3.77117 -31.0525 -25.9552
    endloop
  endfacet
  facet normal -0.427444 0.859392 -0.280601
    outer loop
      vertex -3.77117 -33.2251 -32.6095
      vertex -3.06147 -30.7334 -26.0593
      vertex -3.06147 -32.9061 -32.7136
    endloop
  endfacet
  facet normal -0.427551 0.859345 -0.280581
    outer loop
      vertex -3.06147 -24.6382 -7.39104
      vertex -3.77117 -27.2349 -14.2626
      vertex -3.77117 -24.8817 -7.05537
    endloop
  endfacet
  facet normal -0.427575 0.859336 -0.280575
    outer loop
      vertex -3.77117 -27.2349 -14.2626
      vertex -3.06147 -24.6382 -7.39104
      vertex -3.06147 -26.9158 -14.3668
    endloop
  endfacet
  facet normal -0.427543 0.859351 -0.280577
    outer loop
      vertex -3.06147 -27.2882 -15.5075
      vertex -3.77117 -29.1902 -20.2515
      vertex -3.77117 -27.6073 -15.4034
    endloop
  endfacet
  facet normal -0.427476 0.859377 -0.280598
    outer loop
      vertex -3.77117 -29.1902 -20.2515
      vertex -3.06147 -27.2882 -15.5075
      vertex -3.06147 -28.8712 -20.3557
    endloop
  endfacet
  facet normal -0.242822 0.92216 -0.301095
    outer loop
      vertex -1.56072 -30.3007 -26.2006
      vertex -2.32228 -32.6546 -32.7957
      vertex -2.21122 -30.4555 -26.1501
    endloop
  endfacet
  facet normal -0.242932 0.922138 -0.301074
    outer loop
      vertex -2.32228 -32.6546 -32.7957
      vertex -1.56072 -30.3007 -26.2006
      vertex -1.56072 -32.4733 -32.8549
    endloop
  endfacet
  facet normal -0.243081 0.922104 -0.301058
    outer loop
      vertex -1.56072 -24.3079 -7.84628
      vertex -2.01607 -26.5914 -14.4727
      vertex -1.90389 -24.3703 -7.76032
    endloop
  endfacet
  facet normal -0.242929 0.922137 -0.30108
    outer loop
      vertex -2.01607 -26.5914 -14.4727
      vertex -1.56072 -24.3079 -7.84628
      vertex -1.56072 -26.483 -14.5081
    endloop
  endfacet
  facet normal -0.242822 0.92216 -0.301094
    outer loop
      vertex -1.56072 -26.8555 -15.6488
      vertex -2.11602 -28.5706 -20.4538
      vertex -2.03511 -26.9684 -15.612
    endloop
  endfacet
  facet normal -0.242954 0.922134 -0.30107
    outer loop
      vertex -2.11602 -28.5706 -20.4538
      vertex -1.56072 -26.8555 -15.6488
      vertex -1.56072 -28.4384 -20.497
    endloop
  endfacet
  facet normal 5.1446e-06 -0.31038 -0.950613
    outer loop
      vertex -2.32228 -32.6546 -32.7957
      vertex -7.05537 -43.517 -29.2491
      vertex -5.07515 -34.0534 -32.339
    endloop
  endfacet
  facet normal 0.000551911 -0.310544 -0.950559
    outer loop
      vertex 7.84628 -41.4157 -29.9352
      vertex 7.39104 -42.8423 -29.4694
      vertex 7.96148 -40.6775 -30.1763
    endloop
  endfacet
  facet normal -0 -0.310546 -0.950558
    outer loop
      vertex -1.1 -32.6546 -32.7957
      vertex -2.32228 -32.6546 -32.7957
      vertex -1.1 -32.4235 -32.8712
    endloop
  endfacet
  facet normal -0 -0.310546 -0.950558
    outer loop
      vertex 2.32228 -32.6546 -32.7957
      vertex 1.1 -32.6546 -32.7957
      vertex 1.1 -32.4235 -32.8712
    endloop
  endfacet
  facet normal -4.9792e-06 -0.31038 -0.950613
    outer loop
      vertex 7.05537 -43.517 -29.2491
      vertex 5.07515 -34.0534 -32.339
      vertex 6.65176 -35.707 -31.7991
    endloop
  endfacet
  facet normal 0.941564 0.320199 -0.104545
    outer loop
      vertex 7.65552 -37.7245 -31.1404
      vertex 7.49077 -31.6689 -14.0772
      vertex 7.65552 -32.1067 -13.9343
    endloop
  endfacet
  facet normal 0.941548 0.320242 -0.104561
    outer loop
      vertex 7.49077 -31.6689 -14.0772
      vertex 7.65552 -37.7245 -31.1404
      vertex 7.39104 -37.0218 -31.3698
    endloop
  endfacet
  facet normal 0.941549 0.320239 -0.104559
    outer loop
      vertex 7.65552 -31.7342 -12.7936
      vertex 7.55698 -28.1155 -2.59769
      vertex 7.65552 -28.3153 -2.32228
    endloop
  endfacet
  facet normal 0.941536 0.320274 -0.104571
    outer loop
      vertex 7.55698 -28.1155 -2.59769
      vertex 7.65552 -31.7342 -12.7936
      vertex 7.49738 -31.3141 -12.9308
    endloop
  endfacet
  facet normal -7.05922e-05 -0.310376 -0.950614
    outer loop
      vertex 7.96148 -39.1867 -30.663
      vertex 7.39104 -42.8423 -29.4694
      vertex 7.39104 -37.0218 -31.3698
    endloop
  endfacet
  facet normal -2.02472e-05 -0.31017 -0.950681
    outer loop
      vertex 1.56072 -47.3909 -27.9843
      vertex 0 -47.537 -27.9366
      vertex 2.32228 -47.2095 -28.0435
    endloop
  endfacet
  facet normal 0.242947 -0.922132 0.30108
    outer loop
      vertex 1.56072 -35.7496 7.67012
      vertex 1.56072 -47.3909 -27.9843
      vertex 2.15408 -35.6418 7.52149
    endloop
  endfacet
  facet normal 0.242977 -0.922151 0.300997
    outer loop
      vertex 1.56072 -35.6921 7.84628
      vertex 2.15995 -35.5257 7.87235
      vertex 1.56072 -35.6346 8.02244
    endloop
  endfacet
  facet normal 0.242997 -0.922199 0.300835
    outer loop
      vertex 2.15995 -35.5257 7.87235
      vertex 1.56072 -35.6921 7.84628
      vertex 2.15702 -35.5837 7.69692
    endloop
  endfacet
  facet normal -0.243159 -0.922083 0.30106
    outer loop
      vertex -2.32228 -35.6112 7.47936
      vertex -1.56072 -47.3909 -27.9843
      vertex -2.15408 -35.6418 7.52149
    endloop
  endfacet
  facet normal -0.243046 -0.922109 0.301071
    outer loop
      vertex -1.56072 -47.3909 -27.9843
      vertex -2.32228 -35.6112 7.47936
      vertex -2.32228 -47.2095 -28.0435
    endloop
  endfacet
  facet normal -0.242963 -0.922207 0.300839
    outer loop
      vertex -2.32228 -35.4962 7.83168
      vertex -2.15702 -35.5837 7.69692
      vertex -2.15995 -35.5257 7.87235
    endloop
  endfacet
  facet normal -0.242814 -0.92219 0.30101
    outer loop
      vertex -2.15702 -35.5837 7.69692
      vertex -2.32228 -35.4962 7.83168
      vertex -2.32228 -35.5537 7.65552
    endloop
  endfacet
  facet normal -2.79714e-05 -0.310469 -0.950584
    outer loop
      vertex -3.77117 -46.639 -28.2298
      vertex -4.44456 -46.2553 -28.3551
      vertex -3.06147 -46.9581 -28.1256
    endloop
  endfacet
  facet normal 0.000370292 -0.310596 -0.950542
    outer loop
      vertex 6.65176 -44.1571 -29.0401
      vertex 5.65685 -45.3096 -28.6639
      vertex 7.05537 -43.517 -29.2491
    endloop
  endfacet
  facet normal -0.514103 -0.815368 0.26622
    outer loop
      vertex -4.44456 -34.883 6.47559
      vertex -3.77117 -46.639 -28.2298
      vertex -3.77117 -35.1758 6.87921
    endloop
  endfacet
  facet normal -0.514127 -0.815354 0.266215
    outer loop
      vertex -3.77117 -46.639 -28.2298
      vertex -4.44456 -34.883 6.47559
      vertex -4.44456 -46.2553 -28.3551
    endloop
  endfacet
  facet normal -0.514076 -0.815406 0.266155
    outer loop
      vertex -4.44456 -34.768 6.82792
      vertex -3.77117 -35.1183 7.05537
      vertex -3.77117 -35.0608 7.23153
    endloop
  endfacet
  facet normal -0.514076 -0.815406 0.266155
    outer loop
      vertex -3.77117 -35.1183 7.05537
      vertex -4.44456 -34.768 6.82792
      vertex -4.44456 -34.8255 6.65176
    endloop
  endfacet
  facet normal -0.671578 -0.704342 0.229968
    outer loop
      vertex -5.65685 -34.1613 5.48069
      vertex -5.07515 -45.8107 -28.5002
      vertex -5.07515 -34.5438 6.00792
    endloop
  endfacet
  facet normal -0.671516 -0.704395 0.229987
    outer loop
      vertex -5.07515 -45.8107 -28.5002
      vertex -5.65685 -34.1613 5.48069
      vertex -5.65685 -45.3096 -28.6639
    endloop
  endfacet
  facet normal -0.671551 -0.704388 0.229905
    outer loop
      vertex -5.65685 -34.0462 5.83302
      vertex -5.07515 -34.4862 6.18408
      vertex -5.07515 -34.4287 6.36025
    endloop
  endfacet
  facet normal -0.671622 -0.704209 0.230246
    outer loop
      vertex -5.07515 -34.4862 6.18408
      vertex -5.65685 -34.0462 5.83302
      vertex -5.65685 -34.1038 5.65685
    endloop
  endfacet
  facet normal -0.989172 -0.13951 0.0455508
    outer loop
      vertex -7.93389 -35.2112 -12.835
      vertex -7.84628 -41.4157 -29.9352
      vertex -7.92704 -35.2248 -12.7279
    endloop
  endfacet
  facet normal -0.989205 -0.139302 0.0454751
    outer loop
      vertex -7.94212 -35.1871 -12.9402
      vertex -7.84628 -41.4157 -29.9352
      vertex -7.93389 -35.2112 -12.835
    endloop
  endfacet
  facet normal -0.98917 -0.139523 0.0455565
    outer loop
      vertex -7.95166 -35.1529 -13.0426
      vertex -7.84628 -41.4157 -29.9352
      vertex -7.94212 -35.1871 -12.9402
    endloop
  endfacet
  facet normal -0.98916 -0.139586 0.0455799
    outer loop
      vertex -7.96148 -35.1127 -13.1326
      vertex -7.84628 -41.4157 -29.9352
      vertex -7.95166 -35.1529 -13.0426
    endloop
  endfacet
  facet normal -0.989175 -0.139491 0.0455441
    outer loop
      vertex -7.84628 -41.4157 -29.9352
      vertex -7.96148 -35.1127 -13.1326
      vertex -7.96148 -40.6775 -30.1763
    endloop
  endfacet
  facet normal -0.989174 -0.139502 0.0455475
    outer loop
      vertex -7.96148 -34.6342 -11.667
      vertex -7.84628 -31.1897 1.38456
      vertex -7.96148 -30.6264 0.607975
    endloop
  endfacet
  facet normal -0.989146 -0.139685 0.0455956
    outer loop
      vertex -7.95166 -34.7197 -11.7159
      vertex -7.84628 -31.1897 1.38456
      vertex -7.96148 -34.6342 -11.667
    endloop
  endfacet
  facet normal -0.989198 -0.139347 0.045505
    outer loop
      vertex -7.94212 -34.8078 -11.7783
      vertex -7.84628 -31.1897 1.38456
      vertex -7.95166 -34.7197 -11.7159
    endloop
  endfacet
  facet normal -0.989183 -0.139443 0.0455312
    outer loop
      vertex -7.93389 -34.8893 -11.8491
      vertex -7.84628 -31.1897 1.38456
      vertex -7.94212 -34.8078 -11.7783
    endloop
  endfacet
  facet normal -0.989133 -0.139769 0.0456221
    outer loop
      vertex -7.92704 -34.9634 -11.9276
      vertex -7.84628 -31.1897 1.38456
      vertex -7.93389 -34.8893 -11.8491
    endloop
  endfacet
  facet normal -0.989239 -0.139077 0.0454265
    outer loop
      vertex -7.92165 -35.0296 -12.0129
      vertex -7.84628 -31.1897 1.38456
      vertex -7.92704 -34.9634 -11.9276
    endloop
  endfacet
  facet normal -0.989156 -0.139614 0.0455799
    outer loop
      vertex -7.91776 -35.087 -12.1043
      vertex -7.84628 -31.1897 1.38456
      vertex -7.92165 -35.0296 -12.0129
    endloop
  endfacet
  facet normal -0.98917 -0.139525 0.0455544
    outer loop
      vertex -7.91541 -35.1352 -12.2009
      vertex -7.84628 -31.1897 1.38456
      vertex -7.91776 -35.087 -12.1043
    endloop
  endfacet
  facet normal -0.989144 -0.139696 0.045604
    outer loop
      vertex -7.91462 -35.1737 -12.3017
      vertex -7.84628 -31.1897 1.38456
      vertex -7.91541 -35.1352 -12.2009
    endloop
  endfacet
  facet normal -0.989179 -0.139467 0.0455354
    outer loop
      vertex -7.92704 -35.2248 -12.7279
      vertex -7.84628 -41.4157 -29.9352
      vertex -7.92165 -35.2278 -12.62
    endloop
  endfacet
  facet normal -0.989161 -0.139584 0.0455773
    outer loop
      vertex -7.92165 -35.2278 -12.62
      vertex -7.84628 -41.4157 -29.9352
      vertex -7.91776 -35.2202 -12.5123
    endloop
  endfacet
  facet normal -0.989148 -0.139662 0.0456051
    outer loop
      vertex -7.91776 -35.2202 -12.5123
      vertex -7.84628 -41.4157 -29.9352
      vertex -7.91541 -35.2021 -12.4059
    endloop
  endfacet
  facet normal -0.989224 -0.139179 0.0454335
    outer loop
      vertex -7.91541 -35.2021 -12.4059
      vertex -7.84628 -41.4157 -29.9352
      vertex -7.91462 -35.1737 -12.3017
    endloop
  endfacet
  facet normal -0.989175 -0.139495 0.0455455
    outer loop
      vertex -7.91462 -35.1737 -12.3017
      vertex -7.84628 -41.4157 -29.9352
      vertex -7.84628 -31.1897 1.38456
    endloop
  endfacet
  facet normal -0.98918 -0.13944 0.0455931
    outer loop
      vertex -7.84628 -31.1322 1.56072
      vertex -7.96148 -30.5113 0.960299
      vertex -7.96148 -30.5689 0.784137
    endloop
  endfacet
  facet normal -0.989175 -0.139497 0.0455331
    outer loop
      vertex -7.96148 -30.5113 0.960299
      vertex -7.84628 -31.1322 1.56072
      vertex -7.84628 -31.0747 1.73688
    endloop
  endfacet
  facet normal -0.000551911 -0.310544 -0.950559
    outer loop
      vertex -7.84628 -41.4157 -29.9352
      vertex -7.96148 -40.6775 -30.1763
      vertex -7.39104 -42.8423 -29.4694
    endloop
  endfacet
  facet normal 0.000122186 -0.309186 -0.951002
    outer loop
      vertex -0.784137 -47.5004 -27.9486
      vertex -1.56072 -47.3909 -27.9843
      vertex 0 -47.537 -27.9366
    endloop
  endfacet
  facet normal -0.14677 -0.940319 0.307016
    outer loop
      vertex -1.56072 -35.7496 7.67012
      vertex -0.784137 -47.5004 -27.9486
      vertex -0.784137 -35.8332 7.78532
    endloop
  endfacet
  facet normal -0.146702 -0.940328 0.307021
    outer loop
      vertex -0.784137 -47.5004 -27.9486
      vertex -1.56072 -35.7496 7.67012
      vertex -1.56072 -47.3909 -27.9843
    endloop
  endfacet
  facet normal -0.146696 -0.940198 0.307422
    outer loop
      vertex -1.56072 -35.6346 8.02244
      vertex -0.784137 -35.7757 7.96148
      vertex -0.784137 -35.7181 8.13764
    endloop
  endfacet
  facet normal -0.146761 -0.940346 0.306936
    outer loop
      vertex -0.784137 -35.7757 7.96148
      vertex -1.56072 -35.6346 8.02244
      vertex -1.56072 -35.6921 7.84628
    endloop
  endfacet
  facet normal 0.941565 -0.320196 0.104544
    outer loop
      vertex 7.39104 -42.8423 -29.4694
      vertex 7.46885 -32.1207 2.66783
      vertex 7.39104 -32.2785 2.88531
    endloop
  endfacet
  facet normal 0.941534 -0.320279 0.104572
    outer loop
      vertex 7.46885 -32.1207 2.66783
      vertex 7.39104 -42.8423 -29.4694
      vertex 7.65552 -42.1397 -29.6988
    endloop
  endfacet
  facet normal 0.941546 -0.320256 0.104534
    outer loop
      vertex 7.39104 -32.2209 3.06147
      vertex 7.46679 -32.0098 3.02592
      vertex 7.39104 -32.1634 3.23763
    endloop
  endfacet
  facet normal 0.941539 -0.320228 0.104683
    outer loop
      vertex 7.46679 -32.0098 3.02592
      vertex 7.39104 -32.2209 3.06147
      vertex 7.46782 -32.0653 2.84688
    endloop
  endfacet
  facet normal 0.903999 0.406421 -0.132697
    outer loop
      vertex 7.39104 -31.404 -14.1637
      vertex 7.05537 -36.3471 -31.5901
      vertex 7.05537 -30.7293 -14.384
    endloop
  endfacet
  facet normal 0.903999 0.406421 -0.132697
    outer loop
      vertex 7.05537 -36.3471 -31.5901
      vertex 7.39104 -31.404 -14.1637
      vertex 7.39104 -37.0218 -31.3698
    endloop
  endfacet
  facet normal 0.903996 0.406427 -0.132697
    outer loop
      vertex 7.39104 -31.0315 -13.023
      vertex 7.05537 -27.2642 -3.77117
      vertex 7.39104 -27.7791 -3.06147
    endloop
  endfacet
  facet normal 0.903977 0.406465 -0.132713
    outer loop
      vertex 7.05537 -27.2642 -3.77117
      vertex 7.39104 -31.0315 -13.023
      vertex 7.05537 -30.3569 -13.2433
    endloop
  endfacet
  facet normal 0.243576 0.921985 -0.301024
    outer loop
      vertex 2.32228 -32.6546 -32.7957
      vertex 2.21122 -30.4555 -26.1501
      vertex 2.32228 -30.482 -26.1414
    endloop
  endfacet
  facet normal 0.242922 0.922137 -0.301086
    outer loop
      vertex 2.32228 -26.6644 -14.4489
      vertex 1.90389 -24.3703 -7.76032
      vertex 2.32228 -24.4463 -7.65552
    endloop
  endfacet
  facet normal 0.243219 0.922072 -0.301045
    outer loop
      vertex 1.90389 -24.3703 -7.76032
      vertex 2.32228 -26.6644 -14.4489
      vertex 2.01607 -26.5914 -14.4727
    endloop
  endfacet
  facet normal 0.243114 0.922096 -0.301057
    outer loop
      vertex 2.32228 -28.6197 -20.4378
      vertex 2.03511 -26.9684 -15.612
      vertex 2.32228 -27.0368 -15.5896
    endloop
  endfacet
  facet normal 0.242873 0.922149 -0.30109
    outer loop
      vertex 2.03511 -26.9684 -15.612
      vertex 2.32228 -28.6197 -20.4378
      vertex 2.11602 -28.5706 -20.4538
    endloop
  endfacet
  facet normal 0.242822 0.92216 -0.301095
    outer loop
      vertex 2.32228 -32.6546 -32.7957
      vertex 1.56072 -30.3007 -26.2006
      vertex 2.21122 -30.4555 -26.1501
    endloop
  endfacet
  facet normal 0.242932 0.922138 -0.301074
    outer loop
      vertex 1.56072 -30.3007 -26.2006
      vertex 2.32228 -32.6546 -32.7957
      vertex 1.56072 -32.4733 -32.8549
    endloop
  endfacet
  facet normal 0.243081 0.922104 -0.301058
    outer loop
      vertex 2.01607 -26.5914 -14.4727
      vertex 1.56072 -24.3079 -7.84628
      vertex 1.90389 -24.3703 -7.76032
    endloop
  endfacet
  facet normal 0.242929 0.922137 -0.30108
    outer loop
      vertex 1.56072 -24.3079 -7.84628
      vertex 2.01607 -26.5914 -14.4727
      vertex 1.56072 -26.483 -14.5081
    endloop
  endfacet
  facet normal 0.242822 0.92216 -0.301094
    outer loop
      vertex 2.11602 -28.5706 -20.4538
      vertex 1.56072 -26.8555 -15.6488
      vertex 2.03511 -26.9684 -15.612
    endloop
  endfacet
  facet normal 0.242954 0.922134 -0.30107
    outer loop
      vertex 1.56072 -26.8555 -15.6488
      vertex 2.11602 -28.5706 -20.4538
      vertex 1.56072 -28.4384 -20.497
    endloop
  endfacet
  facet normal 0.146856 0.940309 -0.307007
    outer loop
      vertex 1.56072 -32.4733 -32.8549
      vertex 1.1 -30.2357 -26.2219
      vertex 1.56072 -30.3007 -26.2006
    endloop
  endfacet
  facet normal 0.14679 0.940316 -0.307014
    outer loop
      vertex 1.1 -30.2357 -26.2219
      vertex 1.56072 -32.4733 -32.8549
      vertex 1.1 -32.4083 -32.8761
    endloop
  endfacet
  facet normal 0.146649 0.940336 -0.307022
    outer loop
      vertex 1.56072 -26.483 -14.5081
      vertex 1.20916 -24.2701 -7.89843
      vertex 1.56072 -24.3079 -7.84628
    endloop
  endfacet
  facet normal 0.146794 0.940318 -0.307008
    outer loop
      vertex 1.20916 -24.2701 -7.89843
      vertex 1.56072 -26.483 -14.5081
      vertex 1.09639 -26.4175 -14.5295
    endloop
  endfacet
  facet normal 0.14679 0.940319 -0.307007
    outer loop
      vertex 1.56072 -28.4384 -20.497
      vertex 1.1 -26.7905 -15.67
      vertex 1.56072 -26.8555 -15.6488
    endloop
  endfacet
  facet normal 0.14679 0.940319 -0.307007
    outer loop
      vertex 1.1 -26.7905 -15.67
      vertex 1.56072 -28.4384 -20.497
      vertex 1.1 -28.3734 -20.5182
    endloop
  endfacet
  facet normal -0.0489341 0.949474 -0.310009
    outer loop
      vertex -0.35598 -24.2091 -7.98251
      vertex -0.784137 -26.3735 -14.5439
      vertex -0.784137 -24.2243 -7.96148
    endloop
  endfacet
  facet normal -0.0489876 0.949472 -0.310005
    outer loop
      vertex -0.784137 -26.3735 -14.5439
      vertex -0.35598 -24.2091 -7.98251
      vertex -0.468848 -26.3588 -14.5487
    endloop
  endfacet
  facet normal -0.000214201 -0.310764 -0.950487
    outer loop
      vertex 4.44456 -33.6088 -32.4842
      vertex 2.32228 -32.6546 -32.7957
      vertex 3.77117 -33.2251 -32.6095
    endloop
  endfacet
  facet normal 0.000145155 -0.30994 -0.950756
    outer loop
      vertex 3.77117 -33.2251 -32.6095
      vertex 2.32228 -32.6546 -32.7957
      vertex 3.06147 -32.9061 -32.7136
    endloop
  endfacet
  facet normal 0.85772 0.488727 -0.15957
    outer loop
      vertex 7.05537 -30.7293 -14.384
      vertex 6.65176 -35.707 -31.7991
      vertex 6.65176 -30.0892 -14.593
    endloop
  endfacet
  facet normal 0.85772 0.488727 -0.15957
    outer loop
      vertex 6.65176 -35.707 -31.7991
      vertex 7.05537 -30.7293 -14.384
      vertex 7.05537 -36.3471 -31.5901
    endloop
  endfacet
  facet normal 0.857728 0.488713 -0.159567
    outer loop
      vertex 7.05537 -30.3569 -13.2433
      vertex 6.65176 -26.7757 -4.44456
      vertex 7.05537 -27.2642 -3.77117
    endloop
  endfacet
  facet normal 0.857752 0.488677 -0.159552
    outer loop
      vertex 6.65176 -26.7757 -4.44456
      vertex 7.05537 -30.3569 -13.2433
      vertex 6.65176 -29.7167 -13.4523
    endloop
  endfacet
  facet normal 0.740916 0.63843 -0.208448
    outer loop
      vertex 6.18408 -29.4897 -14.7887
      vertex 5.65685 -34.5546 -32.1754
      vertex 5.65685 -28.9368 -14.9693
    endloop
  endfacet
  facet normal 0.740971 0.638371 -0.208432
    outer loop
      vertex 5.65685 -34.5546 -32.1754
      vertex 6.18408 -29.4897 -14.7887
      vertex 6.18408 -35.1076 -31.9948
    endloop
  endfacet
  facet normal 0.74095 0.638393 -0.20844
    outer loop
      vertex 6.18408 -29.1173 -13.648
      vertex 5.65685 -25.8962 -5.65685
      vertex 6.18408 -26.3182 -5.07515
    endloop
  endfacet
  facet normal 0.740953 0.63839 -0.208439
    outer loop
      vertex 5.65685 -25.8962 -5.65685
      vertex 6.18408 -29.1173 -13.648
      vertex 5.65685 -28.5643 -13.8285
    endloop
  endfacet
  facet normal -0.000759872 -0.311101 -0.950377
    outer loop
      vertex 6.18408 -35.1076 -31.9948
      vertex 5.07515 -34.0534 -32.339
      vertex 5.65685 -34.5546 -32.1754
    endloop
  endfacet
  facet normal -0.000204356 -0.310467 -0.950584
    outer loop
      vertex -6.18408 -44.7566 -28.8444
      vertex -6.65176 -44.1571 -29.0401
      vertex -5.65685 -45.3096 -28.6639
    endloop
  endfacet
  facet normal -0.85772 -0.488727 0.159571
    outer loop
      vertex -6.65176 -44.1571 -29.0401
      vertex -7.05537 -32.7933 3.59501
      vertex -7.05537 -43.517 -29.2491
    endloop
  endfacet
  facet normal -0.857728 -0.488715 0.159566
    outer loop
      vertex -7.05537 -32.7933 3.59501
      vertex -6.65176 -44.1571 -29.0401
      vertex -6.65176 -33.2818 4.2684
    endloop
  endfacet
  facet normal -0.857711 -0.488757 0.159525
    outer loop
      vertex -6.65176 -33.2243 4.44456
      vertex -7.05537 -32.6783 3.94734
      vertex -7.05537 -32.7358 3.77117
    endloop
  endfacet
  facet normal -0.857713 -0.488752 0.159532
    outer loop
      vertex -7.05537 -32.6783 3.94734
      vertex -6.65176 -33.2243 4.44456
      vertex -6.65176 -33.1668 4.62072
    endloop
  endfacet
  facet normal -0.000149566 -0.310428 -0.950597
    outer loop
      vertex -7.65552 -42.1397 -29.6988
      vertex -7.84628 -41.4157 -29.9352
      vertex -7.39104 -42.8423 -29.4694
    endloop
  endfacet
  facet normal 0.000266448 -0.310349 -0.950623
    outer loop
      vertex -7.39104 -42.8423 -29.4694
      vertex -7.96148 -40.6775 -30.1763
      vertex -7.96148 -39.1867 -30.663
    endloop
  endfacet
  facet normal -0.941548 0.320242 -0.104561
    outer loop
      vertex -7.65552 -37.7245 -31.1404
      vertex -7.49077 -31.6689 -14.0772
      vertex -7.39104 -37.0218 -31.3698
    endloop
  endfacet
  facet normal -0.941564 0.320199 -0.104545
    outer loop
      vertex -7.49077 -31.6689 -14.0772
      vertex -7.65552 -37.7245 -31.1404
      vertex -7.65552 -32.1067 -13.9343
    endloop
  endfacet
  facet normal -0.941536 0.320274 -0.104571
    outer loop
      vertex -7.65552 -31.7342 -12.7936
      vertex -7.55698 -28.1155 -2.59769
      vertex -7.49738 -31.3141 -12.9308
    endloop
  endfacet
  facet normal -0.941549 0.320239 -0.104559
    outer loop
      vertex -7.55698 -28.1155 -2.59769
      vertex -7.65552 -31.7342 -12.7936
      vertex -7.65552 -28.3153 -2.32228
    endloop
  endfacet
  facet normal 0.000920887 -0.31065 -0.950524
    outer loop
      vertex -7.39104 -37.0218 -31.3698
      vertex -7.84628 -38.4484 -30.904
      vertex -7.65552 -37.7245 -31.1404
    endloop
  endfacet
  facet normal -0.803262 0.56621 -0.184868
    outer loop
      vertex -6.4754 -29.8631 -14.6668
      vertex -6.65176 -35.707 -31.7991
      vertex -6.65176 -30.0892 -14.593
    endloop
  endfacet
  facet normal -0.803172 0.566324 -0.184909
    outer loop
      vertex -6.65176 -29.7167 -13.4523
      vertex -6.37404 -26.504 -4.81902
      vertex -6.46371 -29.4757 -13.531
    endloop
  endfacet
  facet normal -0.80324 0.566239 -0.184875
    outer loop
      vertex -6.37404 -26.504 -4.81902
      vertex -6.65176 -29.7167 -13.4523
      vertex -6.65176 -26.7757 -4.44456
    endloop
  endfacet
  facet normal -0.85772 0.488727 -0.15957
    outer loop
      vertex -6.65176 -35.707 -31.7991
      vertex -7.05537 -30.7293 -14.384
      vertex -6.65176 -30.0892 -14.593
    endloop
  endfacet
  facet normal -0.85772 0.488727 -0.15957
    outer loop
      vertex -7.05537 -30.7293 -14.384
      vertex -6.65176 -35.707 -31.7991
      vertex -7.05537 -36.3471 -31.5901
    endloop
  endfacet
  facet normal -0.857752 0.488677 -0.159552
    outer loop
      vertex -7.05537 -30.3569 -13.2433
      vertex -6.65176 -26.7757 -4.44456
      vertex -6.65176 -29.7167 -13.4523
    endloop
  endfacet
  facet normal -0.857728 0.488713 -0.159567
    outer loop
      vertex -6.65176 -26.7757 -4.44456
      vertex -7.05537 -30.3569 -13.2433
      vertex -7.05537 -27.2642 -3.77117
    endloop
  endfacet
  facet normal 0.000214201 -0.310764 -0.950487
    outer loop
      vertex -2.32228 -32.6546 -32.7957
      vertex -4.44456 -33.6088 -32.4842
      vertex -3.77117 -33.2251 -32.6095
    endloop
  endfacet
  facet normal 0.00015832 -0.310652 -0.950524
    outer loop
      vertex -2.32228 -32.6546 -32.7957
      vertex -5.07515 -34.0534 -32.339
      vertex -4.44456 -33.6088 -32.4842
    endloop
  endfacet
  facet normal -0.514127 0.815355 -0.266214
    outer loop
      vertex -4.19064 -27.8463 -15.3253
      vertex -4.44456 -33.6088 -32.4842
      vertex -4.44456 -27.991 -15.2781
    endloop
  endfacet
  facet normal -0.51416 0.815337 -0.266205
    outer loop
      vertex -4.06564 -25.0097 -6.87887
      vertex -4.44456 -27.6185 -14.1373
      vertex -4.44456 -25.1745 -6.65176
    endloop
  endfacet
  facet normal -0.513964 0.815445 -0.266253
    outer loop
      vertex -4.44456 -27.6185 -14.1373
      vertex -4.06564 -25.0097 -6.87887
      vertex -4.1738 -27.4643 -14.1877
    endloop
  endfacet
  facet normal 0.000149566 -0.310428 -0.950597
    outer loop
      vertex 7.65552 -42.1397 -29.6988
      vertex 7.39104 -42.8423 -29.4694
      vertex 7.84628 -41.4157 -29.9352
    endloop
  endfacet
  facet normal 0.970033 -0.230972 0.0754132
    outer loop
      vertex 7.65552 -42.1397 -29.6988
      vertex 7.84628 -31.1897 1.38456
      vertex 7.65552 -31.7422 2.14612
    endloop
  endfacet
  facet normal 0.970036 -0.230963 0.0754101
    outer loop
      vertex 7.84628 -31.1897 1.38456
      vertex 7.65552 -42.1397 -29.6988
      vertex 7.84628 -41.4157 -29.9352
    endloop
  endfacet
  facet normal 0.97003 -0.230992 0.0753976
    outer loop
      vertex 7.65552 -31.6847 2.32228
      vertex 7.84628 -31.0747 1.73688
      vertex 7.65552 -31.6272 2.49844
    endloop
  endfacet
  facet normal 0.97003 -0.230992 0.0753976
    outer loop
      vertex 7.84628 -31.0747 1.73688
      vertex 7.65552 -31.6847 2.32228
      vertex 7.84628 -31.1322 1.56072
    endloop
  endfacet
  facet normal 0.514103 -0.815368 0.26622
    outer loop
      vertex 3.77117 -46.639 -28.2298
      vertex 4.44456 -34.883 6.47559
      vertex 3.77117 -35.1758 6.87921
    endloop
  endfacet
  facet normal 0.514127 -0.815354 0.266215
    outer loop
      vertex 4.44456 -34.883 6.47559
      vertex 3.77117 -46.639 -28.2298
      vertex 4.44456 -46.2553 -28.3551
    endloop
  endfacet
  facet normal 0.514076 -0.815406 0.266155
    outer loop
      vertex 3.77117 -35.1183 7.05537
      vertex 4.44456 -34.768 6.82792
      vertex 3.77117 -35.0608 7.23153
    endloop
  endfacet
  facet normal 0.514076 -0.815406 0.266155
    outer loop
      vertex 4.44456 -34.768 6.82792
      vertex 3.77117 -35.1183 7.05537
      vertex 4.44456 -34.8255 6.65176
    endloop
  endfacet
  facet normal 0.998769 0.0471588 -0.0153974
    outer loop
      vertex 7.96179 -33.63 -13.624
      vertex 7.96148 -39.1867 -30.663
      vertex 7.96148 -33.6219 -13.6193
    endloop
  endfacet
  facet normal 0.998797 0.0466178 -0.015221
    outer loop
      vertex 7.96572 -33.7286 -13.6681
      vertex 7.96148 -39.1867 -30.663
      vertex 7.96179 -33.63 -13.624
    endloop
  endfacet
  facet normal 0.998793 0.0466881 -0.0152436
    outer loop
      vertex 7.96998 -33.8309 -13.7023
      vertex 7.96148 -39.1867 -30.663
      vertex 7.96572 -33.7286 -13.6681
    endloop
  endfacet
  facet normal 0.998796 0.0466279 -0.0152246
    outer loop
      vertex 7.97453 -33.9362 -13.7263
      vertex 7.96148 -39.1867 -30.663
      vertex 7.96998 -33.8309 -13.7023
    endloop
  endfacet
  facet normal 0.998798 0.0466031 -0.0152169
    outer loop
      vertex 7.97932 -34.0433 -13.7399
      vertex 7.96148 -39.1867 -30.663
      vertex 7.97453 -33.9362 -13.7263
    endloop
  endfacet
  facet normal 0.998797 0.0466141 -0.0152202
    outer loop
      vertex 7.98431 -34.1512 -13.7429
      vertex 7.96148 -39.1867 -30.663
      vertex 7.97932 -34.0433 -13.7399
    endloop
  endfacet
  facet normal 0.998792 0.0467065 -0.0152477
    outer loop
      vertex 7.98584 -34.1832 -13.7407
      vertex 7.96148 -39.1867 -30.663
      vertex 7.98431 -34.1512 -13.7429
    endloop
  endfacet
  facet normal 0.998796 0.046642 -0.0152287
    outer loop
      vertex 7.96148 -39.1867 -30.663
      vertex 7.98584 -34.1832 -13.7407
      vertex 8 -39.9321 -30.4196
    endloop
  endfacet
  facet normal 0.998796 0.0466327 -0.0152252
    outer loop
      vertex 7.98415 -33.4949 -11.7438
      vertex 7.96148 -29.4311 -0.784137
      vertex 7.97462 -29.6252 -0.516635
    endloop
  endfacet
  facet normal 0.998784 0.046856 -0.0152989
    outer loop
      vertex 7.96148 -29.4311 -0.784137
      vertex 7.96179 -33.1472 -12.1452
      vertex 7.96148 -33.1434 -12.1538
    endloop
  endfacet
  facet normal 0.998795 0.0466591 -0.0152345
    outer loop
      vertex 7.96148 -29.4311 -0.784137
      vertex 7.96572 -33.2007 -12.0514
      vertex 7.96179 -33.1472 -12.1452
    endloop
  endfacet
  facet normal 0.998796 0.0466378 -0.0152274
    outer loop
      vertex 7.96148 -29.4311 -0.784137
      vertex 7.96998 -33.2632 -11.9634
      vertex 7.96572 -33.2007 -12.0514
    endloop
  endfacet
  facet normal 0.998795 0.0466533 -0.0152327
    outer loop
      vertex 7.96148 -29.4311 -0.784137
      vertex 7.97453 -33.334 -11.8819
      vertex 7.96998 -33.2632 -11.9634
    endloop
  endfacet
  facet normal 0.998797 0.0466184 -0.0152204
    outer loop
      vertex 7.96148 -29.4311 -0.784137
      vertex 7.97932 -33.4124 -11.8077
      vertex 7.97453 -33.334 -11.8819
    endloop
  endfacet
  facet normal 0.998794 0.0466712 -0.0152395
    outer loop
      vertex 7.96148 -29.4311 -0.784137
      vertex 7.98415 -33.4949 -11.7438
      vertex 7.97932 -33.4124 -11.8077
    endloop
  endfacet
  facet normal 0.00123393 -0.310349 -0.950622
    outer loop
      vertex 8 -39.9321 -30.4196
      vertex 7.96148 -40.6775 -30.1763
      vertex 7.96148 -39.1867 -30.663
    endloop
  endfacet
  facet normal 0.671578 -0.704342 0.229968
    outer loop
      vertex 5.07515 -45.8107 -28.5002
      vertex 5.65685 -34.1613 5.48069
      vertex 5.07515 -34.5438 6.00792
    endloop
  endfacet
  facet normal 0.671516 -0.704395 0.229987
    outer loop
      vertex 5.65685 -34.1613 5.48069
      vertex 5.07515 -45.8107 -28.5002
      vertex 5.65685 -45.3096 -28.6639
    endloop
  endfacet
  facet normal 0.671551 -0.704388 0.229905
    outer loop
      vertex 5.07515 -34.4862 6.18408
      vertex 5.65685 -34.0462 5.83302
      vertex 5.07515 -34.4287 6.36025
    endloop
  endfacet
  facet normal 0.671622 -0.704209 0.230246
    outer loop
      vertex 5.65685 -34.0462 5.83302
      vertex 5.07515 -34.4862 6.18408
      vertex 5.65685 -34.1038 5.65685
    endloop
  endfacet
  facet normal 0 -0.3103 -0.950639
    outer loop
      vertex 0 -47.537 -27.9366
      vertex -2.32228 -47.2095 -28.0435
      vertex 2.32228 -47.2095 -28.0435
    endloop
  endfacet
  facet normal 0.14677 -0.940319 0.307016
    outer loop
      vertex 0.784137 -47.5004 -27.9486
      vertex 1.56072 -35.7496 7.67012
      vertex 0.784137 -35.8332 7.78532
    endloop
  endfacet
  facet normal 0.146702 -0.940328 0.307021
    outer loop
      vertex 1.56072 -35.7496 7.67012
      vertex 0.784137 -47.5004 -27.9486
      vertex 1.56072 -47.3909 -27.9843
    endloop
  endfacet
  facet normal 0.146696 -0.940198 0.307422
    outer loop
      vertex 0.784137 -35.7757 7.96148
      vertex 1.56072 -35.6346 8.02244
      vertex 0.784137 -35.7181 8.13764
    endloop
  endfacet
  facet normal 0.146761 -0.940346 0.306936
    outer loop
      vertex 1.56072 -35.6346 8.02244
      vertex 0.784137 -35.7757 7.96148
      vertex 1.56072 -35.6921 7.84628
    endloop
  endfacet
  facet normal -0.000122186 -0.309186 -0.951002
    outer loop
      vertex 0.784137 -47.5004 -27.9486
      vertex 0 -47.537 -27.9366
      vertex 1.56072 -47.3909 -27.9843
    endloop
  endfacet
  facet normal 0.243159 -0.922083 0.30106
    outer loop
      vertex 1.56072 -47.3909 -27.9843
      vertex 2.32228 -35.6112 7.47936
      vertex 2.15408 -35.6418 7.52149
    endloop
  endfacet
  facet normal 0.243046 -0.922109 0.301071
    outer loop
      vertex 2.32228 -35.6112 7.47936
      vertex 1.56072 -47.3909 -27.9843
      vertex 2.32228 -47.2095 -28.0435
    endloop
  endfacet
  facet normal 0.242963 -0.922207 0.300839
    outer loop
      vertex 2.15702 -35.5837 7.69692
      vertex 2.32228 -35.4962 7.83168
      vertex 2.15995 -35.5257 7.87235
    endloop
  endfacet
  facet normal 0.242814 -0.92219 0.30101
    outer loop
      vertex 2.32228 -35.4962 7.83168
      vertex 2.15702 -35.5837 7.69692
      vertex 2.32228 -35.5537 7.65552
    endloop
  endfacet
  facet normal -0.0490114 -0.949471 0.310005
    outer loop
      vertex -0.784137 -35.8332 7.78532
      vertex 0 -47.537 -27.9366
      vertex 0 -35.8611 7.82384
    endloop
  endfacet
  facet normal -0.0490611 -0.949469 0.310004
    outer loop
      vertex 0 -47.537 -27.9366
      vertex -0.784137 -35.8332 7.78532
      vertex -0.784137 -47.5004 -27.9486
    endloop
  endfacet
  facet normal -0.0491291 -0.949492 0.309922
    outer loop
      vertex -0.784137 -35.7181 8.13764
      vertex 0 -35.8036 8
      vertex 0 -35.7461 8.17616
    endloop
  endfacet
  facet normal -0.0490265 -0.949338 0.31041
    outer loop
      vertex 0 -35.8036 8
      vertex -0.784137 -35.7181 8.13764
      vertex -0.784137 -35.7757 7.96148
    endloop
  endfacet
  facet normal 2.79714e-05 -0.310469 -0.950584
    outer loop
      vertex 3.77117 -46.639 -28.2298
      vertex 3.06147 -46.9581 -28.1256
      vertex 4.44456 -46.2553 -28.3551
    endloop
  endfacet
  facet normal -0.427548 -0.859347 0.28058
    outer loop
      vertex -3.77117 -35.1758 6.87921
      vertex -3.06147 -46.9581 -28.1256
      vertex -3.06147 -35.4193 7.21487
    endloop
  endfacet
  facet normal -0.427575 -0.859335 0.280576
    outer loop
      vertex -3.06147 -46.9581 -28.1256
      vertex -3.77117 -35.1758 6.87921
      vertex -3.77117 -46.639 -28.2298
    endloop
  endfacet
  facet normal -0.427529 -0.85938 0.280508
    outer loop
      vertex -3.77117 -35.0608 7.23153
      vertex -3.06147 -35.3618 7.39104
      vertex -3.06147 -35.3043 7.5672
    endloop
  endfacet
  facet normal -0.427529 -0.85938 0.280508
    outer loop
      vertex -3.06147 -35.3618 7.39104
      vertex -3.77117 -35.0608 7.23153
      vertex -3.77117 -35.1183 7.05537
    endloop
  endfacet
  facet normal -0.998795 -0.0466438 0.0152295
    outer loop
      vertex -7.96148 -40.6775 -30.1763
      vertex -8 -34.4694 -13.6888
      vertex -8 -39.9321 -30.4196
    endloop
  endfacet
  facet normal -0.998795 -0.0466518 0.0152325
    outer loop
      vertex -8 -34.4694 -13.6888
      vertex -7.96148 -40.6775 -30.1763
      vertex -7.9947 -34.5703 -13.6503
    endloop
  endfacet
  facet normal -0.998798 -0.04659 0.0152096
    outer loop
      vertex -7.9947 -34.5703 -13.6503
      vertex -7.96148 -40.6775 -30.1763
      vertex -7.98946 -34.6669 -13.6021
    endloop
  endfacet
  facet normal -0.998793 -0.0467007 0.0152498
    outer loop
      vertex -7.98946 -34.6669 -13.6021
      vertex -7.96148 -40.6775 -30.1763
      vertex -7.98431 -34.7583 -13.5447
    endloop
  endfacet
  facet normal -0.998796 -0.046631 0.015225
    outer loop
      vertex -7.98431 -34.7583 -13.5447
      vertex -7.96148 -40.6775 -30.1763
      vertex -7.97932 -34.8436 -13.4786
    endloop
  endfacet
  facet normal -0.998799 -0.0465843 0.0152086
    outer loop
      vertex -7.97932 -34.8436 -13.4786
      vertex -7.96148 -40.6775 -30.1763
      vertex -7.9757 -34.9029 -13.4225
    endloop
  endfacet
  facet normal -0.998795 -0.0466469 0.0152257
    outer loop
      vertex -7.98731 -30.1874 0.258318
      vertex -8 -29.9425 0.176162
      vertex -8 -30 0
    endloop
  endfacet
  facet normal -0.998795 -0.0466498 0.0152172
    outer loop
      vertex -8 -29.9425 0.176162
      vertex -7.98731 -30.1874 0.258318
      vertex -7.98746 -30.1277 0.431488
    endloop
  endfacet
  facet normal -0.998793 -0.0466829 0.015242
    outer loop
      vertex -8 -33.7866 -11.5975
      vertex -7.99567 -30.1214 -0.0880809
      vertex -8 -30 0
    endloop
  endfacet
  facet normal -0.998793 -0.0466921 0.015245
    outer loop
      vertex -7.9947 -33.8907 -11.5691
      vertex -7.99567 -30.1214 -0.0880809
      vertex -8 -33.7866 -11.5975
    endloop
  endfacet
  facet normal -0.9988 -0.0465593 0.0152014
    outer loop
      vertex -7.98946 -33.9972 -11.551
      vertex -7.99567 -30.1214 -0.0880809
      vertex -7.9947 -33.8907 -11.5691
    endloop
  endfacet
  facet normal -0.998791 -0.0467269 0.015258
    outer loop
      vertex -7.98431 -34.1048 -11.5434
      vertex -7.99567 -30.1214 -0.0880809
      vertex -7.98946 -33.9972 -11.551
    endloop
  endfacet
  facet normal -0.998799 -0.0465706 0.0152037
    outer loop
      vertex -7.97932 -34.2128 -11.5464
      vertex -7.99567 -30.1214 -0.0880809
      vertex -7.98431 -34.1048 -11.5434
    endloop
  endfacet
  facet normal -0.998786 -0.0468337 0.0152976
    outer loop
      vertex -7.97728 -34.2582 -11.5522
      vertex -7.99567 -30.1214 -0.0880809
      vertex -7.97932 -34.2128 -11.5464
    endloop
  endfacet
  facet normal -0.998796 -0.0466359 0.0152262
    outer loop
      vertex -7.99567 -30.1214 -0.0880809
      vertex -7.97728 -34.2582 -11.5522
      vertex -7.98716 -30.2471 0.0851479
    endloop
  endfacet
  facet normal -0.970036 -0.230963 0.0754101
    outer loop
      vertex -7.65552 -42.1397 -29.6988
      vertex -7.84628 -31.1897 1.38456
      vertex -7.84628 -41.4157 -29.9352
    endloop
  endfacet
  facet normal -0.970033 -0.230972 0.0754132
    outer loop
      vertex -7.84628 -31.1897 1.38456
      vertex -7.65552 -42.1397 -29.6988
      vertex -7.65552 -31.7422 2.14612
    endloop
  endfacet
  facet normal -0.97003 -0.230992 0.0753976
    outer loop
      vertex -7.65552 -31.6847 2.32228
      vertex -7.84628 -31.0747 1.73688
      vertex -7.84628 -31.1322 1.56072
    endloop
  endfacet
  facet normal -0.97003 -0.230992 0.0753976
    outer loop
      vertex -7.84628 -31.0747 1.73688
      vertex -7.65552 -31.6847 2.32228
      vertex -7.65552 -31.6272 2.49844
    endloop
  endfacet
  facet normal 0.989174 -0.139502 0.0455475
    outer loop
      vertex 7.84628 -31.1897 1.38456
      vertex 7.96148 -34.6342 -11.667
      vertex 7.96148 -30.6264 0.607975
    endloop
  endfacet
  facet normal 0.989146 -0.139685 0.0455956
    outer loop
      vertex 7.84628 -31.1897 1.38456
      vertex 7.95166 -34.7197 -11.7159
      vertex 7.96148 -34.6342 -11.667
    endloop
  endfacet
  facet normal 0.989198 -0.139347 0.045505
    outer loop
      vertex 7.84628 -31.1897 1.38456
      vertex 7.94212 -34.8078 -11.7783
      vertex 7.95166 -34.7197 -11.7159
    endloop
  endfacet
  facet normal 0.989183 -0.139443 0.0455312
    outer loop
      vertex 7.84628 -31.1897 1.38456
      vertex 7.93389 -34.8893 -11.8491
      vertex 7.94212 -34.8078 -11.7783
    endloop
  endfacet
  facet normal 0.989133 -0.139769 0.0456221
    outer loop
      vertex 7.84628 -31.1897 1.38456
      vertex 7.92704 -34.9634 -11.9276
      vertex 7.93389 -34.8893 -11.8491
    endloop
  endfacet
  facet normal 0.989239 -0.139077 0.0454265
    outer loop
      vertex 7.84628 -31.1897 1.38456
      vertex 7.92165 -35.0296 -12.0129
      vertex 7.92704 -34.9634 -11.9276
    endloop
  endfacet
  facet normal 0.989156 -0.139614 0.0455799
    outer loop
      vertex 7.84628 -31.1897 1.38456
      vertex 7.91776 -35.087 -12.1043
      vertex 7.92165 -35.0296 -12.0129
    endloop
  endfacet
  facet normal 0.98917 -0.139525 0.0455544
    outer loop
      vertex 7.84628 -31.1897 1.38456
      vertex 7.91541 -35.1352 -12.2009
      vertex 7.91776 -35.087 -12.1043
    endloop
  endfacet
  facet normal 0.989144 -0.139696 0.045604
    outer loop
      vertex 7.84628 -31.1897 1.38456
      vertex 7.91462 -35.1737 -12.3017
      vertex 7.91541 -35.1352 -12.2009
    endloop
  endfacet
  facet normal 0.989161 -0.139584 0.0455773
    outer loop
      vertex 7.84628 -41.4157 -29.9352
      vertex 7.92165 -35.2278 -12.62
      vertex 7.91776 -35.2202 -12.5123
    endloop
  endfacet
  facet normal 0.989148 -0.139662 0.0456051
    outer loop
      vertex 7.84628 -41.4157 -29.9352
      vertex 7.91776 -35.2202 -12.5123
      vertex 7.91541 -35.2021 -12.4059
    endloop
  endfacet
  facet normal 0.989224 -0.139179 0.0454335
    outer loop
      vertex 7.84628 -41.4157 -29.9352
      vertex 7.91541 -35.2021 -12.4059
      vertex 7.91462 -35.1737 -12.3017
    endloop
  endfacet
  facet normal 0.989175 -0.139495 0.0455455
    outer loop
      vertex 7.84628 -41.4157 -29.9352
      vertex 7.91462 -35.1737 -12.3017
      vertex 7.84628 -31.1897 1.38456
    endloop
  endfacet
  facet normal 0.989175 -0.139491 0.045544
    outer loop
      vertex 7.92165 -35.2278 -12.62
      vertex 7.84628 -41.4157 -29.9352
      vertex 7.96148 -40.6775 -30.1763
    endloop
  endfacet
  facet normal 0.98916 -0.139592 0.0455771
    outer loop
      vertex 7.95166 -35.1529 -13.0426
      vertex 7.96148 -40.6775 -30.1763
      vertex 7.96148 -35.1127 -13.1326
    endloop
  endfacet
  facet normal 0.98917 -0.139526 0.0455557
    outer loop
      vertex 7.94212 -35.1871 -12.9402
      vertex 7.96148 -40.6775 -30.1763
      vertex 7.95166 -35.1529 -13.0426
    endloop
  endfacet
  facet normal 0.989207 -0.139285 0.0454791
    outer loop
      vertex 7.93389 -35.2112 -12.835
      vertex 7.96148 -40.6775 -30.1763
      vertex 7.94212 -35.1871 -12.9402
    endloop
  endfacet
  facet normal 0.989172 -0.139512 0.0455506
    outer loop
      vertex 7.92704 -35.2248 -12.7279
      vertex 7.96148 -40.6775 -30.1763
      vertex 7.93389 -35.2112 -12.835
    endloop
  endfacet
  facet normal 0.98918 -0.139464 0.0455356
    outer loop
      vertex 7.96148 -40.6775 -30.1763
      vertex 7.92704 -35.2248 -12.7279
      vertex 7.92165 -35.2278 -12.62
    endloop
  endfacet
  facet normal 0.989175 -0.139497 0.0455331
    outer loop
      vertex 7.84628 -31.1322 1.56072
      vertex 7.96148 -30.5113 0.960299
      vertex 7.84628 -31.0747 1.73688
    endloop
  endfacet
  facet normal 0.98918 -0.13944 0.0455931
    outer loop
      vertex 7.96148 -30.5113 0.960299
      vertex 7.84628 -31.1322 1.56072
      vertex 7.96148 -30.5689 0.784137
    endloop
  endfacet
  facet normal -0.0491043 0.949467 -0.310001
    outer loop
      vertex 0 -24.1964 -8
      vertex -0.468848 -26.3588 -14.5487
      vertex -0.35598 -24.2091 -7.98251
    endloop
  endfacet
  facet normal -0.0490445 0.949469 -0.310006
    outer loop
      vertex -0.468848 -26.3588 -14.5487
      vertex 0 -24.1964 -8
      vertex 0 -26.3369 -14.5558
    endloop
  endfacet
  facet normal 0.0491043 0.949467 -0.310001
    outer loop
      vertex 0.468848 -26.3588 -14.5487
      vertex 0 -24.1964 -8
      vertex 0.35598 -24.2091 -7.98251
    endloop
  endfacet
  facet normal 0.0490445 0.949469 -0.310006
    outer loop
      vertex 0 -24.1964 -8
      vertex 0.468848 -26.3588 -14.5487
      vertex 0 -26.3369 -14.5558
    endloop
  endfacet
  facet normal -0.803226 -0.566257 0.184884
    outer loop
      vertex -6.18408 -44.7566 -28.8444
      vertex -6.65176 -33.2818 4.2684
      vertex -6.65176 -44.1571 -29.0401
    endloop
  endfacet
  facet normal -0.803273 -0.566197 0.184863
    outer loop
      vertex -6.65176 -33.2818 4.2684
      vertex -6.18408 -44.7566 -28.8444
      vertex -6.52667 -33.4042 4.43706
    endloop
  endfacet
  facet normal -0.803179 -0.566333 0.184855
    outer loop
      vertex -6.52846 -33.3449 4.61081
      vertex -6.65176 -33.1668 4.62072
      vertex -6.65176 -33.2243 4.44456
    endloop
  endfacet
  facet normal -0.803143 -0.566319 0.185054
    outer loop
      vertex -6.65176 -33.1668 4.62072
      vertex -6.52846 -33.3449 4.61081
      vertex -6.53024 -33.2856 4.78456
    endloop
  endfacet
  facet normal 0.000204356 -0.310467 -0.950584
    outer loop
      vertex 6.18408 -44.7566 -28.8444
      vertex 5.65685 -45.3096 -28.6639
      vertex 6.65176 -44.1571 -29.0401
    endloop
  endfacet
  facet normal 0.741037 -0.638303 0.208408
    outer loop
      vertex 5.65685 -45.3096 -28.6639
      vertex 5.79073 -34.0541 5.33298
      vertex 5.65685 -34.1613 5.48069
    endloop
  endfacet
  facet normal 0.740953 -0.63839 0.208437
    outer loop
      vertex 5.79073 -34.0541 5.33298
      vertex 5.65685 -45.3096 -28.6639
      vertex 6.18408 -44.7566 -28.8444
    endloop
  endfacet
  facet normal 0.740879 -0.638383 0.208724
    outer loop
      vertex 5.65685 -34.1038 5.65685
      vertex 5.78663 -33.9424 5.68983
      vertex 5.65685 -34.0462 5.83302
    endloop
  endfacet
  facet normal 0.740933 -0.638385 0.208523
    outer loop
      vertex 5.78663 -33.9424 5.68983
      vertex 5.65685 -34.1038 5.65685
      vertex 5.78868 -33.9983 5.51141
    endloop
  endfacet
  facet normal 0.970022 0.231016 -0.0754267
    outer loop
      vertex 7.77435 -32.5576 -13.7871
      vertex 7.65552 -37.7245 -31.1404
      vertex 7.65552 -32.1067 -13.9343
    endloop
  endfacet
  facet normal 0.970029 0.23099 -0.0754191
    outer loop
      vertex 7.65552 -37.7245 -31.1404
      vertex 7.77435 -32.5576 -13.7871
      vertex 7.84628 -38.4484 -30.904
    endloop
  endfacet
  facet normal 0.970027 0.230995 -0.0754221
    outer loop
      vertex 7.76958 -32.1671 -12.6522
      vertex 7.65552 -28.3153 -2.32228
      vertex 7.725 -28.5165 -2.04489
    endloop
  endfacet
  facet normal 0.970038 0.230954 -0.0754068
    outer loop
      vertex 7.65552 -28.3153 -2.32228
      vertex 7.76958 -32.1671 -12.6522
      vertex 7.65552 -31.7342 -12.7936
    endloop
  endfacet
  facet normal 0.97004 0.230948 -0.0754047
    outer loop
      vertex 7.84628 -38.4484 -30.904
      vertex 7.77435 -32.5576 -13.7871
      vertex 7.84628 -32.8306 -13.6979
    endloop
  endfacet
  facet normal 0.970037 0.23096 -0.0754073
    outer loop
      vertex 7.84628 -32.4581 -12.5572
      vertex 7.725 -28.5165 -2.04489
      vertex 7.84628 -28.8678 -1.56072
    endloop
  endfacet
  facet normal 0.970015 0.231043 -0.0754387
    outer loop
      vertex 7.725 -28.5165 -2.04489
      vertex 7.84628 -32.4581 -12.5572
      vertex 7.76958 -32.1671 -12.6522
    endloop
  endfacet
  facet normal -0.595638 -0.763583 0.249312
    outer loop
      vertex -5.07515 -34.5438 6.00792
      vertex -4.44456 -46.2553 -28.3551
      vertex -4.44456 -34.883 6.47559
    endloop
  endfacet
  facet normal -0.5957 -0.76354 0.249296
    outer loop
      vertex -4.44456 -46.2553 -28.3551
      vertex -5.07515 -34.5438 6.00792
      vertex -5.07515 -45.8107 -28.5002
    endloop
  endfacet
  facet normal -0.595692 -0.763566 0.249234
    outer loop
      vertex -5.07515 -34.4287 6.36025
      vertex -4.44456 -34.8255 6.65176
      vertex -4.44456 -34.768 6.82792
    endloop
  endfacet
  facet normal -0.59569 -0.763572 0.249222
    outer loop
      vertex -4.44456 -34.8255 6.65176
      vertex -5.07515 -34.4287 6.36025
      vertex -5.07515 -34.4862 6.18408
    endloop
  endfacet
  facet normal -0.00118279 -0.311771 -0.950156
    outer loop
      vertex -5.07515 -45.8107 -28.5002
      vertex -5.65685 -45.3096 -28.6639
      vertex -4.44456 -46.2553 -28.3551
    endloop
  endfacet
  facet normal 0.336922 -0.895034 0.292231
    outer loop
      vertex 2.32228 -47.2095 -28.0435
      vertex 3.06147 -35.4193 7.21487
      vertex 2.32228 -35.6112 7.47936
    endloop
  endfacet
  facet normal 0.336867 -0.895052 0.292238
    outer loop
      vertex 3.06147 -35.4193 7.21487
      vertex 2.32228 -47.2095 -28.0435
      vertex 3.06147 -46.9581 -28.1256
    endloop
  endfacet
  facet normal 0.3369 -0.895066 0.292157
    outer loop
      vertex 2.32228 -35.5537 7.65552
      vertex 3.06147 -35.3043 7.5672
      vertex 2.32228 -35.4962 7.83168
    endloop
  endfacet
  facet normal 0.3369 -0.895066 0.292157
    outer loop
      vertex 3.06147 -35.3043 7.5672
      vertex 2.32228 -35.5537 7.65552
      vertex 3.06147 -35.3618 7.39104
    endloop
  endfacet
  facet normal 0.595638 -0.763583 0.249312
    outer loop
      vertex 4.44456 -46.2553 -28.3551
      vertex 5.07515 -34.5438 6.00792
      vertex 4.44456 -34.883 6.47559
    endloop
  endfacet
  facet normal 0.5957 -0.76354 0.249296
    outer loop
      vertex 5.07515 -34.5438 6.00792
      vertex 4.44456 -46.2553 -28.3551
      vertex 5.07515 -45.8107 -28.5002
    endloop
  endfacet
  facet normal 0.595692 -0.763566 0.249234
    outer loop
      vertex 4.44456 -34.8255 6.65176
      vertex 5.07515 -34.4287 6.36025
      vertex 4.44456 -34.768 6.82792
    endloop
  endfacet
  facet normal 0.59569 -0.763572 0.249222
    outer loop
      vertex 5.07515 -34.4287 6.36025
      vertex 4.44456 -34.8255 6.65176
      vertex 5.07515 -34.4862 6.18408
    endloop
  endfacet
  facet normal -0.903999 -0.406421 0.132696
    outer loop
      vertex -7.05537 -43.517 -29.2491
      vertex -7.39104 -32.2785 2.88531
      vertex -7.39104 -42.8423 -29.4694
    endloop
  endfacet
  facet normal -0.903974 -0.406469 0.132713
    outer loop
      vertex -7.39104 -32.2785 2.88531
      vertex -7.05537 -43.517 -29.2491
      vertex -7.05537 -32.7933 3.59501
    endloop
  endfacet
  facet normal -0.903986 -0.406457 0.132671
    outer loop
      vertex -7.05537 -32.7358 3.77117
      vertex -7.39104 -32.1634 3.23763
      vertex -7.39104 -32.2209 3.06147
    endloop
  endfacet
  facet normal -0.903985 -0.406462 0.132665
    outer loop
      vertex -7.39104 -32.1634 3.23763
      vertex -7.05537 -32.7358 3.77117
      vertex -7.05537 -32.6783 3.94734
    endloop
  endfacet
  facet normal -0.803202 -0.566287 0.184894
    outer loop
      vertex -6.18408 -33.7393 4.89898
      vertex -6.52667 -33.4042 4.43706
      vertex -6.18408 -44.7566 -28.8444
    endloop
  endfacet
  facet normal -0.80328 -0.566144 0.184993
    outer loop
      vertex -6.18408 -33.6818 5.07515
      vertex -6.53024 -33.2856 4.78456
      vertex -6.52846 -33.3449 4.61081
    endloop
  endfacet
  facet normal -0.803298 -0.566085 0.185096
    outer loop
      vertex -6.53024 -33.2856 4.78456
      vertex -6.18408 -33.6818 5.07515
      vertex -6.18408 -33.6242 5.25131
    endloop
  endfacet
  facet normal -0.740922 -0.638423 0.208447
    outer loop
      vertex -6.18408 -33.7393 4.89898
      vertex -6.18408 -44.7566 -28.8444
      vertex -5.79073 -34.0541 5.33298
    endloop
  endfacet
  facet normal -0.741068 -0.638181 0.208669
    outer loop
      vertex -5.78868 -33.9983 5.51141
      vertex -6.18408 -33.6242 5.25131
      vertex -6.18408 -33.6818 5.07515
    endloop
  endfacet
  facet normal -0.741038 -0.638274 0.208489
    outer loop
      vertex -6.18408 -33.6242 5.25131
      vertex -5.78868 -33.9983 5.51141
      vertex -5.78663 -33.9424 5.68983
    endloop
  endfacet
  facet normal -5.63941e-05 0.809427 0.587221
    outer loop
      vertex 0 -35.6183 8
      vertex 0 -35.7461 8.17616
      vertex 0.784137 -35.7181 8.13764
    endloop
  endfacet
  facet normal 7.8101e-05 0.809427 0.587221
    outer loop
      vertex 0.784137 -35.5903 7.96148
      vertex 0.784137 -35.7181 8.13764
      vertex 1.56072 -35.6346 8.02244
    endloop
  endfacet
  facet normal 5.63941e-05 0.809427 0.587221
    outer loop
      vertex 0 -35.7461 8.17616
      vertex 0 -35.6183 8
      vertex -0.784137 -35.7181 8.13764
    endloop
  endfacet
  facet normal 5.63941e-05 0.809427 0.587221
    outer loop
      vertex -0.784137 -35.5903 7.96148
      vertex -0.784137 -35.7181 8.13764
      vertex 0 -35.6183 8
    endloop
  endfacet
  facet normal -5.63941e-05 0.809427 0.587221
    outer loop
      vertex 0.784137 -35.7181 8.13764
      vertex 0.784137 -35.5903 7.96148
      vertex 0 -35.6183 8
    endloop
  endfacet
  facet normal -1.78049e-05 0.809427 0.587221
    outer loop
      vertex 1.56072 -35.5068 7.84628
      vertex 1.56072 -35.6346 8.02244
      vertex 2.15995 -35.5257 7.87235
    endloop
  endfacet
  facet normal 7.8101e-05 0.809427 0.587221
    outer loop
      vertex 1.56072 -35.6346 8.02244
      vertex 1.56072 -35.5068 7.84628
      vertex 0.784137 -35.5903 7.96148
    endloop
  endfacet
  facet normal 2.56448e-05 0.809427 0.587221
    outer loop
      vertex 2.32228 -35.3684 7.65552
      vertex 2.15995 -35.5257 7.87235
      vertex 2.32228 -35.4962 7.83168
    endloop
  endfacet
  facet normal -1.64346e-05 0.809442 0.5872
    outer loop
      vertex 2.15995 -35.5257 7.87235
      vertex 2.32228 -35.3684 7.65552
      vertex 1.56072 -35.5068 7.84628
    endloop
  endfacet
  facet normal -2.83452e-05 0.809427 0.587221
    outer loop
      vertex 3.06147 -35.3043 7.5672
      vertex 2.32228 -35.3684 7.65552
      vertex 2.32228 -35.4962 7.83168
    endloop
  endfacet
  facet normal -2.83452e-05 0.809427 0.587221
    outer loop
      vertex 3.06147 -35.3043 7.5672
      vertex 3.06147 -35.1765 7.39104
      vertex 2.32228 -35.3684 7.65552
    endloop
  endfacet
  facet normal 2.37349e-05 0.809427 0.587221
    outer loop
      vertex 3.77117 -35.0608 7.23153
      vertex 3.06147 -35.1765 7.39104
      vertex 3.06147 -35.3043 7.5672
    endloop
  endfacet
  facet normal 2.37349e-05 0.809427 0.587221
    outer loop
      vertex 3.77117 -35.0608 7.23153
      vertex 3.77117 -34.933 7.05537
      vertex 3.06147 -35.1765 7.39104
    endloop
  endfacet
  facet normal 1.16681e-05 0.809427 0.587221
    outer loop
      vertex 4.44456 -34.768 6.82792
      vertex 3.77117 -34.933 7.05537
      vertex 3.77117 -35.0608 7.23153
    endloop
  endfacet
  facet normal 1.16681e-05 0.809427 0.587221
    outer loop
      vertex 4.44456 -34.768 6.82792
      vertex 4.44456 -34.6402 6.65176
      vertex 3.77117 -34.933 7.05537
    endloop
  endfacet
  facet normal -2.08542e-05 0.809427 0.587221
    outer loop
      vertex 5.07515 -34.4287 6.36025
      vertex 4.44456 -34.6402 6.65176
      vertex 4.44456 -34.768 6.82792
    endloop
  endfacet
  facet normal -3.62639e-05 0.809443 0.587199
    outer loop
      vertex 5.07515 -34.4287 6.36025
      vertex 5.07515 -34.3009 6.18408
      vertex 4.44456 -34.6402 6.65176
    endloop
  endfacet
  facet normal -3.97383e-05 0.809443 0.587199
    outer loop
      vertex 5.65685 -34.0462 5.83302
      vertex 5.07515 -34.3009 6.18408
      vertex 5.07515 -34.4287 6.36025
    endloop
  endfacet
  facet normal -3.83524e-05 0.809661 0.586898
    outer loop
      vertex 5.65685 -33.9185 5.65685
      vertex 5.65685 -34.0462 5.83302
      vertex 5.78663 -33.9424 5.68983
    endloop
  endfacet
  facet normal -0.000317115 0.809661 0.586897
    outer loop
      vertex 5.65685 -34.0462 5.83302
      vertex 5.65685 -33.9185 5.65685
      vertex 5.07515 -34.3009 6.18408
    endloop
  endfacet
  facet normal -0.000157312 0.809439 0.587204
    outer loop
      vertex 6.18408 -33.6242 5.25131
      vertex 5.65685 -33.9185 5.65685
      vertex 5.78663 -33.9424 5.68983
    endloop
  endfacet
  facet normal -0.000491923 0.809645 0.586919
    outer loop
      vertex 6.18408 -33.6242 5.25131
      vertex 6.18408 -33.4965 5.07515
      vertex 5.65685 -33.9185 5.65685
    endloop
  endfacet
  facet normal -0.00058156 0.809645 0.586919
    outer loop
      vertex 6.53024 -33.2856 4.78456
      vertex 6.18408 -33.4965 5.07515
      vertex 6.18408 -33.6242 5.25131
    endloop
  endfacet
  facet normal 0.000413808 0.809427 0.58722
    outer loop
      vertex 6.65176 -33.039 4.44456
      vertex 6.53024 -33.2856 4.78456
      vertex 6.65176 -33.1668 4.62072
    endloop
  endfacet
  facet normal -0.000457019 0.809575 0.587017
    outer loop
      vertex 6.53024 -33.2856 4.78456
      vertex 6.65176 -33.039 4.44456
      vertex 6.18408 -33.4965 5.07515
    endloop
  endfacet
  facet normal 4.33061e-05 0.809427 0.587221
    outer loop
      vertex 7.05537 -32.6783 3.94734
      vertex 6.65176 -33.039 4.44456
      vertex 6.65176 -33.1668 4.62072
    endloop
  endfacet
  facet normal 2.24263e-06 0.809443 0.587199
    outer loop
      vertex 7.05537 -32.6783 3.94734
      vertex 7.05537 -32.5505 3.77117
      vertex 6.65176 -33.039 4.44456
    endloop
  endfacet
  facet normal -0.000123124 0.809443 0.587199
    outer loop
      vertex 7.39104 -32.1634 3.23763
      vertex 7.05537 -32.5505 3.77117
      vertex 7.05537 -32.6783 3.94734
    endloop
  endfacet
  facet normal -7.01402e-05 0.809427 0.587221
    outer loop
      vertex 7.39104 -32.1634 3.23763
      vertex 7.39104 -32.0356 3.06147
      vertex 7.05537 -32.5505 3.77117
    endloop
  endfacet
  facet normal -9.93577e-05 0.809427 0.587221
    outer loop
      vertex 7.46679 -32.0098 3.02592
      vertex 7.39104 -32.0356 3.06147
      vertex 7.39104 -32.1634 3.23763
    endloop
  endfacet
  facet normal -0.000183927 0.809513 0.587102
    outer loop
      vertex 7.65552 -31.6272 2.49844
      vertex 7.39104 -32.0356 3.06147
      vertex 7.46679 -32.0098 3.02592
    endloop
  endfacet
  facet normal 0.000199617 0.809427 0.587221
    outer loop
      vertex 7.65552 -31.6272 2.49844
      vertex 7.65552 -31.4994 2.32228
      vertex 7.39104 -32.0356 3.06147
    endloop
  endfacet
  facet normal -2.48578e-05 0.809427 0.587221
    outer loop
      vertex 7.84628 -31.0747 1.73688
      vertex 7.65552 -31.4994 2.32228
      vertex 7.65552 -31.6272 2.49844
    endloop
  endfacet
  facet normal -2.48578e-05 0.809427 0.587221
    outer loop
      vertex 7.84628 -31.0747 1.73688
      vertex 7.84628 -30.9469 1.56072
      vertex 7.65552 -31.4994 2.32228
    endloop
  endfacet
  facet normal -5.95175e-05 0.809427 0.587221
    outer loop
      vertex 7.96148 -30.5113 0.960299
      vertex 7.84628 -30.9469 1.56072
      vertex 7.84628 -31.0747 1.73688
    endloop
  endfacet
  facet normal -9.42653e-05 0.80943 0.587216
    outer loop
      vertex 7.96148 -30.5113 0.960299
      vertex 7.96148 -30.3835 0.784137
      vertex 7.84628 -30.9469 1.56072
    endloop
  endfacet
  facet normal 0.00111467 0.80943 0.587216
    outer loop
      vertex 7.98746 -30.1277 0.431488
      vertex 7.96148 -30.3835 0.784137
      vertex 7.96148 -30.5113 0.960299
    endloop
  endfacet
  facet normal 0.000993159 0.809453 0.587183
    outer loop
      vertex 7.99567 -29.8786 0.0880809
      vertex 7.98746 -30.1277 0.431488
      vertex 8 -29.9425 0.176162
    endloop
  endfacet
  facet normal 0.000178605 0.809463 0.587171
    outer loop
      vertex 7.98746 -30.1277 0.431488
      vertex 7.99567 -29.8786 0.0880809
      vertex 7.96148 -30.3835 0.784137
    endloop
  endfacet
  facet normal -7.8101e-05 0.809427 0.587221
    outer loop
      vertex -0.784137 -35.7181 8.13764
      vertex -0.784137 -35.5903 7.96148
      vertex -1.56072 -35.6346 8.02244
    endloop
  endfacet
  facet normal -7.8101e-05 0.809427 0.587221
    outer loop
      vertex -1.56072 -35.5068 7.84628
      vertex -1.56072 -35.6346 8.02244
      vertex -0.784137 -35.5903 7.96148
    endloop
  endfacet
  facet normal 1.78049e-05 0.809427 0.587221
    outer loop
      vertex -1.56072 -35.6346 8.02244
      vertex -1.56072 -35.5068 7.84628
      vertex -2.15995 -35.5257 7.87235
    endloop
  endfacet
  facet normal 1.64346e-05 0.809442 0.5872
    outer loop
      vertex -2.32228 -35.3684 7.65552
      vertex -2.15995 -35.5257 7.87235
      vertex -1.56072 -35.5068 7.84628
    endloop
  endfacet
  facet normal -2.56448e-05 0.809427 0.587221
    outer loop
      vertex -2.15995 -35.5257 7.87235
      vertex -2.32228 -35.3684 7.65552
      vertex -2.32228 -35.4962 7.83168
    endloop
  endfacet
  facet normal 2.83452e-05 0.809427 0.587221
    outer loop
      vertex -2.32228 -35.3684 7.65552
      vertex -3.06147 -35.3043 7.5672
      vertex -2.32228 -35.4962 7.83168
    endloop
  endfacet
  facet normal 2.83452e-05 0.809427 0.587221
    outer loop
      vertex -3.06147 -35.1765 7.39104
      vertex -3.06147 -35.3043 7.5672
      vertex -2.32228 -35.3684 7.65552
    endloop
  endfacet
  facet normal -2.37349e-05 0.809427 0.587221
    outer loop
      vertex -3.06147 -35.1765 7.39104
      vertex -3.77117 -35.0608 7.23153
      vertex -3.06147 -35.3043 7.5672
    endloop
  endfacet
  facet normal -2.37349e-05 0.809427 0.587221
    outer loop
      vertex -3.77117 -34.933 7.05537
      vertex -3.77117 -35.0608 7.23153
      vertex -3.06147 -35.1765 7.39104
    endloop
  endfacet
  facet normal -1.16681e-05 0.809427 0.587221
    outer loop
      vertex -3.77117 -34.933 7.05537
      vertex -4.44456 -34.768 6.82792
      vertex -3.77117 -35.0608 7.23153
    endloop
  endfacet
  facet normal -1.16681e-05 0.809427 0.587221
    outer loop
      vertex -4.44456 -34.6402 6.65176
      vertex -4.44456 -34.768 6.82792
      vertex -3.77117 -34.933 7.05537
    endloop
  endfacet
  facet normal 2.08542e-05 0.809427 0.587221
    outer loop
      vertex -4.44456 -34.6402 6.65176
      vertex -5.07515 -34.4287 6.36025
      vertex -4.44456 -34.768 6.82792
    endloop
  endfacet
  facet normal 3.62639e-05 0.809443 0.587199
    outer loop
      vertex -5.07515 -34.3009 6.18408
      vertex -5.07515 -34.4287 6.36025
      vertex -4.44456 -34.6402 6.65176
    endloop
  endfacet
  facet normal 3.97383e-05 0.809443 0.587199
    outer loop
      vertex -5.07515 -34.3009 6.18408
      vertex -5.65685 -34.0462 5.83302
      vertex -5.07515 -34.4287 6.36025
    endloop
  endfacet
  facet normal 0.000317115 0.809661 0.586897
    outer loop
      vertex -5.65685 -33.9185 5.65685
      vertex -5.65685 -34.0462 5.83302
      vertex -5.07515 -34.3009 6.18408
    endloop
  endfacet
  facet normal 3.83524e-05 0.809661 0.586898
    outer loop
      vertex -5.65685 -34.0462 5.83302
      vertex -5.65685 -33.9185 5.65685
      vertex -5.78663 -33.9424 5.68983
    endloop
  endfacet
  facet normal 0.000157312 0.809439 0.587204
    outer loop
      vertex -5.65685 -33.9185 5.65685
      vertex -6.18408 -33.6242 5.25131
      vertex -5.78663 -33.9424 5.68983
    endloop
  endfacet
  facet normal 0.000491923 0.809645 0.586919
    outer loop
      vertex -6.18408 -33.4965 5.07515
      vertex -6.18408 -33.6242 5.25131
      vertex -5.65685 -33.9185 5.65685
    endloop
  endfacet
  facet normal 0.00058156 0.809645 0.586919
    outer loop
      vertex -6.18408 -33.4965 5.07515
      vertex -6.53024 -33.2856 4.78456
      vertex -6.18408 -33.6242 5.25131
    endloop
  endfacet
  facet normal 0.000457019 0.809575 0.587017
    outer loop
      vertex -6.65176 -33.039 4.44456
      vertex -6.53024 -33.2856 4.78456
      vertex -6.18408 -33.4965 5.07515
    endloop
  endfacet
  facet normal -0.000413808 0.809427 0.58722
    outer loop
      vertex -6.53024 -33.2856 4.78456
      vertex -6.65176 -33.039 4.44456
      vertex -6.65176 -33.1668 4.62072
    endloop
  endfacet
  facet normal -4.33061e-05 0.809427 0.587221
    outer loop
      vertex -6.65176 -33.039 4.44456
      vertex -7.05537 -32.6783 3.94734
      vertex -6.65176 -33.1668 4.62072
    endloop
  endfacet
  facet normal -2.24263e-06 0.809443 0.587199
    outer loop
      vertex -7.05537 -32.5505 3.77117
      vertex -7.05537 -32.6783 3.94734
      vertex -6.65176 -33.039 4.44456
    endloop
  endfacet
  facet normal 0.000123124 0.809443 0.587199
    outer loop
      vertex -7.05537 -32.5505 3.77117
      vertex -7.39104 -32.1634 3.23763
      vertex -7.05537 -32.6783 3.94734
    endloop
  endfacet
  facet normal 7.01402e-05 0.809427 0.587221
    outer loop
      vertex -7.39104 -32.0356 3.06147
      vertex -7.39104 -32.1634 3.23763
      vertex -7.05537 -32.5505 3.77117
    endloop
  endfacet
  facet normal 9.93577e-05 0.809427 0.587221
    outer loop
      vertex -7.39104 -32.0356 3.06147
      vertex -7.46679 -32.0098 3.02592
      vertex -7.39104 -32.1634 3.23763
    endloop
  endfacet
  facet normal 0.000183927 0.809513 0.587102
    outer loop
      vertex -7.39104 -32.0356 3.06147
      vertex -7.65552 -31.6272 2.49844
      vertex -7.46679 -32.0098 3.02592
    endloop
  endfacet
  facet normal -0.000199617 0.809427 0.587221
    outer loop
      vertex -7.65552 -31.4994 2.32228
      vertex -7.65552 -31.6272 2.49844
      vertex -7.39104 -32.0356 3.06147
    endloop
  endfacet
  facet normal 2.48578e-05 0.809427 0.587221
    outer loop
      vertex -7.65552 -31.4994 2.32228
      vertex -7.84628 -31.0747 1.73688
      vertex -7.65552 -31.6272 2.49844
    endloop
  endfacet
  facet normal 2.48578e-05 0.809427 0.587221
    outer loop
      vertex -7.84628 -30.9469 1.56072
      vertex -7.84628 -31.0747 1.73688
      vertex -7.65552 -31.4994 2.32228
    endloop
  endfacet
  facet normal 5.95175e-05 0.809427 0.587221
    outer loop
      vertex -7.84628 -30.9469 1.56072
      vertex -7.96148 -30.5113 0.960299
      vertex -7.84628 -31.0747 1.73688
    endloop
  endfacet
  facet normal 9.42653e-05 0.80943 0.587216
    outer loop
      vertex -7.96148 -30.3835 0.784137
      vertex -7.96148 -30.5113 0.960299
      vertex -7.84628 -30.9469 1.56072
    endloop
  endfacet
  facet normal -0.00111467 0.80943 0.587216
    outer loop
      vertex -7.96148 -30.3835 0.784137
      vertex -7.98746 -30.1277 0.431488
      vertex -7.96148 -30.5113 0.960299
    endloop
  endfacet
  facet normal -0.000178605 0.809463 0.587171
    outer loop
      vertex -7.99567 -29.8786 0.0880809
      vertex -7.98746 -30.1277 0.431488
      vertex -7.96148 -30.3835 0.784137
    endloop
  endfacet
  facet normal -0.000993159 0.809453 0.587183
    outer loop
      vertex -7.98746 -30.1277 0.431488
      vertex -7.99567 -29.8786 0.0880809
      vertex -8 -29.9425 0.176162
    endloop
  endfacet
  facet normal 0 0.950612 -0.310382
    outer loop
      vertex -1.1 -25.5916 -27.7382
      vertex -4.1 -23.7293 -22.0345
      vertex -1.1 -23.7293 -22.0345
    endloop
  endfacet
  facet normal 0 0.950612 -0.310382
    outer loop
      vertex -4.1 -23.7293 -22.0345
      vertex -1.1 -25.5916 -27.7382
      vertex -4.1 -25.5916 -27.7382
    endloop
  endfacet
  facet normal -1 0 0
    outer loop
      vertex -4.1 -23.7293 -22.0345
      vertex -4.1 -25.9237 -24.1455
      vertex -4.1 -25.9126 -23.9889
    endloop
  endfacet
  facet normal -1 0 0
    outer loop
      vertex -4.1 -23.7293 -22.0345
      vertex -4.1 -25.95 -24.3003
      vertex -4.1 -25.9237 -24.1455
    endloop
  endfacet
  facet normal -1 0 0
    outer loop
      vertex -4.1 -23.7293 -22.0345
      vertex -4.1 -25.9913 -24.4518
      vertex -4.1 -25.95 -24.3003
    endloop
  endfacet
  facet normal -1 0 0
    outer loop
      vertex -4.1 -25.5916 -27.7382
      vertex -4.1 -26.0473 -24.5985
      vertex -4.1 -25.9913 -24.4518
    endloop
  endfacet
  facet normal -1 0 0
    outer loop
      vertex -4.1 -25.5916 -27.7382
      vertex -4.1 -26.1174 -24.739
      vertex -4.1 -26.0473 -24.5985
    endloop
  endfacet
  facet normal -1 0 0
    outer loop
      vertex -4.1 -25.5916 -27.7382
      vertex -4.1 -26.201 -24.8719
      vertex -4.1 -26.1174 -24.739
    endloop
  endfacet
  facet normal -1 0 0
    outer loop
      vertex -4.1 -25.5916 -27.7382
      vertex -4.1 -26.2971 -24.996
      vertex -4.1 -26.201 -24.8719
    endloop
  endfacet
  facet normal -1 0 0
    outer loop
      vertex -4.1 -25.5916 -27.7382
      vertex -4.1 -26.405 -25.1101
      vertex -4.1 -26.2971 -24.996
    endloop
  endfacet
  facet normal -1 0 0
    outer loop
      vertex -4.1 -25.5916 -27.7382
      vertex -4.1 -26.5235 -25.2131
      vertex -4.1 -26.405 -25.1101
    endloop
  endfacet
  facet normal -1 0 0
    outer loop
      vertex -4.1 -25.5916 -27.7382
      vertex -4.1 -26.6516 -25.304
      vertex -4.1 -26.5235 -25.2131
    endloop
  endfacet
  facet normal -1 0 0
    outer loop
      vertex -4.1 -25.5916 -27.7382
      vertex -4.1 -26.7879 -25.3818
      vertex -4.1 -26.6516 -25.304
    endloop
  endfacet
  facet normal -1 0 0
    outer loop
      vertex -4.1 -25.5916 -27.7382
      vertex -4.1 -26.9313 -25.446
      vertex -4.1 -26.7879 -25.3818
    endloop
  endfacet
  facet normal -1 0 0
    outer loop
      vertex -4.1 -25.5916 -27.7382
      vertex -4.1 -27.0802 -25.4957
      vertex -4.1 -26.9313 -25.446
    endloop
  endfacet
  facet normal -1 0 0
    outer loop
      vertex -4.1 -25.5916 -27.7382
      vertex -4.1 -27.2333 -25.5307
      vertex -4.1 -27.0802 -25.4957
    endloop
  endfacet
  facet normal -1 0 0
    outer loop
      vertex -4.1 -25.5916 -27.7382
      vertex -4.1 -27.389 -25.5504
      vertex -4.1 -27.2333 -25.5307
    endloop
  endfacet
  facet normal -1 0 0
    outer loop
      vertex -4.1 -25.5916 -27.7382
      vertex -4.1 -27.546 -25.5548
      vertex -4.1 -27.389 -25.5504
    endloop
  endfacet
  facet normal -1 0 0
    outer loop
      vertex -4.1 -25.5916 -27.7382
      vertex -4.1 -27.7026 -25.5438
      vertex -4.1 -27.546 -25.5548
    endloop
  endfacet
  facet normal -1 0 0
    outer loop
      vertex -4.1 -25.5916 -27.7382
      vertex -4.1 -27.8574 -25.5175
      vertex -4.1 -27.7026 -25.5438
    endloop
  endfacet
  facet normal -1 0 0
    outer loop
      vertex -4.1 -25.5916 -27.7382
      vertex -4.1 -28.0089 -25.4762
      vertex -4.1 -27.8574 -25.5175
    endloop
  endfacet
  facet normal -1 0 0
    outer loop
      vertex -4.1 -31.2399 -25.894
      vertex -4.1 -28.0089 -25.4762
      vertex -4.1 -25.5916 -27.7382
    endloop
  endfacet
  facet normal -1 -0 0
    outer loop
      vertex -4.1 -28.0089 -25.4762
      vertex -4.1 -31.2399 -25.894
      vertex -4.1 -28.1556 -25.4202
    endloop
  endfacet
  facet normal -1 -0 0
    outer loop
      vertex -4.1 -28.1556 -25.4202
      vertex -4.1 -31.2399 -25.894
      vertex -4.1 -28.2961 -25.3501
    endloop
  endfacet
  facet normal -1 -0 0
    outer loop
      vertex -4.1 -28.2961 -25.3501
      vertex -4.1 -31.2399 -25.894
      vertex -4.1 -28.429 -25.2665
    endloop
  endfacet
  facet normal -1 0 0
    outer loop
      vertex -4.1 -31.2399 -25.894
      vertex -4.1 -29.1119 -23.9215
      vertex -4.1 -29.1075 -24.0784
    endloop
  endfacet
  facet normal -1 -0 0
    outer loop
      vertex -4.1 -29.1119 -23.9215
      vertex -4.1 -31.2399 -25.894
      vertex -4.1 -29.3776 -20.1903
    endloop
  endfacet
  facet normal -1 -0 0
    outer loop
      vertex -4.1 -29.0878 -24.2342
      vertex -4.1 -31.2399 -25.894
      vertex -4.1 -29.1075 -24.0784
    endloop
  endfacet
  facet normal -1 -0 0
    outer loop
      vertex -4.1 -29.0528 -24.3873
      vertex -4.1 -31.2399 -25.894
      vertex -4.1 -29.0878 -24.2342
    endloop
  endfacet
  facet normal -1 -0 0
    outer loop
      vertex -4.1 -29.0031 -24.5362
      vertex -4.1 -31.2399 -25.894
      vertex -4.1 -29.0528 -24.3873
    endloop
  endfacet
  facet normal -1 -0 0
    outer loop
      vertex -4.1 -28.9389 -24.6795
      vertex -4.1 -31.2399 -25.894
      vertex -4.1 -29.0031 -24.5362
    endloop
  endfacet
  facet normal -1 -0 0
    outer loop
      vertex -4.1 -28.8611 -24.8159
      vertex -4.1 -31.2399 -25.894
      vertex -4.1 -28.9389 -24.6795
    endloop
  endfacet
  facet normal -1 -0 0
    outer loop
      vertex -4.1 -28.7702 -24.9439
      vertex -4.1 -31.2399 -25.894
      vertex -4.1 -28.8611 -24.8159
    endloop
  endfacet
  facet normal -1 -0 0
    outer loop
      vertex -4.1 -28.6672 -25.0625
      vertex -4.1 -31.2399 -25.894
      vertex -4.1 -28.7702 -24.9439
    endloop
  endfacet
  facet normal -1 -0 0
    outer loop
      vertex -4.1 -28.5531 -25.1704
      vertex -4.1 -31.2399 -25.894
      vertex -4.1 -28.6672 -25.0625
    endloop
  endfacet
  facet normal -1 -0 0
    outer loop
      vertex -4.1 -28.429 -25.2665
      vertex -4.1 -31.2399 -25.894
      vertex -4.1 -28.5531 -25.1704
    endloop
  endfacet
  facet normal -1 0 0
    outer loop
      vertex -4.1 -25.9913 -24.4518
      vertex -4.1 -23.7293 -22.0345
      vertex -4.1 -25.5916 -27.7382
    endloop
  endfacet
  facet normal -1 0 0
    outer loop
      vertex -4.1 -25.917 -23.8319
      vertex -4.1 -23.7293 -22.0345
      vertex -4.1 -25.9126 -23.9889
    endloop
  endfacet
  facet normal -1 0 0
    outer loop
      vertex -4.1 -25.9368 -23.6762
      vertex -4.1 -23.7293 -22.0345
      vertex -4.1 -25.917 -23.8319
    endloop
  endfacet
  facet normal -1 0 0
    outer loop
      vertex -4.1 -25.9717 -23.5231
      vertex -4.1 -23.7293 -22.0345
      vertex -4.1 -25.9368 -23.6762
    endloop
  endfacet
  facet normal -1 0 0
    outer loop
      vertex -4.1 -26.0215 -23.3742
      vertex -4.1 -23.7293 -22.0345
      vertex -4.1 -25.9717 -23.5231
    endloop
  endfacet
  facet normal -1 0 0
    outer loop
      vertex -4.1 -26.0856 -23.2308
      vertex -4.1 -23.7293 -22.0345
      vertex -4.1 -26.0215 -23.3742
    endloop
  endfacet
  facet normal -1 0 0
    outer loop
      vertex -4.1 -26.1635 -23.0945
      vertex -4.1 -23.7293 -22.0345
      vertex -4.1 -26.0856 -23.2308
    endloop
  endfacet
  facet normal -1 0 0
    outer loop
      vertex -4.1 -26.2544 -22.9664
      vertex -4.1 -23.7293 -22.0345
      vertex -4.1 -26.1635 -23.0945
    endloop
  endfacet
  facet normal -1 0 0
    outer loop
      vertex -4.1 -26.3573 -22.8479
      vertex -4.1 -23.7293 -22.0345
      vertex -4.1 -26.2544 -22.9664
    endloop
  endfacet
  facet normal -1 0 0
    outer loop
      vertex -4.1 -26.4714 -22.74
      vertex -4.1 -23.7293 -22.0345
      vertex -4.1 -26.3573 -22.8479
    endloop
  endfacet
  facet normal -1 0 0
    outer loop
      vertex -4.1 -26.5956 -22.6439
      vertex -4.1 -23.7293 -22.0345
      vertex -4.1 -26.4714 -22.74
    endloop
  endfacet
  facet normal -1 0 0
    outer loop
      vertex -4.1 -26.7285 -22.5603
      vertex -4.1 -23.7293 -22.0345
      vertex -4.1 -26.5956 -22.6439
    endloop
  endfacet
  facet normal -1 0 0
    outer loop
      vertex -4.1 -26.869 -22.4902
      vertex -4.1 -23.7293 -22.0345
      vertex -4.1 -26.7285 -22.5603
    endloop
  endfacet
  facet normal -1 0 0
    outer loop
      vertex -4.1 -27.0157 -22.4342
      vertex -4.1 -23.7293 -22.0345
      vertex -4.1 -26.869 -22.4902
    endloop
  endfacet
  facet normal -1 0 0
    outer loop
      vertex -4.1 -29.3776 -20.1903
      vertex -4.1 -27.0157 -22.4342
      vertex -4.1 -27.1672 -22.3929
    endloop
  endfacet
  facet normal -1 0 0
    outer loop
      vertex -4.1 -29.3776 -20.1903
      vertex -4.1 -27.1672 -22.3929
      vertex -4.1 -27.322 -22.3666
    endloop
  endfacet
  facet normal -1 0 0
    outer loop
      vertex -4.1 -29.3776 -20.1903
      vertex -4.1 -27.322 -22.3666
      vertex -4.1 -27.4786 -22.3555
    endloop
  endfacet
  facet normal -1 0 0
    outer loop
      vertex -4.1 -29.3776 -20.1903
      vertex -4.1 -27.4786 -22.3555
      vertex -4.1 -27.6355 -22.3599
    endloop
  endfacet
  facet normal -1 0 0
    outer loop
      vertex -4.1 -27.0157 -22.4342
      vertex -4.1 -29.3776 -20.1903
      vertex -4.1 -23.7293 -22.0345
    endloop
  endfacet
  facet normal -1 0 0
    outer loop
      vertex -4.1 -27.7913 -22.3797
      vertex -4.1 -29.3776 -20.1903
      vertex -4.1 -27.6355 -22.3599
    endloop
  endfacet
  facet normal -1 0 0
    outer loop
      vertex -4.1 -27.9444 -22.4146
      vertex -4.1 -29.3776 -20.1903
      vertex -4.1 -27.7913 -22.3797
    endloop
  endfacet
  facet normal -1 0 0
    outer loop
      vertex -4.1 -28.0933 -22.4644
      vertex -4.1 -29.3776 -20.1903
      vertex -4.1 -27.9444 -22.4146
    endloop
  endfacet
  facet normal -1 0 0
    outer loop
      vertex -4.1 -28.2366 -22.5285
      vertex -4.1 -29.3776 -20.1903
      vertex -4.1 -28.0933 -22.4644
    endloop
  endfacet
  facet normal -1 0 0
    outer loop
      vertex -4.1 -28.373 -22.6064
      vertex -4.1 -29.3776 -20.1903
      vertex -4.1 -28.2366 -22.5285
    endloop
  endfacet
  facet normal -1 0 0
    outer loop
      vertex -4.1 -28.501 -22.6973
      vertex -4.1 -29.3776 -20.1903
      vertex -4.1 -28.373 -22.6064
    endloop
  endfacet
  facet normal -1 0 0
    outer loop
      vertex -4.1 -28.6196 -22.8002
      vertex -4.1 -29.3776 -20.1903
      vertex -4.1 -28.501 -22.6973
    endloop
  endfacet
  facet normal -1 0 0
    outer loop
      vertex -4.1 -28.7275 -22.9143
      vertex -4.1 -29.3776 -20.1903
      vertex -4.1 -28.6196 -22.8002
    endloop
  endfacet
  facet normal -1 0 0
    outer loop
      vertex -4.1 -28.8236 -23.0385
      vertex -4.1 -29.3776 -20.1903
      vertex -4.1 -28.7275 -22.9143
    endloop
  endfacet
  facet normal -1 0 0
    outer loop
      vertex -4.1 -28.9072 -23.1714
      vertex -4.1 -29.3776 -20.1903
      vertex -4.1 -28.8236 -23.0385
    endloop
  endfacet
  facet normal -1 0 0
    outer loop
      vertex -4.1 -28.9773 -23.3119
      vertex -4.1 -29.3776 -20.1903
      vertex -4.1 -28.9072 -23.1714
    endloop
  endfacet
  facet normal -1 0 0
    outer loop
      vertex -4.1 -29.0333 -23.4586
      vertex -4.1 -29.3776 -20.1903
      vertex -4.1 -28.9773 -23.3119
    endloop
  endfacet
  facet normal -1 0 0
    outer loop
      vertex -4.1 -29.0746 -23.6101
      vertex -4.1 -29.3776 -20.1903
      vertex -4.1 -29.0333 -23.4586
    endloop
  endfacet
  facet normal -1 0 0
    outer loop
      vertex -4.1 -29.1009 -23.7649
      vertex -4.1 -29.3776 -20.1903
      vertex -4.1 -29.0746 -23.6101
    endloop
  endfacet
  facet normal -1 0 0
    outer loop
      vertex -4.1 -29.3776 -20.1903
      vertex -4.1 -29.1009 -23.7649
      vertex -4.1 -29.1119 -23.9215
    endloop
  endfacet
  facet normal -0.000159869 -0.310376 -0.950614
    outer loop
      vertex -1.56072 -30.3007 -26.2006
      vertex -1.1 -25.5916 -27.7382
      vertex -1.1 -30.2357 -26.2219
    endloop
  endfacet
  facet normal 6.7017e-05 -0.310396 -0.950607
    outer loop
      vertex -2.21122 -30.4555 -26.1501
      vertex -1.1 -25.5916 -27.7382
      vertex -1.56072 -30.3007 -26.2006
    endloop
  endfacet
  facet normal -0.000372473 -0.310513 -0.950569
    outer loop
      vertex -4.1 -25.5916 -27.7382
      vertex -2.21122 -30.4555 -26.1501
      vertex -2.32228 -30.482 -26.1414
    endloop
  endfacet
  facet normal 0.000652799 -0.310176 -0.950679
    outer loop
      vertex -4.1 -25.5916 -27.7382
      vertex -2.32228 -30.482 -26.1414
      vertex -2.43008 -30.5187 -26.1295
    endloop
  endfacet
  facet normal -0.000135497 -0.310417 -0.9506
    outer loop
      vertex -4.1 -25.5916 -27.7382
      vertex -2.43008 -30.5187 -26.1295
      vertex -3.06147 -30.7334 -26.0593
    endloop
  endfacet
  facet normal 0.000113583 -0.310372 -0.950615
    outer loop
      vertex -4.1 -25.5916 -27.7382
      vertex -3.06147 -30.7334 -26.0593
      vertex -3.77117 -31.0525 -25.9552
    endloop
  endfacet
  facet normal -3.73012e-05 -0.31038 -0.950613
    outer loop
      vertex -4.1 -25.5916 -27.7382
      vertex -3.77117 -31.0525 -25.9552
      vertex -4.1 -31.2399 -25.894
    endloop
  endfacet
  facet normal 0 -0.310382 -0.950612
    outer loop
      vertex -2.21122 -30.4555 -26.1501
      vertex -4.1 -25.5916 -27.7382
      vertex -1.1 -25.5916 -27.7382
    endloop
  endfacet
  facet normal -4.64637e-05 0.310376 0.950614
    outer loop
      vertex -1.1 -23.7293 -22.0345
      vertex -1.56072 -28.4384 -20.497
      vertex -1.1 -28.3734 -20.5182
    endloop
  endfacet
  facet normal 6.53656e-05 0.310366 0.950617
    outer loop
      vertex -1.1 -23.7293 -22.0345
      vertex -2.11602 -28.5706 -20.4538
      vertex -1.56072 -28.4384 -20.497
    endloop
  endfacet
  facet normal -0 0.310378 0.950613
    outer loop
      vertex -4.1 -23.7293 -22.0345
      vertex -2.11602 -28.5706 -20.4538
      vertex -1.1 -23.7293 -22.0345
    endloop
  endfacet
  facet normal -0.000131469 0.31033 0.950629
    outer loop
      vertex -2.11602 -28.5706 -20.4538
      vertex -4.1 -23.7293 -22.0345
      vertex -2.32228 -28.6197 -20.4378
    endloop
  endfacet
  facet normal 0.000277077 0.310464 0.950585
    outer loop
      vertex -2.32228 -28.6197 -20.4378
      vertex -4.1 -23.7293 -22.0345
      vertex -2.52247 -28.6878 -20.4155
    endloop
  endfacet
  facet normal -0.0001304 0.310347 0.950623
    outer loop
      vertex -2.52247 -28.6878 -20.4155
      vertex -4.1 -23.7293 -22.0345
      vertex -3.06147 -28.8712 -20.3557
    endloop
  endfacet
  facet normal 5.9413e-05 0.310381 0.950612
    outer loop
      vertex -3.06147 -28.8712 -20.3557
      vertex -4.1 -23.7293 -22.0345
      vertex -3.77117 -29.1902 -20.2515
    endloop
  endfacet
  facet normal 3.73012e-05 0.31038 0.950613
    outer loop
      vertex -3.77117 -29.1902 -20.2515
      vertex -4.1 -23.7293 -22.0345
      vertex -4.1 -29.3776 -20.1903
    endloop
  endfacet
  facet normal 1 0 0
    outer loop
      vertex 4.1 -25.9237 -24.1455
      vertex 4.1 -23.7293 -22.0345
      vertex 4.1 -25.9126 -23.9889
    endloop
  endfacet
  facet normal 1 0 0
    outer loop
      vertex 4.1 -23.7293 -22.0345
      vertex 4.1 -25.917 -23.8319
      vertex 4.1 -25.9126 -23.9889
    endloop
  endfacet
  facet normal 1 0 0
    outer loop
      vertex 4.1 -23.7293 -22.0345
      vertex 4.1 -25.9368 -23.6762
      vertex 4.1 -25.917 -23.8319
    endloop
  endfacet
  facet normal 1 0 0
    outer loop
      vertex 4.1 -23.7293 -22.0345
      vertex 4.1 -25.9717 -23.5231
      vertex 4.1 -25.9368 -23.6762
    endloop
  endfacet
  facet normal 1 0 0
    outer loop
      vertex 4.1 -23.7293 -22.0345
      vertex 4.1 -26.0215 -23.3742
      vertex 4.1 -25.9717 -23.5231
    endloop
  endfacet
  facet normal 1 0 0
    outer loop
      vertex 4.1 -23.7293 -22.0345
      vertex 4.1 -26.0856 -23.2308
      vertex 4.1 -26.0215 -23.3742
    endloop
  endfacet
  facet normal 1 0 0
    outer loop
      vertex 4.1 -23.7293 -22.0345
      vertex 4.1 -26.1635 -23.0945
      vertex 4.1 -26.0856 -23.2308
    endloop
  endfacet
  facet normal 1 0 0
    outer loop
      vertex 4.1 -23.7293 -22.0345
      vertex 4.1 -26.2544 -22.9664
      vertex 4.1 -26.1635 -23.0945
    endloop
  endfacet
  facet normal 1 0 0
    outer loop
      vertex 4.1 -23.7293 -22.0345
      vertex 4.1 -26.3573 -22.8479
      vertex 4.1 -26.2544 -22.9664
    endloop
  endfacet
  facet normal 1 0 0
    outer loop
      vertex 4.1 -23.7293 -22.0345
      vertex 4.1 -26.4714 -22.74
      vertex 4.1 -26.3573 -22.8479
    endloop
  endfacet
  facet normal 1 0 0
    outer loop
      vertex 4.1 -23.7293 -22.0345
      vertex 4.1 -26.5956 -22.6439
      vertex 4.1 -26.4714 -22.74
    endloop
  endfacet
  facet normal 1 0 0
    outer loop
      vertex 4.1 -23.7293 -22.0345
      vertex 4.1 -26.7285 -22.5603
      vertex 4.1 -26.5956 -22.6439
    endloop
  endfacet
  facet normal 1 0 0
    outer loop
      vertex 4.1 -23.7293 -22.0345
      vertex 4.1 -26.869 -22.4902
      vertex 4.1 -26.7285 -22.5603
    endloop
  endfacet
  facet normal 1 0 0
    outer loop
      vertex 4.1 -23.7293 -22.0345
      vertex 4.1 -27.0157 -22.4342
      vertex 4.1 -26.869 -22.4902
    endloop
  endfacet
  facet normal 1 0 0
    outer loop
      vertex 4.1 -29.3776 -20.1903
      vertex 4.1 -27.0157 -22.4342
      vertex 4.1 -23.7293 -22.0345
    endloop
  endfacet
  facet normal 1 0 0
    outer loop
      vertex 4.1 -27.0157 -22.4342
      vertex 4.1 -29.3776 -20.1903
      vertex 4.1 -27.1672 -22.3929
    endloop
  endfacet
  facet normal 1 0 0
    outer loop
      vertex 4.1 -27.1672 -22.3929
      vertex 4.1 -29.3776 -20.1903
      vertex 4.1 -27.322 -22.3666
    endloop
  endfacet
  facet normal 1 0 0
    outer loop
      vertex 4.1 -27.322 -22.3666
      vertex 4.1 -29.3776 -20.1903
      vertex 4.1 -27.4786 -22.3555
    endloop
  endfacet
  facet normal 1 0 0
    outer loop
      vertex 4.1 -29.0746 -23.6101
      vertex 4.1 -31.2399 -25.894
      vertex 4.1 -29.1009 -23.7649
    endloop
  endfacet
  facet normal 1 0 0
    outer loop
      vertex 4.1 -29.0333 -23.4586
      vertex 4.1 -31.2399 -25.894
      vertex 4.1 -29.0746 -23.6101
    endloop
  endfacet
  facet normal 1 0 0
    outer loop
      vertex 4.1 -31.2399 -25.894
      vertex 4.1 -29.0333 -23.4586
      vertex 4.1 -29.3776 -20.1903
    endloop
  endfacet
  facet normal 1 0 0
    outer loop
      vertex 4.1 -28.9773 -23.3119
      vertex 4.1 -29.3776 -20.1903
      vertex 4.1 -29.0333 -23.4586
    endloop
  endfacet
  facet normal 1 0 0
    outer loop
      vertex 4.1 -28.9072 -23.1714
      vertex 4.1 -29.3776 -20.1903
      vertex 4.1 -28.9773 -23.3119
    endloop
  endfacet
  facet normal 1 0 0
    outer loop
      vertex 4.1 -28.8236 -23.0385
      vertex 4.1 -29.3776 -20.1903
      vertex 4.1 -28.9072 -23.1714
    endloop
  endfacet
  facet normal 1 0 0
    outer loop
      vertex 4.1 -28.7275 -22.9143
      vertex 4.1 -29.3776 -20.1903
      vertex 4.1 -28.8236 -23.0385
    endloop
  endfacet
  facet normal 1 0 0
    outer loop
      vertex 4.1 -28.6196 -22.8002
      vertex 4.1 -29.3776 -20.1903
      vertex 4.1 -28.7275 -22.9143
    endloop
  endfacet
  facet normal 1 0 0
    outer loop
      vertex 4.1 -28.501 -22.6973
      vertex 4.1 -29.3776 -20.1903
      vertex 4.1 -28.6196 -22.8002
    endloop
  endfacet
  facet normal 1 0 0
    outer loop
      vertex 4.1 -28.373 -22.6064
      vertex 4.1 -29.3776 -20.1903
      vertex 4.1 -28.501 -22.6973
    endloop
  endfacet
  facet normal 1 0 0
    outer loop
      vertex 4.1 -28.2366 -22.5285
      vertex 4.1 -29.3776 -20.1903
      vertex 4.1 -28.373 -22.6064
    endloop
  endfacet
  facet normal 1 0 0
    outer loop
      vertex 4.1 -28.0933 -22.4644
      vertex 4.1 -29.3776 -20.1903
      vertex 4.1 -28.2366 -22.5285
    endloop
  endfacet
  facet normal 1 0 0
    outer loop
      vertex 4.1 -27.9444 -22.4146
      vertex 4.1 -29.3776 -20.1903
      vertex 4.1 -28.0933 -22.4644
    endloop
  endfacet
  facet normal 1 0 0
    outer loop
      vertex 4.1 -27.7913 -22.3797
      vertex 4.1 -29.3776 -20.1903
      vertex 4.1 -27.9444 -22.4146
    endloop
  endfacet
  facet normal 1 0 0
    outer loop
      vertex 4.1 -27.6355 -22.3599
      vertex 4.1 -29.3776 -20.1903
      vertex 4.1 -27.7913 -22.3797
    endloop
  endfacet
  facet normal 1 0 0
    outer loop
      vertex 4.1 -27.4786 -22.3555
      vertex 4.1 -29.3776 -20.1903
      vertex 4.1 -27.6355 -22.3599
    endloop
  endfacet
  facet normal 1 0 0
    outer loop
      vertex 4.1 -25.95 -24.3003
      vertex 4.1 -23.7293 -22.0345
      vertex 4.1 -25.9237 -24.1455
    endloop
  endfacet
  facet normal 1 0 0
    outer loop
      vertex 4.1 -25.9913 -24.4518
      vertex 4.1 -23.7293 -22.0345
      vertex 4.1 -25.95 -24.3003
    endloop
  endfacet
  facet normal 1 0 0
    outer loop
      vertex 4.1 -23.7293 -22.0345
      vertex 4.1 -25.9913 -24.4518
      vertex 4.1 -25.5916 -27.7382
    endloop
  endfacet
  facet normal 1 -0 0
    outer loop
      vertex 4.1 -26.0473 -24.5985
      vertex 4.1 -25.5916 -27.7382
      vertex 4.1 -25.9913 -24.4518
    endloop
  endfacet
  facet normal 1 -0 0
    outer loop
      vertex 4.1 -26.1174 -24.739
      vertex 4.1 -25.5916 -27.7382
      vertex 4.1 -26.0473 -24.5985
    endloop
  endfacet
  facet normal 1 -0 0
    outer loop
      vertex 4.1 -26.201 -24.8719
      vertex 4.1 -25.5916 -27.7382
      vertex 4.1 -26.1174 -24.739
    endloop
  endfacet
  facet normal 1 -0 0
    outer loop
      vertex 4.1 -26.2971 -24.996
      vertex 4.1 -25.5916 -27.7382
      vertex 4.1 -26.201 -24.8719
    endloop
  endfacet
  facet normal 1 -0 0
    outer loop
      vertex 4.1 -26.405 -25.1101
      vertex 4.1 -25.5916 -27.7382
      vertex 4.1 -26.2971 -24.996
    endloop
  endfacet
  facet normal 1 -0 0
    outer loop
      vertex 4.1 -26.5235 -25.2131
      vertex 4.1 -25.5916 -27.7382
      vertex 4.1 -26.405 -25.1101
    endloop
  endfacet
  facet normal 1 -0 0
    outer loop
      vertex 4.1 -26.6516 -25.304
      vertex 4.1 -25.5916 -27.7382
      vertex 4.1 -26.5235 -25.2131
    endloop
  endfacet
  facet normal 1 -0 0
    outer loop
      vertex 4.1 -26.7879 -25.3818
      vertex 4.1 -25.5916 -27.7382
      vertex 4.1 -26.6516 -25.304
    endloop
  endfacet
  facet normal 1 -0 0
    outer loop
      vertex 4.1 -26.9313 -25.446
      vertex 4.1 -25.5916 -27.7382
      vertex 4.1 -26.7879 -25.3818
    endloop
  endfacet
  facet normal 1 -0 0
    outer loop
      vertex 4.1 -27.0802 -25.4957
      vertex 4.1 -25.5916 -27.7382
      vertex 4.1 -26.9313 -25.446
    endloop
  endfacet
  facet normal 1 -0 0
    outer loop
      vertex 4.1 -27.2333 -25.5307
      vertex 4.1 -25.5916 -27.7382
      vertex 4.1 -27.0802 -25.4957
    endloop
  endfacet
  facet normal 1 -0 0
    outer loop
      vertex 4.1 -27.389 -25.5504
      vertex 4.1 -25.5916 -27.7382
      vertex 4.1 -27.2333 -25.5307
    endloop
  endfacet
  facet normal 1 -0 0
    outer loop
      vertex 4.1 -27.546 -25.5548
      vertex 4.1 -25.5916 -27.7382
      vertex 4.1 -27.389 -25.5504
    endloop
  endfacet
  facet normal 1 0 0
    outer loop
      vertex 4.1 -27.7026 -25.5438
      vertex 4.1 -25.5916 -27.7382
      vertex 4.1 -27.546 -25.5548
    endloop
  endfacet
  facet normal 1 0 0
    outer loop
      vertex 4.1 -27.8574 -25.5175
      vertex 4.1 -25.5916 -27.7382
      vertex 4.1 -27.7026 -25.5438
    endloop
  endfacet
  facet normal 1 0 0
    outer loop
      vertex 4.1 -28.0089 -25.4762
      vertex 4.1 -25.5916 -27.7382
      vertex 4.1 -27.8574 -25.5175
    endloop
  endfacet
  facet normal 1 0 0
    outer loop
      vertex 4.1 -31.2399 -25.894
      vertex 4.1 -28.0089 -25.4762
      vertex 4.1 -28.1556 -25.4202
    endloop
  endfacet
  facet normal 1 0 0
    outer loop
      vertex 4.1 -31.2399 -25.894
      vertex 4.1 -28.1556 -25.4202
      vertex 4.1 -28.2961 -25.3501
    endloop
  endfacet
  facet normal 1 0 0
    outer loop
      vertex 4.1 -31.2399 -25.894
      vertex 4.1 -28.2961 -25.3501
      vertex 4.1 -28.429 -25.2665
    endloop
  endfacet
  facet normal 1 0 0
    outer loop
      vertex 4.1 -31.2399 -25.894
      vertex 4.1 -28.429 -25.2665
      vertex 4.1 -28.5531 -25.1704
    endloop
  endfacet
  facet normal 1 0 0
    outer loop
      vertex 4.1 -29.1009 -23.7649
      vertex 4.1 -31.2399 -25.894
      vertex 4.1 -29.1119 -23.9215
    endloop
  endfacet
  facet normal 1 0 0
    outer loop
      vertex 4.1 -28.0089 -25.4762
      vertex 4.1 -31.2399 -25.894
      vertex 4.1 -25.5916 -27.7382
    endloop
  endfacet
  facet normal 1 0 0
    outer loop
      vertex 4.1 -28.6672 -25.0625
      vertex 4.1 -31.2399 -25.894
      vertex 4.1 -28.5531 -25.1704
    endloop
  endfacet
  facet normal 1 0 0
    outer loop
      vertex 4.1 -28.7702 -24.9439
      vertex 4.1 -31.2399 -25.894
      vertex 4.1 -28.6672 -25.0625
    endloop
  endfacet
  facet normal 1 0 0
    outer loop
      vertex 4.1 -28.8611 -24.8159
      vertex 4.1 -31.2399 -25.894
      vertex 4.1 -28.7702 -24.9439
    endloop
  endfacet
  facet normal 1 0 0
    outer loop
      vertex 4.1 -28.9389 -24.6795
      vertex 4.1 -31.2399 -25.894
      vertex 4.1 -28.8611 -24.8159
    endloop
  endfacet
  facet normal 1 0 0
    outer loop
      vertex 4.1 -29.0031 -24.5362
      vertex 4.1 -31.2399 -25.894
      vertex 4.1 -28.9389 -24.6795
    endloop
  endfacet
  facet normal 1 0 0
    outer loop
      vertex 4.1 -29.0528 -24.3873
      vertex 4.1 -31.2399 -25.894
      vertex 4.1 -29.0031 -24.5362
    endloop
  endfacet
  facet normal 1 0 0
    outer loop
      vertex 4.1 -29.0878 -24.2342
      vertex 4.1 -31.2399 -25.894
      vertex 4.1 -29.0528 -24.3873
    endloop
  endfacet
  facet normal 1 0 0
    outer loop
      vertex 4.1 -29.1075 -24.0784
      vertex 4.1 -31.2399 -25.894
      vertex 4.1 -29.0878 -24.2342
    endloop
  endfacet
  facet normal 1 0 0
    outer loop
      vertex 4.1 -29.1119 -23.9215
      vertex 4.1 -31.2399 -25.894
      vertex 4.1 -29.1075 -24.0784
    endloop
  endfacet
  facet normal 0 0.950612 -0.310382
    outer loop
      vertex 4.1 -25.5916 -27.7382
      vertex 1.1 -23.7293 -22.0345
      vertex 4.1 -23.7293 -22.0345
    endloop
  endfacet
  facet normal 0 0.950612 -0.310382
    outer loop
      vertex 1.1 -23.7293 -22.0345
      vertex 4.1 -25.5916 -27.7382
      vertex 1.1 -25.5916 -27.7382
    endloop
  endfacet
  facet normal 3.73012e-05 -0.31038 -0.950613
    outer loop
      vertex 3.77117 -31.0525 -25.9552
      vertex 4.1 -25.5916 -27.7382
      vertex 4.1 -31.2399 -25.894
    endloop
  endfacet
  facet normal -0.000113583 -0.310372 -0.950615
    outer loop
      vertex 3.06147 -30.7334 -26.0593
      vertex 4.1 -25.5916 -27.7382
      vertex 3.77117 -31.0525 -25.9552
    endloop
  endfacet
  facet normal 0.000135497 -0.310417 -0.9506
    outer loop
      vertex 2.43008 -30.5187 -26.1295
      vertex 4.1 -25.5916 -27.7382
      vertex 3.06147 -30.7334 -26.0593
    endloop
  endfacet
  facet normal -0.000652799 -0.310176 -0.950679
    outer loop
      vertex 2.32228 -30.482 -26.1414
      vertex 4.1 -25.5916 -27.7382
      vertex 2.43008 -30.5187 -26.1295
    endloop
  endfacet
  facet normal 0.000372473 -0.310513 -0.950569
    outer loop
      vertex 2.21122 -30.4555 -26.1501
      vertex 4.1 -25.5916 -27.7382
      vertex 2.32228 -30.482 -26.1414
    endloop
  endfacet
  facet normal -6.7017e-05 -0.310396 -0.950607
    outer loop
      vertex 1.1 -25.5916 -27.7382
      vertex 2.21122 -30.4555 -26.1501
      vertex 1.56072 -30.3007 -26.2006
    endloop
  endfacet
  facet normal 0.000159869 -0.310376 -0.950614
    outer loop
      vertex 1.1 -25.5916 -27.7382
      vertex 1.56072 -30.3007 -26.2006
      vertex 1.1 -30.2357 -26.2219
    endloop
  endfacet
  facet normal 0 -0.310382 -0.950612
    outer loop
      vertex 2.21122 -30.4555 -26.1501
      vertex 1.1 -25.5916 -27.7382
      vertex 4.1 -25.5916 -27.7382
    endloop
  endfacet
  facet normal -3.73012e-05 0.31038 0.950613
    outer loop
      vertex 4.1 -23.7293 -22.0345
      vertex 3.77117 -29.1902 -20.2515
      vertex 4.1 -29.3776 -20.1903
    endloop
  endfacet
  facet normal -5.9413e-05 0.310381 0.950612
    outer loop
      vertex 4.1 -23.7293 -22.0345
      vertex 3.06147 -28.8712 -20.3557
      vertex 3.77117 -29.1902 -20.2515
    endloop
  endfacet
  facet normal 0.0001304 0.310347 0.950623
    outer loop
      vertex 4.1 -23.7293 -22.0345
      vertex 2.52247 -28.6878 -20.4155
      vertex 3.06147 -28.8712 -20.3557
    endloop
  endfacet
  facet normal -0.000277077 0.310464 0.950585
    outer loop
      vertex 4.1 -23.7293 -22.0345
      vertex 2.32228 -28.6197 -20.4378
      vertex 2.52247 -28.6878 -20.4155
    endloop
  endfacet
  facet normal 0.000131469 0.31033 0.950629
    outer loop
      vertex 4.1 -23.7293 -22.0345
      vertex 2.11602 -28.5706 -20.4538
      vertex 2.32228 -28.6197 -20.4378
    endloop
  endfacet
  facet normal -0 0.310378 0.950613
    outer loop
      vertex 1.1 -23.7293 -22.0345
      vertex 2.11602 -28.5706 -20.4538
      vertex 4.1 -23.7293 -22.0345
    endloop
  endfacet
  facet normal -6.53656e-05 0.310366 0.950617
    outer loop
      vertex 2.11602 -28.5706 -20.4538
      vertex 1.1 -23.7293 -22.0345
      vertex 1.56072 -28.4384 -20.497
    endloop
  endfacet
  facet normal 4.64637e-05 0.310376 0.950614
    outer loop
      vertex 1.56072 -28.4384 -20.497
      vertex 1.1 -23.7293 -22.0345
      vertex 1.1 -28.3734 -20.5182
    endloop
  endfacet
  facet normal 0.740965 0 -0.671543
    outer loop
      vertex 3.01474 -12 -2.47413
      vertex 2.75772 25 -2.75772
      vertex 3.01474 25 -2.47413
    endloop
  endfacet
  facet normal 0.740965 0 -0.671543
    outer loop
      vertex 2.75772 25 -2.75772
      vertex 3.01474 -12 -2.47413
      vertex 2.75772 -12 -2.75772
    endloop
  endfacet
  facet normal 0.989176 0 -0.146736
    outer loop
      vertex 3.88122 -12 -0.382266
      vertex 3.82506 25 -0.760852
      vertex 3.88122 25 -0.382266
    endloop
  endfacet
  facet normal 0.989176 0 -0.146736
    outer loop
      vertex 3.82506 25 -0.760852
      vertex 3.88122 -12 -0.382266
      vertex 3.82506 -12 -0.760852
    endloop
  endfacet
  facet normal 0.998795 0 -0.0490689
    outer loop
      vertex 3.9 -12 0
      vertex 3.88122 25 -0.382266
      vertex 3.9 25 0
    endloop
  endfacet
  facet normal 0.998795 0 -0.0490689
    outer loop
      vertex 3.88122 25 -0.382266
      vertex 3.9 -12 0
      vertex 3.88122 -12 -0.382266
    endloop
  endfacet
  facet normal 0.970035 0 -0.242967
    outer loop
      vertex 3.82506 -12 -0.760852
      vertex 3.73207 25 -1.13211
      vertex 3.82506 25 -0.760852
    endloop
  endfacet
  facet normal 0.970035 0 -0.242967
    outer loop
      vertex 3.73207 25 -1.13211
      vertex 3.82506 -12 -0.760852
      vertex 3.73207 -12 -1.13211
    endloop
  endfacet
  facet normal 0.336892 0 0.941543
    outer loop
      vertex 1.13211 25 3.73207
      vertex 1.49247 -12 3.60313
      vertex 1.49247 25 3.60313
    endloop
  endfacet
  facet normal 0.336892 0 0.941543
    outer loop
      vertex 1.49247 -12 3.60313
      vertex 1.13211 25 3.73207
      vertex 1.13211 -12 3.73207
    endloop
  endfacet
  facet normal 0.671543 0 -0.740965
    outer loop
      vertex 2.47413 -12 -3.01474
      vertex 2.75772 25 -2.75772
      vertex 2.75772 -12 -2.75772
    endloop
  endfacet
  facet normal 0.671543 0 -0.740965
    outer loop
      vertex 2.75772 25 -2.75772
      vertex 2.47413 -12 -3.01474
      vertex 2.47413 25 -3.01474
    endloop
  endfacet
  facet normal 0.941543 0 -0.336892
    outer loop
      vertex 3.73207 -12 -1.13211
      vertex 3.60313 25 -1.49247
      vertex 3.73207 25 -1.13211
    endloop
  endfacet
  facet normal 0.941543 0 -0.336892
    outer loop
      vertex 3.60313 25 -1.49247
      vertex 3.73207 -12 -1.13211
      vertex 3.60313 -12 -1.49247
    endloop
  endfacet
  facet normal 0.0490689 0 0.998795
    outer loop
      vertex 0 25 3.9
      vertex 0.382266 -12 3.88122
      vertex 0.382266 25 3.88122
    endloop
  endfacet
  facet normal 0.0490689 0 0.998795
    outer loop
      vertex 0.382266 -12 3.88122
      vertex 0 25 3.9
      vertex 0 -12 3.9
    endloop
  endfacet
  facet normal -0.595698 0 0.803209
    outer loop
      vertex -2.47413 25 3.01474
      vertex -2.16672 -12 3.24273
      vertex -2.16672 25 3.24273
    endloop
  endfacet
  facet normal -0.595698 0 0.803209
    outer loop
      vertex -2.16672 -12 3.24273
      vertex -2.47413 25 3.01474
      vertex -2.47413 -12 3.01474
    endloop
  endfacet
  facet normal 0.514108 0 0.857726
    outer loop
      vertex 1.83845 25 3.43949
      vertex 2.16672 -12 3.24273
      vertex 2.16672 25 3.24273
    endloop
  endfacet
  facet normal 0.514108 0 0.857726
    outer loop
      vertex 2.16672 -12 3.24273
      vertex 1.83845 25 3.43949
      vertex 1.83845 -12 3.43949
    endloop
  endfacet
  facet normal -0.242967 0 0.970035
    outer loop
      vertex -1.13211 25 3.73207
      vertex -0.760852 -12 3.82506
      vertex -0.760852 25 3.82506
    endloop
  endfacet
  facet normal -0.242967 0 0.970035
    outer loop
      vertex -0.760852 -12 3.82506
      vertex -1.13211 25 3.73207
      vertex -1.13211 -12 3.73207
    endloop
  endfacet
  facet normal 0.857726 0 -0.514108
    outer loop
      vertex 3.43949 -12 -1.83845
      vertex 3.24273 25 -2.16672
      vertex 3.43949 25 -1.83845
    endloop
  endfacet
  facet normal 0.857726 0 -0.514108
    outer loop
      vertex 3.24273 25 -2.16672
      vertex 3.43949 -12 -1.83845
      vertex 3.24273 -12 -2.16672
    endloop
  endfacet
  facet normal -0.998795 0 0.0490689
    outer loop
      vertex -3.9 -12 0
      vertex -3.88122 25 0.382266
      vertex -3.9 25 0
    endloop
  endfacet
  facet normal -0.998795 0 0.0490689
    outer loop
      vertex -3.88122 25 0.382266
      vertex -3.9 -12 0
      vertex -3.88122 -12 0.382266
    endloop
  endfacet
  facet normal -0.903986 0 0.427563
    outer loop
      vertex -3.60313 -12 1.49247
      vertex -3.43949 25 1.83845
      vertex -3.60313 25 1.49247
    endloop
  endfacet
  facet normal -0.903986 0 0.427563
    outer loop
      vertex -3.43949 25 1.83845
      vertex -3.60313 -12 1.49247
      vertex -3.43949 -12 1.83845
    endloop
  endfacet
  facet normal 0.903986 0 -0.427563
    outer loop
      vertex 3.60313 -12 -1.49247
      vertex 3.43949 25 -1.83845
      vertex 3.60313 25 -1.49247
    endloop
  endfacet
  facet normal 0.903986 0 -0.427563
    outer loop
      vertex 3.43949 25 -1.83845
      vertex 3.60313 -12 -1.49247
      vertex 3.43949 -12 -1.83845
    endloop
  endfacet
  facet normal 0.970035 -0 0.242967
    outer loop
      vertex 3.73207 -12 1.13211
      vertex 3.82506 25 0.760852
      vertex 3.73207 25 1.13211
    endloop
  endfacet
  facet normal 0.970035 0 0.242967
    outer loop
      vertex 3.82506 25 0.760852
      vertex 3.73207 -12 1.13211
      vertex 3.82506 -12 0.760852
    endloop
  endfacet
  facet normal -0.514108 0 -0.857726
    outer loop
      vertex -2.16672 -12 -3.24273
      vertex -1.83845 25 -3.43949
      vertex -1.83845 -12 -3.43949
    endloop
  endfacet
  facet normal -0.514108 0 -0.857726
    outer loop
      vertex -1.83845 25 -3.43949
      vertex -2.16672 -12 -3.24273
      vertex -2.16672 25 -3.24273
    endloop
  endfacet
  facet normal -0.970035 0 0.242967
    outer loop
      vertex -3.82506 -12 0.760852
      vertex -3.73207 25 1.13211
      vertex -3.82506 25 0.760852
    endloop
  endfacet
  facet normal -0.970035 0 0.242967
    outer loop
      vertex -3.73207 25 1.13211
      vertex -3.82506 -12 0.760852
      vertex -3.73207 -12 1.13211
    endloop
  endfacet
  facet normal 0.242967 0 -0.970035
    outer loop
      vertex 0.760852 -12 -3.82506
      vertex 1.13211 25 -3.73207
      vertex 1.13211 -12 -3.73207
    endloop
  endfacet
  facet normal 0.242967 0 -0.970035
    outer loop
      vertex 1.13211 25 -3.73207
      vertex 0.760852 -12 -3.82506
      vertex 0.760852 25 -3.82506
    endloop
  endfacet
  facet normal 0.941543 -0 0.336892
    outer loop
      vertex 3.60313 -12 1.49247
      vertex 3.73207 25 1.13211
      vertex 3.60313 25 1.49247
    endloop
  endfacet
  facet normal 0.941543 0 0.336892
    outer loop
      vertex 3.73207 25 1.13211
      vertex 3.60313 -12 1.49247
      vertex 3.73207 -12 1.13211
    endloop
  endfacet
  facet normal 0.989176 -0 0.146736
    outer loop
      vertex 3.82506 -12 0.760852
      vertex 3.88122 25 0.382266
      vertex 3.82506 25 0.760852
    endloop
  endfacet
  facet normal 0.989176 0 0.146736
    outer loop
      vertex 3.88122 25 0.382266
      vertex 3.82506 -12 0.760852
      vertex 3.88122 -12 0.382266
    endloop
  endfacet
  facet normal 0.146736 0 -0.989176
    outer loop
      vertex 0.382266 -12 -3.88122
      vertex 0.760852 25 -3.82506
      vertex 0.760852 -12 -3.82506
    endloop
  endfacet
  facet normal 0.146736 0 -0.989176
    outer loop
      vertex 0.760852 25 -3.82506
      vertex 0.382266 -12 -3.88122
      vertex 0.382266 25 -3.88122
    endloop
  endfacet
  facet normal -0.427563 0 -0.903986
    outer loop
      vertex -1.83845 -12 -3.43949
      vertex -1.49247 25 -3.60313
      vertex -1.49247 -12 -3.60313
    endloop
  endfacet
  facet normal -0.427563 0 -0.903986
    outer loop
      vertex -1.49247 25 -3.60313
      vertex -1.83845 -12 -3.43949
      vertex -1.83845 25 -3.43949
    endloop
  endfacet
  facet normal -0.146736 0 -0.989176
    outer loop
      vertex -0.760852 -12 -3.82506
      vertex -0.382266 25 -3.88122
      vertex -0.382266 -12 -3.88122
    endloop
  endfacet
  facet normal -0.146736 0 -0.989176
    outer loop
      vertex -0.382266 25 -3.88122
      vertex -0.760852 -12 -3.82506
      vertex -0.760852 25 -3.82506
    endloop
  endfacet
  facet normal 0.427563 0 0.903986
    outer loop
      vertex 1.49247 25 3.60313
      vertex 1.83845 -12 3.43949
      vertex 1.83845 25 3.43949
    endloop
  endfacet
  facet normal 0.427563 0 0.903986
    outer loop
      vertex 1.83845 -12 3.43949
      vertex 1.49247 25 3.60313
      vertex 1.49247 -12 3.60313
    endloop
  endfacet
  facet normal -0.671543 0 -0.740965
    outer loop
      vertex -2.75772 -12 -2.75772
      vertex -2.47413 25 -3.01474
      vertex -2.47413 -12 -3.01474
    endloop
  endfacet
  facet normal -0.671543 0 -0.740965
    outer loop
      vertex -2.47413 25 -3.01474
      vertex -2.75772 -12 -2.75772
      vertex -2.75772 25 -2.75772
    endloop
  endfacet
  facet normal 0.857726 -0 0.514108
    outer loop
      vertex 3.24273 -12 2.16672
      vertex 3.43949 25 1.83845
      vertex 3.24273 25 2.16672
    endloop
  endfacet
  facet normal 0.857726 0 0.514108
    outer loop
      vertex 3.43949 25 1.83845
      vertex 3.24273 -12 2.16672
      vertex 3.43949 -12 1.83845
    endloop
  endfacet
  facet normal -0.595698 0 -0.803209
    outer loop
      vertex -2.47413 -12 -3.01474
      vertex -2.16672 25 -3.24273
      vertex -2.16672 -12 -3.24273
    endloop
  endfacet
  facet normal -0.595698 0 -0.803209
    outer loop
      vertex -2.16672 25 -3.24273
      vertex -2.47413 -12 -3.01474
      vertex -2.47413 25 -3.01474
    endloop
  endfacet
  facet normal 0.903986 -0 0.427563
    outer loop
      vertex 3.43949 -12 1.83845
      vertex 3.60313 25 1.49247
      vertex 3.43949 25 1.83845
    endloop
  endfacet
  facet normal 0.903986 0 0.427563
    outer loop
      vertex 3.60313 25 1.49247
      vertex 3.43949 -12 1.83845
      vertex 3.60313 -12 1.49247
    endloop
  endfacet
  facet normal 0.998795 -0 0.0490689
    outer loop
      vertex 3.88122 -12 0.382266
      vertex 3.9 25 0
      vertex 3.88122 25 0.382266
    endloop
  endfacet
  facet normal 0.998795 0 0.0490689
    outer loop
      vertex 3.9 25 0
      vertex 3.88122 -12 0.382266
      vertex 3.9 -12 0
    endloop
  endfacet
  facet normal -0.740965 0 -0.671543
    outer loop
      vertex -2.75772 -12 -2.75772
      vertex -3.01474 25 -2.47413
      vertex -2.75772 25 -2.75772
    endloop
  endfacet
  facet normal -0.740965 -0 -0.671543
    outer loop
      vertex -3.01474 25 -2.47413
      vertex -2.75772 -12 -2.75772
      vertex -3.01474 -12 -2.47413
    endloop
  endfacet
  facet normal -0.941543 0 0.336892
    outer loop
      vertex -3.73207 -12 1.13211
      vertex -3.60313 25 1.49247
      vertex -3.73207 25 1.13211
    endloop
  endfacet
  facet normal -0.941543 0 0.336892
    outer loop
      vertex -3.60313 25 1.49247
      vertex -3.73207 -12 1.13211
      vertex -3.60313 -12 1.49247
    endloop
  endfacet
  facet normal 0.514108 0 -0.857726
    outer loop
      vertex 1.83845 -12 -3.43949
      vertex 2.16672 25 -3.24273
      vertex 2.16672 -12 -3.24273
    endloop
  endfacet
  facet normal 0.514108 0 -0.857726
    outer loop
      vertex 2.16672 25 -3.24273
      vertex 1.83845 -12 -3.43949
      vertex 1.83845 25 -3.43949
    endloop
  endfacet
  facet normal 0.595698 0 -0.803209
    outer loop
      vertex 2.16672 -12 -3.24273
      vertex 2.47413 25 -3.01474
      vertex 2.47413 -12 -3.01474
    endloop
  endfacet
  facet normal 0.595698 0 -0.803209
    outer loop
      vertex 2.47413 25 -3.01474
      vertex 2.16672 -12 -3.24273
      vertex 2.16672 25 -3.24273
    endloop
  endfacet
  facet normal 0.146736 0 0.989176
    outer loop
      vertex 0.382266 25 3.88122
      vertex 0.760852 -12 3.82506
      vertex 0.760852 25 3.82506
    endloop
  endfacet
  facet normal 0.146736 0 0.989176
    outer loop
      vertex 0.760852 -12 3.82506
      vertex 0.382266 25 3.88122
      vertex 0.382266 -12 3.88122
    endloop
  endfacet
  facet normal 0.740965 -0 0.671543
    outer loop
      vertex 2.75772 -12 2.75772
      vertex 3.01474 25 2.47413
      vertex 2.75772 25 2.75772
    endloop
  endfacet
  facet normal 0.740965 0 0.671543
    outer loop
      vertex 3.01474 25 2.47413
      vertex 2.75772 -12 2.75772
      vertex 3.01474 -12 2.47413
    endloop
  endfacet
  facet normal 0.803209 -0 0.595698
    outer loop
      vertex 3.01474 -12 2.47413
      vertex 3.24273 25 2.16672
      vertex 3.01474 25 2.47413
    endloop
  endfacet
  facet normal 0.803209 0 0.595698
    outer loop
      vertex 3.24273 25 2.16672
      vertex 3.01474 -12 2.47413
      vertex 3.24273 -12 2.16672
    endloop
  endfacet
  facet normal 0.242967 0 0.970035
    outer loop
      vertex 0.760852 25 3.82506
      vertex 1.13211 -12 3.73207
      vertex 1.13211 25 3.73207
    endloop
  endfacet
  facet normal 0.242967 0 0.970035
    outer loop
      vertex 1.13211 -12 3.73207
      vertex 0.760852 25 3.82506
      vertex 0.760852 -12 3.82506
    endloop
  endfacet
  facet normal -0.242967 0 -0.970035
    outer loop
      vertex -1.13211 -12 -3.73207
      vertex -0.760852 25 -3.82506
      vertex -0.760852 -12 -3.82506
    endloop
  endfacet
  facet normal -0.242967 0 -0.970035
    outer loop
      vertex -0.760852 25 -3.82506
      vertex -1.13211 -12 -3.73207
      vertex -1.13211 25 -3.73207
    endloop
  endfacet
  facet normal 0.803209 0 -0.595698
    outer loop
      vertex 3.24273 -12 -2.16672
      vertex 3.01474 25 -2.47413
      vertex 3.24273 25 -2.16672
    endloop
  endfacet
  facet normal 0.803209 0 -0.595698
    outer loop
      vertex 3.01474 25 -2.47413
      vertex 3.24273 -12 -2.16672
      vertex 3.01474 -12 -2.47413
    endloop
  endfacet
  facet normal 0.0490689 0 -0.998795
    outer loop
      vertex 0 -12 -3.9
      vertex 0.382266 25 -3.88122
      vertex 0.382266 -12 -3.88122
    endloop
  endfacet
  facet normal 0.0490689 0 -0.998795
    outer loop
      vertex 0.382266 25 -3.88122
      vertex 0 -12 -3.9
      vertex 0 25 -3.9
    endloop
  endfacet
  facet normal -0.857726 0 -0.514108
    outer loop
      vertex -3.24273 -12 -2.16672
      vertex -3.43949 25 -1.83845
      vertex -3.24273 25 -2.16672
    endloop
  endfacet
  facet normal -0.857726 -0 -0.514108
    outer loop
      vertex -3.43949 25 -1.83845
      vertex -3.24273 -12 -2.16672
      vertex -3.43949 -12 -1.83845
    endloop
  endfacet
  facet normal 0.427563 0 -0.903986
    outer loop
      vertex 1.49247 -12 -3.60313
      vertex 1.83845 25 -3.43949
      vertex 1.83845 -12 -3.43949
    endloop
  endfacet
  facet normal 0.427563 0 -0.903986
    outer loop
      vertex 1.83845 25 -3.43949
      vertex 1.49247 -12 -3.60313
      vertex 1.49247 25 -3.60313
    endloop
  endfacet
  facet normal -0.857726 0 0.514108
    outer loop
      vertex -3.43949 -12 1.83845
      vertex -3.24273 25 2.16672
      vertex -3.43949 25 1.83845
    endloop
  endfacet
  facet normal -0.857726 0 0.514108
    outer loop
      vertex -3.24273 25 2.16672
      vertex -3.43949 -12 1.83845
      vertex -3.24273 -12 2.16672
    endloop
  endfacet
  facet normal -0.427563 0 0.903986
    outer loop
      vertex -1.83845 25 3.43949
      vertex -1.49247 -12 3.60313
      vertex -1.49247 25 3.60313
    endloop
  endfacet
  facet normal -0.427563 0 0.903986
    outer loop
      vertex -1.49247 -12 3.60313
      vertex -1.83845 25 3.43949
      vertex -1.83845 -12 3.43949
    endloop
  endfacet
  facet normal -0.740965 0 0.671543
    outer loop
      vertex -3.01474 -12 2.47413
      vertex -2.75772 25 2.75772
      vertex -3.01474 25 2.47413
    endloop
  endfacet
  facet normal -0.740965 0 0.671543
    outer loop
      vertex -2.75772 25 2.75772
      vertex -3.01474 -12 2.47413
      vertex -2.75772 -12 2.75772
    endloop
  endfacet
  facet normal -0.336892 0 -0.941543
    outer loop
      vertex -1.49247 -12 -3.60313
      vertex -1.13211 25 -3.73207
      vertex -1.13211 -12 -3.73207
    endloop
  endfacet
  facet normal -0.336892 0 -0.941543
    outer loop
      vertex -1.13211 25 -3.73207
      vertex -1.49247 -12 -3.60313
      vertex -1.49247 25 -3.60313
    endloop
  endfacet
  facet normal -0.514108 0 0.857726
    outer loop
      vertex -2.16672 25 3.24273
      vertex -1.83845 -12 3.43949
      vertex -1.83845 25 3.43949
    endloop
  endfacet
  facet normal -0.514108 0 0.857726
    outer loop
      vertex -1.83845 -12 3.43949
      vertex -2.16672 25 3.24273
      vertex -2.16672 -12 3.24273
    endloop
  endfacet
  facet normal 0.595698 0 0.803209
    outer loop
      vertex 2.16672 25 3.24273
      vertex 2.47413 -12 3.01474
      vertex 2.47413 25 3.01474
    endloop
  endfacet
  facet normal 0.595698 0 0.803209
    outer loop
      vertex 2.47413 -12 3.01474
      vertex 2.16672 25 3.24273
      vertex 2.16672 -12 3.24273
    endloop
  endfacet
  facet normal -0.0490689 0 -0.998795
    outer loop
      vertex -0.382266 -12 -3.88122
      vertex 0 25 -3.9
      vertex 0 -12 -3.9
    endloop
  endfacet
  facet normal -0.0490689 0 -0.998795
    outer loop
      vertex 0 25 -3.9
      vertex -0.382266 -12 -3.88122
      vertex -0.382266 25 -3.88122
    endloop
  endfacet
  facet normal -0.970035 0 -0.242967
    outer loop
      vertex -3.73207 -12 -1.13211
      vertex -3.82506 25 -0.760852
      vertex -3.73207 25 -1.13211
    endloop
  endfacet
  facet normal -0.970035 -0 -0.242967
    outer loop
      vertex -3.82506 25 -0.760852
      vertex -3.73207 -12 -1.13211
      vertex -3.82506 -12 -0.760852
    endloop
  endfacet
  facet normal -0.941543 0 -0.336892
    outer loop
      vertex -3.60313 -12 -1.49247
      vertex -3.73207 25 -1.13211
      vertex -3.60313 25 -1.49247
    endloop
  endfacet
  facet normal -0.941543 -0 -0.336892
    outer loop
      vertex -3.73207 25 -1.13211
      vertex -3.60313 -12 -1.49247
      vertex -3.73207 -12 -1.13211
    endloop
  endfacet
  facet normal 0.336892 0 -0.941543
    outer loop
      vertex 1.13211 -12 -3.73207
      vertex 1.49247 25 -3.60313
      vertex 1.49247 -12 -3.60313
    endloop
  endfacet
  facet normal 0.336892 0 -0.941543
    outer loop
      vertex 1.49247 25 -3.60313
      vertex 1.13211 -12 -3.73207
      vertex 1.13211 25 -3.73207
    endloop
  endfacet
  facet normal -0.803209 0 0.595698
    outer loop
      vertex -3.24273 -12 2.16672
      vertex -3.01474 25 2.47413
      vertex -3.24273 25 2.16672
    endloop
  endfacet
  facet normal -0.803209 0 0.595698
    outer loop
      vertex -3.01474 25 2.47413
      vertex -3.24273 -12 2.16672
      vertex -3.01474 -12 2.47413
    endloop
  endfacet
  facet normal -0.989176 0 0.146736
    outer loop
      vertex -3.88122 -12 0.382266
      vertex -3.82506 25 0.760852
      vertex -3.88122 25 0.382266
    endloop
  endfacet
  facet normal -0.989176 0 0.146736
    outer loop
      vertex -3.82506 25 0.760852
      vertex -3.88122 -12 0.382266
      vertex -3.82506 -12 0.760852
    endloop
  endfacet
  facet normal -0.903986 0 -0.427563
    outer loop
      vertex -3.43949 -12 -1.83845
      vertex -3.60313 25 -1.49247
      vertex -3.43949 25 -1.83845
    endloop
  endfacet
  facet normal -0.903986 -0 -0.427563
    outer loop
      vertex -3.60313 25 -1.49247
      vertex -3.43949 -12 -1.83845
      vertex -3.60313 -12 -1.49247
    endloop
  endfacet
  facet normal -0.671543 0 0.740965
    outer loop
      vertex -2.75772 25 2.75772
      vertex -2.47413 -12 3.01474
      vertex -2.47413 25 3.01474
    endloop
  endfacet
  facet normal -0.671543 0 0.740965
    outer loop
      vertex -2.47413 -12 3.01474
      vertex -2.75772 25 2.75772
      vertex -2.75772 -12 2.75772
    endloop
  endfacet
  facet normal -0.803209 0 -0.595698
    outer loop
      vertex -3.01474 -12 -2.47413
      vertex -3.24273 25 -2.16672
      vertex -3.01474 25 -2.47413
    endloop
  endfacet
  facet normal -0.803209 -0 -0.595698
    outer loop
      vertex -3.24273 25 -2.16672
      vertex -3.01474 -12 -2.47413
      vertex -3.24273 -12 -2.16672
    endloop
  endfacet
  facet normal -0.0490689 0 0.998795
    outer loop
      vertex -0.382266 25 3.88122
      vertex 0 -12 3.9
      vertex 0 25 3.9
    endloop
  endfacet
  facet normal -0.0490689 0 0.998795
    outer loop
      vertex 0 -12 3.9
      vertex -0.382266 25 3.88122
      vertex -0.382266 -12 3.88122
    endloop
  endfacet
  facet normal -0.146736 0 0.989176
    outer loop
      vertex -0.760852 25 3.82506
      vertex -0.382266 -12 3.88122
      vertex -0.382266 25 3.88122
    endloop
  endfacet
  facet normal -0.146736 0 0.989176
    outer loop
      vertex -0.382266 -12 3.88122
      vertex -0.760852 25 3.82506
      vertex -0.760852 -12 3.82506
    endloop
  endfacet
  facet normal -0.989176 0 -0.146736
    outer loop
      vertex -3.82506 -12 -0.760852
      vertex -3.88122 25 -0.382266
      vertex -3.82506 25 -0.760852
    endloop
  endfacet
  facet normal -0.989176 -0 -0.146736
    outer loop
      vertex -3.88122 25 -0.382266
      vertex -3.82506 -12 -0.760852
      vertex -3.88122 -12 -0.382266
    endloop
  endfacet
  facet normal -0.998795 0 -0.0490689
    outer loop
      vertex -3.88122 -12 -0.382266
      vertex -3.9 25 0
      vertex -3.88122 25 -0.382266
    endloop
  endfacet
  facet normal -0.998795 -0 -0.0490689
    outer loop
      vertex -3.9 25 0
      vertex -3.88122 -12 -0.382266
      vertex -3.9 -12 0
    endloop
  endfacet
  facet normal -0.336892 0 0.941543
    outer loop
      vertex -1.49247 25 3.60313
      vertex -1.13211 -12 3.73207
      vertex -1.13211 25 3.73207
    endloop
  endfacet
  facet normal -0.336892 0 0.941543
    outer loop
      vertex -1.13211 -12 3.73207
      vertex -1.49247 25 3.60313
      vertex -1.49247 -12 3.60313
    endloop
  endfacet
  facet normal 0.671543 0 0.740965
    outer loop
      vertex 2.47413 25 3.01474
      vertex 2.75772 -12 2.75772
      vertex 2.75772 25 2.75772
    endloop
  endfacet
  facet normal 0.671543 0 0.740965
    outer loop
      vertex 2.75772 -12 2.75772
      vertex 2.47413 25 3.01474
      vertex 2.47413 -12 3.01474
    endloop
  endfacet
  facet normal 0 1 0
    outer loop
      vertex 0 25 3.075
      vertex 0 25 3.9
      vertex 0.382266 25 3.88122
    endloop
  endfacet
  facet normal 0 1 0
    outer loop
      vertex 0.301402 25 3.06019
      vertex 0.382266 25 3.88122
      vertex 0.760852 25 3.82506
    endloop
  endfacet
  facet normal 0 1 0
    outer loop
      vertex 0 25 3.9
      vertex 0 25 3.075
      vertex -0.382266 25 3.88122
    endloop
  endfacet
  facet normal 0 1 0
    outer loop
      vertex 0.599902 25 3.01591
      vertex 0.760852 25 3.82506
      vertex 1.13211 25 3.73207
    endloop
  endfacet
  facet normal 0 1 -0
    outer loop
      vertex -0.301402 25 3.06019
      vertex -0.382266 25 3.88122
      vertex 0 25 3.075
    endloop
  endfacet
  facet normal 0 1 0
    outer loop
      vertex 0.892625 25 2.94259
      vertex 1.13211 25 3.73207
      vertex 1.49247 25 3.60313
    endloop
  endfacet
  facet normal 0 1 0
    outer loop
      vertex -0.382266 25 3.88122
      vertex -0.301402 25 3.06019
      vertex -0.760852 25 3.82506
    endloop
  endfacet
  facet normal 0 1 0
    outer loop
      vertex 1.17675 25 2.84093
      vertex 1.49247 25 3.60313
      vertex 1.83845 25 3.43949
    endloop
  endfacet
  facet normal 0 1 -0
    outer loop
      vertex -0.599902 25 3.01591
      vertex -0.760852 25 3.82506
      vertex -0.301402 25 3.06019
    endloop
  endfacet
  facet normal 0 1 0
    outer loop
      vertex 1.44954 25 2.71191
      vertex 1.83845 25 3.43949
      vertex 2.16672 25 3.24273
    endloop
  endfacet
  facet normal 0 1 0
    outer loop
      vertex -0.760852 25 3.82506
      vertex -0.599902 25 3.01591
      vertex -1.13211 25 3.73207
    endloop
  endfacet
  facet normal 0 1 -0
    outer loop
      vertex -0.892625 25 2.94259
      vertex -1.13211 25 3.73207
      vertex -0.599902 25 3.01591
    endloop
  endfacet
  facet normal 0 1 0
    outer loop
      vertex 0.382266 25 3.88122
      vertex 0.301402 25 3.06019
      vertex 0 25 3.075
    endloop
  endfacet
  facet normal 0 1 0
    outer loop
      vertex 0.760852 25 3.82506
      vertex 0.599902 25 3.01591
      vertex 0.301402 25 3.06019
    endloop
  endfacet
  facet normal 0 1 0
    outer loop
      vertex 1.70838 25 2.55677
      vertex 2.16672 25 3.24273
      vertex 2.47413 25 3.01474
    endloop
  endfacet
  facet normal 0 1 0
    outer loop
      vertex 1.13211 25 3.73207
      vertex 0.892625 25 2.94259
      vertex 0.599902 25 3.01591
    endloop
  endfacet
  facet normal 0 1 0
    outer loop
      vertex 1.49247 25 3.60313
      vertex 1.17675 25 2.84093
      vertex 0.892625 25 2.94259
    endloop
  endfacet
  facet normal 0 1 0
    outer loop
      vertex 1.95076 25 2.37701
      vertex 2.47413 25 3.01474
      vertex 2.75772 25 2.75772
    endloop
  endfacet
  facet normal 0 1 0
    outer loop
      vertex 1.83845 25 3.43949
      vertex 1.44954 25 2.71191
      vertex 1.17675 25 2.84093
    endloop
  endfacet
  facet normal 0 1 0
    outer loop
      vertex 2.16672 25 3.24273
      vertex 1.70838 25 2.55677
      vertex 1.44954 25 2.71191
    endloop
  endfacet
  facet normal 0 1 0
    outer loop
      vertex 2.17435 25 2.17435
      vertex 2.75772 25 2.75772
      vertex 3.01474 25 2.47413
    endloop
  endfacet
  facet normal 0 1 0
    outer loop
      vertex 2.47413 25 3.01474
      vertex 1.95076 25 2.37701
      vertex 1.70838 25 2.55677
    endloop
  endfacet
  facet normal 0 1 0
    outer loop
      vertex 2.75772 25 2.75772
      vertex 2.17435 25 2.17435
      vertex 1.95076 25 2.37701
    endloop
  endfacet
  facet normal 0 1 0
    outer loop
      vertex 2.37701 25 1.95076
      vertex 3.01474 25 2.47413
      vertex 3.24273 25 2.16672
    endloop
  endfacet
  facet normal 0 1 0
    outer loop
      vertex 3.01474 25 2.47413
      vertex 2.37701 25 1.95076
      vertex 2.17435 25 2.17435
    endloop
  endfacet
  facet normal 0 1 0
    outer loop
      vertex 2.55677 25 1.70838
      vertex 3.24273 25 2.16672
      vertex 3.43949 25 1.83845
    endloop
  endfacet
  facet normal 0 1 0
    outer loop
      vertex 3.24273 25 2.16672
      vertex 2.55677 25 1.70838
      vertex 2.37701 25 1.95076
    endloop
  endfacet
  facet normal 0 1 0
    outer loop
      vertex 2.71191 25 1.44954
      vertex 3.43949 25 1.83845
      vertex 3.60313 25 1.49247
    endloop
  endfacet
  facet normal 0 1 0
    outer loop
      vertex 3.43949 25 1.83845
      vertex 2.71191 25 1.44954
      vertex 2.55677 25 1.70838
    endloop
  endfacet
  facet normal 0 1 0
    outer loop
      vertex 3.60313 25 1.49247
      vertex 2.84093 25 1.17675
      vertex 2.71191 25 1.44954
    endloop
  endfacet
  facet normal 0 1 0
    outer loop
      vertex 3.73207 25 1.13211
      vertex 2.84093 25 1.17675
      vertex 3.60313 25 1.49247
    endloop
  endfacet
  facet normal 0 1 0
    outer loop
      vertex 3.73207 25 1.13211
      vertex 2.94259 25 0.892625
      vertex 2.84093 25 1.17675
    endloop
  endfacet
  facet normal 0 1 0
    outer loop
      vertex 3.82506 25 0.760852
      vertex 2.94259 25 0.892625
      vertex 3.73207 25 1.13211
    endloop
  endfacet
  facet normal 0 1 0
    outer loop
      vertex 3.82506 25 0.760852
      vertex 3.01591 25 0.599902
      vertex 2.94259 25 0.892625
    endloop
  endfacet
  facet normal 0 1 0
    outer loop
      vertex 3.88122 25 0.382266
      vertex 3.01591 25 0.599902
      vertex 3.82506 25 0.760852
    endloop
  endfacet
  facet normal 0 1 0
    outer loop
      vertex 3.88122 25 0.382266
      vertex 3.06019 25 0.301402
      vertex 3.01591 25 0.599902
    endloop
  endfacet
  facet normal 0 1 0
    outer loop
      vertex 3.9 25 0
      vertex 3.06019 25 0.301402
      vertex 3.88122 25 0.382266
    endloop
  endfacet
  facet normal 0 1 0
    outer loop
      vertex 3.9 25 0
      vertex 3.075 25 0
      vertex 3.06019 25 0.301402
    endloop
  endfacet
  facet normal 0 1 0
    outer loop
      vertex 3.9 25 0
      vertex 3.06019 25 -0.301402
      vertex 3.075 25 0
    endloop
  endfacet
  facet normal 0 1 -0
    outer loop
      vertex 3.88122 25 -0.382266
      vertex 3.06019 25 -0.301402
      vertex 3.9 25 0
    endloop
  endfacet
  facet normal 0 1 0
    outer loop
      vertex 3.88122 25 -0.382266
      vertex 3.01591 25 -0.599902
      vertex 3.06019 25 -0.301402
    endloop
  endfacet
  facet normal 0 1 -0
    outer loop
      vertex 3.82506 25 -0.760852
      vertex 3.01591 25 -0.599902
      vertex 3.88122 25 -0.382266
    endloop
  endfacet
  facet normal 0 1 0
    outer loop
      vertex 3.82506 25 -0.760852
      vertex 2.94259 25 -0.892625
      vertex 3.01591 25 -0.599902
    endloop
  endfacet
  facet normal 0 1 -0
    outer loop
      vertex 3.73207 25 -1.13211
      vertex 2.94259 25 -0.892625
      vertex 3.82506 25 -0.760852
    endloop
  endfacet
  facet normal 0 1 0
    outer loop
      vertex 3.73207 25 -1.13211
      vertex 2.84093 25 -1.17675
      vertex 2.94259 25 -0.892625
    endloop
  endfacet
  facet normal 0 1 -0
    outer loop
      vertex 3.60313 25 -1.49247
      vertex 2.84093 25 -1.17675
      vertex 3.73207 25 -1.13211
    endloop
  endfacet
  facet normal 0 1 0
    outer loop
      vertex 2.84093 25 -1.17675
      vertex 3.60313 25 -1.49247
      vertex 2.71191 25 -1.44954
    endloop
  endfacet
  facet normal 0 1 -0
    outer loop
      vertex 3.43949 25 -1.83845
      vertex 2.71191 25 -1.44954
      vertex 3.60313 25 -1.49247
    endloop
  endfacet
  facet normal 0 1 0
    outer loop
      vertex 2.71191 25 -1.44954
      vertex 3.43949 25 -1.83845
      vertex 2.55677 25 -1.70838
    endloop
  endfacet
  facet normal 0 1 -0
    outer loop
      vertex 3.24273 25 -2.16672
      vertex 2.55677 25 -1.70838
      vertex 3.43949 25 -1.83845
    endloop
  endfacet
  facet normal 0 1 0
    outer loop
      vertex 2.55677 25 -1.70838
      vertex 3.24273 25 -2.16672
      vertex 2.37701 25 -1.95076
    endloop
  endfacet
  facet normal 0 1 -0
    outer loop
      vertex 3.01474 25 -2.47413
      vertex 2.37701 25 -1.95076
      vertex 3.24273 25 -2.16672
    endloop
  endfacet
  facet normal 0 1 0
    outer loop
      vertex 2.37701 25 -1.95076
      vertex 3.01474 25 -2.47413
      vertex 2.17435 25 -2.17435
    endloop
  endfacet
  facet normal 0 1 -0
    outer loop
      vertex 2.75772 25 -2.75772
      vertex 2.17435 25 -2.17435
      vertex 3.01474 25 -2.47413
    endloop
  endfacet
  facet normal 0 1 0
    outer loop
      vertex 2.17435 25 -2.17435
      vertex 2.75772 25 -2.75772
      vertex 1.95076 25 -2.37701
    endloop
  endfacet
  facet normal 0 1 -0
    outer loop
      vertex 2.47413 25 -3.01474
      vertex 1.95076 25 -2.37701
      vertex 2.75772 25 -2.75772
    endloop
  endfacet
  facet normal 0 1 0
    outer loop
      vertex 1.95076 25 -2.37701
      vertex 2.47413 25 -3.01474
      vertex 1.70838 25 -2.55677
    endloop
  endfacet
  facet normal 0 1 -0
    outer loop
      vertex 2.16672 25 -3.24273
      vertex 1.70838 25 -2.55677
      vertex 2.47413 25 -3.01474
    endloop
  endfacet
  facet normal 0 1 0
    outer loop
      vertex 1.70838 25 -2.55677
      vertex 2.16672 25 -3.24273
      vertex 1.44954 25 -2.71191
    endloop
  endfacet
  facet normal 0 1 -0
    outer loop
      vertex 1.83845 25 -3.43949
      vertex 1.44954 25 -2.71191
      vertex 2.16672 25 -3.24273
    endloop
  endfacet
  facet normal 0 1 0
    outer loop
      vertex 1.44954 25 -2.71191
      vertex 1.83845 25 -3.43949
      vertex 1.17675 25 -2.84093
    endloop
  endfacet
  facet normal 0 1 -0
    outer loop
      vertex 1.49247 25 -3.60313
      vertex 1.17675 25 -2.84093
      vertex 1.83845 25 -3.43949
    endloop
  endfacet
  facet normal 0 1 0
    outer loop
      vertex 1.17675 25 -2.84093
      vertex 1.49247 25 -3.60313
      vertex 0.892625 25 -2.94259
    endloop
  endfacet
  facet normal 0 1 -0
    outer loop
      vertex 1.13211 25 -3.73207
      vertex 0.892625 25 -2.94259
      vertex 1.49247 25 -3.60313
    endloop
  endfacet
  facet normal 0 1 0
    outer loop
      vertex -1.13211 25 3.73207
      vertex -0.892625 25 2.94259
      vertex -1.49247 25 3.60313
    endloop
  endfacet
  facet normal 0 1 -0
    outer loop
      vertex -1.17675 25 2.84093
      vertex -1.49247 25 3.60313
      vertex -0.892625 25 2.94259
    endloop
  endfacet
  facet normal 0 1 0
    outer loop
      vertex -1.49247 25 3.60313
      vertex -1.17675 25 2.84093
      vertex -1.83845 25 3.43949
    endloop
  endfacet
  facet normal 0 1 -0
    outer loop
      vertex -1.44954 25 2.71191
      vertex -1.83845 25 3.43949
      vertex -1.17675 25 2.84093
    endloop
  endfacet
  facet normal 0 1 0
    outer loop
      vertex -1.83845 25 3.43949
      vertex -1.44954 25 2.71191
      vertex -2.16672 25 3.24273
    endloop
  endfacet
  facet normal 0 1 -0
    outer loop
      vertex -1.70838 25 2.55677
      vertex -2.16672 25 3.24273
      vertex -1.44954 25 2.71191
    endloop
  endfacet
  facet normal 0 1 0
    outer loop
      vertex -2.16672 25 3.24273
      vertex -1.70838 25 2.55677
      vertex -2.47413 25 3.01474
    endloop
  endfacet
  facet normal 0 1 -0
    outer loop
      vertex -1.95076 25 2.37701
      vertex -2.47413 25 3.01474
      vertex -1.70838 25 2.55677
    endloop
  endfacet
  facet normal 0 1 0
    outer loop
      vertex -2.47413 25 3.01474
      vertex -1.95076 25 2.37701
      vertex -2.75772 25 2.75772
    endloop
  endfacet
  facet normal 0 1 -0
    outer loop
      vertex -2.17435 25 2.17435
      vertex -2.75772 25 2.75772
      vertex -1.95076 25 2.37701
    endloop
  endfacet
  facet normal 0 1 0
    outer loop
      vertex -2.75772 25 2.75772
      vertex -2.17435 25 2.17435
      vertex -3.01474 25 2.47413
    endloop
  endfacet
  facet normal 0 1 -0
    outer loop
      vertex -2.37701 25 1.95076
      vertex -3.01474 25 2.47413
      vertex -2.17435 25 2.17435
    endloop
  endfacet
  facet normal 0 1 0
    outer loop
      vertex -3.01474 25 2.47413
      vertex -2.37701 25 1.95076
      vertex -3.24273 25 2.16672
    endloop
  endfacet
  facet normal 0 1 -0
    outer loop
      vertex -2.55677 25 1.70838
      vertex -3.24273 25 2.16672
      vertex -2.37701 25 1.95076
    endloop
  endfacet
  facet normal 0 1 0
    outer loop
      vertex -3.24273 25 2.16672
      vertex -2.55677 25 1.70838
      vertex -3.43949 25 1.83845
    endloop
  endfacet
  facet normal 0 1 -0
    outer loop
      vertex -2.71191 25 1.44954
      vertex -3.43949 25 1.83845
      vertex -2.55677 25 1.70838
    endloop
  endfacet
  facet normal 0 1 0
    outer loop
      vertex -3.43949 25 1.83845
      vertex -2.71191 25 1.44954
      vertex -3.60313 25 1.49247
    endloop
  endfacet
  facet normal 0 1 -0
    outer loop
      vertex -2.84093 25 1.17675
      vertex -3.60313 25 1.49247
      vertex -2.71191 25 1.44954
    endloop
  endfacet
  facet normal 0 1 0
    outer loop
      vertex -2.84093 25 1.17675
      vertex -3.73207 25 1.13211
      vertex -3.60313 25 1.49247
    endloop
  endfacet
  facet normal 0 1 -0
    outer loop
      vertex -2.94259 25 0.892625
      vertex -3.73207 25 1.13211
      vertex -2.84093 25 1.17675
    endloop
  endfacet
  facet normal 0 1 0
    outer loop
      vertex -2.94259 25 0.892625
      vertex -3.82506 25 0.760852
      vertex -3.73207 25 1.13211
    endloop
  endfacet
  facet normal 0 1 -0
    outer loop
      vertex -3.01591 25 0.599902
      vertex -3.82506 25 0.760852
      vertex -2.94259 25 0.892625
    endloop
  endfacet
  facet normal 0 1 0
    outer loop
      vertex -3.01591 25 0.599902
      vertex -3.88122 25 0.382266
      vertex -3.82506 25 0.760852
    endloop
  endfacet
  facet normal 0 1 -0
    outer loop
      vertex -3.06019 25 0.301402
      vertex -3.88122 25 0.382266
      vertex -3.01591 25 0.599902
    endloop
  endfacet
  facet normal 0 1 -0
    outer loop
      vertex -3.075 25 0
      vertex -3.88122 25 0.382266
      vertex -3.06019 25 0.301402
    endloop
  endfacet
  facet normal 0 1 0
    outer loop
      vertex -3.075 25 0
      vertex -3.9 25 0
      vertex -3.88122 25 0.382266
    endloop
  endfacet
  facet normal 0 1 0
    outer loop
      vertex -3.06019 25 -0.301402
      vertex -3.9 25 0
      vertex -3.075 25 0
    endloop
  endfacet
  facet normal 0 1 0
    outer loop
      vertex -3.06019 25 -0.301402
      vertex -3.88122 25 -0.382266
      vertex -3.9 25 0
    endloop
  endfacet
  facet normal 0 1 0
    outer loop
      vertex -3.01591 25 -0.599902
      vertex -3.88122 25 -0.382266
      vertex -3.06019 25 -0.301402
    endloop
  endfacet
  facet normal 0 1 0
    outer loop
      vertex -3.01591 25 -0.599902
      vertex -3.82506 25 -0.760852
      vertex -3.88122 25 -0.382266
    endloop
  endfacet
  facet normal 0 1 0
    outer loop
      vertex -2.94259 25 -0.892625
      vertex -3.82506 25 -0.760852
      vertex -3.01591 25 -0.599902
    endloop
  endfacet
  facet normal 0 1 0
    outer loop
      vertex -2.94259 25 -0.892625
      vertex -3.73207 25 -1.13211
      vertex -3.82506 25 -0.760852
    endloop
  endfacet
  facet normal 0 1 0
    outer loop
      vertex -2.84093 25 -1.17675
      vertex -3.73207 25 -1.13211
      vertex -2.94259 25 -0.892625
    endloop
  endfacet
  facet normal 0 1 0
    outer loop
      vertex -3.60313 25 -1.49247
      vertex -2.84093 25 -1.17675
      vertex -2.71191 25 -1.44954
    endloop
  endfacet
  facet normal 0 1 0
    outer loop
      vertex -2.84093 25 -1.17675
      vertex -3.60313 25 -1.49247
      vertex -3.73207 25 -1.13211
    endloop
  endfacet
  facet normal 0 1 0
    outer loop
      vertex -3.43949 25 -1.83845
      vertex -2.71191 25 -1.44954
      vertex -2.55677 25 -1.70838
    endloop
  endfacet
  facet normal 0 1 0
    outer loop
      vertex -2.71191 25 -1.44954
      vertex -3.43949 25 -1.83845
      vertex -3.60313 25 -1.49247
    endloop
  endfacet
  facet normal 0 1 0
    outer loop
      vertex -3.24273 25 -2.16672
      vertex -2.55677 25 -1.70838
      vertex -2.37701 25 -1.95076
    endloop
  endfacet
  facet normal 0 1 0
    outer loop
      vertex -2.55677 25 -1.70838
      vertex -3.24273 25 -2.16672
      vertex -3.43949 25 -1.83845
    endloop
  endfacet
  facet normal 0 1 0
    outer loop
      vertex -3.01474 25 -2.47413
      vertex -2.37701 25 -1.95076
      vertex -2.17435 25 -2.17435
    endloop
  endfacet
  facet normal 0 1 0
    outer loop
      vertex -2.75772 25 -2.75772
      vertex -2.17435 25 -2.17435
      vertex -1.95076 25 -2.37701
    endloop
  endfacet
  facet normal 0 1 0
    outer loop
      vertex -2.37701 25 -1.95076
      vertex -3.01474 25 -2.47413
      vertex -3.24273 25 -2.16672
    endloop
  endfacet
  facet normal 0 1 0
    outer loop
      vertex -2.47413 25 -3.01474
      vertex -1.95076 25 -2.37701
      vertex -1.70838 25 -2.55677
    endloop
  endfacet
  facet normal 0 1 0
    outer loop
      vertex -2.16672 25 -3.24273
      vertex -1.70838 25 -2.55677
      vertex -1.44954 25 -2.71191
    endloop
  endfacet
  facet normal 0 1 0
    outer loop
      vertex -2.17435 25 -2.17435
      vertex -2.75772 25 -2.75772
      vertex -3.01474 25 -2.47413
    endloop
  endfacet
  facet normal 0 1 0
    outer loop
      vertex -1.83845 25 -3.43949
      vertex -1.44954 25 -2.71191
      vertex -1.17675 25 -2.84093
    endloop
  endfacet
  facet normal 0 1 0
    outer loop
      vertex -1.49247 25 -3.60313
      vertex -1.17675 25 -2.84093
      vertex -0.892625 25 -2.94259
    endloop
  endfacet
  facet normal 0 1 0
    outer loop
      vertex -1.95076 25 -2.37701
      vertex -2.47413 25 -3.01474
      vertex -2.75772 25 -2.75772
    endloop
  endfacet
  facet normal 0 1 0
    outer loop
      vertex -1.13211 25 -3.73207
      vertex -0.892625 25 -2.94259
      vertex -0.599902 25 -3.01591
    endloop
  endfacet
  facet normal 0 1 0
    outer loop
      vertex -0.760852 25 -3.82506
      vertex -0.599902 25 -3.01591
      vertex -0.301402 25 -3.06019
    endloop
  endfacet
  facet normal 0 1 0
    outer loop
      vertex -0.382266 25 -3.88122
      vertex -0.301402 25 -3.06019
      vertex 0 25 -3.075
    endloop
  endfacet
  facet normal 0 1 0
    outer loop
      vertex 0.892625 25 -2.94259
      vertex 1.13211 25 -3.73207
      vertex 0.599902 25 -3.01591
    endloop
  endfacet
  facet normal 0 1 0
    outer loop
      vertex -1.70838 25 -2.55677
      vertex -2.16672 25 -3.24273
      vertex -2.47413 25 -3.01474
    endloop
  endfacet
  facet normal 0 1 -0
    outer loop
      vertex 0.760852 25 -3.82506
      vertex 0.599902 25 -3.01591
      vertex 1.13211 25 -3.73207
    endloop
  endfacet
  facet normal 0 1 0
    outer loop
      vertex -1.44954 25 -2.71191
      vertex -1.83845 25 -3.43949
      vertex -2.16672 25 -3.24273
    endloop
  endfacet
  facet normal 0 1 0
    outer loop
      vertex 0.599902 25 -3.01591
      vertex 0.760852 25 -3.82506
      vertex 0.301402 25 -3.06019
    endloop
  endfacet
  facet normal 0 1 0
    outer loop
      vertex -1.17675 25 -2.84093
      vertex -1.49247 25 -3.60313
      vertex -1.83845 25 -3.43949
    endloop
  endfacet
  facet normal 0 1 -0
    outer loop
      vertex 0.382266 25 -3.88122
      vertex 0.301402 25 -3.06019
      vertex 0.760852 25 -3.82506
    endloop
  endfacet
  facet normal 0 1 0
    outer loop
      vertex -0.892625 25 -2.94259
      vertex -1.13211 25 -3.73207
      vertex -1.49247 25 -3.60313
    endloop
  endfacet
  facet normal 0 1 0
    outer loop
      vertex 0.301402 25 -3.06019
      vertex 0.382266 25 -3.88122
      vertex 0 25 -3.075
    endloop
  endfacet
  facet normal 0 1 0
    outer loop
      vertex -0.599902 25 -3.01591
      vertex -0.760852 25 -3.82506
      vertex -1.13211 25 -3.73207
    endloop
  endfacet
  facet normal 0 1 0
    outer loop
      vertex 0 25 -3.9
      vertex 0 25 -3.075
      vertex 0.382266 25 -3.88122
    endloop
  endfacet
  facet normal 0 1 0
    outer loop
      vertex -0.301402 25 -3.06019
      vertex -0.382266 25 -3.88122
      vertex -0.760852 25 -3.82506
    endloop
  endfacet
  facet normal 0 1 0
    outer loop
      vertex 0 25 -3.075
      vertex 0 25 -3.9
      vertex -0.382266 25 -3.88122
    endloop
  endfacet
  facet normal 0.989178 0 -0.14672
    outer loop
      vertex 5.67255 -13 -0.558697
      vertex 5.59048 -12 -1.11201
      vertex 5.67255 -12 -0.558697
    endloop
  endfacet
  facet normal 0.989178 0 -0.14672
    outer loop
      vertex 5.59048 -12 -1.11201
      vertex 5.67255 -13 -0.558697
      vertex 5.59048 -13 -1.11201
    endloop
  endfacet
  facet normal 0.998795 0 -0.049073
    outer loop
      vertex 5.7 -13 0
      vertex 5.67255 -12 -0.558697
      vertex 5.7 -12 0
    endloop
  endfacet
  facet normal 0.998795 0 -0.049073
    outer loop
      vertex 5.67255 -12 -0.558697
      vertex 5.7 -13 0
      vertex 5.67255 -13 -0.558697
    endloop
  endfacet
  facet normal 0.97003 0 -0.242986
    outer loop
      vertex 5.59048 -13 -1.11201
      vertex 5.45456 -12 -1.65462
      vertex 5.59048 -12 -1.11201
    endloop
  endfacet
  facet normal 0.97003 0 -0.242986
    outer loop
      vertex 5.45456 -12 -1.65462
      vertex 5.59048 -13 -1.11201
      vertex 5.45456 -13 -1.65462
    endloop
  endfacet
  facet normal 0.336891 0 0.941544
    outer loop
      vertex 1.65462 -12 5.45456
      vertex 2.1813 -13 5.26611
      vertex 2.1813 -12 5.26611
    endloop
  endfacet
  facet normal 0.336891 0 0.941544
    outer loop
      vertex 2.1813 -13 5.26611
      vertex 1.65462 -12 5.45456
      vertex 1.65462 -13 5.45456
    endloop
  endfacet
  facet normal 0.427556 0 -0.903989
    outer loop
      vertex 2.1813 -13 -5.26611
      vertex 2.68696 -12 -5.02695
      vertex 2.68696 -13 -5.02695
    endloop
  endfacet
  facet normal 0.427556 0 -0.903989
    outer loop
      vertex 2.68696 -12 -5.02695
      vertex 2.1813 -13 -5.26611
      vertex 2.1813 -12 -5.26611
    endloop
  endfacet
  facet normal 0.998795 -0 0.049073
    outer loop
      vertex 5.67255 -13 0.558697
      vertex 5.7 -12 0
      vertex 5.67255 -12 0.558697
    endloop
  endfacet
  facet normal 0.998795 0 0.049073
    outer loop
      vertex 5.7 -12 0
      vertex 5.67255 -13 0.558697
      vertex 5.7 -13 0
    endloop
  endfacet
  facet normal 0.989178 -0 0.14672
    outer loop
      vertex 5.59048 -13 1.11201
      vertex 5.67255 -12 0.558697
      vertex 5.59048 -12 1.11201
    endloop
  endfacet
  facet normal 0.989178 0 0.14672
    outer loop
      vertex 5.67255 -12 0.558697
      vertex 5.59048 -13 1.11201
      vertex 5.67255 -13 0.558697
    endloop
  endfacet
  facet normal 0.595704 0 -0.803204
    outer loop
      vertex 3.16675 -13 -4.73938
      vertex 3.61604 -12 -4.40616
      vertex 3.61604 -13 -4.40616
    endloop
  endfacet
  facet normal 0.595704 0 -0.803204
    outer loop
      vertex 3.61604 -12 -4.40616
      vertex 3.16675 -13 -4.73938
      vertex 3.16675 -12 -4.73938
    endloop
  endfacet
  facet normal 0.427556 0 0.903989
    outer loop
      vertex 2.1813 -12 5.26611
      vertex 2.68696 -13 5.02695
      vertex 2.68696 -12 5.02695
    endloop
  endfacet
  facet normal 0.427556 0 0.903989
    outer loop
      vertex 2.68696 -13 5.02695
      vertex 2.1813 -12 5.26611
      vertex 2.1813 -13 5.26611
    endloop
  endfacet
  facet normal 0.903989 -0 0.427556
    outer loop
      vertex 5.02695 -13 2.68696
      vertex 5.26611 -12 2.1813
      vertex 5.02695 -12 2.68696
    endloop
  endfacet
  facet normal 0.903989 0 0.427556
    outer loop
      vertex 5.26611 -12 2.1813
      vertex 5.02695 -13 2.68696
      vertex 5.26611 -13 2.1813
    endloop
  endfacet
  facet normal -0.514096 0 -0.857733
    outer loop
      vertex -3.16675 -13 -4.73938
      vertex -2.68696 -12 -5.02695
      vertex -2.68696 -13 -5.02695
    endloop
  endfacet
  facet normal -0.514096 0 -0.857733
    outer loop
      vertex -2.68696 -12 -5.02695
      vertex -3.16675 -13 -4.73938
      vertex -3.16675 -12 -4.73938
    endloop
  endfacet
  facet normal 0.903989 0 -0.427556
    outer loop
      vertex 5.26611 -13 -2.1813
      vertex 5.02695 -12 -2.68696
      vertex 5.26611 -12 -2.1813
    endloop
  endfacet
  facet normal 0.903989 0 -0.427556
    outer loop
      vertex 5.02695 -12 -2.68696
      vertex 5.26611 -13 -2.1813
      vertex 5.02695 -13 -2.68696
    endloop
  endfacet
  facet normal -0.903989 0 0.427556
    outer loop
      vertex -5.26611 -13 2.1813
      vertex -5.02695 -12 2.68696
      vertex -5.26611 -12 2.1813
    endloop
  endfacet
  facet normal -0.903989 0 0.427556
    outer loop
      vertex -5.02695 -12 2.68696
      vertex -5.26611 -13 2.1813
      vertex -5.02695 -13 2.68696
    endloop
  endfacet
  facet normal -0.242986 0 -0.97003
    outer loop
      vertex -1.65462 -13 -5.45456
      vertex -1.11201 -12 -5.59048
      vertex -1.11201 -13 -5.59048
    endloop
  endfacet
  facet normal -0.242986 0 -0.97003
    outer loop
      vertex -1.11201 -12 -5.59048
      vertex -1.65462 -13 -5.45456
      vertex -1.65462 -12 -5.45456
    endloop
  endfacet
  facet normal 0.514096 0 -0.857733
    outer loop
      vertex 2.68696 -13 -5.02695
      vertex 3.16675 -12 -4.73938
      vertex 3.16675 -13 -4.73938
    endloop
  endfacet
  facet normal 0.514096 0 -0.857733
    outer loop
      vertex 3.16675 -12 -4.73938
      vertex 2.68696 -13 -5.02695
      vertex 2.68696 -12 -5.02695
    endloop
  endfacet
  facet normal -0.595704 0 0.803204
    outer loop
      vertex -3.61604 -12 4.40616
      vertex -3.16675 -13 4.73938
      vertex -3.16675 -12 4.73938
    endloop
  endfacet
  facet normal -0.595704 0 0.803204
    outer loop
      vertex -3.16675 -13 4.73938
      vertex -3.61604 -12 4.40616
      vertex -3.61604 -13 4.40616
    endloop
  endfacet
  facet normal -0.427556 0 -0.903989
    outer loop
      vertex -2.68696 -13 -5.02695
      vertex -2.1813 -12 -5.26611
      vertex -2.1813 -13 -5.26611
    endloop
  endfacet
  facet normal -0.427556 0 -0.903989
    outer loop
      vertex -2.1813 -12 -5.26611
      vertex -2.68696 -13 -5.02695
      vertex -2.68696 -12 -5.02695
    endloop
  endfacet
  facet normal 0.595704 0 0.803204
    outer loop
      vertex 3.16675 -12 4.73938
      vertex 3.61604 -13 4.40616
      vertex 3.61604 -12 4.40616
    endloop
  endfacet
  facet normal 0.595704 0 0.803204
    outer loop
      vertex 3.61604 -13 4.40616
      vertex 3.16675 -12 4.73938
      vertex 3.16675 -13 4.73938
    endloop
  endfacet
  facet normal 0.803204 0 -0.595704
    outer loop
      vertex 4.73938 -13 -3.16675
      vertex 4.40616 -12 -3.61604
      vertex 4.73938 -12 -3.16675
    endloop
  endfacet
  facet normal 0.803204 0 -0.595704
    outer loop
      vertex 4.40616 -12 -3.61604
      vertex 4.73938 -13 -3.16675
      vertex 4.40616 -13 -3.61604
    endloop
  endfacet
  facet normal 0.14672 0 0.989178
    outer loop
      vertex 0.558697 -12 5.67255
      vertex 1.11201 -13 5.59048
      vertex 1.11201 -12 5.59048
    endloop
  endfacet
  facet normal 0.14672 0 0.989178
    outer loop
      vertex 1.11201 -13 5.59048
      vertex 0.558697 -12 5.67255
      vertex 0.558697 -13 5.67255
    endloop
  endfacet
  facet normal -0.941544 0 0.336891
    outer loop
      vertex -5.45456 -13 1.65462
      vertex -5.26611 -12 2.1813
      vertex -5.45456 -12 1.65462
    endloop
  endfacet
  facet normal -0.941544 0 0.336891
    outer loop
      vertex -5.26611 -12 2.1813
      vertex -5.45456 -13 1.65462
      vertex -5.26611 -13 2.1813
    endloop
  endfacet
  facet normal -0.989178 0 -0.14672
    outer loop
      vertex -5.59048 -13 -1.11201
      vertex -5.67255 -12 -0.558697
      vertex -5.59048 -12 -1.11201
    endloop
  endfacet
  facet normal -0.989178 -0 -0.14672
    outer loop
      vertex -5.67255 -12 -0.558697
      vertex -5.59048 -13 -1.11201
      vertex -5.67255 -13 -0.558697
    endloop
  endfacet
  facet normal -0.595704 0 -0.803204
    outer loop
      vertex -3.61604 -13 -4.40616
      vertex -3.16675 -12 -4.73938
      vertex -3.16675 -13 -4.73938
    endloop
  endfacet
  facet normal -0.595704 0 -0.803204
    outer loop
      vertex -3.16675 -12 -4.73938
      vertex -3.61604 -13 -4.40616
      vertex -3.61604 -12 -4.40616
    endloop
  endfacet
  facet normal -0.427556 0 0.903989
    outer loop
      vertex -2.68696 -12 5.02695
      vertex -2.1813 -13 5.26611
      vertex -2.1813 -12 5.26611
    endloop
  endfacet
  facet normal -0.427556 0 0.903989
    outer loop
      vertex -2.1813 -13 5.26611
      vertex -2.68696 -12 5.02695
      vertex -2.68696 -13 5.02695
    endloop
  endfacet
  facet normal -0.97003 0 0.242986
    outer loop
      vertex -5.59048 -13 1.11201
      vertex -5.45456 -12 1.65462
      vertex -5.59048 -12 1.11201
    endloop
  endfacet
  facet normal -0.97003 0 0.242986
    outer loop
      vertex -5.45456 -12 1.65462
      vertex -5.59048 -13 1.11201
      vertex -5.45456 -13 1.65462
    endloop
  endfacet
  facet normal -0.998795 0 0.049073
    outer loop
      vertex -5.7 -13 0
      vertex -5.67255 -12 0.558697
      vertex -5.7 -12 0
    endloop
  endfacet
  facet normal -0.998795 0 0.049073
    outer loop
      vertex -5.67255 -12 0.558697
      vertex -5.7 -13 0
      vertex -5.67255 -13 0.558697
    endloop
  endfacet
  facet normal 0.97003 -0 0.242986
    outer loop
      vertex 5.45456 -13 1.65462
      vertex 5.59048 -12 1.11201
      vertex 5.45456 -12 1.65462
    endloop
  endfacet
  facet normal 0.97003 0 0.242986
    outer loop
      vertex 5.59048 -12 1.11201
      vertex 5.45456 -13 1.65462
      vertex 5.59048 -13 1.11201
    endloop
  endfacet
  facet normal 0.941544 -0 0.336891
    outer loop
      vertex 5.26611 -13 2.1813
      vertex 5.45456 -12 1.65462
      vertex 5.26611 -12 2.1813
    endloop
  endfacet
  facet normal 0.941544 0 0.336891
    outer loop
      vertex 5.45456 -12 1.65462
      vertex 5.26611 -13 2.1813
      vertex 5.45456 -13 1.65462
    endloop
  endfacet
  facet normal 0.941544 0 -0.336891
    outer loop
      vertex 5.45456 -13 -1.65462
      vertex 5.26611 -12 -2.1813
      vertex 5.45456 -12 -1.65462
    endloop
  endfacet
  facet normal 0.941544 0 -0.336891
    outer loop
      vertex 5.26611 -12 -2.1813
      vertex 5.45456 -13 -1.65462
      vertex 5.26611 -13 -2.1813
    endloop
  endfacet
  facet normal 0.242986 0 -0.97003
    outer loop
      vertex 1.11201 -13 -5.59048
      vertex 1.65462 -12 -5.45456
      vertex 1.65462 -13 -5.45456
    endloop
  endfacet
  facet normal 0.242986 0 -0.97003
    outer loop
      vertex 1.65462 -12 -5.45456
      vertex 1.11201 -13 -5.59048
      vertex 1.11201 -12 -5.59048
    endloop
  endfacet
  facet normal -0.049073 0 -0.998795
    outer loop
      vertex -0.558697 -13 -5.67255
      vertex 0 -12 -5.7
      vertex 0 -13 -5.7
    endloop
  endfacet
  facet normal -0.049073 0 -0.998795
    outer loop
      vertex 0 -12 -5.7
      vertex -0.558697 -13 -5.67255
      vertex -0.558697 -12 -5.67255
    endloop
  endfacet
  facet normal 0.049073 0 -0.998795
    outer loop
      vertex 0 -13 -5.7
      vertex 0.558697 -12 -5.67255
      vertex 0.558697 -13 -5.67255
    endloop
  endfacet
  facet normal 0.049073 0 -0.998795
    outer loop
      vertex 0.558697 -12 -5.67255
      vertex 0 -13 -5.7
      vertex 0 -12 -5.7
    endloop
  endfacet
  facet normal -0.941544 0 -0.336891
    outer loop
      vertex -5.26611 -13 -2.1813
      vertex -5.45456 -12 -1.65462
      vertex -5.26611 -12 -2.1813
    endloop
  endfacet
  facet normal -0.941544 -0 -0.336891
    outer loop
      vertex -5.45456 -12 -1.65462
      vertex -5.26611 -13 -2.1813
      vertex -5.45456 -13 -1.65462
    endloop
  endfacet
  facet normal -0.740954 0 -0.671555
    outer loop
      vertex -4.03051 -13 -4.03051
      vertex -4.40616 -12 -3.61604
      vertex -4.03051 -12 -4.03051
    endloop
  endfacet
  facet normal -0.740954 -0 -0.671555
    outer loop
      vertex -4.40616 -12 -3.61604
      vertex -4.03051 -13 -4.03051
      vertex -4.40616 -13 -3.61604
    endloop
  endfacet
  facet normal -0.903989 0 -0.427556
    outer loop
      vertex -5.02695 -13 -2.68696
      vertex -5.26611 -12 -2.1813
      vertex -5.02695 -12 -2.68696
    endloop
  endfacet
  facet normal -0.903989 -0 -0.427556
    outer loop
      vertex -5.26611 -12 -2.1813
      vertex -5.02695 -13 -2.68696
      vertex -5.26611 -13 -2.1813
    endloop
  endfacet
  facet normal -0.14672 0 -0.989178
    outer loop
      vertex -1.11201 -13 -5.59048
      vertex -0.558697 -12 -5.67255
      vertex -0.558697 -13 -5.67255
    endloop
  endfacet
  facet normal -0.14672 0 -0.989178
    outer loop
      vertex -0.558697 -12 -5.67255
      vertex -1.11201 -13 -5.59048
      vertex -1.11201 -12 -5.59048
    endloop
  endfacet
  facet normal 0.049073 0 0.998795
    outer loop
      vertex 0 -12 5.7
      vertex 0.558697 -13 5.67255
      vertex 0.558697 -12 5.67255
    endloop
  endfacet
  facet normal 0.049073 0 0.998795
    outer loop
      vertex 0.558697 -13 5.67255
      vertex 0 -12 5.7
      vertex 0 -13 5.7
    endloop
  endfacet
  facet normal 0.242986 0 0.97003
    outer loop
      vertex 1.11201 -12 5.59048
      vertex 1.65462 -13 5.45456
      vertex 1.65462 -12 5.45456
    endloop
  endfacet
  facet normal 0.242986 0 0.97003
    outer loop
      vertex 1.65462 -13 5.45456
      vertex 1.11201 -12 5.59048
      vertex 1.11201 -13 5.59048
    endloop
  endfacet
  facet normal 0.803204 -0 0.595704
    outer loop
      vertex 4.40616 -13 3.61604
      vertex 4.73938 -12 3.16675
      vertex 4.40616 -12 3.61604
    endloop
  endfacet
  facet normal 0.803204 0 0.595704
    outer loop
      vertex 4.73938 -12 3.16675
      vertex 4.40616 -13 3.61604
      vertex 4.73938 -13 3.16675
    endloop
  endfacet
  facet normal 0.514096 0 0.857733
    outer loop
      vertex 2.68696 -12 5.02695
      vertex 3.16675 -13 4.73938
      vertex 3.16675 -12 4.73938
    endloop
  endfacet
  facet normal 0.514096 0 0.857733
    outer loop
      vertex 3.16675 -13 4.73938
      vertex 2.68696 -12 5.02695
      vertex 2.68696 -13 5.02695
    endloop
  endfacet
  facet normal 0.857733 -0 0.514096
    outer loop
      vertex 4.73938 -13 3.16675
      vertex 5.02695 -12 2.68696
      vertex 4.73938 -12 3.16675
    endloop
  endfacet
  facet normal 0.857733 0 0.514096
    outer loop
      vertex 5.02695 -12 2.68696
      vertex 4.73938 -13 3.16675
      vertex 5.02695 -13 2.68696
    endloop
  endfacet
  facet normal -0.14672 0 0.989178
    outer loop
      vertex -1.11201 -12 5.59048
      vertex -0.558697 -13 5.67255
      vertex -0.558697 -12 5.67255
    endloop
  endfacet
  facet normal -0.14672 0 0.989178
    outer loop
      vertex -0.558697 -13 5.67255
      vertex -1.11201 -12 5.59048
      vertex -1.11201 -13 5.59048
    endloop
  endfacet
  facet normal -0.857733 0 0.514096
    outer loop
      vertex -5.02695 -13 2.68696
      vertex -4.73938 -12 3.16675
      vertex -5.02695 -12 2.68696
    endloop
  endfacet
  facet normal -0.857733 0 0.514096
    outer loop
      vertex -4.73938 -12 3.16675
      vertex -5.02695 -13 2.68696
      vertex -4.73938 -13 3.16675
    endloop
  endfacet
  facet normal 0.857733 0 -0.514096
    outer loop
      vertex 5.02695 -13 -2.68696
      vertex 4.73938 -12 -3.16675
      vertex 5.02695 -12 -2.68696
    endloop
  endfacet
  facet normal 0.857733 0 -0.514096
    outer loop
      vertex 4.73938 -12 -3.16675
      vertex 5.02695 -13 -2.68696
      vertex 4.73938 -13 -3.16675
    endloop
  endfacet
  facet normal 0.671555 0 -0.740954
    outer loop
      vertex 3.61604 -13 -4.40616
      vertex 4.03051 -12 -4.03051
      vertex 4.03051 -13 -4.03051
    endloop
  endfacet
  facet normal 0.671555 0 -0.740954
    outer loop
      vertex 4.03051 -12 -4.03051
      vertex 3.61604 -13 -4.40616
      vertex 3.61604 -12 -4.40616
    endloop
  endfacet
  facet normal -0.336891 0 -0.941544
    outer loop
      vertex -2.1813 -13 -5.26611
      vertex -1.65462 -12 -5.45456
      vertex -1.65462 -13 -5.45456
    endloop
  endfacet
  facet normal -0.336891 0 -0.941544
    outer loop
      vertex -1.65462 -12 -5.45456
      vertex -2.1813 -13 -5.26611
      vertex -2.1813 -12 -5.26611
    endloop
  endfacet
  facet normal -0.740954 0 0.671555
    outer loop
      vertex -4.40616 -13 3.61604
      vertex -4.03051 -12 4.03051
      vertex -4.40616 -12 3.61604
    endloop
  endfacet
  facet normal -0.740954 0 0.671555
    outer loop
      vertex -4.03051 -12 4.03051
      vertex -4.40616 -13 3.61604
      vertex -4.03051 -13 4.03051
    endloop
  endfacet
  facet normal -0.671555 0 -0.740954
    outer loop
      vertex -4.03051 -13 -4.03051
      vertex -3.61604 -12 -4.40616
      vertex -3.61604 -13 -4.40616
    endloop
  endfacet
  facet normal -0.671555 0 -0.740954
    outer loop
      vertex -3.61604 -12 -4.40616
      vertex -4.03051 -13 -4.03051
      vertex -4.03051 -12 -4.03051
    endloop
  endfacet
  facet normal -0.514096 0 0.857733
    outer loop
      vertex -3.16675 -12 4.73938
      vertex -2.68696 -13 5.02695
      vertex -2.68696 -12 5.02695
    endloop
  endfacet
  facet normal -0.514096 0 0.857733
    outer loop
      vertex -2.68696 -13 5.02695
      vertex -3.16675 -12 4.73938
      vertex -3.16675 -13 4.73938
    endloop
  endfacet
  facet normal 0.14672 0 -0.989178
    outer loop
      vertex 0.558697 -13 -5.67255
      vertex 1.11201 -12 -5.59048
      vertex 1.11201 -13 -5.59048
    endloop
  endfacet
  facet normal 0.14672 0 -0.989178
    outer loop
      vertex 1.11201 -12 -5.59048
      vertex 0.558697 -13 -5.67255
      vertex 0.558697 -12 -5.67255
    endloop
  endfacet
  facet normal -0.803204 0 0.595704
    outer loop
      vertex -4.73938 -13 3.16675
      vertex -4.40616 -12 3.61604
      vertex -4.73938 -12 3.16675
    endloop
  endfacet
  facet normal -0.803204 0 0.595704
    outer loop
      vertex -4.40616 -12 3.61604
      vertex -4.73938 -13 3.16675
      vertex -4.40616 -13 3.61604
    endloop
  endfacet
  facet normal -0.989178 0 0.14672
    outer loop
      vertex -5.67255 -13 0.558697
      vertex -5.59048 -12 1.11201
      vertex -5.67255 -12 0.558697
    endloop
  endfacet
  facet normal -0.989178 0 0.14672
    outer loop
      vertex -5.59048 -12 1.11201
      vertex -5.67255 -13 0.558697
      vertex -5.59048 -13 1.11201
    endloop
  endfacet
  facet normal -0.97003 0 -0.242986
    outer loop
      vertex -5.45456 -13 -1.65462
      vertex -5.59048 -12 -1.11201
      vertex -5.45456 -12 -1.65462
    endloop
  endfacet
  facet normal -0.97003 -0 -0.242986
    outer loop
      vertex -5.59048 -12 -1.11201
      vertex -5.45456 -13 -1.65462
      vertex -5.59048 -13 -1.11201
    endloop
  endfacet
  facet normal -0.671555 0 0.740954
    outer loop
      vertex -4.03051 -12 4.03051
      vertex -3.61604 -13 4.40616
      vertex -3.61604 -12 4.40616
    endloop
  endfacet
  facet normal -0.671555 0 0.740954
    outer loop
      vertex -3.61604 -13 4.40616
      vertex -4.03051 -12 4.03051
      vertex -4.03051 -13 4.03051
    endloop
  endfacet
  facet normal -0.242986 0 0.97003
    outer loop
      vertex -1.65462 -12 5.45456
      vertex -1.11201 -13 5.59048
      vertex -1.11201 -12 5.59048
    endloop
  endfacet
  facet normal -0.242986 0 0.97003
    outer loop
      vertex -1.11201 -13 5.59048
      vertex -1.65462 -12 5.45456
      vertex -1.65462 -13 5.45456
    endloop
  endfacet
  facet normal 0.740954 0 -0.671555
    outer loop
      vertex 4.40616 -13 -3.61604
      vertex 4.03051 -12 -4.03051
      vertex 4.40616 -12 -3.61604
    endloop
  endfacet
  facet normal 0.740954 0 -0.671555
    outer loop
      vertex 4.03051 -12 -4.03051
      vertex 4.40616 -13 -3.61604
      vertex 4.03051 -13 -4.03051
    endloop
  endfacet
  facet normal -0.803204 0 -0.595704
    outer loop
      vertex -4.40616 -13 -3.61604
      vertex -4.73938 -12 -3.16675
      vertex -4.40616 -12 -3.61604
    endloop
  endfacet
  facet normal -0.803204 -0 -0.595704
    outer loop
      vertex -4.73938 -12 -3.16675
      vertex -4.40616 -13 -3.61604
      vertex -4.73938 -13 -3.16675
    endloop
  endfacet
  facet normal -0.857733 0 -0.514096
    outer loop
      vertex -4.73938 -13 -3.16675
      vertex -5.02695 -12 -2.68696
      vertex -4.73938 -12 -3.16675
    endloop
  endfacet
  facet normal -0.857733 -0 -0.514096
    outer loop
      vertex -5.02695 -12 -2.68696
      vertex -4.73938 -13 -3.16675
      vertex -5.02695 -13 -2.68696
    endloop
  endfacet
  facet normal 0 1 0
    outer loop
      vertex 0 -12 3.9
      vertex 0 -12 5.7
      vertex 0.558697 -12 5.67255
    endloop
  endfacet
  facet normal 0 1 0
    outer loop
      vertex 0.382266 -12 3.88122
      vertex 0.558697 -12 5.67255
      vertex 1.11201 -12 5.59048
    endloop
  endfacet
  facet normal 0 1 0
    outer loop
      vertex 0 -12 5.7
      vertex 0 -12 3.9
      vertex -0.558697 -12 5.67255
    endloop
  endfacet
  facet normal 0 1 0
    outer loop
      vertex 0.760852 -12 3.82506
      vertex 1.11201 -12 5.59048
      vertex 1.65462 -12 5.45456
    endloop
  endfacet
  facet normal 0 1 -0
    outer loop
      vertex -0.382266 -12 3.88122
      vertex -0.558697 -12 5.67255
      vertex 0 -12 3.9
    endloop
  endfacet
  facet normal 0 1 0
    outer loop
      vertex 1.13211 -12 3.73207
      vertex 1.65462 -12 5.45456
      vertex 2.1813 -12 5.26611
    endloop
  endfacet
  facet normal 0 1 0
    outer loop
      vertex -0.558697 -12 5.67255
      vertex -0.382266 -12 3.88122
      vertex -1.11201 -12 5.59048
    endloop
  endfacet
  facet normal 0 1 0
    outer loop
      vertex 1.49247 -12 3.60313
      vertex 2.1813 -12 5.26611
      vertex 2.68696 -12 5.02695
    endloop
  endfacet
  facet normal 0 1 -0
    outer loop
      vertex -0.760852 -12 3.82506
      vertex -1.11201 -12 5.59048
      vertex -0.382266 -12 3.88122
    endloop
  endfacet
  facet normal 0 1 0
    outer loop
      vertex 1.83845 -12 3.43949
      vertex 2.68696 -12 5.02695
      vertex 3.16675 -12 4.73938
    endloop
  endfacet
  facet normal 0 1 0
    outer loop
      vertex -1.11201 -12 5.59048
      vertex -0.760852 -12 3.82506
      vertex -1.65462 -12 5.45456
    endloop
  endfacet
  facet normal 0 1 0
    outer loop
      vertex 2.16672 -12 3.24273
      vertex 3.16675 -12 4.73938
      vertex 3.61604 -12 4.40616
    endloop
  endfacet
  facet normal 0 1 -0
    outer loop
      vertex -1.13211 -12 3.73207
      vertex -1.65462 -12 5.45456
      vertex -0.760852 -12 3.82506
    endloop
  endfacet
  facet normal 0 1 0
    outer loop
      vertex 2.47413 -12 3.01474
      vertex 3.61604 -12 4.40616
      vertex 4.03051 -12 4.03051
    endloop
  endfacet
  facet normal 0 1 0
    outer loop
      vertex -1.65462 -12 5.45456
      vertex -1.13211 -12 3.73207
      vertex -2.1813 -12 5.26611
    endloop
  endfacet
  facet normal 0 1 -0
    outer loop
      vertex -1.49247 -12 3.60313
      vertex -2.1813 -12 5.26611
      vertex -1.13211 -12 3.73207
    endloop
  endfacet
  facet normal 0 1 0
    outer loop
      vertex 0.558697 -12 5.67255
      vertex 0.382266 -12 3.88122
      vertex 0 -12 3.9
    endloop
  endfacet
  facet normal 0 1 0
    outer loop
      vertex 1.11201 -12 5.59048
      vertex 0.760852 -12 3.82506
      vertex 0.382266 -12 3.88122
    endloop
  endfacet
  facet normal 0 1 0
    outer loop
      vertex 1.65462 -12 5.45456
      vertex 1.13211 -12 3.73207
      vertex 0.760852 -12 3.82506
    endloop
  endfacet
  facet normal 0 1 0
    outer loop
      vertex 2.75772 -12 2.75772
      vertex 4.03051 -12 4.03051
      vertex 4.40616 -12 3.61604
    endloop
  endfacet
  facet normal 0 1 0
    outer loop
      vertex 2.1813 -12 5.26611
      vertex 1.49247 -12 3.60313
      vertex 1.13211 -12 3.73207
    endloop
  endfacet
  facet normal 0 1 0
    outer loop
      vertex 2.68696 -12 5.02695
      vertex 1.83845 -12 3.43949
      vertex 1.49247 -12 3.60313
    endloop
  endfacet
  facet normal 0 1 0
    outer loop
      vertex 3.16675 -12 4.73938
      vertex 2.16672 -12 3.24273
      vertex 1.83845 -12 3.43949
    endloop
  endfacet
  facet normal 0 1 0
    outer loop
      vertex 3.01474 -12 2.47413
      vertex 4.40616 -12 3.61604
      vertex 4.73938 -12 3.16675
    endloop
  endfacet
  facet normal 0 1 0
    outer loop
      vertex 3.61604 -12 4.40616
      vertex 2.47413 -12 3.01474
      vertex 2.16672 -12 3.24273
    endloop
  endfacet
  facet normal 0 1 0
    outer loop
      vertex 4.03051 -12 4.03051
      vertex 2.75772 -12 2.75772
      vertex 2.47413 -12 3.01474
    endloop
  endfacet
  facet normal 0 1 0
    outer loop
      vertex 3.24273 -12 2.16672
      vertex 4.73938 -12 3.16675
      vertex 5.02695 -12 2.68696
    endloop
  endfacet
  facet normal 0 1 0
    outer loop
      vertex 4.40616 -12 3.61604
      vertex 3.01474 -12 2.47413
      vertex 2.75772 -12 2.75772
    endloop
  endfacet
  facet normal 0 1 0
    outer loop
      vertex 3.43949 -12 1.83845
      vertex 5.02695 -12 2.68696
      vertex 5.26611 -12 2.1813
    endloop
  endfacet
  facet normal 0 1 0
    outer loop
      vertex 4.73938 -12 3.16675
      vertex 3.24273 -12 2.16672
      vertex 3.01474 -12 2.47413
    endloop
  endfacet
  facet normal 0 1 0
    outer loop
      vertex 5.02695 -12 2.68696
      vertex 3.43949 -12 1.83845
      vertex 3.24273 -12 2.16672
    endloop
  endfacet
  facet normal 0 1 0
    outer loop
      vertex 3.60313 -12 1.49247
      vertex 5.26611 -12 2.1813
      vertex 5.45456 -12 1.65462
    endloop
  endfacet
  facet normal 0 1 0
    outer loop
      vertex 5.26611 -12 2.1813
      vertex 3.60313 -12 1.49247
      vertex 3.43949 -12 1.83845
    endloop
  endfacet
  facet normal 0 1 0
    outer loop
      vertex 5.45456 -12 1.65462
      vertex 3.73207 -12 1.13211
      vertex 3.60313 -12 1.49247
    endloop
  endfacet
  facet normal 0 1 0
    outer loop
      vertex 5.59048 -12 1.11201
      vertex 3.73207 -12 1.13211
      vertex 5.45456 -12 1.65462
    endloop
  endfacet
  facet normal 0 1 0
    outer loop
      vertex 5.59048 -12 1.11201
      vertex 3.82506 -12 0.760852
      vertex 3.73207 -12 1.13211
    endloop
  endfacet
  facet normal 0 1 0
    outer loop
      vertex 5.67255 -12 0.558697
      vertex 3.82506 -12 0.760852
      vertex 5.59048 -12 1.11201
    endloop
  endfacet
  facet normal 0 1 0
    outer loop
      vertex 5.67255 -12 0.558697
      vertex 3.88122 -12 0.382266
      vertex 3.82506 -12 0.760852
    endloop
  endfacet
  facet normal 0 1 0
    outer loop
      vertex 5.7 -12 0
      vertex 3.88122 -12 0.382266
      vertex 5.67255 -12 0.558697
    endloop
  endfacet
  facet normal 0 1 0
    outer loop
      vertex 5.7 -12 0
      vertex 3.9 -12 0
      vertex 3.88122 -12 0.382266
    endloop
  endfacet
  facet normal 0 1 0
    outer loop
      vertex 5.7 -12 0
      vertex 3.88122 -12 -0.382266
      vertex 3.9 -12 0
    endloop
  endfacet
  facet normal 0 1 -0
    outer loop
      vertex 5.67255 -12 -0.558697
      vertex 3.88122 -12 -0.382266
      vertex 5.7 -12 0
    endloop
  endfacet
  facet normal 0 1 0
    outer loop
      vertex 5.67255 -12 -0.558697
      vertex 3.82506 -12 -0.760852
      vertex 3.88122 -12 -0.382266
    endloop
  endfacet
  facet normal 0 1 -0
    outer loop
      vertex 5.59048 -12 -1.11201
      vertex 3.82506 -12 -0.760852
      vertex 5.67255 -12 -0.558697
    endloop
  endfacet
  facet normal 0 1 0
    outer loop
      vertex 5.59048 -12 -1.11201
      vertex 3.73207 -12 -1.13211
      vertex 3.82506 -12 -0.760852
    endloop
  endfacet
  facet normal 0 1 -0
    outer loop
      vertex 5.45456 -12 -1.65462
      vertex 3.73207 -12 -1.13211
      vertex 5.59048 -12 -1.11201
    endloop
  endfacet
  facet normal 0 1 0
    outer loop
      vertex 3.73207 -12 -1.13211
      vertex 5.45456 -12 -1.65462
      vertex 3.60313 -12 -1.49247
    endloop
  endfacet
  facet normal 0 1 -0
    outer loop
      vertex 5.26611 -12 -2.1813
      vertex 3.60313 -12 -1.49247
      vertex 5.45456 -12 -1.65462
    endloop
  endfacet
  facet normal 0 1 0
    outer loop
      vertex 3.60313 -12 -1.49247
      vertex 5.26611 -12 -2.1813
      vertex 3.43949 -12 -1.83845
    endloop
  endfacet
  facet normal 0 1 -0
    outer loop
      vertex 5.02695 -12 -2.68696
      vertex 3.43949 -12 -1.83845
      vertex 5.26611 -12 -2.1813
    endloop
  endfacet
  facet normal 0 1 0
    outer loop
      vertex 3.43949 -12 -1.83845
      vertex 5.02695 -12 -2.68696
      vertex 3.24273 -12 -2.16672
    endloop
  endfacet
  facet normal 0 1 -0
    outer loop
      vertex 4.73938 -12 -3.16675
      vertex 3.24273 -12 -2.16672
      vertex 5.02695 -12 -2.68696
    endloop
  endfacet
  facet normal 0 1 0
    outer loop
      vertex 3.24273 -12 -2.16672
      vertex 4.73938 -12 -3.16675
      vertex 3.01474 -12 -2.47413
    endloop
  endfacet
  facet normal 0 1 -0
    outer loop
      vertex 4.40616 -12 -3.61604
      vertex 3.01474 -12 -2.47413
      vertex 4.73938 -12 -3.16675
    endloop
  endfacet
  facet normal 0 1 0
    outer loop
      vertex 3.01474 -12 -2.47413
      vertex 4.40616 -12 -3.61604
      vertex 2.75772 -12 -2.75772
    endloop
  endfacet
  facet normal 0 1 -0
    outer loop
      vertex 4.03051 -12 -4.03051
      vertex 2.75772 -12 -2.75772
      vertex 4.40616 -12 -3.61604
    endloop
  endfacet
  facet normal 0 1 0
    outer loop
      vertex 2.75772 -12 -2.75772
      vertex 4.03051 -12 -4.03051
      vertex 2.47413 -12 -3.01474
    endloop
  endfacet
  facet normal 0 1 -0
    outer loop
      vertex 3.61604 -12 -4.40616
      vertex 2.47413 -12 -3.01474
      vertex 4.03051 -12 -4.03051
    endloop
  endfacet
  facet normal 0 1 0
    outer loop
      vertex 2.47413 -12 -3.01474
      vertex 3.61604 -12 -4.40616
      vertex 2.16672 -12 -3.24273
    endloop
  endfacet
  facet normal 0 1 -0
    outer loop
      vertex 3.16675 -12 -4.73938
      vertex 2.16672 -12 -3.24273
      vertex 3.61604 -12 -4.40616
    endloop
  endfacet
  facet normal 0 1 0
    outer loop
      vertex 2.16672 -12 -3.24273
      vertex 3.16675 -12 -4.73938
      vertex 1.83845 -12 -3.43949
    endloop
  endfacet
  facet normal 0 1 -0
    outer loop
      vertex 2.68696 -12 -5.02695
      vertex 1.83845 -12 -3.43949
      vertex 3.16675 -12 -4.73938
    endloop
  endfacet
  facet normal 0 1 -0
    outer loop
      vertex 2.1813 -12 -5.26611
      vertex 1.49247 -12 -3.60313
      vertex 2.68696 -12 -5.02695
    endloop
  endfacet
  facet normal 0 1 0
    outer loop
      vertex 1.83845 -12 -3.43949
      vertex 2.68696 -12 -5.02695
      vertex 1.49247 -12 -3.60313
    endloop
  endfacet
  facet normal 0 1 0
    outer loop
      vertex -2.1813 -12 5.26611
      vertex -1.49247 -12 3.60313
      vertex -2.68696 -12 5.02695
    endloop
  endfacet
  facet normal 0 1 -0
    outer loop
      vertex -1.83845 -12 3.43949
      vertex -2.68696 -12 5.02695
      vertex -1.49247 -12 3.60313
    endloop
  endfacet
  facet normal 0 1 0
    outer loop
      vertex -2.68696 -12 5.02695
      vertex -1.83845 -12 3.43949
      vertex -3.16675 -12 4.73938
    endloop
  endfacet
  facet normal 0 1 -0
    outer loop
      vertex -2.16672 -12 3.24273
      vertex -3.16675 -12 4.73938
      vertex -1.83845 -12 3.43949
    endloop
  endfacet
  facet normal 0 1 0
    outer loop
      vertex -3.16675 -12 4.73938
      vertex -2.16672 -12 3.24273
      vertex -3.61604 -12 4.40616
    endloop
  endfacet
  facet normal 0 1 -0
    outer loop
      vertex -2.47413 -12 3.01474
      vertex -3.61604 -12 4.40616
      vertex -2.16672 -12 3.24273
    endloop
  endfacet
  facet normal 0 1 0
    outer loop
      vertex -3.61604 -12 4.40616
      vertex -2.47413 -12 3.01474
      vertex -4.03051 -12 4.03051
    endloop
  endfacet
  facet normal 0 1 -0
    outer loop
      vertex -2.75772 -12 2.75772
      vertex -4.03051 -12 4.03051
      vertex -2.47413 -12 3.01474
    endloop
  endfacet
  facet normal 0 1 0
    outer loop
      vertex -4.03051 -12 4.03051
      vertex -2.75772 -12 2.75772
      vertex -4.40616 -12 3.61604
    endloop
  endfacet
  facet normal 0 1 -0
    outer loop
      vertex -3.01474 -12 2.47413
      vertex -4.40616 -12 3.61604
      vertex -2.75772 -12 2.75772
    endloop
  endfacet
  facet normal 0 1 0
    outer loop
      vertex -4.40616 -12 3.61604
      vertex -3.01474 -12 2.47413
      vertex -4.73938 -12 3.16675
    endloop
  endfacet
  facet normal 0 1 -0
    outer loop
      vertex -3.24273 -12 2.16672
      vertex -4.73938 -12 3.16675
      vertex -3.01474 -12 2.47413
    endloop
  endfacet
  facet normal 0 1 0
    outer loop
      vertex -4.73938 -12 3.16675
      vertex -3.24273 -12 2.16672
      vertex -5.02695 -12 2.68696
    endloop
  endfacet
  facet normal 0 1 -0
    outer loop
      vertex -3.43949 -12 1.83845
      vertex -5.02695 -12 2.68696
      vertex -3.24273 -12 2.16672
    endloop
  endfacet
  facet normal 0 1 0
    outer loop
      vertex -5.02695 -12 2.68696
      vertex -3.43949 -12 1.83845
      vertex -5.26611 -12 2.1813
    endloop
  endfacet
  facet normal 0 1 -0
    outer loop
      vertex -3.60313 -12 1.49247
      vertex -5.26611 -12 2.1813
      vertex -3.43949 -12 1.83845
    endloop
  endfacet
  facet normal 0 1 0
    outer loop
      vertex -5.26611 -12 2.1813
      vertex -3.60313 -12 1.49247
      vertex -5.45456 -12 1.65462
    endloop
  endfacet
  facet normal 0 1 -0
    outer loop
      vertex -3.73207 -12 1.13211
      vertex -5.45456 -12 1.65462
      vertex -3.60313 -12 1.49247
    endloop
  endfacet
  facet normal 0 1 0
    outer loop
      vertex -3.73207 -12 1.13211
      vertex -5.59048 -12 1.11201
      vertex -5.45456 -12 1.65462
    endloop
  endfacet
  facet normal 0 1 -0
    outer loop
      vertex -3.82506 -12 0.760852
      vertex -5.59048 -12 1.11201
      vertex -3.73207 -12 1.13211
    endloop
  endfacet
  facet normal 0 1 0
    outer loop
      vertex -3.82506 -12 0.760852
      vertex -5.67255 -12 0.558697
      vertex -5.59048 -12 1.11201
    endloop
  endfacet
  facet normal 0 1 -0
    outer loop
      vertex -3.88122 -12 0.382266
      vertex -5.67255 -12 0.558697
      vertex -3.82506 -12 0.760852
    endloop
  endfacet
  facet normal 0 1 -0
    outer loop
      vertex -3.9 -12 0
      vertex -5.67255 -12 0.558697
      vertex -3.88122 -12 0.382266
    endloop
  endfacet
  facet normal 0 1 0
    outer loop
      vertex -3.9 -12 0
      vertex -5.7 -12 0
      vertex -5.67255 -12 0.558697
    endloop
  endfacet
  facet normal 0 1 0
    outer loop
      vertex -3.88122 -12 -0.382266
      vertex -5.7 -12 0
      vertex -3.9 -12 0
    endloop
  endfacet
  facet normal 0 1 0
    outer loop
      vertex -3.88122 -12 -0.382266
      vertex -5.67255 -12 -0.558697
      vertex -5.7 -12 0
    endloop
  endfacet
  facet normal 0 1 0
    outer loop
      vertex -3.82506 -12 -0.760852
      vertex -5.67255 -12 -0.558697
      vertex -3.88122 -12 -0.382266
    endloop
  endfacet
  facet normal 0 1 0
    outer loop
      vertex -3.82506 -12 -0.760852
      vertex -5.59048 -12 -1.11201
      vertex -5.67255 -12 -0.558697
    endloop
  endfacet
  facet normal 0 1 0
    outer loop
      vertex -3.73207 -12 -1.13211
      vertex -5.59048 -12 -1.11201
      vertex -3.82506 -12 -0.760852
    endloop
  endfacet
  facet normal 0 1 0
    outer loop
      vertex -5.45456 -12 -1.65462
      vertex -3.73207 -12 -1.13211
      vertex -3.60313 -12 -1.49247
    endloop
  endfacet
  facet normal 0 1 0
    outer loop
      vertex -3.73207 -12 -1.13211
      vertex -5.45456 -12 -1.65462
      vertex -5.59048 -12 -1.11201
    endloop
  endfacet
  facet normal 0 1 0
    outer loop
      vertex -5.26611 -12 -2.1813
      vertex -3.60313 -12 -1.49247
      vertex -3.43949 -12 -1.83845
    endloop
  endfacet
  facet normal 0 1 0
    outer loop
      vertex -5.02695 -12 -2.68696
      vertex -3.43949 -12 -1.83845
      vertex -3.24273 -12 -2.16672
    endloop
  endfacet
  facet normal 0 1 0
    outer loop
      vertex -3.60313 -12 -1.49247
      vertex -5.26611 -12 -2.1813
      vertex -5.45456 -12 -1.65462
    endloop
  endfacet
  facet normal 0 1 0
    outer loop
      vertex -4.73938 -12 -3.16675
      vertex -3.24273 -12 -2.16672
      vertex -3.01474 -12 -2.47413
    endloop
  endfacet
  facet normal 0 1 0
    outer loop
      vertex -3.43949 -12 -1.83845
      vertex -5.02695 -12 -2.68696
      vertex -5.26611 -12 -2.1813
    endloop
  endfacet
  facet normal 0 1 0
    outer loop
      vertex -4.40616 -12 -3.61604
      vertex -3.01474 -12 -2.47413
      vertex -2.75772 -12 -2.75772
    endloop
  endfacet
  facet normal 0 1 0
    outer loop
      vertex -4.03051 -12 -4.03051
      vertex -2.75772 -12 -2.75772
      vertex -2.47413 -12 -3.01474
    endloop
  endfacet
  facet normal 0 1 0
    outer loop
      vertex -3.24273 -12 -2.16672
      vertex -4.73938 -12 -3.16675
      vertex -5.02695 -12 -2.68696
    endloop
  endfacet
  facet normal 0 1 0
    outer loop
      vertex -3.61604 -12 -4.40616
      vertex -2.47413 -12 -3.01474
      vertex -2.16672 -12 -3.24273
    endloop
  endfacet
  facet normal 0 1 0
    outer loop
      vertex -3.16675 -12 -4.73938
      vertex -2.16672 -12 -3.24273
      vertex -1.83845 -12 -3.43949
    endloop
  endfacet
  facet normal 0 1 0
    outer loop
      vertex -2.68696 -12 -5.02695
      vertex -1.83845 -12 -3.43949
      vertex -1.49247 -12 -3.60313
    endloop
  endfacet
  facet normal 0 1 0
    outer loop
      vertex -3.01474 -12 -2.47413
      vertex -4.40616 -12 -3.61604
      vertex -4.73938 -12 -3.16675
    endloop
  endfacet
  facet normal 0 1 0
    outer loop
      vertex -2.1813 -12 -5.26611
      vertex -1.49247 -12 -3.60313
      vertex -1.13211 -12 -3.73207
    endloop
  endfacet
  facet normal 0 1 0
    outer loop
      vertex -1.65462 -12 -5.45456
      vertex -1.13211 -12 -3.73207
      vertex -0.760852 -12 -3.82506
    endloop
  endfacet
  facet normal 0 1 0
    outer loop
      vertex -1.11201 -12 -5.59048
      vertex -0.760852 -12 -3.82506
      vertex -0.382266 -12 -3.88122
    endloop
  endfacet
  facet normal 0 1 0
    outer loop
      vertex -2.75772 -12 -2.75772
      vertex -4.03051 -12 -4.03051
      vertex -4.40616 -12 -3.61604
    endloop
  endfacet
  facet normal 0 1 0
    outer loop
      vertex -0.558697 -12 -5.67255
      vertex -0.382266 -12 -3.88122
      vertex 0 -12 -3.9
    endloop
  endfacet
  facet normal 0 1 0
    outer loop
      vertex 1.49247 -12 -3.60313
      vertex 2.1813 -12 -5.26611
      vertex 1.13211 -12 -3.73207
    endloop
  endfacet
  facet normal 0 1 -0
    outer loop
      vertex 1.65462 -12 -5.45456
      vertex 1.13211 -12 -3.73207
      vertex 2.1813 -12 -5.26611
    endloop
  endfacet
  facet normal 0 1 0
    outer loop
      vertex -2.47413 -12 -3.01474
      vertex -3.61604 -12 -4.40616
      vertex -4.03051 -12 -4.03051
    endloop
  endfacet
  facet normal 0 1 0
    outer loop
      vertex 1.13211 -12 -3.73207
      vertex 1.65462 -12 -5.45456
      vertex 0.760852 -12 -3.82506
    endloop
  endfacet
  facet normal 0 1 0
    outer loop
      vertex -2.16672 -12 -3.24273
      vertex -3.16675 -12 -4.73938
      vertex -3.61604 -12 -4.40616
    endloop
  endfacet
  facet normal 0 1 -0
    outer loop
      vertex 1.11201 -12 -5.59048
      vertex 0.760852 -12 -3.82506
      vertex 1.65462 -12 -5.45456
    endloop
  endfacet
  facet normal 0 1 0
    outer loop
      vertex -1.83845 -12 -3.43949
      vertex -2.68696 -12 -5.02695
      vertex -3.16675 -12 -4.73938
    endloop
  endfacet
  facet normal 0 1 0
    outer loop
      vertex 0.760852 -12 -3.82506
      vertex 1.11201 -12 -5.59048
      vertex 0.382266 -12 -3.88122
    endloop
  endfacet
  facet normal 0 1 0
    outer loop
      vertex -1.49247 -12 -3.60313
      vertex -2.1813 -12 -5.26611
      vertex -2.68696 -12 -5.02695
    endloop
  endfacet
  facet normal 0 1 -0
    outer loop
      vertex 0.558697 -12 -5.67255
      vertex 0.382266 -12 -3.88122
      vertex 1.11201 -12 -5.59048
    endloop
  endfacet
  facet normal 0 1 0
    outer loop
      vertex -1.13211 -12 -3.73207
      vertex -1.65462 -12 -5.45456
      vertex -2.1813 -12 -5.26611
    endloop
  endfacet
  facet normal 0 1 0
    outer loop
      vertex 0.382266 -12 -3.88122
      vertex 0.558697 -12 -5.67255
      vertex 0 -12 -3.9
    endloop
  endfacet
  facet normal 0 1 0
    outer loop
      vertex -0.760852 -12 -3.82506
      vertex -1.11201 -12 -5.59048
      vertex -1.65462 -12 -5.45456
    endloop
  endfacet
  facet normal 0 1 0
    outer loop
      vertex 0 -12 -5.7
      vertex 0 -12 -3.9
      vertex 0.558697 -12 -5.67255
    endloop
  endfacet
  facet normal 0 1 0
    outer loop
      vertex -0.382266 -12 -3.88122
      vertex -0.558697 -12 -5.67255
      vertex -1.11201 -12 -5.59048
    endloop
  endfacet
  facet normal 0 1 0
    outer loop
      vertex 0 -12 -3.9
      vertex 0 -12 -5.7
      vertex -0.558697 -12 -5.67255
    endloop
  endfacet
  facet normal -0.049073 0 0.998795
    outer loop
      vertex -0.558697 -12 5.67255
      vertex 0 -13 5.7
      vertex 0 -12 5.7
    endloop
  endfacet
  facet normal -0.049073 0 0.998795
    outer loop
      vertex 0 -13 5.7
      vertex -0.558697 -12 5.67255
      vertex -0.558697 -13 5.67255
    endloop
  endfacet
  facet normal -0.998795 0 -0.049073
    outer loop
      vertex -5.67255 -13 -0.558697
      vertex -5.7 -12 0
      vertex -5.67255 -12 -0.558697
    endloop
  endfacet
  facet normal -0.998795 -0 -0.049073
    outer loop
      vertex -5.7 -12 0
      vertex -5.67255 -13 -0.558697
      vertex -5.7 -13 0
    endloop
  endfacet
  facet normal -0.336891 0 0.941544
    outer loop
      vertex -2.1813 -12 5.26611
      vertex -1.65462 -13 5.45456
      vertex -1.65462 -12 5.45456
    endloop
  endfacet
  facet normal -0.336891 0 0.941544
    outer loop
      vertex -1.65462 -13 5.45456
      vertex -2.1813 -12 5.26611
      vertex -2.1813 -13 5.26611
    endloop
  endfacet
  facet normal 0.336891 0 -0.941544
    outer loop
      vertex 1.65462 -13 -5.45456
      vertex 2.1813 -12 -5.26611
      vertex 2.1813 -13 -5.26611
    endloop
  endfacet
  facet normal 0.336891 0 -0.941544
    outer loop
      vertex 2.1813 -12 -5.26611
      vertex 1.65462 -13 -5.45456
      vertex 1.65462 -12 -5.45456
    endloop
  endfacet
  facet normal 0.740954 -0 0.671555
    outer loop
      vertex 4.03051 -13 4.03051
      vertex 4.40616 -12 3.61604
      vertex 4.03051 -12 4.03051
    endloop
  endfacet
  facet normal 0.740954 0 0.671555
    outer loop
      vertex 4.40616 -12 3.61604
      vertex 4.03051 -13 4.03051
      vertex 4.40616 -13 3.61604
    endloop
  endfacet
  facet normal 0.671555 0 0.740954
    outer loop
      vertex 3.61604 -12 4.40616
      vertex 4.03051 -13 4.03051
      vertex 4.03051 -12 4.03051
    endloop
  endfacet
  facet normal 0.671555 0 0.740954
    outer loop
      vertex 4.03051 -13 4.03051
      vertex 3.61604 -12 4.40616
      vertex 3.61604 -13 4.40616
    endloop
  endfacet
  facet normal -4.45088e-05 0.310363 0.950618
    outer loop
      vertex -1.56072 -26.8555 -15.6488
      vertex -1.1 -30.5631 -14.4383
      vertex -1.1 -26.7905 -15.67
    endloop
  endfacet
  facet normal -0.000118519 0.310355 0.950621
    outer loop
      vertex -2.03511 -26.9684 -15.612
      vertex -1.1 -30.5631 -14.4383
      vertex -1.56072 -26.8555 -15.6488
    endloop
  endfacet
  facet normal -0.000197864 0.310336 0.950627
    outer loop
      vertex -1.1 -30.5631 -14.4383
      vertex -2.03511 -26.9684 -15.612
      vertex -1.19017 -30.5846 -14.4313
    endloop
  endfacet
  facet normal 0.000210713 0.310423 0.950599
    outer loop
      vertex -2.32228 -27.0368 -15.5896
      vertex -1.19017 -30.5846 -14.4313
      vertex -2.03511 -26.9684 -15.612
    endloop
  endfacet
  facet normal -0.000155941 0.310317 0.950633
    outer loop
      vertex -2.60101 -27.1316 -15.5587
      vertex -1.19017 -30.5846 -14.4313
      vertex -2.32228 -27.0368 -15.5896
    endloop
  endfacet
  facet normal 0.000103482 0.310413 0.950602
    outer loop
      vertex -1.19017 -30.5846 -14.4313
      vertex -2.60101 -27.1316 -15.5587
      vertex -1.569 -30.7134 -14.3892
    endloop
  endfacet
  facet normal 0.000128326 0.310419 0.9506
    outer loop
      vertex -3.06147 -27.2882 -15.5075
      vertex -1.569 -30.7134 -14.3892
      vertex -2.60101 -27.1316 -15.5587
    endloop
  endfacet
  facet normal -0.00122471 0.309886 0.950773
    outer loop
      vertex -1.569 -30.7134 -14.3892
      vertex -3.06147 -27.2882 -15.5075
      vertex -1.5978 -30.7264 -14.385
    endloop
  endfacet
  facet normal 0.000154657 0.310417 0.950601
    outer loop
      vertex -1.5978 -30.7264 -14.385
      vertex -3.06147 -27.2882 -15.5075
      vertex -1.93273 -30.8769 -14.3358
    endloop
  endfacet
  facet normal -9.99975e-05 0.310345 0.950624
    outer loop
      vertex -3.77117 -27.6073 -15.4034
      vertex -1.93273 -30.8769 -14.3358
      vertex -3.06147 -27.2882 -15.5075
    endloop
  endfacet
  facet normal -5.65269e-05 0.310367 0.950617
    outer loop
      vertex -1.93273 -30.8769 -14.3358
      vertex -3.77117 -27.6073 -15.4034
      vertex -2.27784 -31.0736 -14.2716
    endloop
  endfacet
  facet normal 0.000114345 0.310433 0.950595
    outer loop
      vertex -4.19064 -27.8463 -15.3253
      vertex -2.27784 -31.0736 -14.2716
      vertex -3.77117 -27.6073 -15.4034
    endloop
  endfacet
  facet normal -0.00012299 0.310306 0.950637
    outer loop
      vertex -4.44456 -27.991 -15.2781
      vertex -2.27784 -31.0736 -14.2716
      vertex -4.19064 -27.8463 -15.3253
    endloop
  endfacet
  facet normal -3.88025e-06 0.310382 0.950612
    outer loop
      vertex -2.27784 -31.0736 -14.2716
      vertex -4.44456 -27.991 -15.2781
      vertex -2.57543 -31.2834 -14.2031
    endloop
  endfacet
  facet normal 0.000606125 0.310695 0.95051
    outer loop
      vertex -2.57543 -31.2834 -14.2031
      vertex -4.44456 -27.991 -15.2781
      vertex -2.60101 -31.3014 -14.1972
    endloop
  endfacet
  facet normal 3.33332e-05 0.310406 0.950604
    outer loop
      vertex -5.07515 -28.4356 -15.1329
      vertex -2.60101 -31.3014 -14.1972
      vertex -4.44456 -27.991 -15.2781
    endloop
  endfacet
  facet normal -0.00140102 0.309287 0.950968
    outer loop
      vertex -2.60101 -31.3014 -14.1972
      vertex -5.07515 -28.4356 -15.1329
      vertex -2.62461 -31.3218 -14.1906
    endloop
  endfacet
  facet normal -1.40134e-05 0.310352 0.950622
    outer loop
      vertex -5.2945 -28.6246 -15.0712
      vertex -2.62461 -31.3218 -14.1906
      vertex -5.07515 -28.4356 -15.1329
    endloop
  endfacet
  facet normal -2.63729e-05 0.31034 0.950625
    outer loop
      vertex -2.62461 -31.3218 -14.1906
      vertex -5.2945 -28.6246 -15.0712
      vertex -2.89914 -31.5583 -14.1134
    endloop
  endfacet
  facet normal -4.25901e-05 0.310329 0.950629
    outer loop
      vertex -5.65685 -28.9368 -14.9693
      vertex -2.89914 -31.5583 -14.1134
      vertex -5.2945 -28.6246 -15.0712
    endloop
  endfacet
  facet normal 0.000120486 0.310484 0.950579
    outer loop
      vertex -2.89914 -31.5583 -14.1134
      vertex -5.65685 -28.9368 -14.9693
      vertex -3.16934 -31.8417 -14.0208
    endloop
  endfacet
  facet normal 6.51704e-05 0.310441 0.950593
    outer loop
      vertex -6.18408 -29.4897 -14.7887
      vertex -3.16934 -31.8417 -14.0208
      vertex -5.65685 -28.9368 -14.9693
    endloop
  endfacet
  facet normal -0.000103458 0.310245 0.950656
    outer loop
      vertex -3.16934 -31.8417 -14.0208
      vertex -6.18408 -29.4897 -14.7887
      vertex -3.39005 -32.1246 -13.9285
    endloop
  endfacet
  facet normal -2.29403e-06 0.310342 0.950625
    outer loop
      vertex -6.4754 -29.8631 -14.6668
      vertex -3.39005 -32.1246 -13.9285
      vertex -6.18408 -29.4897 -14.7887
    endloop
  endfacet
  facet normal 0.0012194 0.311848 0.950131
    outer loop
      vertex -3.39005 -32.1246 -13.9285
      vertex -6.4754 -29.8631 -14.6668
      vertex -3.40903 -32.1489 -13.9205
    endloop
  endfacet
  facet normal -4.02213e-05 0.310322 0.950632
    outer loop
      vertex -6.65176 -30.0892 -14.593
      vertex -3.40903 -32.1489 -13.9205
      vertex -6.4754 -29.8631 -14.6668
    endloop
  endfacet
  facet normal -3.4057e-05 0.31033 0.950629
    outer loop
      vertex -3.40903 -32.1489 -13.9205
      vertex -6.65176 -30.0892 -14.593
      vertex -3.61588 -32.477 -13.8134
    endloop
  endfacet
  facet normal 9.23469e-06 0.31038 0.950613
    outer loop
      vertex -7.05537 -30.7293 -14.384
      vertex -3.61588 -32.477 -13.8134
      vertex -6.65176 -30.0892 -14.593
    endloop
  endfacet
  facet normal 3.75915e-05 0.310431 0.950596
    outer loop
      vertex -3.61588 -32.477 -13.8134
      vertex -7.05537 -30.7293 -14.384
      vertex -3.78791 -32.8227 -13.7005
    endloop
  endfacet
  facet normal 6.07201e-06 0.310386 0.950611
    outer loop
      vertex -7.39104 -31.404 -14.1637
      vertex -3.78791 -32.8227 -13.7005
      vertex -7.05537 -30.7293 -14.384
    endloop
  endfacet
  facet normal 1.37652e-05 0.310404 0.950605
    outer loop
      vertex -7.49077 -31.6689 -14.0772
      vertex -3.78791 -32.8227 -13.7005
      vertex -7.39104 -31.404 -14.1637
    endloop
  endfacet
  facet normal -2.93446e-07 0.310363 0.950618
    outer loop
      vertex -3.78791 -32.8227 -13.7005
      vertex -7.49077 -31.6689 -14.0772
      vertex -3.92346 -33.1829 -13.5829
    endloop
  endfacet
  facet normal -2.83113e-05 0.310303 0.950638
    outer loop
      vertex -7.65552 -32.1067 -13.9343
      vertex -3.92346 -33.1829 -13.5829
      vertex -7.49077 -31.6689 -14.0772
    endloop
  endfacet
  facet normal -5.81295e-05 0.31021 0.950668
    outer loop
      vertex -3.92346 -33.1829 -13.5829
      vertex -7.65552 -32.1067 -13.9343
      vertex -3.99081 -33.4385 -13.4995
    endloop
  endfacet
  facet normal -5.43912e-06 0.310341 0.950625
    outer loop
      vertex -7.77435 -32.5576 -13.7871
      vertex -3.99081 -33.4385 -13.4995
      vertex -7.65552 -32.1067 -13.9343
    endloop
  endfacet
  facet normal 5.33079e-05 0.310569 0.950551
    outer loop
      vertex -7.84628 -32.8306 -13.6979
      vertex -3.99081 -33.4385 -13.4995
      vertex -7.77435 -32.5576 -13.7871
    endloop
  endfacet
  facet normal 0 0.310263 0.950651
    outer loop
      vertex -3.99081 -33.4385 -13.4995
      vertex -7.84628 -32.8306 -13.6979
      vertex -7.94113 -33.4385 -13.4995
    endloop
  endfacet
  facet normal -5.33079e-05 0.310569 0.950551
    outer loop
      vertex 3.99081 -33.4385 -13.4995
      vertex 7.84628 -32.8306 -13.6979
      vertex 7.77435 -32.5576 -13.7871
    endloop
  endfacet
  facet normal 5.43912e-06 0.310341 0.950625
    outer loop
      vertex 3.99081 -33.4385 -13.4995
      vertex 7.77435 -32.5576 -13.7871
      vertex 7.65552 -32.1067 -13.9343
    endloop
  endfacet
  facet normal 2.83113e-05 0.310303 0.950638
    outer loop
      vertex 3.92346 -33.1829 -13.5829
      vertex 7.65552 -32.1067 -13.9343
      vertex 7.49077 -31.6689 -14.0772
    endloop
  endfacet
  facet normal -1.37652e-05 0.310404 0.950605
    outer loop
      vertex 3.78791 -32.8227 -13.7005
      vertex 7.49077 -31.6689 -14.0772
      vertex 7.39104 -31.404 -14.1637
    endloop
  endfacet
  facet normal -6.07201e-06 0.310386 0.950611
    outer loop
      vertex 3.78791 -32.8227 -13.7005
      vertex 7.39104 -31.404 -14.1637
      vertex 7.05537 -30.7293 -14.384
    endloop
  endfacet
  facet normal -9.23469e-06 0.31038 0.950613
    outer loop
      vertex 3.61588 -32.477 -13.8134
      vertex 7.05537 -30.7293 -14.384
      vertex 6.65176 -30.0892 -14.593
    endloop
  endfacet
  facet normal 4.02213e-05 0.310322 0.950632
    outer loop
      vertex 3.40903 -32.1489 -13.9205
      vertex 6.65176 -30.0892 -14.593
      vertex 6.4754 -29.8631 -14.6668
    endloop
  endfacet
  facet normal 2.29403e-06 0.310342 0.950625
    outer loop
      vertex 3.39005 -32.1246 -13.9285
      vertex 6.4754 -29.8631 -14.6668
      vertex 6.18408 -29.4897 -14.7887
    endloop
  endfacet
  facet normal -6.51704e-05 0.310441 0.950593
    outer loop
      vertex 3.16934 -31.8417 -14.0208
      vertex 6.18408 -29.4897 -14.7887
      vertex 5.65685 -28.9368 -14.9693
    endloop
  endfacet
  facet normal 4.25901e-05 0.310329 0.950629
    outer loop
      vertex 2.89914 -31.5583 -14.1134
      vertex 5.65685 -28.9368 -14.9693
      vertex 5.2945 -28.6246 -15.0712
    endloop
  endfacet
  facet normal 1.40134e-05 0.310352 0.950622
    outer loop
      vertex 2.62461 -31.3218 -14.1906
      vertex 5.2945 -28.6246 -15.0712
      vertex 5.07515 -28.4356 -15.1329
    endloop
  endfacet
  facet normal -3.33332e-05 0.310406 0.950604
    outer loop
      vertex 2.60101 -31.3014 -14.1972
      vertex 5.07515 -28.4356 -15.1329
      vertex 4.44456 -27.991 -15.2781
    endloop
  endfacet
  facet normal 0.00012299 0.310306 0.950637
    outer loop
      vertex 2.27784 -31.0736 -14.2716
      vertex 4.44456 -27.991 -15.2781
      vertex 4.19064 -27.8463 -15.3253
    endloop
  endfacet
  facet normal 3.4057e-05 0.31033 0.950629
    outer loop
      vertex 6.65176 -30.0892 -14.593
      vertex 3.40903 -32.1489 -13.9205
      vertex 3.61588 -32.477 -13.8134
    endloop
  endfacet
  facet normal 0 0.310263 0.950651
    outer loop
      vertex 7.84628 -32.8306 -13.6979
      vertex 3.99081 -33.4385 -13.4995
      vertex 7.94113 -33.4385 -13.4995
    endloop
  endfacet
  facet normal 5.81295e-05 0.31021 0.950668
    outer loop
      vertex 7.65552 -32.1067 -13.9343
      vertex 3.92346 -33.1829 -13.5829
      vertex 3.99081 -33.4385 -13.4995
    endloop
  endfacet
  facet normal -0.000114345 0.310433 0.950595
    outer loop
      vertex 2.27784 -31.0736 -14.2716
      vertex 4.19064 -27.8463 -15.3253
      vertex 3.77117 -27.6073 -15.4034
    endloop
  endfacet
  facet normal 2.93446e-07 0.310363 0.950618
    outer loop
      vertex 7.49077 -31.6689 -14.0772
      vertex 3.78791 -32.8227 -13.7005
      vertex 3.92346 -33.1829 -13.5829
    endloop
  endfacet
  facet normal -3.75915e-05 0.310431 0.950596
    outer loop
      vertex 7.05537 -30.7293 -14.384
      vertex 3.61588 -32.477 -13.8134
      vertex 3.78791 -32.8227 -13.7005
    endloop
  endfacet
  facet normal -0.0012194 0.311848 0.950131
    outer loop
      vertex 6.4754 -29.8631 -14.6668
      vertex 3.39005 -32.1246 -13.9285
      vertex 3.40903 -32.1489 -13.9205
    endloop
  endfacet
  facet normal 0.000103458 0.310245 0.950656
    outer loop
      vertex 6.18408 -29.4897 -14.7887
      vertex 3.16934 -31.8417 -14.0208
      vertex 3.39005 -32.1246 -13.9285
    endloop
  endfacet
  facet normal 9.99975e-05 0.310345 0.950624
    outer loop
      vertex 1.93273 -30.8769 -14.3358
      vertex 3.77117 -27.6073 -15.4034
      vertex 3.06147 -27.2882 -15.5075
    endloop
  endfacet
  facet normal -0.000120486 0.310484 0.950579
    outer loop
      vertex 5.65685 -28.9368 -14.9693
      vertex 2.89914 -31.5583 -14.1134
      vertex 3.16934 -31.8417 -14.0208
    endloop
  endfacet
  facet normal 2.63729e-05 0.31034 0.950625
    outer loop
      vertex 5.2945 -28.6246 -15.0712
      vertex 2.62461 -31.3218 -14.1906
      vertex 2.89914 -31.5583 -14.1134
    endloop
  endfacet
  facet normal -0.000128326 0.310419 0.9506
    outer loop
      vertex 1.569 -30.7134 -14.3892
      vertex 3.06147 -27.2882 -15.5075
      vertex 2.60101 -27.1316 -15.5587
    endloop
  endfacet
  facet normal 0.00140102 0.309287 0.950968
    outer loop
      vertex 5.07515 -28.4356 -15.1329
      vertex 2.60101 -31.3014 -14.1972
      vertex 2.62461 -31.3218 -14.1906
    endloop
  endfacet
  facet normal -0.000606125 0.310695 0.95051
    outer loop
      vertex 4.44456 -27.991 -15.2781
      vertex 2.57543 -31.2834 -14.2031
      vertex 2.60101 -31.3014 -14.1972
    endloop
  endfacet
  facet normal 0.000155941 0.310317 0.950633
    outer loop
      vertex 1.19017 -30.5846 -14.4313
      vertex 2.60101 -27.1316 -15.5587
      vertex 2.32228 -27.0368 -15.5896
    endloop
  endfacet
  facet normal 3.88025e-06 0.310382 0.950612
    outer loop
      vertex 4.44456 -27.991 -15.2781
      vertex 2.27784 -31.0736 -14.2716
      vertex 2.57543 -31.2834 -14.2031
    endloop
  endfacet
  facet normal -0.000210713 0.310423 0.950599
    outer loop
      vertex 1.19017 -30.5846 -14.4313
      vertex 2.32228 -27.0368 -15.5896
      vertex 2.03511 -26.9684 -15.612
    endloop
  endfacet
  facet normal 5.65269e-05 0.310367 0.950617
    outer loop
      vertex 3.77117 -27.6073 -15.4034
      vertex 1.93273 -30.8769 -14.3358
      vertex 2.27784 -31.0736 -14.2716
    endloop
  endfacet
  facet normal -0.000154657 0.310417 0.950601
    outer loop
      vertex 3.06147 -27.2882 -15.5075
      vertex 1.5978 -30.7264 -14.385
      vertex 1.93273 -30.8769 -14.3358
    endloop
  endfacet
  facet normal 0.00122471 0.309886 0.950773
    outer loop
      vertex 3.06147 -27.2882 -15.5075
      vertex 1.569 -30.7134 -14.3892
      vertex 1.5978 -30.7264 -14.385
    endloop
  endfacet
  facet normal 0.000118519 0.310355 0.950621
    outer loop
      vertex 1.1 -30.5631 -14.4383
      vertex 2.03511 -26.9684 -15.612
      vertex 1.56072 -26.8555 -15.6488
    endloop
  endfacet
  facet normal -0.000103482 0.310413 0.950602
    outer loop
      vertex 2.60101 -27.1316 -15.5587
      vertex 1.19017 -30.5846 -14.4313
      vertex 1.569 -30.7134 -14.3892
    endloop
  endfacet
  facet normal 4.45088e-05 0.310363 0.950618
    outer loop
      vertex 1.1 -30.5631 -14.4383
      vertex 1.56072 -26.8555 -15.6488
      vertex 1.1 -26.7905 -15.67
    endloop
  endfacet
  facet normal 0.000197864 0.310336 0.950627
    outer loop
      vertex 2.03511 -26.9684 -15.612
      vertex 1.1 -30.5631 -14.4383
      vertex 1.19017 -30.5846 -14.4313
    endloop
  endfacet
  facet normal 0 -0.310405 -0.950605
    outer loop
      vertex 3.99081 -33.066 -12.3587
      vertex 7.84628 -32.4581 -12.5572
      vertex 7.94113 -33.066 -12.3587
    endloop
  endfacet
  facet normal -1.05754e-05 -0.310344 -0.950624
    outer loop
      vertex 7.84628 -32.4581 -12.5572
      vertex 3.99081 -33.066 -12.3587
      vertex 7.76958 -32.1671 -12.6522
    endloop
  endfacet
  facet normal 2.64171e-05 -0.310485 -0.950578
    outer loop
      vertex 7.76958 -32.1671 -12.6522
      vertex 3.99081 -33.066 -12.3587
      vertex 7.65552 -31.7342 -12.7936
    endloop
  endfacet
  facet normal 4.15457e-05 -0.310522 -0.950566
    outer loop
      vertex 3.92346 -32.8104 -12.4422
      vertex 7.65552 -31.7342 -12.7936
      vertex 3.99081 -33.066 -12.3587
    endloop
  endfacet
  facet normal 1.72285e-05 -0.310446 -0.950591
    outer loop
      vertex 7.65552 -31.7342 -12.7936
      vertex 3.92346 -32.8104 -12.4422
      vertex 7.49738 -31.3141 -12.9308
    endloop
  endfacet
  facet normal -7.07119e-05 -0.31019 -0.950675
    outer loop
      vertex 7.49738 -31.3141 -12.9308
      vertex 3.78791 -32.4503 -12.5598
      vertex 7.39104 -31.0315 -13.023
    endloop
  endfacet
  facet normal 2.8424e-05 -0.310418 -0.9506
    outer loop
      vertex 7.39104 -31.0315 -13.023
      vertex 3.78791 -32.4503 -12.5598
      vertex 7.05537 -30.3569 -13.2433
    endloop
  endfacet
  facet normal -1.62573e-05 -0.310351 -0.950622
    outer loop
      vertex 7.05537 -30.3569 -13.2433
      vertex 3.61588 -32.1045 -12.6727
      vertex 6.65176 -29.7167 -13.4523
    endloop
  endfacet
  facet normal -3.4057e-05 -0.31033 -0.950629
    outer loop
      vertex 3.40903 -31.7764 -12.7798
      vertex 6.65176 -29.7167 -13.4523
      vertex 3.61588 -32.1045 -12.6727
    endloop
  endfacet
  facet normal 2.10563e-05 -0.310409 -0.950603
    outer loop
      vertex 6.65176 -29.7167 -13.4523
      vertex 3.40903 -31.7764 -12.7798
      vertex 6.46371 -29.4757 -13.531
    endloop
  endfacet
  facet normal -2.74112e-05 -0.310353 -0.950622
    outer loop
      vertex 6.46371 -29.4757 -13.531
      vertex 3.40203 -31.7675 -12.7827
      vertex 6.18408 -29.1173 -13.648
    endloop
  endfacet
  facet normal 6.89353e-06 -0.310385 -0.950611
    outer loop
      vertex 3.16934 -31.4692 -12.8801
      vertex 6.18408 -29.1173 -13.648
      vertex 3.40203 -31.7675 -12.7827
    endloop
  endfacet
  facet normal -4.2755e-05 -0.310328 -0.95063
    outer loop
      vertex 6.18408 -29.1173 -13.648
      vertex 3.16934 -31.4692 -12.8801
      vertex 5.65685 -28.5643 -13.8285
    endloop
  endfacet
  facet normal 1.27742e-05 -0.310436 -0.950594
    outer loop
      vertex 3.78791 -32.4503 -12.5598
      vertex 7.49738 -31.3141 -12.9308
      vertex 3.92346 -32.8104 -12.4422
    endloop
  endfacet
  facet normal -6.02263e-06 -0.310369 -0.950616
    outer loop
      vertex 3.61588 -32.1045 -12.6727
      vertex 7.05537 -30.3569 -13.2433
      vertex 3.78791 -32.4503 -12.5598
    endloop
  endfacet
  facet normal -0.000299769 -0.310024 -0.950729
    outer loop
      vertex 3.40203 -31.7675 -12.7827
      vertex 6.46371 -29.4757 -13.531
      vertex 3.40903 -31.7764 -12.7798
    endloop
  endfacet
  facet normal -4.67766e-05 -0.310325 -0.950631
    outer loop
      vertex 2.89914 -31.1858 -12.9726
      vertex 5.65685 -28.5643 -13.8285
      vertex 3.16934 -31.4692 -12.8801
    endloop
  endfacet
  facet normal 7.1978e-05 -0.310437 -0.950594
    outer loop
      vertex 5.65685 -28.5643 -13.8285
      vertex 2.89914 -31.1858 -12.9726
      vertex 5.30904 -28.2646 -13.9264
    endloop
  endfacet
  facet normal 2.19533e-06 -0.310385 -0.950611
    outer loop
      vertex 2.60971 -30.9365 -13.054
      vertex 5.30904 -28.2646 -13.9264
      vertex 2.89914 -31.1858 -12.9726
    endloop
  endfacet
  facet normal 1.82339e-05 -0.3104 -0.950606
    outer loop
      vertex 5.30904 -28.2646 -13.9264
      vertex 2.60971 -30.9365 -13.054
      vertex 5.07515 -28.0631 -13.9922
    endloop
  endfacet
  facet normal 0.00321042 -0.312872 -0.94979
    outer loop
      vertex 2.60101 -30.929 -13.0565
      vertex 5.07515 -28.0631 -13.9922
      vertex 2.60971 -30.9365 -13.054
    endloop
  endfacet
  facet normal -5.56309e-05 -0.310327 -0.95063
    outer loop
      vertex 5.07515 -28.0631 -13.9922
      vertex 2.60101 -30.929 -13.0565
      vertex 4.44456 -27.6185 -14.1373
    endloop
  endfacet
  facet normal 0.000911246 -0.310814 -0.95047
    outer loop
      vertex 2.59159 -30.9223 -13.0587
      vertex 4.44456 -27.6185 -14.1373
      vertex 2.60101 -30.929 -13.0565
    endloop
  endfacet
  facet normal -3.4149e-05 -0.310335 -0.950627
    outer loop
      vertex 2.27784 -30.7011 -13.1309
      vertex 4.44456 -27.6185 -14.1373
      vertex 2.59159 -30.9223 -13.0587
    endloop
  endfacet
  facet normal 0.000143278 -0.310447 -0.950591
    outer loop
      vertex 4.44456 -27.6185 -14.1373
      vertex 2.27784 -30.7011 -13.1309
      vertex 4.1738 -27.4643 -14.1877
    endloop
  endfacet
  facet normal 3.5002e-06 -0.310373 -0.950615
    outer loop
      vertex 4.1738 -27.4643 -14.1877
      vertex 2.27784 -30.7011 -13.1309
      vertex 3.77117 -27.2349 -14.2626
    endloop
  endfacet
  facet normal 2.41321e-05 -0.310381 -0.950612
    outer loop
      vertex 1.93273 -30.5045 -13.1951
      vertex 3.77117 -27.2349 -14.2626
      vertex 2.27784 -30.7011 -13.1309
    endloop
  endfacet
  facet normal 1.73538e-05 -0.310378 -0.950613
    outer loop
      vertex 3.77117 -27.2349 -14.2626
      vertex 1.93273 -30.5045 -13.1951
      vertex 3.06147 -26.9158 -14.3668
    endloop
  endfacet
  facet normal -0.000112578 -0.310341 -0.950625
    outer loop
      vertex 1.57961 -30.3457 -13.2469
      vertex 3.06147 -26.9158 -14.3668
      vertex 1.93273 -30.5045 -13.1951
    endloop
  endfacet
  facet normal 0.00491485 -0.312299 -0.949971
    outer loop
      vertex 1.569 -30.341 -13.2485
      vertex 3.06147 -26.9158 -14.3668
      vertex 1.57961 -30.3457 -13.2469
    endloop
  endfacet
  facet normal -8.20282e-06 -0.310365 -0.950617
    outer loop
      vertex 3.06147 -26.9158 -14.3668
      vertex 1.569 -30.341 -13.2485
      vertex 2.61949 -26.7654 -14.4159
    endloop
  endfacet
  facet normal -0.000193106 -0.310316 -0.950633
    outer loop
      vertex 1.19017 -30.2121 -13.2905
      vertex 2.61949 -26.7654 -14.4159
      vertex 1.569 -30.341 -13.2485
    endloop
  endfacet
  facet normal 6.15703e-05 -0.310412 -0.950602
    outer loop
      vertex 2.61949 -26.7654 -14.4159
      vertex 1.19017 -30.2121 -13.2905
      vertex 2.32228 -26.6644 -14.4489
    endloop
  endfacet
  facet normal -0.000104041 -0.310364 -0.950618
    outer loop
      vertex 2.32228 -26.6644 -14.4489
      vertex 1.19017 -30.2121 -13.2905
      vertex 2.01607 -26.5914 -14.4727
    endloop
  endfacet
  facet normal 0.000154979 -0.310417 -0.9506
    outer loop
      vertex 0.79987 -30.1192 -13.3209
      vertex 2.01607 -26.5914 -14.4727
      vertex 1.19017 -30.2121 -13.2905
    endloop
  endfacet
  facet normal 1.58598e-05 -0.310374 -0.950615
    outer loop
      vertex 2.01607 -26.5914 -14.4727
      vertex 0.79987 -30.1192 -13.3209
      vertex 1.56072 -26.483 -14.5081
    endloop
  endfacet
  facet normal 2.90287e-05 -0.310376 -0.950614
    outer loop
      vertex 1.56072 -26.483 -14.5081
      vertex 0.79987 -30.1192 -13.3209
      vertex 1.09639 -26.4175 -14.5295
    endloop
  endfacet
  facet normal -0.000116254 -0.310366 -0.950617
    outer loop
      vertex 0.40187 -30.063 -13.3392
      vertex 1.09639 -26.4175 -14.5295
      vertex 0.79987 -30.1192 -13.3209
    endloop
  endfacet
  facet normal 9.92181e-05 -0.310403 -0.950605
    outer loop
      vertex 1.09639 -26.4175 -14.5295
      vertex 0.40187 -30.063 -13.3392
      vertex 0.784137 -26.3735 -14.5439
    endloop
  endfacet
  facet normal 4.14765e-07 -0.310394 -0.950608
    outer loop
      vertex 0.784137 -26.3735 -14.5439
      vertex 0.40187 -30.063 -13.3392
      vertex 0.468848 -26.3588 -14.5487
    endloop
  endfacet
  facet normal -1.40563e-05 -0.310394 -0.950608
    outer loop
      vertex 0 -30.0443 -13.3453
      vertex 0.468848 -26.3588 -14.5487
      vertex 0.40187 -30.063 -13.3392
    endloop
  endfacet
  facet normal -0.000102493 -0.310383 -0.950611
    outer loop
      vertex 0 -30.0443 -13.3453
      vertex 0 -26.3369 -14.5558
      vertex 0.468848 -26.3588 -14.5487
    endloop
  endfacet
  facet normal 1.40563e-05 -0.310394 -0.950608
    outer loop
      vertex -0.468848 -26.3588 -14.5487
      vertex 0 -30.0443 -13.3453
      vertex -0.40187 -30.063 -13.3392
    endloop
  endfacet
  facet normal 0.000102493 -0.310383 -0.950611
    outer loop
      vertex 0 -30.0443 -13.3453
      vertex -0.468848 -26.3588 -14.5487
      vertex 0 -26.3369 -14.5558
    endloop
  endfacet
  facet normal -4.14765e-07 -0.310394 -0.950608
    outer loop
      vertex -0.40187 -30.063 -13.3392
      vertex -0.784137 -26.3735 -14.5439
      vertex -0.468848 -26.3588 -14.5487
    endloop
  endfacet
  facet normal 0.000116254 -0.310366 -0.950617
    outer loop
      vertex -1.09639 -26.4175 -14.5295
      vertex -0.40187 -30.063 -13.3392
      vertex -0.79987 -30.1192 -13.3209
    endloop
  endfacet
  facet normal -9.92181e-05 -0.310403 -0.950605
    outer loop
      vertex -0.40187 -30.063 -13.3392
      vertex -1.09639 -26.4175 -14.5295
      vertex -0.784137 -26.3735 -14.5439
    endloop
  endfacet
  facet normal -0.000154979 -0.310417 -0.9506
    outer loop
      vertex -2.01607 -26.5914 -14.4727
      vertex -0.79987 -30.1192 -13.3209
      vertex -1.19017 -30.2121 -13.2905
    endloop
  endfacet
  facet normal -2.90287e-05 -0.310376 -0.950614
    outer loop
      vertex -0.79987 -30.1192 -13.3209
      vertex -1.56072 -26.483 -14.5081
      vertex -1.09639 -26.4175 -14.5295
    endloop
  endfacet
  facet normal 0.000193106 -0.310316 -0.950633
    outer loop
      vertex -2.61949 -26.7654 -14.4159
      vertex -1.19017 -30.2121 -13.2905
      vertex -1.569 -30.341 -13.2485
    endloop
  endfacet
  facet normal -0.00491485 -0.312299 -0.949971
    outer loop
      vertex -3.06147 -26.9158 -14.3668
      vertex -1.569 -30.341 -13.2485
      vertex -1.57961 -30.3457 -13.2469
    endloop
  endfacet
  facet normal 0.000112578 -0.310341 -0.950625
    outer loop
      vertex -3.06147 -26.9158 -14.3668
      vertex -1.57961 -30.3457 -13.2469
      vertex -1.93273 -30.5045 -13.1951
    endloop
  endfacet
  facet normal -1.58598e-05 -0.310374 -0.950615
    outer loop
      vertex -0.79987 -30.1192 -13.3209
      vertex -2.01607 -26.5914 -14.4727
      vertex -1.56072 -26.483 -14.5081
    endloop
  endfacet
  facet normal -2.41321e-05 -0.310381 -0.950612
    outer loop
      vertex -3.77117 -27.2349 -14.2626
      vertex -1.93273 -30.5045 -13.1951
      vertex -2.27784 -30.7011 -13.1309
    endloop
  endfacet
  facet normal 0.000104041 -0.310364 -0.950618
    outer loop
      vertex -1.19017 -30.2121 -13.2905
      vertex -2.32228 -26.6644 -14.4489
      vertex -2.01607 -26.5914 -14.4727
    endloop
  endfacet
  facet normal 3.4149e-05 -0.310335 -0.950627
    outer loop
      vertex -4.44456 -27.6185 -14.1373
      vertex -2.27784 -30.7011 -13.1309
      vertex -2.59159 -30.9223 -13.0587
    endloop
  endfacet
  facet normal -0.000911246 -0.310814 -0.95047
    outer loop
      vertex -4.44456 -27.6185 -14.1373
      vertex -2.59159 -30.9223 -13.0587
      vertex -2.60101 -30.929 -13.0565
    endloop
  endfacet
  facet normal -0.00321042 -0.312872 -0.94979
    outer loop
      vertex -5.07515 -28.0631 -13.9922
      vertex -2.60101 -30.929 -13.0565
      vertex -2.60971 -30.9365 -13.054
    endloop
  endfacet
  facet normal -6.15703e-05 -0.310412 -0.950602
    outer loop
      vertex -1.19017 -30.2121 -13.2905
      vertex -2.61949 -26.7654 -14.4159
      vertex -2.32228 -26.6644 -14.4489
    endloop
  endfacet
  facet normal -2.19533e-06 -0.310385 -0.950611
    outer loop
      vertex -5.30904 -28.2646 -13.9264
      vertex -2.60971 -30.9365 -13.054
      vertex -2.89914 -31.1858 -12.9726
    endloop
  endfacet
  facet normal 8.20282e-06 -0.310365 -0.950617
    outer loop
      vertex -1.569 -30.341 -13.2485
      vertex -3.06147 -26.9158 -14.3668
      vertex -2.61949 -26.7654 -14.4159
    endloop
  endfacet
  facet normal 4.67766e-05 -0.310325 -0.950631
    outer loop
      vertex -5.65685 -28.5643 -13.8285
      vertex -2.89914 -31.1858 -12.9726
      vertex -3.16934 -31.4692 -12.8801
    endloop
  endfacet
  facet normal -6.89353e-06 -0.310385 -0.950611
    outer loop
      vertex -6.18408 -29.1173 -13.648
      vertex -3.16934 -31.4692 -12.8801
      vertex -3.40203 -31.7675 -12.7827
    endloop
  endfacet
  facet normal 0.000299769 -0.310024 -0.950729
    outer loop
      vertex -6.46371 -29.4757 -13.531
      vertex -3.40203 -31.7675 -12.7827
      vertex -3.40903 -31.7764 -12.7798
    endloop
  endfacet
  facet normal 3.4057e-05 -0.31033 -0.950629
    outer loop
      vertex -6.65176 -29.7167 -13.4523
      vertex -3.40903 -31.7764 -12.7798
      vertex -3.61588 -32.1045 -12.6727
    endloop
  endfacet
  facet normal -1.73538e-05 -0.310378 -0.950613
    outer loop
      vertex -1.93273 -30.5045 -13.1951
      vertex -3.77117 -27.2349 -14.2626
      vertex -3.06147 -26.9158 -14.3668
    endloop
  endfacet
  facet normal 6.02263e-06 -0.310369 -0.950616
    outer loop
      vertex -7.05537 -30.3569 -13.2433
      vertex -3.61588 -32.1045 -12.6727
      vertex -3.78791 -32.4503 -12.5598
    endloop
  endfacet
  facet normal -1.27742e-05 -0.310436 -0.950594
    outer loop
      vertex -7.49738 -31.3141 -12.9308
      vertex -3.78791 -32.4503 -12.5598
      vertex -3.92346 -32.8104 -12.4422
    endloop
  endfacet
  facet normal -4.15457e-05 -0.310522 -0.950566
    outer loop
      vertex -7.65552 -31.7342 -12.7936
      vertex -3.92346 -32.8104 -12.4422
      vertex -3.99081 -33.066 -12.3587
    endloop
  endfacet
  facet normal -3.5002e-06 -0.310373 -0.950615
    outer loop
      vertex -2.27784 -30.7011 -13.1309
      vertex -4.1738 -27.4643 -14.1877
      vertex -3.77117 -27.2349 -14.2626
    endloop
  endfacet
  facet normal -0.000143278 -0.310447 -0.950591
    outer loop
      vertex -2.27784 -30.7011 -13.1309
      vertex -4.44456 -27.6185 -14.1373
      vertex -4.1738 -27.4643 -14.1877
    endloop
  endfacet
  facet normal 5.56309e-05 -0.310327 -0.95063
    outer loop
      vertex -2.60101 -30.929 -13.0565
      vertex -5.07515 -28.0631 -13.9922
      vertex -4.44456 -27.6185 -14.1373
    endloop
  endfacet
  facet normal -1.82339e-05 -0.3104 -0.950606
    outer loop
      vertex -2.60971 -30.9365 -13.054
      vertex -5.30904 -28.2646 -13.9264
      vertex -5.07515 -28.0631 -13.9922
    endloop
  endfacet
  facet normal -7.1978e-05 -0.310437 -0.950594
    outer loop
      vertex -2.89914 -31.1858 -12.9726
      vertex -5.65685 -28.5643 -13.8285
      vertex -5.30904 -28.2646 -13.9264
    endloop
  endfacet
  facet normal 4.2755e-05 -0.310328 -0.95063
    outer loop
      vertex -3.16934 -31.4692 -12.8801
      vertex -6.18408 -29.1173 -13.648
      vertex -5.65685 -28.5643 -13.8285
    endloop
  endfacet
  facet normal 2.74112e-05 -0.310353 -0.950622
    outer loop
      vertex -3.40203 -31.7675 -12.7827
      vertex -6.46371 -29.4757 -13.531
      vertex -6.18408 -29.1173 -13.648
    endloop
  endfacet
  facet normal -2.10563e-05 -0.310409 -0.950603
    outer loop
      vertex -3.40903 -31.7764 -12.7798
      vertex -6.65176 -29.7167 -13.4523
      vertex -6.46371 -29.4757 -13.531
    endloop
  endfacet
  facet normal 1.62573e-05 -0.310351 -0.950622
    outer loop
      vertex -3.61588 -32.1045 -12.6727
      vertex -7.05537 -30.3569 -13.2433
      vertex -6.65176 -29.7167 -13.4523
    endloop
  endfacet
  facet normal -2.8424e-05 -0.310418 -0.9506
    outer loop
      vertex -3.78791 -32.4503 -12.5598
      vertex -7.39104 -31.0315 -13.023
      vertex -7.05537 -30.3569 -13.2433
    endloop
  endfacet
  facet normal 7.07119e-05 -0.31019 -0.950675
    outer loop
      vertex -3.78791 -32.4503 -12.5598
      vertex -7.49738 -31.3141 -12.9308
      vertex -7.39104 -31.0315 -13.023
    endloop
  endfacet
  facet normal -1.72285e-05 -0.310446 -0.950591
    outer loop
      vertex -3.92346 -32.8104 -12.4422
      vertex -7.65552 -31.7342 -12.7936
      vertex -7.49738 -31.3141 -12.9308
    endloop
  endfacet
  facet normal -2.64171e-05 -0.310485 -0.950578
    outer loop
      vertex -3.99081 -33.066 -12.3587
      vertex -7.76958 -32.1671 -12.6522
      vertex -7.65552 -31.7342 -12.7936
    endloop
  endfacet
  facet normal 1.05754e-05 -0.310344 -0.950624
    outer loop
      vertex -3.99081 -33.066 -12.3587
      vertex -7.84628 -32.4581 -12.5572
      vertex -7.76958 -32.1671 -12.6522
    endloop
  endfacet
  facet normal 0 -0.310405 -0.950605
    outer loop
      vertex -7.84628 -32.4581 -12.5572
      vertex -3.99081 -33.066 -12.3587
      vertex -7.94113 -33.066 -12.3587
    endloop
  endfacet
  facet normal 0 0.997519 -0.0703913
    outer loop
      vertex -3.95791 -35.2278 -12.62
      vertex -7.91776 -35.2202 -12.5123
      vertex -3.95134 -35.2202 -12.5123
    endloop
  endfacet
  facet normal 0 0.997519 -0.0703913
    outer loop
      vertex -7.91776 -35.2202 -12.5123
      vertex -3.95791 -35.2278 -12.62
      vertex -7.92165 -35.2278 -12.62
    endloop
  endfacet
  facet normal 0 0.997519 -0.0703913
    outer loop
      vertex 3.95791 -35.2278 -12.62
      vertex 7.91776 -35.2202 -12.5123
      vertex 7.92165 -35.2278 -12.62
    endloop
  endfacet
  facet normal 0 0.997519 -0.0703913
    outer loop
      vertex 7.91776 -35.2202 -12.5123
      vertex 3.95791 -35.2278 -12.62
      vertex 3.95134 -35.2202 -12.5123
    endloop
  endfacet
  facet normal 0 -0.125973 0.992034
    outer loop
      vertex -7.97453 -33.9362 -13.7263
      vertex -4.07743 -34.0433 -13.7399
      vertex -4.06295 -33.9362 -13.7263
    endloop
  endfacet
  facet normal 0 -0.125973 0.992034
    outer loop
      vertex -4.07743 -34.0433 -13.7399
      vertex -7.97453 -33.9362 -13.7263
      vertex -7.97932 -34.0433 -13.7399
    endloop
  endfacet
  facet normal 0 -0.125973 0.992034
    outer loop
      vertex 7.97453 -33.9362 -13.7263
      vertex 4.07743 -34.0433 -13.7399
      vertex 7.97932 -34.0433 -13.7399
    endloop
  endfacet
  facet normal 0 -0.125973 0.992034
    outer loop
      vertex 4.07743 -34.0433 -13.7399
      vertex 7.97453 -33.9362 -13.7263
      vertex 4.06295 -33.9362 -13.7263
    endloop
  endfacet
  facet normal 0 -0.222221 0.974996
    outer loop
      vertex -7.96998 -33.8309 -13.7023
      vertex -4.06295 -33.9362 -13.7263
      vertex -4.04922 -33.8309 -13.7023
    endloop
  endfacet
  facet normal 0 -0.222221 0.974996
    outer loop
      vertex -4.06295 -33.9362 -13.7263
      vertex -7.96998 -33.8309 -13.7023
      vertex -7.97453 -33.9362 -13.7263
    endloop
  endfacet
  facet normal 0 -0.222221 0.974996
    outer loop
      vertex 7.96998 -33.8309 -13.7023
      vertex 4.06295 -33.9362 -13.7263
      vertex 7.97453 -33.9362 -13.7263
    endloop
  endfacet
  facet normal 0 -0.222221 0.974996
    outer loop
      vertex 4.06295 -33.9362 -13.7263
      vertex 7.96998 -33.8309 -13.7023
      vertex 4.04922 -33.8309 -13.7023
    endloop
  endfacet
  facet normal 0 0.934179 -0.356805
    outer loop
      vertex -7.91462 -35.1737 -12.3017
      vertex -3.94737 -35.1352 -12.2009
      vertex -3.94604 -35.1737 -12.3017
    endloop
  endfacet
  facet normal 0 0.934179 -0.356805
    outer loop
      vertex -3.94737 -35.1352 -12.2009
      vertex -7.91462 -35.1737 -12.3017
      vertex -7.91541 -35.1352 -12.2009
    endloop
  endfacet
  facet normal 0 0.934179 -0.356805
    outer loop
      vertex 7.91462 -35.1737 -12.3017
      vertex 3.94737 -35.1352 -12.2009
      vertex 7.91541 -35.1352 -12.2009
    endloop
  endfacet
  facet normal 0 0.934179 -0.356805
    outer loop
      vertex 3.94737 -35.1352 -12.2009
      vertex 7.91462 -35.1737 -12.3017
      vertex 3.94604 -35.1737 -12.3017
    endloop
  endfacet
  facet normal 0 -0.948498 -0.316783
    outer loop
      vertex -7.94212 -33.0689 -12.3461
      vertex -4.00858 -33.1031 -12.2437
      vertex -7.95166 -33.1031 -12.2437
    endloop
  endfacet
  facet normal 0 -0.948498 -0.316783
    outer loop
      vertex -4.00858 -33.1031 -12.2437
      vertex -7.94212 -33.0689 -12.3461
      vertex -3.99248 -33.0689 -12.3461
    endloop
  endfacet
  facet normal -0 -0.948498 -0.316783
    outer loop
      vertex 7.94212 -33.0689 -12.3461
      vertex 4.00858 -33.1031 -12.2437
      vertex 3.99248 -33.0689 -12.3461
    endloop
  endfacet
  facet normal 0 -0.948498 -0.316783
    outer loop
      vertex 4.00858 -33.1031 -12.2437
      vertex 7.94212 -33.0689 -12.3461
      vertex 7.95166 -33.1031 -12.2437
    endloop
  endfacet
  facet normal 0 -0.0704564 -0.997515
    outer loop
      vertex -7.98431 -34.1048 -11.5434
      vertex -4.08946 -33.9972 -11.551
      vertex -4.08431 -34.1048 -11.5434
    endloop
  endfacet
  facet normal -0 -0.0704564 -0.997515
    outer loop
      vertex -4.08946 -33.9972 -11.551
      vertex -7.98431 -34.1048 -11.5434
      vertex -7.98946 -33.9972 -11.551
    endloop
  endfacet
  facet normal 0 -0.0704564 -0.997515
    outer loop
      vertex 7.98431 -34.1048 -11.5434
      vertex 4.08946 -33.9972 -11.551
      vertex 7.98946 -33.9972 -11.551
    endloop
  endfacet
  facet normal 0 -0.0704564 -0.997515
    outer loop
      vertex 4.08946 -33.9972 -11.551
      vertex 7.98431 -34.1048 -11.5434
      vertex 4.08431 -34.1048 -11.5434
    endloop
  endfacet
  facet normal 0 0.964807 -0.262961
    outer loop
      vertex -3.94737 -35.2021 -12.4059
      vertex -7.91462 -35.1737 -12.3017
      vertex -3.94604 -35.1737 -12.3017
    endloop
  endfacet
  facet normal 0 0.964807 -0.262961
    outer loop
      vertex -7.91462 -35.1737 -12.3017
      vertex -3.94737 -35.2021 -12.4059
      vertex -7.91541 -35.2021 -12.4059
    endloop
  endfacet
  facet normal 0 0.964807 -0.262961
    outer loop
      vertex 3.94737 -35.2021 -12.4059
      vertex 7.91462 -35.1737 -12.3017
      vertex 7.91541 -35.2021 -12.4059
    endloop
  endfacet
  facet normal 0 0.964807 -0.262961
    outer loop
      vertex 7.91462 -35.1737 -12.3017
      vertex 3.94737 -35.2021 -12.4059
      vertex 3.94604 -35.1737 -12.3017
    endloop
  endfacet
  facet normal -0 0.264058 0.964507
    outer loop
      vertex -7.9947 -34.3653 -13.7173
      vertex -4.1 -34.4694 -13.6888
      vertex -4.0947 -34.3653 -13.7173
    endloop
  endfacet
  facet normal 0 0.264058 0.964507
    outer loop
      vertex -4.1 -34.4694 -13.6888
      vertex -7.9947 -34.3653 -13.7173
      vertex -8 -34.4694 -13.6888
    endloop
  endfacet
  facet normal 0 0.264058 0.964507
    outer loop
      vertex 7.9947 -34.3653 -13.7173
      vertex 4.1 -34.4694 -13.6888
      vertex 8 -34.4694 -13.6888
    endloop
  endfacet
  facet normal 0 0.264058 0.964507
    outer loop
      vertex 4.1 -34.4694 -13.6888
      vertex 7.9947 -34.3653 -13.7173
      vertex 4.0947 -34.3653 -13.7173
    endloop
  endfacet
  facet normal 0 0.91334 0.407197
    outer loop
      vertex -4.013 -35.1422 -13.0666
      vertex -7.95166 -35.1529 -13.0426
      vertex -4.00858 -35.1529 -13.0426
    endloop
  endfacet
  facet normal 1.97328e-06 0.91322 0.407468
    outer loop
      vertex -4.02122 -35.1223 -13.1112
      vertex -7.95166 -35.1529 -13.0426
      vertex -4.013 -35.1422 -13.0666
    endloop
  endfacet
  facet normal 8.63849e-05 0.911411 0.411497
    outer loop
      vertex -4.02449 -35.1088 -13.1411
      vertex -7.95166 -35.1529 -13.0426
      vertex -4.02122 -35.1223 -13.1112
    endloop
  endfacet
  facet normal -0 0.9127 0.40863
    outer loop
      vertex -7.96179 -35.1088 -13.1411
      vertex -7.95166 -35.1529 -13.0426
      vertex -4.02449 -35.1088 -13.1411
    endloop
  endfacet
  facet normal -0.150039 0.896522 0.416817
    outer loop
      vertex -7.95166 -35.1529 -13.0426
      vertex -7.96179 -35.1088 -13.1411
      vertex -7.96148 -35.1127 -13.1326
    endloop
  endfacet
  facet normal 0 0.91334 0.407197
    outer loop
      vertex 7.95166 -35.1529 -13.0426
      vertex 4.013 -35.1422 -13.0666
      vertex 4.00858 -35.1529 -13.0426
    endloop
  endfacet
  facet normal -1.97328e-06 0.91322 0.407468
    outer loop
      vertex 7.95166 -35.1529 -13.0426
      vertex 4.02122 -35.1223 -13.1112
      vertex 4.013 -35.1422 -13.0666
    endloop
  endfacet
  facet normal 0.150039 0.896522 0.416817
    outer loop
      vertex 7.96179 -35.1088 -13.1411
      vertex 7.95166 -35.1529 -13.0426
      vertex 7.96148 -35.1127 -13.1326
    endloop
  endfacet
  facet normal 0 0.9127 0.40863
    outer loop
      vertex 7.95166 -35.1529 -13.0426
      vertex 7.96179 -35.1088 -13.1411
      vertex 4.02449 -35.1088 -13.1411
    endloop
  endfacet
  facet normal -8.63849e-05 0.911411 0.411497
    outer loop
      vertex 7.95166 -35.1529 -13.0426
      vertex 4.02449 -35.1088 -13.1411
      vertex 4.02122 -35.1223 -13.1112
    endloop
  endfacet
  facet normal 0 -0.317062 0.948405
    outer loop
      vertex -7.96572 -33.7286 -13.6681
      vertex -4.04922 -33.8309 -13.7023
      vertex -4.03636 -33.7286 -13.6681
    endloop
  endfacet
  facet normal 0 -0.317062 0.948405
    outer loop
      vertex -4.04922 -33.8309 -13.7023
      vertex -7.96572 -33.7286 -13.6681
      vertex -7.96998 -33.8309 -13.7023
    endloop
  endfacet
  facet normal 0 -0.317062 0.948405
    outer loop
      vertex 7.96572 -33.7286 -13.6681
      vertex 4.04922 -33.8309 -13.7023
      vertex 7.96998 -33.8309 -13.7023
    endloop
  endfacet
  facet normal 0 -0.317062 0.948405
    outer loop
      vertex 4.04922 -33.8309 -13.7023
      vertex 7.96572 -33.7286 -13.6681
      vertex 4.03636 -33.7286 -13.6681
    endloop
  endfacet
  facet normal 0 -0.496569 0.867997
    outer loop
      vertex -7.95166 -33.5363 -13.5704
      vertex -4.02122 -33.6015 -13.6077
      vertex -4.00858 -33.5363 -13.5704
    endloop
  endfacet
  facet normal 2.24302e-06 -0.496467 0.868056
    outer loop
      vertex -7.95166 -33.5363 -13.5704
      vertex -4.02449 -33.63 -13.624
      vertex -4.02122 -33.6015 -13.6077
    endloop
  endfacet
  facet normal 0.100943 -0.502202 0.858839
    outer loop
      vertex -7.96179 -33.63 -13.624
      vertex -7.95166 -33.5363 -13.5704
      vertex -7.96148 -33.6219 -13.6193
    endloop
  endfacet
  facet normal 0 -0.496538 0.868015
    outer loop
      vertex -7.95166 -33.5363 -13.5704
      vertex -7.96179 -33.63 -13.624
      vertex -4.02449 -33.63 -13.624
    endloop
  endfacet
  facet normal -0.100943 -0.502202 0.858839
    outer loop
      vertex 7.95166 -33.5363 -13.5704
      vertex 7.96179 -33.63 -13.624
      vertex 7.96148 -33.6219 -13.6193
    endloop
  endfacet
  facet normal 0 -0.496538 0.868015
    outer loop
      vertex 7.95166 -33.5363 -13.5704
      vertex 4.02449 -33.63 -13.624
      vertex 7.96179 -33.63 -13.624
    endloop
  endfacet
  facet normal -2.24302e-06 -0.496467 0.868056
    outer loop
      vertex 7.95166 -33.5363 -13.5704
      vertex 4.02122 -33.6015 -13.6077
      vertex 4.02449 -33.63 -13.624
    endloop
  endfacet
  facet normal 0 -0.496569 0.867997
    outer loop
      vertex 4.02122 -33.6015 -13.6077
      vertex 7.95166 -33.5363 -13.5704
      vertex 4.00858 -33.5363 -13.5704
    endloop
  endfacet
  facet normal 0 0.754924 0.655812
    outer loop
      vertex -4.06295 -34.922 -13.4044
      vertex -7.96998 -34.9928 -13.3229
      vertex -4.04922 -34.9928 -13.3229
    endloop
  endfacet
  facet normal 0 0.754924 0.655812
    outer loop
      vertex -7.96998 -34.9928 -13.3229
      vertex -4.06295 -34.922 -13.4044
      vertex -7.97453 -34.922 -13.4044
    endloop
  endfacet
  facet normal -0 0.754924 0.655812
    outer loop
      vertex 4.06295 -34.922 -13.4044
      vertex 7.96998 -34.9928 -13.3229
      vertex 7.97453 -34.922 -13.4044
    endloop
  endfacet
  facet normal 0 0.754924 0.655812
    outer loop
      vertex 7.96998 -34.9928 -13.3229
      vertex 4.06295 -34.922 -13.4044
      vertex 4.04922 -34.9928 -13.3229
    endloop
  endfacet
  facet normal 0 -0.53183 -0.846851
    outer loop
      vertex -4.08946 -33.5892 -11.6842
      vertex -7.98431 -33.4978 -11.7416
      vertex -4.08431 -33.4978 -11.7416
    endloop
  endfacet
  facet normal 0 -0.53183 -0.846851
    outer loop
      vertex -7.98431 -33.4978 -11.7416
      vertex -4.08946 -33.5892 -11.6842
      vertex -7.98946 -33.5892 -11.6842
    endloop
  endfacet
  facet normal 0 -0.53183 -0.846851
    outer loop
      vertex 4.08946 -33.5892 -11.6842
      vertex 7.98431 -33.4978 -11.7416
      vertex 7.98946 -33.5892 -11.6842
    endloop
  endfacet
  facet normal -0 -0.53183 -0.846851
    outer loop
      vertex 7.98431 -33.4978 -11.7416
      vertex 4.08946 -33.5892 -11.6842
      vertex 4.08431 -33.4978 -11.7416
    endloop
  endfacet
  facet normal 0 0.126088 -0.992019
    outer loop
      vertex -7.97453 -34.3198 -11.56
      vertex -4.07743 -34.2128 -11.5464
      vertex -4.06295 -34.3198 -11.56
    endloop
  endfacet
  facet normal 1.3043e-05 0.125621 -0.992078
    outer loop
      vertex -7.97728 -34.2582 -11.5522
      vertex -4.07743 -34.2128 -11.5464
      vertex -7.97453 -34.3198 -11.56
    endloop
  endfacet
  facet normal 0 0.126723 -0.991938
    outer loop
      vertex -4.07743 -34.2128 -11.5464
      vertex -7.97728 -34.2582 -11.5522
      vertex -7.97932 -34.2128 -11.5464
    endloop
  endfacet
  facet normal -1.3043e-05 0.125621 -0.992078
    outer loop
      vertex 4.07743 -34.2128 -11.5464
      vertex 7.97728 -34.2582 -11.5522
      vertex 7.97453 -34.3198 -11.56
    endloop
  endfacet
  facet normal 0 0.126723 -0.991938
    outer loop
      vertex 7.97728 -34.2582 -11.5522
      vertex 4.07743 -34.2128 -11.5464
      vertex 7.97932 -34.2128 -11.5464
    endloop
  endfacet
  facet normal 0 0.126088 -0.992019
    outer loop
      vertex 4.07743 -34.2128 -11.5464
      vertex 7.97453 -34.3198 -11.56
      vertex 4.06295 -34.3198 -11.56
    endloop
  endfacet
  facet normal 0 0.948498 0.316783
    outer loop
      vertex -4.00858 -35.1529 -13.0426
      vertex -7.94212 -35.1871 -12.9402
      vertex -3.99248 -35.1871 -12.9402
    endloop
  endfacet
  facet normal 0 0.948498 0.316783
    outer loop
      vertex -7.94212 -35.1871 -12.9402
      vertex -4.00858 -35.1529 -13.0426
      vertex -7.95166 -35.1529 -13.0426
    endloop
  endfacet
  facet normal -0 0.948498 0.316783
    outer loop
      vertex 4.00858 -35.1529 -13.0426
      vertex 7.94212 -35.1871 -12.9402
      vertex 7.95166 -35.1529 -13.0426
    endloop
  endfacet
  facet normal 0 0.948498 0.316783
    outer loop
      vertex 7.94212 -35.1871 -12.9402
      vertex 4.00858 -35.1529 -13.0426
      vertex 3.99248 -35.1871 -12.9402
    endloop
  endfacet
  facet normal 0 -0.446472 -0.894797
    outer loop
      vertex -4.0947 -33.6858 -11.636
      vertex -7.98946 -33.5892 -11.6842
      vertex -4.08946 -33.5892 -11.6842
    endloop
  endfacet
  facet normal 0 -0.446472 -0.894797
    outer loop
      vertex -7.98946 -33.5892 -11.6842
      vertex -4.0947 -33.6858 -11.636
      vertex -7.9947 -33.6858 -11.636
    endloop
  endfacet
  facet normal 0 -0.446472 -0.894797
    outer loop
      vertex 4.0947 -33.6858 -11.636
      vertex 7.98946 -33.5892 -11.6842
      vertex 7.9947 -33.6858 -11.636
    endloop
  endfacet
  facet normal -0 -0.446472 -0.894797
    outer loop
      vertex 7.98946 -33.5892 -11.6842
      vertex 4.0947 -33.6858 -11.636
      vertex 4.08946 -33.5892 -11.6842
    endloop
  endfacet
  facet normal 0 -0.408285 0.912855
    outer loop
      vertex -7.96179 -33.63 -13.624
      vertex -4.03636 -33.7286 -13.6681
      vertex -4.02449 -33.63 -13.624
    endloop
  endfacet
  facet normal 0 -0.408285 0.912855
    outer loop
      vertex -4.03636 -33.7286 -13.6681
      vertex -7.96179 -33.63 -13.624
      vertex -7.96572 -33.7286 -13.6681
    endloop
  endfacet
  facet normal 0 -0.408285 0.912855
    outer loop
      vertex 7.96179 -33.63 -13.624
      vertex 4.03636 -33.7286 -13.6681
      vertex 7.96572 -33.7286 -13.6681
    endloop
  endfacet
  facet normal 0 -0.408285 0.912855
    outer loop
      vertex 4.03636 -33.7286 -13.6681
      vertex 7.96179 -33.63 -13.624
      vertex 4.02449 -33.63 -13.624
    endloop
  endfacet
  facet normal 0 -0.815296 -0.579045
    outer loop
      vertex -7.96572 -33.2007 -12.0514
      vertex -4.04922 -33.2632 -11.9634
      vertex -7.96998 -33.2632 -11.9634
    endloop
  endfacet
  facet normal 0 -0.815296 -0.579045
    outer loop
      vertex -4.04922 -33.2632 -11.9634
      vertex -7.96572 -33.2007 -12.0514
      vertex -4.03636 -33.2007 -12.0514
    endloop
  endfacet
  facet normal -0 -0.815296 -0.579045
    outer loop
      vertex 7.96572 -33.2007 -12.0514
      vertex 4.04922 -33.2632 -11.9634
      vertex 4.03636 -33.2007 -12.0514
    endloop
  endfacet
  facet normal 0 -0.815296 -0.579045
    outer loop
      vertex 4.04922 -33.2632 -11.9634
      vertex 7.96572 -33.2007 -12.0514
      vertex 7.96998 -33.2632 -11.9634
    endloop
  endfacet
  facet normal 0 -0.167551 -0.985863
    outer loop
      vertex -7.98946 -33.9972 -11.551
      vertex -4.0947 -33.8907 -11.5691
      vertex -4.08946 -33.9972 -11.551
    endloop
  endfacet
  facet normal -0 -0.167551 -0.985863
    outer loop
      vertex -4.0947 -33.8907 -11.5691
      vertex -7.98946 -33.9972 -11.551
      vertex -7.9947 -33.8907 -11.5691
    endloop
  endfacet
  facet normal 0 -0.167551 -0.985863
    outer loop
      vertex 7.98946 -33.9972 -11.551
      vertex 4.0947 -33.8907 -11.5691
      vertex 7.9947 -33.8907 -11.5691
    endloop
  endfacet
  facet normal 0 -0.167551 -0.985863
    outer loop
      vertex 4.0947 -33.8907 -11.5691
      vertex 7.98946 -33.9972 -11.551
      vertex 4.08946 -33.9972 -11.551
    endloop
  endfacet
  facet normal -0 0.166803 0.98599
    outer loop
      vertex -7.98946 -34.2589 -13.7353
      vertex -4.0947 -34.3653 -13.7173
      vertex -4.08946 -34.2589 -13.7353
    endloop
  endfacet
  facet normal 0 0.166803 0.98599
    outer loop
      vertex -4.0947 -34.3653 -13.7173
      vertex -7.98946 -34.2589 -13.7353
      vertex -7.9947 -34.3653 -13.7173
    endloop
  endfacet
  facet normal 0 0.166803 0.98599
    outer loop
      vertex 7.98946 -34.2589 -13.7353
      vertex 4.0947 -34.3653 -13.7173
      vertex 7.9947 -34.3653 -13.7173
    endloop
  endfacet
  facet normal 0 0.166803 0.98599
    outer loop
      vertex 4.0947 -34.3653 -13.7173
      vertex 7.98946 -34.2589 -13.7353
      vertex 4.08946 -34.2589 -13.7353
    endloop
  endfacet
  facet normal 0 0.727193 -0.686433
    outer loop
      vertex -7.92704 -34.9634 -11.9276
      vertex -3.97858 -34.8893 -11.8491
      vertex -3.96702 -34.9634 -11.9276
    endloop
  endfacet
  facet normal 0 0.727193 -0.686433
    outer loop
      vertex -3.97858 -34.8893 -11.8491
      vertex -7.92704 -34.9634 -11.9276
      vertex -7.93389 -34.8893 -11.8491
    endloop
  endfacet
  facet normal 0 0.727193 -0.686433
    outer loop
      vertex 7.92704 -34.9634 -11.9276
      vertex 3.97858 -34.8893 -11.8491
      vertex 7.93389 -34.8893 -11.8491
    endloop
  endfacet
  facet normal 0 0.727193 -0.686433
    outer loop
      vertex 3.97858 -34.8893 -11.8491
      vertex 7.92704 -34.9634 -11.9276
      vertex 3.96702 -34.9634 -11.9276
    endloop
  endfacet
  facet normal 0 0.992034 0.125973
    outer loop
      vertex -3.97858 -35.2112 -12.835
      vertex -7.92704 -35.2248 -12.7279
      vertex -3.96702 -35.2248 -12.7279
    endloop
  endfacet
  facet normal 0 0.992034 0.125973
    outer loop
      vertex -7.92704 -35.2248 -12.7279
      vertex -3.97858 -35.2112 -12.835
      vertex -7.93389 -35.2112 -12.835
    endloop
  endfacet
  facet normal -0 0.992034 0.125973
    outer loop
      vertex 3.97858 -35.2112 -12.835
      vertex 7.92704 -35.2248 -12.7279
      vertex 7.93389 -35.2112 -12.835
    endloop
  endfacet
  facet normal 0 0.992034 0.125973
    outer loop
      vertex 7.92704 -35.2248 -12.7279
      vertex 3.97858 -35.2112 -12.835
      vertex 3.96702 -35.2248 -12.7279
    endloop
  endfacet
  facet normal -0 0.0703913 0.997519
    outer loop
      vertex -7.98431 -34.1512 -13.7429
      vertex -4.08946 -34.2589 -13.7353
      vertex -4.08431 -34.1512 -13.7429
    endloop
  endfacet
  facet normal -5.00421e-05 0.0685905 0.997645
    outer loop
      vertex -7.98584 -34.1832 -13.7407
      vertex -4.08946 -34.2589 -13.7353
      vertex -7.98431 -34.1512 -13.7429
    endloop
  endfacet
  facet normal 0 0.0711534 0.997465
    outer loop
      vertex -4.08946 -34.2589 -13.7353
      vertex -7.98584 -34.1832 -13.7407
      vertex -7.98946 -34.2589 -13.7353
    endloop
  endfacet
  facet normal 0 0.0711534 0.997465
    outer loop
      vertex 7.98584 -34.1832 -13.7407
      vertex 4.08946 -34.2589 -13.7353
      vertex 7.98946 -34.2589 -13.7353
    endloop
  endfacet
  facet normal 5.00421e-05 0.0685905 0.997645
    outer loop
      vertex 7.98431 -34.1512 -13.7429
      vertex 4.08946 -34.2589 -13.7353
      vertex 7.98584 -34.1832 -13.7407
    endloop
  endfacet
  facet normal 0 0.0703913 0.997519
    outer loop
      vertex 4.08946 -34.2589 -13.7353
      vertex 7.98431 -34.1512 -13.7429
      vertex 4.08431 -34.1512 -13.7429
    endloop
  endfacet
  facet normal 0 0.687385 0.726293
    outer loop
      vertex -4.07743 -34.8436 -13.4786
      vertex -7.97453 -34.922 -13.4044
      vertex -4.06295 -34.922 -13.4044
    endloop
  endfacet
  facet normal -1.7726e-05 0.687849 0.725853
    outer loop
      vertex -4.07743 -34.8436 -13.4786
      vertex -7.9757 -34.9029 -13.4225
      vertex -7.97453 -34.922 -13.4044
    endloop
  endfacet
  facet normal 0 0.687235 0.726435
    outer loop
      vertex -7.9757 -34.9029 -13.4225
      vertex -4.07743 -34.8436 -13.4786
      vertex -7.97932 -34.8436 -13.4786
    endloop
  endfacet
  facet normal -0 0.687235 0.726435
    outer loop
      vertex 4.07743 -34.8436 -13.4786
      vertex 7.9757 -34.9029 -13.4225
      vertex 7.97932 -34.8436 -13.4786
    endloop
  endfacet
  facet normal 1.7726e-05 0.687849 0.725853
    outer loop
      vertex 7.9757 -34.9029 -13.4225
      vertex 4.07743 -34.8436 -13.4786
      vertex 7.97453 -34.922 -13.4044
    endloop
  endfacet
  facet normal 0 0.687385 0.726293
    outer loop
      vertex 7.97453 -34.922 -13.4044
      vertex 4.07743 -34.8436 -13.4786
      vertex 4.06295 -34.922 -13.4044
    endloop
  endfacet
  facet normal 0 -0.263196 -0.964742
    outer loop
      vertex -7.9947 -33.8907 -11.5691
      vertex -4.1 -33.7866 -11.5975
      vertex -4.0947 -33.8907 -11.5691
    endloop
  endfacet
  facet normal 0 -0.263196 -0.964742
    outer loop
      vertex -7.9947 -33.8907 -11.5691
      vertex -8 -33.7866 -11.5975
      vertex -4.1 -33.7866 -11.5975
    endloop
  endfacet
  facet normal 0 -0.263196 -0.964742
    outer loop
      vertex 7.9947 -33.8907 -11.5691
      vertex 4.1 -33.7866 -11.5975
      vertex 8 -33.7866 -11.5975
    endloop
  endfacet
  facet normal 0 -0.263196 -0.964742
    outer loop
      vertex 4.1 -33.7866 -11.5975
      vertex 7.9947 -33.8907 -11.5691
      vertex 4.0947 -33.8907 -11.5691
    endloop
  endfacet
  facet normal 0 0.985837 -0.167704
    outer loop
      vertex -3.95134 -35.2202 -12.5123
      vertex -7.91541 -35.2021 -12.4059
      vertex -3.94737 -35.2021 -12.4059
    endloop
  endfacet
  facet normal 0 0.985837 -0.167704
    outer loop
      vertex -7.91541 -35.2021 -12.4059
      vertex -3.95134 -35.2202 -12.5123
      vertex -7.91776 -35.2202 -12.5123
    endloop
  endfacet
  facet normal 0 0.985837 -0.167704
    outer loop
      vertex 3.95134 -35.2202 -12.5123
      vertex 7.91541 -35.2021 -12.4059
      vertex 7.91776 -35.2202 -12.5123
    endloop
  endfacet
  facet normal 0 0.985837 -0.167704
    outer loop
      vertex 7.91541 -35.2021 -12.4059
      vertex 3.95134 -35.2202 -12.5123
      vertex 3.94737 -35.2021 -12.4059
    endloop
  endfacet
  facet normal 0.0800165 -0.912817 -0.400453
    outer loop
      vertex -7.95166 -33.1031 -12.2437
      vertex -7.96179 -33.1472 -12.1452
      vertex -7.96148 -33.1434 -12.1538
    endloop
  endfacet
  facet normal 0 -0.9127 -0.40863
    outer loop
      vertex -7.96179 -33.1472 -12.1452
      vertex -7.95166 -33.1031 -12.2437
      vertex -4.02449 -33.1472 -12.1452
    endloop
  endfacet
  facet normal 1.01528e-05 -0.912549 -0.408967
    outer loop
      vertex -4.02449 -33.1472 -12.1452
      vertex -7.95166 -33.1031 -12.2437
      vertex -4.02122 -33.1338 -12.1751
    endloop
  endfacet
  facet normal 0 -0.912766 -0.408483
    outer loop
      vertex -4.02122 -33.1338 -12.1751
      vertex -7.95166 -33.1031 -12.2437
      vertex -4.00858 -33.1031 -12.2437
    endloop
  endfacet
  facet normal 0 -0.9127 -0.40863
    outer loop
      vertex 7.95166 -33.1031 -12.2437
      vertex 7.96179 -33.1472 -12.1452
      vertex 4.02449 -33.1472 -12.1452
    endloop
  endfacet
  facet normal -1.01528e-05 -0.912549 -0.408967
    outer loop
      vertex 7.95166 -33.1031 -12.2437
      vertex 4.02449 -33.1472 -12.1452
      vertex 4.02122 -33.1338 -12.1751
    endloop
  endfacet
  facet normal -0 -0.912766 -0.408483
    outer loop
      vertex 7.95166 -33.1031 -12.2437
      vertex 4.02122 -33.1338 -12.1751
      vertex 4.00858 -33.1031 -12.2437
    endloop
  endfacet
  facet normal -0.0800165 -0.912817 -0.400453
    outer loop
      vertex 7.96179 -33.1472 -12.1452
      vertex 7.95166 -33.1031 -12.2437
      vertex 7.96148 -33.1434 -12.1538
    endloop
  endfacet
  facet normal 3.22979e-06 0.612436 0.79052
    outer loop
      vertex -7.97932 -34.8436 -13.4786
      vertex -4.08218 -34.7947 -13.5165
      vertex -4.08431 -34.7583 -13.5447
    endloop
  endfacet
  facet normal 0 0.612572 0.790415
    outer loop
      vertex -4.08026 -34.8276 -13.491
      vertex -7.97932 -34.8436 -13.4786
      vertex -4.07743 -34.8436 -13.4786
    endloop
  endfacet
  facet normal -2.46399e-07 0.612609 0.790386
    outer loop
      vertex -4.08218 -34.7947 -13.5165
      vertex -7.97932 -34.8436 -13.4786
      vertex -4.08026 -34.8276 -13.491
    endloop
  endfacet
  facet normal 0 0.612528 0.790449
    outer loop
      vertex -7.97932 -34.8436 -13.4786
      vertex -4.08431 -34.7583 -13.5447
      vertex -7.98431 -34.7583 -13.5447
    endloop
  endfacet
  facet normal -0 0.612528 0.790449
    outer loop
      vertex 4.08431 -34.7583 -13.5447
      vertex 7.97932 -34.8436 -13.4786
      vertex 7.98431 -34.7583 -13.5447
    endloop
  endfacet
  facet normal -3.22979e-06 0.612436 0.79052
    outer loop
      vertex 4.08218 -34.7947 -13.5165
      vertex 7.97932 -34.8436 -13.4786
      vertex 4.08431 -34.7583 -13.5447
    endloop
  endfacet
  facet normal 2.46399e-07 0.612609 0.790386
    outer loop
      vertex 4.08026 -34.8276 -13.491
      vertex 7.97932 -34.8436 -13.4786
      vertex 4.08218 -34.7947 -13.5165
    endloop
  endfacet
  facet normal 0 0.612572 0.790415
    outer loop
      vertex 7.97932 -34.8436 -13.4786
      vertex 4.08026 -34.8276 -13.491
      vertex 4.07743 -34.8436 -13.4786
    endloop
  endfacet
  facet normal 0 -0.868642 -0.495441
    outer loop
      vertex -7.96179 -33.1472 -12.1452
      vertex -4.03636 -33.2007 -12.0514
      vertex -7.96572 -33.2007 -12.0514
    endloop
  endfacet
  facet normal 0 -0.868642 -0.495441
    outer loop
      vertex -4.03636 -33.2007 -12.0514
      vertex -7.96179 -33.1472 -12.1452
      vertex -4.02449 -33.1472 -12.1452
    endloop
  endfacet
  facet normal -0 -0.868642 -0.495441
    outer loop
      vertex 7.96179 -33.1472 -12.1452
      vertex 4.03636 -33.2007 -12.0514
      vertex 4.02449 -33.1472 -12.1452
    endloop
  endfacet
  facet normal 0 -0.868642 -0.495441
    outer loop
      vertex 4.03636 -33.2007 -12.0514
      vertex 7.96179 -33.1472 -12.1452
      vertex 7.96572 -33.2007 -12.0514
    endloop
  endfacet
  facet normal 0 0.0246231 -0.999697
    outer loop
      vertex -7.97932 -34.2128 -11.5464
      vertex -4.08026 -34.1925 -11.5459
      vertex -4.07743 -34.2128 -11.5464
    endloop
  endfacet
  facet normal -8.41796e-05 0.0407786 -0.999168
    outer loop
      vertex -7.97932 -34.2128 -11.5464
      vertex -4.08048 -34.1876 -11.5457
      vertex -4.08026 -34.1925 -11.5459
    endloop
  endfacet
  facet normal 6.59912e-17 0.0277671 -0.999614
    outer loop
      vertex -7.97932 -34.2128 -11.5464
      vertex -4.08431 -34.1048 -11.5434
      vertex -4.08048 -34.1876 -11.5457
    endloop
  endfacet
  facet normal 0 0.0277671 -0.999614
    outer loop
      vertex -4.08431 -34.1048 -11.5434
      vertex -7.97932 -34.2128 -11.5464
      vertex -7.98431 -34.1048 -11.5434
    endloop
  endfacet
  facet normal 0 0.0277671 -0.999614
    outer loop
      vertex 7.97932 -34.2128 -11.5464
      vertex 4.08431 -34.1048 -11.5434
      vertex 7.98431 -34.1048 -11.5434
    endloop
  endfacet
  facet normal -6.59912e-17 0.0277671 -0.999614
    outer loop
      vertex 7.97932 -34.2128 -11.5464
      vertex 4.08048 -34.1876 -11.5457
      vertex 4.08431 -34.1048 -11.5434
    endloop
  endfacet
  facet normal 8.41796e-05 0.0407786 -0.999168
    outer loop
      vertex 7.97932 -34.2128 -11.5464
      vertex 4.08026 -34.1925 -11.5459
      vertex 4.08048 -34.1876 -11.5457
    endloop
  endfacet
  facet normal 0 0.0246231 -0.999697
    outer loop
      vertex 4.08026 -34.1925 -11.5459
      vertex 7.97932 -34.2128 -11.5464
      vertex 4.07743 -34.2128 -11.5464
    endloop
  endfacet
  facet normal 0 -0.610186 -0.792258
    outer loop
      vertex -4.08026 -33.4285 -11.7953
      vertex -7.97932 -33.4124 -11.8077
      vertex -4.07743 -33.4124 -11.8077
    endloop
  endfacet
  facet normal -1.53546e-05 -0.612518 -0.790457
    outer loop
      vertex -4.08431 -33.4978 -11.7416
      vertex -7.97932 -33.4124 -11.8077
      vertex -4.08026 -33.4285 -11.7953
    endloop
  endfacet
  facet normal -9.36173e-06 -0.612347 -0.790589
    outer loop
      vertex -4.08431 -33.4978 -11.7416
      vertex -7.98415 -33.4949 -11.7438
      vertex -7.97932 -33.4124 -11.8077
    endloop
  endfacet
  facet normal 0 -0.604386 -0.796691
    outer loop
      vertex -7.98415 -33.4949 -11.7438
      vertex -4.08431 -33.4978 -11.7416
      vertex -7.98431 -33.4978 -11.7416
    endloop
  endfacet
  facet normal 0 -0.604386 -0.796691
    outer loop
      vertex 4.08431 -33.4978 -11.7416
      vertex 7.98415 -33.4949 -11.7438
      vertex 7.98431 -33.4978 -11.7416
    endloop
  endfacet
  facet normal 9.36173e-06 -0.612347 -0.790589
    outer loop
      vertex 7.98415 -33.4949 -11.7438
      vertex 4.08431 -33.4978 -11.7416
      vertex 7.97932 -33.4124 -11.8077
    endloop
  endfacet
  facet normal 1.53546e-05 -0.612518 -0.790457
    outer loop
      vertex 4.08026 -33.4285 -11.7953
      vertex 7.97932 -33.4124 -11.8077
      vertex 4.08431 -33.4978 -11.7416
    endloop
  endfacet
  facet normal -0 -0.610186 -0.792258
    outer loop
      vertex 7.97932 -33.4124 -11.8077
      vertex 4.08026 -33.4285 -11.7953
      vertex 4.07743 -33.4124 -11.8077
    endloop
  endfacet
  facet normal 0 0.846851 -0.53183
    outer loop
      vertex -7.91776 -35.087 -12.1043
      vertex -3.95791 -35.0296 -12.0129
      vertex -3.95134 -35.087 -12.1043
    endloop
  endfacet
  facet normal 0 0.846851 -0.53183
    outer loop
      vertex -3.95791 -35.0296 -12.0129
      vertex -7.91776 -35.087 -12.1043
      vertex -7.92165 -35.0296 -12.0129
    endloop
  endfacet
  facet normal 0 0.846851 -0.53183
    outer loop
      vertex 7.91776 -35.087 -12.1043
      vertex 3.95791 -35.0296 -12.0129
      vertex 7.92165 -35.0296 -12.0129
    endloop
  endfacet
  facet normal 0 0.846851 -0.53183
    outer loop
      vertex 3.95791 -35.0296 -12.0129
      vertex 7.91776 -35.087 -12.1043
      vertex 3.95134 -35.087 -12.1043
    endloop
  endfacet
  facet normal 0 0.79 -0.613107
    outer loop
      vertex -7.92165 -35.0296 -12.0129
      vertex -3.96702 -34.9634 -11.9276
      vertex -3.95791 -35.0296 -12.0129
    endloop
  endfacet
  facet normal 0 0.79 -0.613107
    outer loop
      vertex -3.96702 -34.9634 -11.9276
      vertex -7.92165 -35.0296 -12.0129
      vertex -7.92704 -34.9634 -11.9276
    endloop
  endfacet
  facet normal 0 0.79 -0.613107
    outer loop
      vertex 7.92165 -35.0296 -12.0129
      vertex 3.96702 -34.9634 -11.9276
      vertex 7.92704 -34.9634 -11.9276
    endloop
  endfacet
  facet normal 0 0.79 -0.613107
    outer loop
      vertex 3.96702 -34.9634 -11.9276
      vertex 7.92165 -35.0296 -12.0129
      vertex 3.95791 -35.0296 -12.0129
    endloop
  endfacet
  facet normal 0 0.356496 0.934297
    outer loop
      vertex -4.1 -34.4694 -13.6888
      vertex -7.9947 -34.5703 -13.6503
      vertex -4.0947 -34.5703 -13.6503
    endloop
  endfacet
  facet normal 0 0.356496 0.934297
    outer loop
      vertex -7.9947 -34.5703 -13.6503
      vertex -4.1 -34.4694 -13.6888
      vertex -8 -34.4694 -13.6888
    endloop
  endfacet
  facet normal -0 0.356496 0.934297
    outer loop
      vertex 4.1 -34.4694 -13.6888
      vertex 7.9947 -34.5703 -13.6503
      vertex 8 -34.4694 -13.6888
    endloop
  endfacet
  facet normal 0 0.356496 0.934297
    outer loop
      vertex 7.9947 -34.5703 -13.6503
      vertex 4.1 -34.4694 -13.6888
      vertex 4.0947 -34.5703 -13.6503
    endloop
  endfacet
  facet normal 0 0.53183 0.846851
    outer loop
      vertex -4.08946 -34.6669 -13.6021
      vertex -7.98431 -34.7583 -13.5447
      vertex -4.08431 -34.7583 -13.5447
    endloop
  endfacet
  facet normal 0 0.53183 0.846851
    outer loop
      vertex -7.98431 -34.7583 -13.5447
      vertex -4.08946 -34.6669 -13.6021
      vertex -7.98946 -34.6669 -13.6021
    endloop
  endfacet
  facet normal -0 0.53183 0.846851
    outer loop
      vertex 4.08946 -34.6669 -13.6021
      vertex 7.98431 -34.7583 -13.5447
      vertex 7.98946 -34.6669 -13.6021
    endloop
  endfacet
  facet normal 0 0.53183 0.846851
    outer loop
      vertex 7.98431 -34.7583 -13.5447
      vertex 4.08946 -34.6669 -13.6021
      vertex 4.08431 -34.7583 -13.5447
    endloop
  endfacet
  facet normal 0 0.999614 0.0277928
    outer loop
      vertex -3.96702 -35.2248 -12.7279
      vertex -7.92165 -35.2278 -12.62
      vertex -3.95791 -35.2278 -12.62
    endloop
  endfacet
  facet normal 0 0.999614 0.0277928
    outer loop
      vertex -7.92165 -35.2278 -12.62
      vertex -3.96702 -35.2248 -12.7279
      vertex -7.92704 -35.2248 -12.7279
    endloop
  endfacet
  facet normal -0 0.999614 0.0277928
    outer loop
      vertex 3.96702 -35.2248 -12.7279
      vertex 7.92165 -35.2278 -12.62
      vertex 7.92704 -35.2248 -12.7279
    endloop
  endfacet
  facet normal 0 0.999614 0.0277928
    outer loop
      vertex 7.92165 -35.2278 -12.62
      vertex 3.96702 -35.2248 -12.7279
      vertex 3.95791 -35.2278 -12.62
    endloop
  endfacet
  facet normal 0 0.815296 0.579045
    outer loop
      vertex -4.04922 -34.9928 -13.3229
      vertex -7.96572 -35.0553 -13.2349
      vertex -4.03636 -35.0553 -13.2349
    endloop
  endfacet
  facet normal 0 0.815296 0.579045
    outer loop
      vertex -7.96572 -35.0553 -13.2349
      vertex -4.04922 -34.9928 -13.3229
      vertex -7.96998 -34.9928 -13.3229
    endloop
  endfacet
  facet normal -0 0.815296 0.579045
    outer loop
      vertex 4.04922 -34.9928 -13.3229
      vertex 7.96572 -35.0553 -13.2349
      vertex 7.96998 -34.9928 -13.3229
    endloop
  endfacet
  facet normal 0 0.815296 0.579045
    outer loop
      vertex 7.96572 -35.0553 -13.2349
      vertex 4.04922 -34.9928 -13.3229
      vertex 4.03636 -35.0553 -13.2349
    endloop
  endfacet
  facet normal 0 0.40863 -0.9127
    outer loop
      vertex -7.96179 -34.626 -11.6623
      vertex -4.03636 -34.5275 -11.6182
      vertex -4.02449 -34.626 -11.6623
    endloop
  endfacet
  facet normal 0 0.40863 -0.9127
    outer loop
      vertex -4.03636 -34.5275 -11.6182
      vertex -7.96179 -34.626 -11.6623
      vertex -7.96572 -34.5275 -11.6182
    endloop
  endfacet
  facet normal 0 0.40863 -0.9127
    outer loop
      vertex 7.96179 -34.626 -11.6623
      vertex 4.03636 -34.5275 -11.6182
      vertex 7.96572 -34.5275 -11.6182
    endloop
  endfacet
  facet normal 0 0.40863 -0.9127
    outer loop
      vertex 4.03636 -34.5275 -11.6182
      vertex 7.96179 -34.626 -11.6623
      vertex 4.02449 -34.626 -11.6623
    endloop
  endfacet
  facet normal 0 -0.974521 -0.224295
    outer loop
      vertex -7.94113 -33.066 -12.3587
      vertex -3.99248 -33.0689 -12.3461
      vertex -7.94212 -33.0689 -12.3461
    endloop
  endfacet
  facet normal 0 -0.974521 -0.224295
    outer loop
      vertex -3.99248 -33.0689 -12.3461
      vertex -7.94113 -33.066 -12.3587
      vertex -3.99081 -33.066 -12.3587
    endloop
  endfacet
  facet normal -0 -0.974521 -0.224295
    outer loop
      vertex 7.94113 -33.066 -12.3587
      vertex 3.99248 -33.0689 -12.3461
      vertex 3.99081 -33.066 -12.3587
    endloop
  endfacet
  facet normal 0 -0.974521 -0.224295
    outer loop
      vertex 3.99248 -33.0689 -12.3461
      vertex 7.94113 -33.066 -12.3587
      vertex 7.94212 -33.0689 -12.3461
    endloop
  endfacet
  facet normal 0 0.894797 -0.446472
    outer loop
      vertex -7.91541 -35.1352 -12.2009
      vertex -3.95134 -35.087 -12.1043
      vertex -3.94737 -35.1352 -12.2009
    endloop
  endfacet
  facet normal 0 0.894797 -0.446472
    outer loop
      vertex -3.95134 -35.087 -12.1043
      vertex -7.91541 -35.1352 -12.2009
      vertex -7.91776 -35.087 -12.1043
    endloop
  endfacet
  facet normal 0 0.894797 -0.446472
    outer loop
      vertex 7.91541 -35.1352 -12.2009
      vertex 3.95134 -35.087 -12.1043
      vertex 7.91776 -35.087 -12.1043
    endloop
  endfacet
  facet normal 0 0.894797 -0.446472
    outer loop
      vertex 3.95134 -35.087 -12.1043
      vertex 7.91541 -35.1352 -12.2009
      vertex 3.94737 -35.1352 -12.2009
    endloop
  endfacet
  facet normal 0 0.974749 0.223303
    outer loop
      vertex -3.99248 -35.1871 -12.9402
      vertex -7.93389 -35.2112 -12.835
      vertex -3.97858 -35.2112 -12.835
    endloop
  endfacet
  facet normal 0 0.974749 0.223303
    outer loop
      vertex -7.93389 -35.2112 -12.835
      vertex -3.99248 -35.1871 -12.9402
      vertex -7.94212 -35.1871 -12.9402
    endloop
  endfacet
  facet normal -0 0.974749 0.223303
    outer loop
      vertex 3.99248 -35.1871 -12.9402
      vertex 7.93389 -35.2112 -12.835
      vertex 7.94212 -35.1871 -12.9402
    endloop
  endfacet
  facet normal 0 0.974749 0.223303
    outer loop
      vertex 7.93389 -35.2112 -12.835
      vertex 3.99248 -35.1871 -12.9402
      vertex 3.97858 -35.2112 -12.835
    endloop
  endfacet
  facet normal 0 -0.0296899 0.999559
    outer loop
      vertex -7.97932 -34.0433 -13.7399
      vertex -4.08026 -34.0635 -13.7405
      vertex -4.07743 -34.0433 -13.7399
    endloop
  endfacet
  facet normal 1.20997e-05 -0.0273563 0.999626
    outer loop
      vertex -7.97932 -34.0433 -13.7399
      vertex -4.08431 -34.1512 -13.7429
      vertex -4.08026 -34.0635 -13.7405
    endloop
  endfacet
  facet normal 0 -0.0277928 0.999614
    outer loop
      vertex -4.08431 -34.1512 -13.7429
      vertex -7.97932 -34.0433 -13.7399
      vertex -7.98431 -34.1512 -13.7429
    endloop
  endfacet
  facet normal 0 -0.0277928 0.999614
    outer loop
      vertex 7.97932 -34.0433 -13.7399
      vertex 4.08431 -34.1512 -13.7429
      vertex 7.98431 -34.1512 -13.7429
    endloop
  endfacet
  facet normal -1.20997e-05 -0.0273563 0.999626
    outer loop
      vertex 7.97932 -34.0433 -13.7399
      vertex 4.08026 -34.0635 -13.7405
      vertex 4.08431 -34.1512 -13.7429
    endloop
  endfacet
  facet normal 0 -0.0296899 0.999559
    outer loop
      vertex 4.08026 -34.0635 -13.7405
      vertex 7.97932 -34.0433 -13.7399
      vertex 4.07743 -34.0433 -13.7399
    endloop
  endfacet
  facet normal 0 0.655812 -0.754924
    outer loop
      vertex -7.93389 -34.8893 -11.8491
      vertex -3.99248 -34.8078 -11.7783
      vertex -3.97858 -34.8893 -11.8491
    endloop
  endfacet
  facet normal 0 0.655812 -0.754924
    outer loop
      vertex -3.99248 -34.8078 -11.7783
      vertex -7.93389 -34.8893 -11.8491
      vertex -7.94212 -34.8078 -11.7783
    endloop
  endfacet
  facet normal 0 0.655812 -0.754924
    outer loop
      vertex 7.93389 -34.8893 -11.8491
      vertex 3.99248 -34.8078 -11.7783
      vertex 7.94212 -34.8078 -11.7783
    endloop
  endfacet
  facet normal 0 0.655812 -0.754924
    outer loop
      vertex 3.99248 -34.8078 -11.7783
      vertex 7.93389 -34.8893 -11.8491
      vertex 3.97858 -34.8893 -11.8491
    endloop
  endfacet
  facet normal 0 0.868642 0.495441
    outer loop
      vertex -4.03636 -35.0553 -13.2349
      vertex -7.96179 -35.1088 -13.1411
      vertex -4.02449 -35.1088 -13.1411
    endloop
  endfacet
  facet normal 0 0.868642 0.495441
    outer loop
      vertex -7.96179 -35.1088 -13.1411
      vertex -4.03636 -35.0553 -13.2349
      vertex -7.96572 -35.0553 -13.2349
    endloop
  endfacet
  facet normal -0 0.868642 0.495441
    outer loop
      vertex 4.03636 -35.0553 -13.2349
      vertex 7.96179 -35.1088 -13.1411
      vertex 7.96572 -35.0553 -13.2349
    endloop
  endfacet
  facet normal 0 0.868642 0.495441
    outer loop
      vertex 7.96179 -35.1088 -13.1411
      vertex 4.03636 -35.0553 -13.2349
      vertex 4.02449 -35.1088 -13.1411
    endloop
  endfacet
  facet normal 0 -0.356805 -0.934179
    outer loop
      vertex -4.1 -33.7866 -11.5975
      vertex -7.9947 -33.6858 -11.636
      vertex -4.0947 -33.6858 -11.636
    endloop
  endfacet
  facet normal 0 -0.356805 -0.934179
    outer loop
      vertex -7.9947 -33.6858 -11.636
      vertex -4.1 -33.7866 -11.5975
      vertex -8 -33.7866 -11.5975
    endloop
  endfacet
  facet normal 0 -0.356805 -0.934179
    outer loop
      vertex 4.1 -33.7866 -11.5975
      vertex 7.9947 -33.6858 -11.636
      vertex 8 -33.7866 -11.5975
    endloop
  endfacet
  facet normal -0 -0.356805 -0.934179
    outer loop
      vertex 7.9947 -33.6858 -11.636
      vertex 4.1 -33.7866 -11.5975
      vertex 4.0947 -33.6858 -11.636
    endloop
  endfacet
  facet normal 0 0.316783 -0.948498
    outer loop
      vertex -7.96572 -34.5275 -11.6182
      vertex -4.04922 -34.4251 -11.584
      vertex -4.03636 -34.5275 -11.6182
    endloop
  endfacet
  facet normal 0 0.316783 -0.948498
    outer loop
      vertex -4.04922 -34.4251 -11.584
      vertex -7.96572 -34.5275 -11.6182
      vertex -7.96998 -34.4251 -11.584
    endloop
  endfacet
  facet normal 0 0.316783 -0.948498
    outer loop
      vertex 7.96572 -34.5275 -11.6182
      vertex 4.04922 -34.4251 -11.584
      vertex 7.96998 -34.4251 -11.584
    endloop
  endfacet
  facet normal 0 0.316783 -0.948498
    outer loop
      vertex 4.04922 -34.4251 -11.584
      vertex 7.96572 -34.5275 -11.6182
      vertex 4.03636 -34.5275 -11.6182
    endloop
  endfacet
  facet normal 0 -0.655224 0.755435
    outer loop
      vertex -7.94113 -33.4385 -13.4995
      vertex -3.99248 -33.4483 -13.508
      vertex -3.99081 -33.4385 -13.4995
    endloop
  endfacet
  facet normal 0 -0.655224 0.755435
    outer loop
      vertex -3.99248 -33.4483 -13.508
      vertex -7.94113 -33.4385 -13.4995
      vertex -7.94212 -33.4483 -13.508
    endloop
  endfacet
  facet normal 0 -0.655224 0.755435
    outer loop
      vertex 7.94113 -33.4385 -13.4995
      vertex 3.99248 -33.4483 -13.508
      vertex 7.94212 -33.4483 -13.508
    endloop
  endfacet
  facet normal 0 -0.655224 0.755435
    outer loop
      vertex 3.99248 -33.4483 -13.508
      vertex 7.94113 -33.4385 -13.4995
      vertex 3.99081 -33.4385 -13.4995
    endloop
  endfacet
  facet normal 0 -0.578429 0.815733
    outer loop
      vertex -7.94212 -33.4483 -13.508
      vertex -4.00858 -33.5363 -13.5704
      vertex -3.99248 -33.4483 -13.508
    endloop
  endfacet
  facet normal 0 -0.578429 0.815733
    outer loop
      vertex -4.00858 -33.5363 -13.5704
      vertex -7.94212 -33.4483 -13.508
      vertex -7.95166 -33.5363 -13.5704
    endloop
  endfacet
  facet normal 0 -0.578429 0.815733
    outer loop
      vertex 7.94212 -33.4483 -13.508
      vertex 4.00858 -33.5363 -13.5704
      vertex 7.95166 -33.5363 -13.5704
    endloop
  endfacet
  facet normal 0 -0.578429 0.815733
    outer loop
      vertex 4.00858 -33.5363 -13.5704
      vertex 7.94212 -33.4483 -13.508
      vertex 3.99248 -33.4483 -13.508
    endloop
  endfacet
  facet normal 0 -0.754924 -0.655812
    outer loop
      vertex -7.96998 -33.2632 -11.9634
      vertex -4.06295 -33.334 -11.8819
      vertex -7.97453 -33.334 -11.8819
    endloop
  endfacet
  facet normal 0 -0.754924 -0.655812
    outer loop
      vertex -4.06295 -33.334 -11.8819
      vertex -7.96998 -33.2632 -11.9634
      vertex -4.04922 -33.2632 -11.9634
    endloop
  endfacet
  facet normal -0 -0.754924 -0.655812
    outer loop
      vertex 7.96998 -33.2632 -11.9634
      vertex 4.06295 -33.334 -11.8819
      vertex 4.04922 -33.2632 -11.9634
    endloop
  endfacet
  facet normal 0 -0.754924 -0.655812
    outer loop
      vertex 4.06295 -33.334 -11.8819
      vertex 7.96998 -33.2632 -11.9634
      vertex 7.97453 -33.334 -11.8819
    endloop
  endfacet
  facet normal 0 0.222221 -0.974996
    outer loop
      vertex -7.96998 -34.4251 -11.584
      vertex -4.06295 -34.3198 -11.56
      vertex -4.04922 -34.4251 -11.584
    endloop
  endfacet
  facet normal 0 0.222221 -0.974996
    outer loop
      vertex -4.06295 -34.3198 -11.56
      vertex -7.96998 -34.4251 -11.584
      vertex -7.97453 -34.3198 -11.56
    endloop
  endfacet
  facet normal 0 0.222221 -0.974996
    outer loop
      vertex 7.96998 -34.4251 -11.584
      vertex 4.06295 -34.3198 -11.56
      vertex 7.97453 -34.3198 -11.56
    endloop
  endfacet
  facet normal 0 0.222221 -0.974996
    outer loop
      vertex 4.06295 -34.3198 -11.56
      vertex 7.96998 -34.4251 -11.584
      vertex 4.04922 -34.4251 -11.584
    endloop
  endfacet
  facet normal 0 0.577992 -0.816043
    outer loop
      vertex -7.94212 -34.8078 -11.7783
      vertex -4.00858 -34.7197 -11.7159
      vertex -3.99248 -34.8078 -11.7783
    endloop
  endfacet
  facet normal 0 0.577992 -0.816043
    outer loop
      vertex -4.00858 -34.7197 -11.7159
      vertex -7.94212 -34.8078 -11.7783
      vertex -7.95166 -34.7197 -11.7159
    endloop
  endfacet
  facet normal 0 0.577992 -0.816043
    outer loop
      vertex 7.94212 -34.8078 -11.7783
      vertex 4.00858 -34.7197 -11.7159
      vertex 7.95166 -34.7197 -11.7159
    endloop
  endfacet
  facet normal 0 0.577992 -0.816043
    outer loop
      vertex 4.00858 -34.7197 -11.7159
      vertex 7.94212 -34.8078 -11.7783
      vertex 3.99248 -34.8078 -11.7783
    endloop
  endfacet
  facet normal 0 0.496488 -0.868043
    outer loop
      vertex -7.95166 -34.7197 -11.7159
      vertex -4.01895 -34.6662 -11.6853
      vertex -4.00858 -34.7197 -11.7159
    endloop
  endfacet
  facet normal -8.08833e-06 0.496936 -0.867787
    outer loop
      vertex -7.95166 -34.7197 -11.7159
      vertex -4.02122 -34.6545 -11.6786
      vertex -4.01895 -34.6662 -11.6853
    endloop
  endfacet
  facet normal 2.24302e-06 0.496467 -0.868056
    outer loop
      vertex -7.95166 -34.7197 -11.7159
      vertex -4.02449 -34.626 -11.6623
      vertex -4.02122 -34.6545 -11.6786
    endloop
  endfacet
  facet normal 0.0139679 0.497627 -0.867279
    outer loop
      vertex -7.96179 -34.626 -11.6623
      vertex -7.95166 -34.7197 -11.7159
      vertex -7.96148 -34.6342 -11.667
    endloop
  endfacet
  facet normal 0 0.496538 -0.868015
    outer loop
      vertex -7.95166 -34.7197 -11.7159
      vertex -7.96179 -34.626 -11.6623
      vertex -4.02449 -34.626 -11.6623
    endloop
  endfacet
  facet normal -0.0139679 0.497627 -0.867279
    outer loop
      vertex 7.95166 -34.7197 -11.7159
      vertex 7.96179 -34.626 -11.6623
      vertex 7.96148 -34.6342 -11.667
    endloop
  endfacet
  facet normal 0 0.496538 -0.868015
    outer loop
      vertex 7.95166 -34.7197 -11.7159
      vertex 4.02449 -34.626 -11.6623
      vertex 7.96179 -34.626 -11.6623
    endloop
  endfacet
  facet normal -2.24302e-06 0.496467 -0.868056
    outer loop
      vertex 7.95166 -34.7197 -11.7159
      vertex 4.02122 -34.6545 -11.6786
      vertex 4.02449 -34.626 -11.6623
    endloop
  endfacet
  facet normal 8.08833e-06 0.496936 -0.867787
    outer loop
      vertex 7.95166 -34.7197 -11.7159
      vertex 4.01895 -34.6662 -11.6853
      vertex 4.02122 -34.6545 -11.6786
    endloop
  endfacet
  facet normal 0 0.496488 -0.868043
    outer loop
      vertex 4.01895 -34.6662 -11.6853
      vertex 7.95166 -34.7197 -11.7159
      vertex 4.00858 -34.7197 -11.7159
    endloop
  endfacet
  facet normal 0 0.446472 0.894797
    outer loop
      vertex -4.0947 -34.5703 -13.6503
      vertex -7.98946 -34.6669 -13.6021
      vertex -4.08946 -34.6669 -13.6021
    endloop
  endfacet
  facet normal 0 0.446472 0.894797
    outer loop
      vertex -7.98946 -34.6669 -13.6021
      vertex -4.0947 -34.5703 -13.6503
      vertex -7.9947 -34.5703 -13.6503
    endloop
  endfacet
  facet normal -0 0.446472 0.894797
    outer loop
      vertex 4.0947 -34.5703 -13.6503
      vertex 7.98946 -34.6669 -13.6021
      vertex 7.9947 -34.5703 -13.6503
    endloop
  endfacet
  facet normal 0 0.446472 0.894797
    outer loop
      vertex 7.98946 -34.6669 -13.6021
      vertex 4.0947 -34.5703 -13.6503
      vertex 4.08946 -34.6669 -13.6021
    endloop
  endfacet
  facet normal 0 -0.687385 -0.726293
    outer loop
      vertex -4.07743 -33.4124 -11.8077
      vertex -7.97453 -33.334 -11.8819
      vertex -4.06295 -33.334 -11.8819
    endloop
  endfacet
  facet normal 0 -0.687385 -0.726293
    outer loop
      vertex -7.97453 -33.334 -11.8819
      vertex -4.07743 -33.4124 -11.8077
      vertex -7.97932 -33.4124 -11.8077
    endloop
  endfacet
  facet normal 0 -0.687385 -0.726293
    outer loop
      vertex 4.07743 -33.4124 -11.8077
      vertex 7.97453 -33.334 -11.8819
      vertex 7.97932 -33.4124 -11.8077
    endloop
  endfacet
  facet normal -0 -0.687385 -0.726293
    outer loop
      vertex 7.97453 -33.334 -11.8819
      vertex 4.07743 -33.4124 -11.8077
      vertex 4.06295 -33.334 -11.8819
    endloop
  endfacet
  facet normal 0 0.997542 -0.07007
    outer loop
      vertex 4.1 -29.1119 -23.9215
      vertex 1.1 -29.1009 -23.7649
      vertex 4.1 -29.1009 -23.7649
    endloop
  endfacet
  facet normal 0 0.997542 -0.07007
    outer loop
      vertex 1.1 -29.1009 -23.7649
      vertex 4.1 -29.1119 -23.9215
      vertex 1.1 -29.1119 -23.9215
    endloop
  endfacet
  facet normal 0 0.997542 -0.07007
    outer loop
      vertex -1.1 -29.1119 -23.9215
      vertex -4.1 -29.1009 -23.7649
      vertex -1.1 -29.1009 -23.7649
    endloop
  endfacet
  facet normal 0 0.997542 -0.07007
    outer loop
      vertex -4.1 -29.1009 -23.7649
      vertex -1.1 -29.1119 -23.9215
      vertex -4.1 -29.1119 -23.9215
    endloop
  endfacet
  facet normal -0 0.167496 0.985873
    outer loop
      vertex 1.1 -27.7026 -25.5438
      vertex 4.1 -27.8574 -25.5175
      vertex 4.1 -27.7026 -25.5438
    endloop
  endfacet
  facet normal 0 0.167496 0.985873
    outer loop
      vertex 4.1 -27.8574 -25.5175
      vertex 1.1 -27.7026 -25.5438
      vertex 1.1 -27.8574 -25.5175
    endloop
  endfacet
  facet normal -0 0.167496 0.985873
    outer loop
      vertex -4.1 -27.7026 -25.5438
      vertex -1.1 -27.8574 -25.5175
      vertex -1.1 -27.7026 -25.5438
    endloop
  endfacet
  facet normal 0 0.167496 0.985873
    outer loop
      vertex -1.1 -27.8574 -25.5175
      vertex -4.1 -27.7026 -25.5438
      vertex -4.1 -27.8574 -25.5175
    endloop
  endfacet
  facet normal 0 0.948556 0.31661
    outer loop
      vertex 4.1 -29.0031 -24.5362
      vertex 1.1 -29.0528 -24.3873
      vertex 4.1 -29.0528 -24.3873
    endloop
  endfacet
  facet normal 0 0.948556 0.31661
    outer loop
      vertex 1.1 -29.0528 -24.3873
      vertex 4.1 -29.0031 -24.5362
      vertex 1.1 -29.0031 -24.5362
    endloop
  endfacet
  facet normal 0 0.948556 0.31661
    outer loop
      vertex -1.1 -29.0031 -24.5362
      vertex -4.1 -29.0528 -24.3873
      vertex -1.1 -29.0528 -24.3873
    endloop
  endfacet
  facet normal 0 0.948556 0.31661
    outer loop
      vertex -4.1 -29.0528 -24.3873
      vertex -1.1 -29.0031 -24.5362
      vertex -4.1 -29.0031 -24.5362
    endloop
  endfacet
  facet normal 0 0.964793 -0.26301
    outer loop
      vertex -1.1 -29.0746 -23.6101
      vertex -4.1 -29.0333 -23.4586
      vertex -1.1 -29.0333 -23.4586
    endloop
  endfacet
  facet normal 0 0.964793 -0.26301
    outer loop
      vertex -4.1 -29.0333 -23.4586
      vertex -1.1 -29.0746 -23.6101
      vertex -4.1 -29.0746 -23.6101
    endloop
  endfacet
  facet normal 0 0.964793 -0.26301
    outer loop
      vertex 4.1 -29.0746 -23.6101
      vertex 1.1 -29.0333 -23.4586
      vertex 4.1 -29.0333 -23.4586
    endloop
  endfacet
  facet normal 0 0.964793 -0.26301
    outer loop
      vertex 1.1 -29.0333 -23.4586
      vertex 4.1 -29.0746 -23.6101
      vertex 1.1 -29.0746 -23.6101
    endloop
  endfacet
  facet normal 0 0.126072 -0.992021
    outer loop
      vertex -4.1 -27.7913 -22.3797
      vertex -1.1 -27.6355 -22.3599
      vertex -1.1 -27.7913 -22.3797
    endloop
  endfacet
  facet normal 0 0.126072 -0.992021
    outer loop
      vertex -1.1 -27.6355 -22.3599
      vertex -4.1 -27.7913 -22.3797
      vertex -4.1 -27.6355 -22.3599
    endloop
  endfacet
  facet normal 0 0.126072 -0.992021
    outer loop
      vertex 1.1 -27.7913 -22.3797
      vertex 4.1 -27.6355 -22.3599
      vertex 4.1 -27.7913 -22.3797
    endloop
  endfacet
  facet normal 0 0.126072 -0.992021
    outer loop
      vertex 4.1 -27.6355 -22.3599
      vertex 1.1 -27.7913 -22.3797
      vertex 1.1 -27.6355 -22.3599
    endloop
  endfacet
  facet normal -0 0.532458 0.846456
    outer loop
      vertex 1.1 -28.2961 -25.3501
      vertex 4.1 -28.429 -25.2665
      vertex 4.1 -28.2961 -25.3501
    endloop
  endfacet
  facet normal 0 0.532458 0.846456
    outer loop
      vertex 4.1 -28.429 -25.2665
      vertex 1.1 -28.2961 -25.3501
      vertex 1.1 -28.429 -25.2665
    endloop
  endfacet
  facet normal -0 0.532458 0.846456
    outer loop
      vertex -4.1 -28.2961 -25.3501
      vertex -1.1 -28.429 -25.2665
      vertex -1.1 -28.2961 -25.3501
    endloop
  endfacet
  facet normal 0 0.532458 0.846456
    outer loop
      vertex -1.1 -28.429 -25.2665
      vertex -4.1 -28.2961 -25.3501
      vertex -4.1 -28.429 -25.2665
    endloop
  endfacet
  facet normal 0 -0.0707038 -0.997497
    outer loop
      vertex 1.1 -27.4786 -22.3555
      vertex 4.1 -27.322 -22.3666
      vertex 4.1 -27.4786 -22.3555
    endloop
  endfacet
  facet normal -0 -0.0707038 -0.997497
    outer loop
      vertex 4.1 -27.322 -22.3666
      vertex 1.1 -27.4786 -22.3555
      vertex 1.1 -27.322 -22.3666
    endloop
  endfacet
  facet normal 0 -0.0707038 -0.997497
    outer loop
      vertex -4.1 -27.4786 -22.3555
      vertex -1.1 -27.322 -22.3666
      vertex -1.1 -27.4786 -22.3555
    endloop
  endfacet
  facet normal -0 -0.0707038 -0.997497
    outer loop
      vertex -1.1 -27.322 -22.3666
      vertex -4.1 -27.4786 -22.3555
      vertex -4.1 -27.322 -22.3666
    endloop
  endfacet
  facet normal 0 -0.992011 -0.126152
    outer loop
      vertex -4.1 -25.917 -23.8319
      vertex -1.1 -25.9368 -23.6762
      vertex -4.1 -25.9368 -23.6762
    endloop
  endfacet
  facet normal 0 -0.992011 -0.126152
    outer loop
      vertex -1.1 -25.9368 -23.6762
      vertex -4.1 -25.917 -23.8319
      vertex -1.1 -25.917 -23.8319
    endloop
  endfacet
  facet normal 0 -0.992011 -0.126152
    outer loop
      vertex 1.1 -25.917 -23.8319
      vertex 4.1 -25.9368 -23.6762
      vertex 1.1 -25.9368 -23.6762
    endloop
  endfacet
  facet normal 0 -0.992011 -0.126152
    outer loop
      vertex 4.1 -25.9368 -23.6762
      vertex 1.1 -25.917 -23.8319
      vertex 4.1 -25.917 -23.8319
    endloop
  endfacet
  facet normal 0 -0.31661 0.948556
    outer loop
      vertex 1.1 -26.9313 -25.446
      vertex 4.1 -27.0802 -25.4957
      vertex 4.1 -26.9313 -25.446
    endloop
  endfacet
  facet normal 0 -0.31661 0.948556
    outer loop
      vertex 4.1 -27.0802 -25.4957
      vertex 1.1 -26.9313 -25.446
      vertex 1.1 -27.0802 -25.4957
    endloop
  endfacet
  facet normal 0 -0.31661 0.948556
    outer loop
      vertex -4.1 -26.9313 -25.446
      vertex -1.1 -27.0802 -25.4957
      vertex -1.1 -26.9313 -25.446
    endloop
  endfacet
  facet normal 0 -0.31661 0.948556
    outer loop
      vertex -1.1 -27.0802 -25.4957
      vertex -4.1 -26.9313 -25.446
      vertex -4.1 -27.0802 -25.4957
    endloop
  endfacet
  facet normal 0 -0.167496 -0.985873
    outer loop
      vertex 1.1 -27.322 -22.3666
      vertex 4.1 -27.1672 -22.3929
      vertex 4.1 -27.322 -22.3666
    endloop
  endfacet
  facet normal -0 -0.167496 -0.985873
    outer loop
      vertex 4.1 -27.1672 -22.3929
      vertex 1.1 -27.322 -22.3666
      vertex 1.1 -27.1672 -22.3929
    endloop
  endfacet
  facet normal 0 -0.167496 -0.985873
    outer loop
      vertex -4.1 -27.322 -22.3666
      vertex -1.1 -27.1672 -22.3929
      vertex -1.1 -27.322 -22.3666
    endloop
  endfacet
  facet normal -0 -0.167496 -0.985873
    outer loop
      vertex -1.1 -27.1672 -22.3929
      vertex -4.1 -27.322 -22.3666
      vertex -4.1 -27.1672 -22.3929
    endloop
  endfacet
  facet normal 0 -0.125525 0.992091
    outer loop
      vertex 1.1 -27.2333 -25.5307
      vertex 4.1 -27.389 -25.5504
      vertex 4.1 -27.2333 -25.5307
    endloop
  endfacet
  facet normal 0 -0.125525 0.992091
    outer loop
      vertex 4.1 -27.389 -25.5504
      vertex 1.1 -27.2333 -25.5307
      vertex 1.1 -27.389 -25.5504
    endloop
  endfacet
  facet normal 0 -0.125525 0.992091
    outer loop
      vertex -4.1 -27.2333 -25.5307
      vertex -1.1 -27.389 -25.5504
      vertex -1.1 -27.2333 -25.5307
    endloop
  endfacet
  facet normal 0 -0.125525 0.992091
    outer loop
      vertex -1.1 -27.389 -25.5504
      vertex -4.1 -27.2333 -25.5307
      vertex -4.1 -27.389 -25.5504
    endloop
  endfacet
  facet normal 0 0.495933 -0.868361
    outer loop
      vertex -4.1 -28.373 -22.6064
      vertex -1.1 -28.2366 -22.5285
      vertex -1.1 -28.373 -22.6064
    endloop
  endfacet
  facet normal 0 0.495933 -0.868361
    outer loop
      vertex -1.1 -28.2366 -22.5285
      vertex -4.1 -28.373 -22.6064
      vertex -4.1 -28.2366 -22.5285
    endloop
  endfacet
  facet normal 0 0.495933 -0.868361
    outer loop
      vertex 1.1 -28.373 -22.6064
      vertex 4.1 -28.2366 -22.5285
      vertex 4.1 -28.373 -22.6064
    endloop
  endfacet
  facet normal 0 0.495933 -0.868361
    outer loop
      vertex 4.1 -28.2366 -22.5285
      vertex 1.1 -28.373 -22.6064
      vertex 1.1 -28.2366 -22.5285
    endloop
  endfacet
  facet normal -0 0.612263 0.790654
    outer loop
      vertex 1.1 -28.429 -25.2665
      vertex 4.1 -28.5531 -25.1704
      vertex 4.1 -28.429 -25.2665
    endloop
  endfacet
  facet normal 0 0.612263 0.790654
    outer loop
      vertex 4.1 -28.5531 -25.1704
      vertex 1.1 -28.429 -25.2665
      vertex 1.1 -28.5531 -25.1704
    endloop
  endfacet
  facet normal -0 0.612263 0.790654
    outer loop
      vertex -4.1 -28.429 -25.2665
      vertex -1.1 -28.5531 -25.1704
      vertex -1.1 -28.429 -25.2665
    endloop
  endfacet
  facet normal 0 0.612263 0.790654
    outer loop
      vertex -1.1 -28.5531 -25.1704
      vertex -4.1 -28.429 -25.2665
      vertex -4.1 -28.5531 -25.1704
    endloop
  endfacet
  facet normal 0 0.992101 0.125445
    outer loop
      vertex 4.1 -29.0878 -24.2342
      vertex 1.1 -29.1075 -24.0784
      vertex 4.1 -29.1075 -24.0784
    endloop
  endfacet
  facet normal 0 0.992101 0.125445
    outer loop
      vertex 1.1 -29.1075 -24.0784
      vertex 4.1 -29.0878 -24.2342
      vertex 1.1 -29.0878 -24.2342
    endloop
  endfacet
  facet normal 0 0.992101 0.125445
    outer loop
      vertex -1.1 -29.0878 -24.2342
      vertex -4.1 -29.1075 -24.0784
      vertex -1.1 -29.1075 -24.0784
    endloop
  endfacet
  facet normal 0 0.992101 0.125445
    outer loop
      vertex -4.1 -29.1075 -24.0784
      vertex -1.1 -29.0878 -24.2342
      vertex -4.1 -29.0878 -24.2342
    endloop
  endfacet
  facet normal 0 0.815323 0.579007
    outer loop
      vertex -1.1 -28.7702 -24.9439
      vertex -4.1 -28.8611 -24.8159
      vertex -1.1 -28.8611 -24.8159
    endloop
  endfacet
  facet normal 0 0.815323 0.579007
    outer loop
      vertex -4.1 -28.8611 -24.8159
      vertex -1.1 -28.7702 -24.9439
      vertex -4.1 -28.7702 -24.9439
    endloop
  endfacet
  facet normal 0 0.815323 0.579007
    outer loop
      vertex 4.1 -28.7702 -24.9439
      vertex 1.1 -28.8611 -24.8159
      vertex 4.1 -28.8611 -24.8159
    endloop
  endfacet
  facet normal 0 0.815323 0.579007
    outer loop
      vertex 1.1 -28.8611 -24.8159
      vertex 4.1 -28.7702 -24.9439
      vertex 1.1 -28.7702 -24.9439
    endloop
  endfacet
  facet normal 0 -0.532458 -0.846456
    outer loop
      vertex 1.1 -26.7285 -22.5603
      vertex 4.1 -26.5956 -22.6439
      vertex 4.1 -26.7285 -22.5603
    endloop
  endfacet
  facet normal -0 -0.532458 -0.846456
    outer loop
      vertex 4.1 -26.5956 -22.6439
      vertex 1.1 -26.7285 -22.5603
      vertex 1.1 -26.5956 -22.6439
    endloop
  endfacet
  facet normal 0 -0.532458 -0.846456
    outer loop
      vertex -4.1 -26.7285 -22.5603
      vertex -1.1 -26.5956 -22.6439
      vertex -1.1 -26.7285 -22.5603
    endloop
  endfacet
  facet normal -0 -0.532458 -0.846456
    outer loop
      vertex -1.1 -26.5956 -22.6439
      vertex -4.1 -26.7285 -22.5603
      vertex -4.1 -26.5956 -22.6439
    endloop
  endfacet
  facet normal -0 0.26301 0.964793
    outer loop
      vertex 1.1 -27.8574 -25.5175
      vertex 4.1 -28.0089 -25.4762
      vertex 4.1 -27.8574 -25.5175
    endloop
  endfacet
  facet normal 0 0.26301 0.964793
    outer loop
      vertex 4.1 -28.0089 -25.4762
      vertex 1.1 -27.8574 -25.5175
      vertex 1.1 -28.0089 -25.4762
    endloop
  endfacet
  facet normal -0 0.26301 0.964793
    outer loop
      vertex -4.1 -27.8574 -25.5175
      vertex -1.1 -28.0089 -25.4762
      vertex -1.1 -27.8574 -25.5175
    endloop
  endfacet
  facet normal 0 0.26301 0.964793
    outer loop
      vertex -1.1 -28.0089 -25.4762
      vertex -4.1 -27.8574 -25.5175
      vertex -4.1 -28.0089 -25.4762
    endloop
  endfacet
  facet normal 0 0.755017 0.655706
    outer loop
      vertex -1.1 -28.6672 -25.0625
      vertex -4.1 -28.7702 -24.9439
      vertex -1.1 -28.7702 -24.9439
    endloop
  endfacet
  facet normal 0 0.755017 0.655706
    outer loop
      vertex -4.1 -28.7702 -24.9439
      vertex -1.1 -28.6672 -25.0625
      vertex -4.1 -28.6672 -25.0625
    endloop
  endfacet
  facet normal 0 0.755017 0.655706
    outer loop
      vertex 4.1 -28.6672 -25.0625
      vertex 1.1 -28.7702 -24.9439
      vertex 4.1 -28.7702 -24.9439
    endloop
  endfacet
  facet normal 0 0.755017 0.655706
    outer loop
      vertex 1.1 -28.7702 -24.9439
      vertex 4.1 -28.6672 -25.0625
      vertex 1.1 -28.6672 -25.0625
    endloop
  endfacet
  facet normal 0 -0.997497 0.0707038
    outer loop
      vertex -4.1 -25.9237 -24.1455
      vertex -1.1 -25.9126 -23.9889
      vertex -4.1 -25.9126 -23.9889
    endloop
  endfacet
  facet normal 0 -0.997497 0.0707038
    outer loop
      vertex -1.1 -25.9126 -23.9889
      vertex -4.1 -25.9237 -24.1455
      vertex -1.1 -25.9237 -24.1455
    endloop
  endfacet
  facet normal 0 -0.997497 0.0707038
    outer loop
      vertex 1.1 -25.9237 -24.1455
      vertex 4.1 -25.9126 -23.9889
      vertex 1.1 -25.9126 -23.9889
    endloop
  endfacet
  facet normal 0 -0.997497 0.0707038
    outer loop
      vertex 4.1 -25.9126 -23.9889
      vertex 1.1 -25.9237 -24.1455
      vertex 4.1 -25.9237 -24.1455
    endloop
  endfacet
  facet normal 0 0.934245 -0.356631
    outer loop
      vertex -1.1 -29.0333 -23.4586
      vertex -4.1 -28.9773 -23.3119
      vertex -1.1 -28.9773 -23.3119
    endloop
  endfacet
  facet normal 0 0.934245 -0.356631
    outer loop
      vertex -4.1 -28.9773 -23.3119
      vertex -1.1 -29.0333 -23.4586
      vertex -4.1 -29.0333 -23.4586
    endloop
  endfacet
  facet normal 0 0.934245 -0.356631
    outer loop
      vertex 4.1 -29.0333 -23.4586
      vertex 1.1 -28.9773 -23.3119
      vertex 4.1 -28.9773 -23.3119
    endloop
  endfacet
  facet normal 0 0.934245 -0.356631
    outer loop
      vertex 1.1 -28.9773 -23.3119
      vertex 4.1 -29.0333 -23.4586
      vertex 1.1 -29.0333 -23.4586
    endloop
  endfacet
  facet normal 0 -0.0280145 0.999608
    outer loop
      vertex 1.1 -27.389 -25.5504
      vertex 4.1 -27.546 -25.5548
      vertex 4.1 -27.389 -25.5504
    endloop
  endfacet
  facet normal 0 -0.0280145 0.999608
    outer loop
      vertex 4.1 -27.546 -25.5548
      vertex 1.1 -27.389 -25.5504
      vertex 1.1 -27.546 -25.5548
    endloop
  endfacet
  facet normal 0 -0.0280145 0.999608
    outer loop
      vertex -4.1 -27.389 -25.5504
      vertex -1.1 -27.546 -25.5548
      vertex -1.1 -27.389 -25.5504
    endloop
  endfacet
  facet normal 0 -0.0280145 0.999608
    outer loop
      vertex -1.1 -27.546 -25.5548
      vertex -4.1 -27.389 -25.5504
      vertex -4.1 -27.546 -25.5548
    endloop
  endfacet
  facet normal 0 0.655343 -0.755332
    outer loop
      vertex -4.1 -28.6196 -22.8002
      vertex -1.1 -28.501 -22.6973
      vertex -1.1 -28.6196 -22.8002
    endloop
  endfacet
  facet normal 0 0.655343 -0.755332
    outer loop
      vertex -1.1 -28.501 -22.6973
      vertex -4.1 -28.6196 -22.8002
      vertex -4.1 -28.501 -22.6973
    endloop
  endfacet
  facet normal 0 0.655343 -0.755332
    outer loop
      vertex 1.1 -28.6196 -22.8002
      vertex 4.1 -28.501 -22.6973
      vertex 4.1 -28.6196 -22.8002
    endloop
  endfacet
  facet normal 0 0.655343 -0.755332
    outer loop
      vertex 4.1 -28.501 -22.6973
      vertex 1.1 -28.6196 -22.8002
      vertex 1.1 -28.501 -22.6973
    endloop
  endfacet
  facet normal 0 -0.495727 0.868478
    outer loop
      vertex 1.1 -26.6516 -25.304
      vertex 4.1 -26.7879 -25.3818
      vertex 4.1 -26.6516 -25.304
    endloop
  endfacet
  facet normal 0 -0.495727 0.868478
    outer loop
      vertex 4.1 -26.7879 -25.3818
      vertex 1.1 -26.6516 -25.304
      vertex 1.1 -26.7879 -25.3818
    endloop
  endfacet
  facet normal 0 -0.495727 0.868478
    outer loop
      vertex -4.1 -26.6516 -25.304
      vertex -1.1 -26.7879 -25.3818
      vertex -1.1 -26.6516 -25.304
    endloop
  endfacet
  facet normal 0 -0.495727 0.868478
    outer loop
      vertex -1.1 -26.7879 -25.3818
      vertex -4.1 -26.6516 -25.304
      vertex -4.1 -26.7879 -25.3818
    endloop
  endfacet
  facet normal 0 -0.868204 -0.496208
    outer loop
      vertex -4.1 -26.0856 -23.2308
      vertex -1.1 -26.1635 -23.0945
      vertex -4.1 -26.1635 -23.0945
    endloop
  endfacet
  facet normal 0 -0.868204 -0.496208
    outer loop
      vertex -1.1 -26.1635 -23.0945
      vertex -4.1 -26.0856 -23.2308
      vertex -1.1 -26.0856 -23.2308
    endloop
  endfacet
  facet normal 0 -0.868204 -0.496208
    outer loop
      vertex 1.1 -26.0856 -23.2308
      vertex 4.1 -26.1635 -23.0945
      vertex 1.1 -26.1635 -23.0945
    endloop
  endfacet
  facet normal 0 -0.868204 -0.496208
    outer loop
      vertex 4.1 -26.1635 -23.0945
      vertex 1.1 -26.0856 -23.2308
      vertex 4.1 -26.0856 -23.2308
    endloop
  endfacet
  facet normal 0 -0.999608 -0.0280145
    outer loop
      vertex -4.1 -25.9126 -23.9889
      vertex -1.1 -25.917 -23.8319
      vertex -4.1 -25.917 -23.8319
    endloop
  endfacet
  facet normal 0 -0.999608 -0.0280145
    outer loop
      vertex -1.1 -25.917 -23.8319
      vertex -4.1 -25.9126 -23.9889
      vertex -1.1 -25.9126 -23.9889
    endloop
  endfacet
  facet normal 0 -0.999608 -0.0280145
    outer loop
      vertex 1.1 -25.9126 -23.9889
      vertex 4.1 -25.917 -23.8319
      vertex 1.1 -25.917 -23.8319
    endloop
  endfacet
  facet normal 0 -0.999608 -0.0280145
    outer loop
      vertex 4.1 -25.917 -23.8319
      vertex 1.1 -25.9126 -23.9889
      vertex 4.1 -25.9126 -23.9889
    endloop
  endfacet
  facet normal 0 0.985873 -0.167496
    outer loop
      vertex 4.1 -29.1009 -23.7649
      vertex 1.1 -29.0746 -23.6101
      vertex 4.1 -29.0746 -23.6101
    endloop
  endfacet
  facet normal 0 0.985873 -0.167496
    outer loop
      vertex 1.1 -29.0746 -23.6101
      vertex 4.1 -29.1009 -23.7649
      vertex 1.1 -29.1009 -23.7649
    endloop
  endfacet
  facet normal 0 0.985873 -0.167496
    outer loop
      vertex -1.1 -29.1009 -23.7649
      vertex -4.1 -29.0746 -23.6101
      vertex -1.1 -29.0746 -23.6101
    endloop
  endfacet
  facet normal 0 0.985873 -0.167496
    outer loop
      vertex -4.1 -29.0746 -23.6101
      vertex -1.1 -29.1009 -23.7649
      vertex -4.1 -29.1009 -23.7649
    endloop
  endfacet
  facet normal 0 0.912599 0.408855
    outer loop
      vertex -1.1 -28.9389 -24.6795
      vertex -4.1 -29.0031 -24.5362
      vertex -1.1 -29.0031 -24.5362
    endloop
  endfacet
  facet normal 0 0.912599 0.408855
    outer loop
      vertex -4.1 -29.0031 -24.5362
      vertex -1.1 -28.9389 -24.6795
      vertex -4.1 -28.9389 -24.6795
    endloop
  endfacet
  facet normal 0 0.912599 0.408855
    outer loop
      vertex 4.1 -28.9389 -24.6795
      vertex 1.1 -29.0031 -24.5362
      vertex 4.1 -29.0031 -24.5362
    endloop
  endfacet
  facet normal 0 0.912599 0.408855
    outer loop
      vertex 1.1 -29.0031 -24.5362
      vertex 4.1 -28.9389 -24.6795
      vertex 1.1 -28.9389 -24.6795
    endloop
  endfacet
  facet normal 0 0.846456 -0.532458
    outer loop
      vertex -1.1 -28.9072 -23.1714
      vertex -4.1 -28.8236 -23.0385
      vertex -1.1 -28.8236 -23.0385
    endloop
  endfacet
  facet normal 0 0.846456 -0.532458
    outer loop
      vertex -4.1 -28.8236 -23.0385
      vertex -1.1 -28.9072 -23.1714
      vertex -4.1 -28.9072 -23.1714
    endloop
  endfacet
  facet normal 0 0.846456 -0.532458
    outer loop
      vertex 4.1 -28.9072 -23.1714
      vertex 1.1 -28.8236 -23.0385
      vertex 4.1 -28.8236 -23.0385
    endloop
  endfacet
  facet normal 0 0.846456 -0.532458
    outer loop
      vertex 1.1 -28.8236 -23.0385
      vertex 4.1 -28.9072 -23.1714
      vertex 1.1 -28.9072 -23.1714
    endloop
  endfacet
  facet normal 0 0.999607 0.0280323
    outer loop
      vertex 4.1 -29.1075 -24.0784
      vertex 1.1 -29.1119 -23.9215
      vertex 4.1 -29.1119 -23.9215
    endloop
  endfacet
  facet normal 0 0.999607 0.0280323
    outer loop
      vertex 1.1 -29.1119 -23.9215
      vertex 4.1 -29.1075 -24.0784
      vertex 1.1 -29.1075 -24.0784
    endloop
  endfacet
  facet normal 0 0.999607 0.0280323
    outer loop
      vertex -1.1 -29.1075 -24.0784
      vertex -4.1 -29.1119 -23.9215
      vertex -1.1 -29.1119 -23.9215
    endloop
  endfacet
  facet normal 0 0.999607 0.0280323
    outer loop
      vertex -4.1 -29.1119 -23.9215
      vertex -1.1 -29.1075 -24.0784
      vertex -4.1 -29.1075 -24.0784
    endloop
  endfacet
  facet normal 0 -0.222859 0.974851
    outer loop
      vertex 1.1 -27.0802 -25.4957
      vertex 4.1 -27.2333 -25.5307
      vertex 4.1 -27.0802 -25.4957
    endloop
  endfacet
  facet normal 0 -0.222859 0.974851
    outer loop
      vertex 4.1 -27.2333 -25.5307
      vertex 1.1 -27.0802 -25.4957
      vertex 1.1 -27.2333 -25.5307
    endloop
  endfacet
  facet normal 0 -0.222859 0.974851
    outer loop
      vertex -4.1 -27.0802 -25.4957
      vertex -1.1 -27.2333 -25.5307
      vertex -1.1 -27.0802 -25.4957
    endloop
  endfacet
  facet normal 0 -0.222859 0.974851
    outer loop
      vertex -1.1 -27.2333 -25.5307
      vertex -4.1 -27.0802 -25.4957
      vertex -4.1 -27.2333 -25.5307
    endloop
  endfacet
  facet normal 0 -0.912943 -0.408087
    outer loop
      vertex -4.1 -26.0215 -23.3742
      vertex -1.1 -26.0856 -23.2308
      vertex -4.1 -26.0856 -23.2308
    endloop
  endfacet
  facet normal 0 -0.912943 -0.408087
    outer loop
      vertex -1.1 -26.0856 -23.2308
      vertex -4.1 -26.0215 -23.3742
      vertex -1.1 -26.0215 -23.3742
    endloop
  endfacet
  facet normal 0 -0.912943 -0.408087
    outer loop
      vertex 1.1 -26.0215 -23.3742
      vertex 4.1 -26.0856 -23.2308
      vertex 1.1 -26.0856 -23.2308
    endloop
  endfacet
  facet normal 0 -0.912943 -0.408087
    outer loop
      vertex 4.1 -26.0856 -23.2308
      vertex 1.1 -26.0215 -23.3742
      vertex 4.1 -26.0215 -23.3742
    endloop
  endfacet
  facet normal -0 0.446449 0.894809
    outer loop
      vertex 1.1 -28.1556 -25.4202
      vertex 4.1 -28.2961 -25.3501
      vertex 4.1 -28.1556 -25.4202
    endloop
  endfacet
  facet normal 0 0.446449 0.894809
    outer loop
      vertex 4.1 -28.2961 -25.3501
      vertex 1.1 -28.1556 -25.4202
      vertex 1.1 -28.2961 -25.3501
    endloop
  endfacet
  facet normal -0 0.446449 0.894809
    outer loop
      vertex -4.1 -28.1556 -25.4202
      vertex -1.1 -28.2961 -25.3501
      vertex -1.1 -28.1556 -25.4202
    endloop
  endfacet
  facet normal 0 0.446449 0.894809
    outer loop
      vertex -1.1 -28.2961 -25.3501
      vertex -4.1 -28.1556 -25.4202
      vertex -4.1 -28.2961 -25.3501
    endloop
  endfacet
  facet normal 0 0.790893 -0.611955
    outer loop
      vertex -1.1 -28.8236 -23.0385
      vertex -4.1 -28.7275 -22.9143
      vertex -1.1 -28.7275 -22.9143
    endloop
  endfacet
  facet normal 0 0.790893 -0.611955
    outer loop
      vertex -4.1 -28.7275 -22.9143
      vertex -1.1 -28.8236 -23.0385
      vertex -4.1 -28.8236 -23.0385
    endloop
  endfacet
  facet normal 0 0.790893 -0.611955
    outer loop
      vertex 4.1 -28.8236 -23.0385
      vertex 1.1 -28.7275 -22.9143
      vertex 4.1 -28.7275 -22.9143
    endloop
  endfacet
  facet normal 0 0.790893 -0.611955
    outer loop
      vertex 1.1 -28.7275 -22.9143
      vertex 4.1 -28.8236 -23.0385
      vertex 1.1 -28.8236 -23.0385
    endloop
  endfacet
  facet normal 0 0.868635 0.495453
    outer loop
      vertex -1.1 -28.8611 -24.8159
      vertex -4.1 -28.9389 -24.6795
      vertex -1.1 -28.9389 -24.6795
    endloop
  endfacet
  facet normal 0 0.868635 0.495453
    outer loop
      vertex -4.1 -28.9389 -24.6795
      vertex -1.1 -28.8611 -24.8159
      vertex -4.1 -28.8611 -24.8159
    endloop
  endfacet
  facet normal 0 0.868635 0.495453
    outer loop
      vertex 4.1 -28.8611 -24.8159
      vertex 1.1 -28.9389 -24.6795
      vertex 4.1 -28.9389 -24.6795
    endloop
  endfacet
  facet normal 0 0.868635 0.495453
    outer loop
      vertex 1.1 -28.9389 -24.6795
      vertex 4.1 -28.8611 -24.8159
      vertex 1.1 -28.8611 -24.8159
    endloop
  endfacet
  facet normal 0 -0.687091 -0.726572
    outer loop
      vertex 1.1 -26.4714 -22.74
      vertex 4.1 -26.3573 -22.8479
      vertex 4.1 -26.4714 -22.74
    endloop
  endfacet
  facet normal -0 -0.687091 -0.726572
    outer loop
      vertex 4.1 -26.3573 -22.8479
      vertex 1.1 -26.4714 -22.74
      vertex 1.1 -26.3573 -22.8479
    endloop
  endfacet
  facet normal 0 -0.687091 -0.726572
    outer loop
      vertex -4.1 -26.4714 -22.74
      vertex -1.1 -26.3573 -22.8479
      vertex -1.1 -26.4714 -22.74
    endloop
  endfacet
  facet normal -0 -0.687091 -0.726572
    outer loop
      vertex -1.1 -26.3573 -22.8479
      vertex -4.1 -26.4714 -22.74
      vertex -4.1 -26.3573 -22.8479
    endloop
  endfacet
  facet normal -0 0.07007 0.997542
    outer loop
      vertex 1.1 -27.546 -25.5548
      vertex 4.1 -27.7026 -25.5438
      vertex 4.1 -27.546 -25.5548
    endloop
  endfacet
  facet normal 0 0.07007 0.997542
    outer loop
      vertex 4.1 -27.7026 -25.5438
      vertex 1.1 -27.546 -25.5548
      vertex 1.1 -27.7026 -25.5438
    endloop
  endfacet
  facet normal -0 0.07007 0.997542
    outer loop
      vertex -4.1 -27.546 -25.5548
      vertex -1.1 -27.7026 -25.5438
      vertex -1.1 -27.546 -25.5548
    endloop
  endfacet
  facet normal 0 0.07007 0.997542
    outer loop
      vertex -1.1 -27.7026 -25.5438
      vertex -4.1 -27.546 -25.5548
      vertex -4.1 -27.7026 -25.5438
    endloop
  endfacet
  facet normal 0 -0.26301 -0.964793
    outer loop
      vertex 1.1 -27.1672 -22.3929
      vertex 4.1 -27.0157 -22.4342
      vertex 4.1 -27.1672 -22.3929
    endloop
  endfacet
  facet normal -0 -0.26301 -0.964793
    outer loop
      vertex 4.1 -27.0157 -22.4342
      vertex 1.1 -27.1672 -22.3929
      vertex 1.1 -27.0157 -22.4342
    endloop
  endfacet
  facet normal 0 -0.26301 -0.964793
    outer loop
      vertex -4.1 -27.1672 -22.3929
      vertex -1.1 -27.0157 -22.4342
      vertex -1.1 -27.1672 -22.3929
    endloop
  endfacet
  facet normal -0 -0.26301 -0.964793
    outer loop
      vertex -1.1 -27.0157 -22.4342
      vertex -4.1 -27.1672 -22.3929
      vertex -4.1 -27.0157 -22.4342
    endloop
  endfacet
  facet normal 0 0.579007 -0.815323
    outer loop
      vertex -4.1 -28.501 -22.6973
      vertex -1.1 -28.373 -22.6064
      vertex -1.1 -28.501 -22.6973
    endloop
  endfacet
  facet normal 0 0.579007 -0.815323
    outer loop
      vertex -1.1 -28.373 -22.6064
      vertex -4.1 -28.501 -22.6973
      vertex -4.1 -28.373 -22.6064
    endloop
  endfacet
  facet normal 0 0.579007 -0.815323
    outer loop
      vertex 1.1 -28.501 -22.6973
      vertex 4.1 -28.373 -22.6064
      vertex 4.1 -28.501 -22.6973
    endloop
  endfacet
  facet normal 0 0.579007 -0.815323
    outer loop
      vertex 4.1 -28.373 -22.6064
      vertex 1.1 -28.501 -22.6973
      vertex 1.1 -28.373 -22.6064
    endloop
  endfacet
  facet normal -0 0.687091 0.726572
    outer loop
      vertex 1.1 -28.5531 -25.1704
      vertex 4.1 -28.6672 -25.0625
      vertex 4.1 -28.5531 -25.1704
    endloop
  endfacet
  facet normal 0 0.687091 0.726572
    outer loop
      vertex 4.1 -28.6672 -25.0625
      vertex 1.1 -28.5531 -25.1704
      vertex 1.1 -28.6672 -25.0625
    endloop
  endfacet
  facet normal -0 0.687091 0.726572
    outer loop
      vertex -4.1 -28.5531 -25.1704
      vertex -1.1 -28.6672 -25.0625
      vertex -1.1 -28.5531 -25.1704
    endloop
  endfacet
  facet normal 0 0.687091 0.726572
    outer loop
      vertex -1.1 -28.6672 -25.0625
      vertex -4.1 -28.5531 -25.1704
      vertex -4.1 -28.6672 -25.0625
    endloop
  endfacet
  facet normal -0 0.356631 0.934245
    outer loop
      vertex 1.1 -28.0089 -25.4762
      vertex 4.1 -28.1556 -25.4202
      vertex 4.1 -28.0089 -25.4762
    endloop
  endfacet
  facet normal 0 0.356631 0.934245
    outer loop
      vertex 4.1 -28.1556 -25.4202
      vertex 1.1 -28.0089 -25.4762
      vertex 1.1 -28.1556 -25.4202
    endloop
  endfacet
  facet normal -0 0.356631 0.934245
    outer loop
      vertex -4.1 -28.0089 -25.4762
      vertex -1.1 -28.1556 -25.4202
      vertex -1.1 -28.0089 -25.4762
    endloop
  endfacet
  facet normal 0 0.356631 0.934245
    outer loop
      vertex -1.1 -28.1556 -25.4202
      vertex -4.1 -28.0089 -25.4762
      vertex -4.1 -28.1556 -25.4202
    endloop
  endfacet
  facet normal 0 -0.894809 0.446449
    outer loop
      vertex 1.1 -26.1174 -24.739
      vertex 4.1 -26.0473 -24.5985
      vertex 1.1 -26.0473 -24.5985
    endloop
  endfacet
  facet normal 0 -0.894809 0.446449
    outer loop
      vertex 4.1 -26.0473 -24.5985
      vertex 1.1 -26.1174 -24.739
      vertex 4.1 -26.1174 -24.739
    endloop
  endfacet
  facet normal 0 -0.894809 0.446449
    outer loop
      vertex -4.1 -26.1174 -24.739
      vertex -1.1 -26.0473 -24.5985
      vertex -4.1 -26.0473 -24.5985
    endloop
  endfacet
  facet normal 0 -0.894809 0.446449
    outer loop
      vertex -1.1 -26.0473 -24.5985
      vertex -4.1 -26.1174 -24.739
      vertex -1.1 -26.1174 -24.739
    endloop
  endfacet
  facet normal 0 0.894809 -0.446449
    outer loop
      vertex 4.1 -28.9773 -23.3119
      vertex 1.1 -28.9072 -23.1714
      vertex 4.1 -28.9072 -23.1714
    endloop
  endfacet
  facet normal 0 0.894809 -0.446449
    outer loop
      vertex 1.1 -28.9072 -23.1714
      vertex 4.1 -28.9773 -23.3119
      vertex 1.1 -28.9773 -23.3119
    endloop
  endfacet
  facet normal 0 0.894809 -0.446449
    outer loop
      vertex -1.1 -28.9773 -23.3119
      vertex -4.1 -28.9072 -23.1714
      vertex -1.1 -28.9072 -23.1714
    endloop
  endfacet
  facet normal 0 0.894809 -0.446449
    outer loop
      vertex -4.1 -28.9072 -23.1714
      vertex -1.1 -28.9773 -23.3119
      vertex -4.1 -28.9773 -23.3119
    endloop
  endfacet
  facet normal 0 0.974851 0.222859
    outer loop
      vertex 4.1 -29.0528 -24.3873
      vertex 1.1 -29.0878 -24.2342
      vertex 4.1 -29.0878 -24.2342
    endloop
  endfacet
  facet normal 0 0.974851 0.222859
    outer loop
      vertex 1.1 -29.0878 -24.2342
      vertex 4.1 -29.0528 -24.3873
      vertex 1.1 -29.0528 -24.3873
    endloop
  endfacet
  facet normal 0 0.974851 0.222859
    outer loop
      vertex -1.1 -29.0528 -24.3873
      vertex -4.1 -29.0878 -24.2342
      vertex -1.1 -29.0878 -24.2342
    endloop
  endfacet
  facet normal 0 0.974851 0.222859
    outer loop
      vertex -4.1 -29.0878 -24.2342
      vertex -1.1 -29.0528 -24.3873
      vertex -4.1 -29.0528 -24.3873
    endloop
  endfacet
  facet normal 0 0.317183 -0.948364
    outer loop
      vertex -4.1 -28.0933 -22.4644
      vertex -1.1 -27.9444 -22.4146
      vertex -1.1 -28.0933 -22.4644
    endloop
  endfacet
  facet normal 0 0.317183 -0.948364
    outer loop
      vertex -1.1 -27.9444 -22.4146
      vertex -4.1 -28.0933 -22.4644
      vertex -4.1 -27.9444 -22.4146
    endloop
  endfacet
  facet normal 0 0.317183 -0.948364
    outer loop
      vertex 1.1 -28.0933 -22.4644
      vertex 4.1 -27.9444 -22.4146
      vertex 4.1 -28.0933 -22.4644
    endloop
  endfacet
  facet normal 0 0.317183 -0.948364
    outer loop
      vertex 4.1 -27.9444 -22.4146
      vertex 1.1 -28.0933 -22.4644
      vertex 1.1 -27.9444 -22.4146
    endloop
  endfacet
  facet normal 0 -0.408617 0.912706
    outer loop
      vertex 1.1 -26.7879 -25.3818
      vertex 4.1 -26.9313 -25.446
      vertex 4.1 -26.7879 -25.3818
    endloop
  endfacet
  facet normal 0 -0.408617 0.912706
    outer loop
      vertex 4.1 -26.9313 -25.446
      vertex 1.1 -26.7879 -25.3818
      vertex 1.1 -26.9313 -25.446
    endloop
  endfacet
  facet normal 0 -0.408617 0.912706
    outer loop
      vertex -4.1 -26.7879 -25.3818
      vertex -1.1 -26.9313 -25.446
      vertex -1.1 -26.7879 -25.3818
    endloop
  endfacet
  facet normal 0 -0.408617 0.912706
    outer loop
      vertex -1.1 -26.9313 -25.446
      vertex -4.1 -26.7879 -25.3818
      vertex -4.1 -26.9313 -25.446
    endloop
  endfacet
  facet normal 0 -0.974989 -0.222254
    outer loop
      vertex -4.1 -25.9368 -23.6762
      vertex -1.1 -25.9717 -23.5231
      vertex -4.1 -25.9717 -23.5231
    endloop
  endfacet
  facet normal 0 -0.974989 -0.222254
    outer loop
      vertex -1.1 -25.9717 -23.5231
      vertex -4.1 -25.9368 -23.6762
      vertex -1.1 -25.9368 -23.6762
    endloop
  endfacet
  facet normal 0 -0.974989 -0.222254
    outer loop
      vertex 1.1 -25.9368 -23.6762
      vertex 4.1 -25.9717 -23.5231
      vertex 1.1 -25.9717 -23.5231
    endloop
  endfacet
  facet normal 0 -0.974989 -0.222254
    outer loop
      vertex 4.1 -25.9717 -23.5231
      vertex 1.1 -25.9368 -23.6762
      vertex 4.1 -25.9368 -23.6762
    endloop
  endfacet
  facet normal 0 -0.985873 0.167496
    outer loop
      vertex -4.1 -25.95 -24.3003
      vertex -1.1 -25.9237 -24.1455
      vertex -4.1 -25.9237 -24.1455
    endloop
  endfacet
  facet normal 0 -0.985873 0.167496
    outer loop
      vertex -1.1 -25.9237 -24.1455
      vertex -4.1 -25.95 -24.3003
      vertex -1.1 -25.95 -24.3003
    endloop
  endfacet
  facet normal 0 -0.985873 0.167496
    outer loop
      vertex 1.1 -25.95 -24.3003
      vertex 4.1 -25.9237 -24.1455
      vertex 1.1 -25.9237 -24.1455
    endloop
  endfacet
  facet normal 0 -0.985873 0.167496
    outer loop
      vertex 4.1 -25.9237 -24.1455
      vertex 1.1 -25.95 -24.3003
      vertex 4.1 -25.95 -24.3003
    endloop
  endfacet
  facet normal 0 -0.755058 -0.655658
    outer loop
      vertex -4.1 -26.2544 -22.9664
      vertex -1.1 -26.3573 -22.8479
      vertex -4.1 -26.3573 -22.8479
    endloop
  endfacet
  facet normal 0 -0.755058 -0.655658
    outer loop
      vertex -1.1 -26.3573 -22.8479
      vertex -4.1 -26.2544 -22.9664
      vertex -1.1 -26.2544 -22.9664
    endloop
  endfacet
  facet normal 0 -0.755058 -0.655658
    outer loop
      vertex 1.1 -26.2544 -22.9664
      vertex 4.1 -26.3573 -22.8479
      vertex 1.1 -26.3573 -22.8479
    endloop
  endfacet
  facet normal 0 -0.755058 -0.655658
    outer loop
      vertex 4.1 -26.3573 -22.8479
      vertex 1.1 -26.2544 -22.9664
      vertex 4.1 -26.2544 -22.9664
    endloop
  endfacet
  facet normal 0 -0.790654 0.612263
    outer loop
      vertex 1.1 -26.2971 -24.996
      vertex 4.1 -26.201 -24.8719
      vertex 1.1 -26.201 -24.8719
    endloop
  endfacet
  facet normal 0 -0.790654 0.612263
    outer loop
      vertex 4.1 -26.201 -24.8719
      vertex 1.1 -26.2971 -24.996
      vertex 4.1 -26.2971 -24.996
    endloop
  endfacet
  facet normal 0 -0.790654 0.612263
    outer loop
      vertex -4.1 -26.2971 -24.996
      vertex -1.1 -26.201 -24.8719
      vertex -4.1 -26.201 -24.8719
    endloop
  endfacet
  facet normal 0 -0.790654 0.612263
    outer loop
      vertex -1.1 -26.201 -24.8719
      vertex -4.1 -26.2971 -24.996
      vertex -1.1 -26.2971 -24.996
    endloop
  endfacet
  facet normal 0 -0.815536 -0.578706
    outer loop
      vertex -4.1 -26.1635 -23.0945
      vertex -1.1 -26.2544 -22.9664
      vertex -4.1 -26.2544 -22.9664
    endloop
  endfacet
  facet normal 0 -0.815536 -0.578706
    outer loop
      vertex -1.1 -26.2544 -22.9664
      vertex -4.1 -26.1635 -23.0945
      vertex -1.1 -26.1635 -23.0945
    endloop
  endfacet
  facet normal 0 -0.815536 -0.578706
    outer loop
      vertex 1.1 -26.1635 -23.0945
      vertex 4.1 -26.2544 -22.9664
      vertex 1.1 -26.2544 -22.9664
    endloop
  endfacet
  facet normal 0 -0.815536 -0.578706
    outer loop
      vertex 4.1 -26.2544 -22.9664
      vertex 1.1 -26.1635 -23.0945
      vertex 4.1 -26.1635 -23.0945
    endloop
  endfacet
  facet normal 0 -0.846456 0.532458
    outer loop
      vertex 1.1 -26.201 -24.8719
      vertex 4.1 -26.1174 -24.739
      vertex 1.1 -26.1174 -24.739
    endloop
  endfacet
  facet normal 0 -0.846456 0.532458
    outer loop
      vertex 4.1 -26.1174 -24.739
      vertex 1.1 -26.201 -24.8719
      vertex 4.1 -26.201 -24.8719
    endloop
  endfacet
  facet normal 0 -0.846456 0.532458
    outer loop
      vertex -4.1 -26.201 -24.8719
      vertex -1.1 -26.1174 -24.739
      vertex -4.1 -26.1174 -24.739
    endloop
  endfacet
  facet normal 0 -0.846456 0.532458
    outer loop
      vertex -1.1 -26.1174 -24.739
      vertex -4.1 -26.201 -24.8719
      vertex -1.1 -26.201 -24.8719
    endloop
  endfacet
  facet normal 0 -0.948364 -0.317183
    outer loop
      vertex -4.1 -25.9717 -23.5231
      vertex -1.1 -26.0215 -23.3742
      vertex -4.1 -26.0215 -23.3742
    endloop
  endfacet
  facet normal 0 -0.948364 -0.317183
    outer loop
      vertex -1.1 -26.0215 -23.3742
      vertex -4.1 -25.9717 -23.5231
      vertex -1.1 -25.9717 -23.5231
    endloop
  endfacet
  facet normal 0 -0.948364 -0.317183
    outer loop
      vertex 1.1 -25.9717 -23.5231
      vertex 4.1 -26.0215 -23.3742
      vertex 1.1 -26.0215 -23.3742
    endloop
  endfacet
  facet normal 0 -0.948364 -0.317183
    outer loop
      vertex 4.1 -26.0215 -23.3742
      vertex 1.1 -25.9717 -23.5231
      vertex 4.1 -25.9717 -23.5231
    endloop
  endfacet
  facet normal 0 0.0280323 -0.999607
    outer loop
      vertex 1.1 -27.6355 -22.3599
      vertex 4.1 -27.4786 -22.3555
      vertex 4.1 -27.6355 -22.3599
    endloop
  endfacet
  facet normal 0 0.0280323 -0.999607
    outer loop
      vertex 4.1 -27.4786 -22.3555
      vertex 1.1 -27.6355 -22.3599
      vertex 1.1 -27.4786 -22.3555
    endloop
  endfacet
  facet normal 0 0.0280323 -0.999607
    outer loop
      vertex -4.1 -27.6355 -22.3599
      vertex -1.1 -27.4786 -22.3555
      vertex -1.1 -27.6355 -22.3599
    endloop
  endfacet
  facet normal 0 0.0280323 -0.999607
    outer loop
      vertex -1.1 -27.4786 -22.3555
      vertex -4.1 -27.6355 -22.3599
      vertex -4.1 -27.4786 -22.3555
    endloop
  endfacet
  facet normal 0 -0.656021 0.754743
    outer loop
      vertex 1.1 -26.405 -25.1101
      vertex 4.1 -26.5235 -25.2131
      vertex 4.1 -26.405 -25.1101
    endloop
  endfacet
  facet normal 0 -0.656021 0.754743
    outer loop
      vertex 4.1 -26.5235 -25.2131
      vertex 1.1 -26.405 -25.1101
      vertex 1.1 -26.5235 -25.2131
    endloop
  endfacet
  facet normal 0 -0.656021 0.754743
    outer loop
      vertex -4.1 -26.405 -25.1101
      vertex -1.1 -26.5235 -25.2131
      vertex -1.1 -26.405 -25.1101
    endloop
  endfacet
  facet normal 0 -0.656021 0.754743
    outer loop
      vertex -1.1 -26.5235 -25.2131
      vertex -4.1 -26.405 -25.1101
      vertex -4.1 -26.5235 -25.2131
    endloop
  endfacet
  facet normal 0 -0.964793 0.26301
    outer loop
      vertex -4.1 -25.9913 -24.4518
      vertex -1.1 -25.95 -24.3003
      vertex -4.1 -25.95 -24.3003
    endloop
  endfacet
  facet normal 0 -0.964793 0.26301
    outer loop
      vertex -1.1 -25.95 -24.3003
      vertex -4.1 -25.9913 -24.4518
      vertex -1.1 -25.9913 -24.4518
    endloop
  endfacet
  facet normal 0 -0.964793 0.26301
    outer loop
      vertex 1.1 -25.9913 -24.4518
      vertex 4.1 -25.95 -24.3003
      vertex 1.1 -25.95 -24.3003
    endloop
  endfacet
  facet normal 0 -0.964793 0.26301
    outer loop
      vertex 4.1 -25.95 -24.3003
      vertex 1.1 -25.9913 -24.4518
      vertex 4.1 -25.9913 -24.4518
    endloop
  endfacet
  facet normal 0 0.222254 -0.974989
    outer loop
      vertex -4.1 -27.9444 -22.4146
      vertex -1.1 -27.7913 -22.3797
      vertex -1.1 -27.9444 -22.4146
    endloop
  endfacet
  facet normal 0 0.222254 -0.974989
    outer loop
      vertex -1.1 -27.7913 -22.3797
      vertex -4.1 -27.9444 -22.4146
      vertex -4.1 -27.7913 -22.3797
    endloop
  endfacet
  facet normal 0 0.222254 -0.974989
    outer loop
      vertex 1.1 -27.9444 -22.4146
      vertex 4.1 -27.7913 -22.3797
      vertex 4.1 -27.9444 -22.4146
    endloop
  endfacet
  facet normal 0 0.222254 -0.974989
    outer loop
      vertex 4.1 -27.7913 -22.3797
      vertex 1.1 -27.9444 -22.4146
      vertex 1.1 -27.7913 -22.3797
    endloop
  endfacet
  facet normal 0 0.726572 -0.687091
    outer loop
      vertex -1.1 -28.7275 -22.9143
      vertex -4.1 -28.6196 -22.8002
      vertex -1.1 -28.6196 -22.8002
    endloop
  endfacet
  facet normal 0 0.726572 -0.687091
    outer loop
      vertex -4.1 -28.6196 -22.8002
      vertex -1.1 -28.7275 -22.9143
      vertex -4.1 -28.7275 -22.9143
    endloop
  endfacet
  facet normal 0 0.726572 -0.687091
    outer loop
      vertex 4.1 -28.7275 -22.9143
      vertex 1.1 -28.6196 -22.8002
      vertex 4.1 -28.6196 -22.8002
    endloop
  endfacet
  facet normal 0 0.726572 -0.687091
    outer loop
      vertex 1.1 -28.6196 -22.8002
      vertex 4.1 -28.7275 -22.9143
      vertex 1.1 -28.7275 -22.9143
    endloop
  endfacet
  facet normal 0 -0.578706 0.815536
    outer loop
      vertex 1.1 -26.5235 -25.2131
      vertex 4.1 -26.6516 -25.304
      vertex 4.1 -26.5235 -25.2131
    endloop
  endfacet
  facet normal 0 -0.578706 0.815536
    outer loop
      vertex 4.1 -26.6516 -25.304
      vertex 1.1 -26.5235 -25.2131
      vertex 1.1 -26.6516 -25.304
    endloop
  endfacet
  facet normal 0 -0.578706 0.815536
    outer loop
      vertex -4.1 -26.5235 -25.2131
      vertex -1.1 -26.6516 -25.304
      vertex -1.1 -26.5235 -25.2131
    endloop
  endfacet
  facet normal 0 -0.578706 0.815536
    outer loop
      vertex -1.1 -26.6516 -25.304
      vertex -4.1 -26.5235 -25.2131
      vertex -4.1 -26.6516 -25.304
    endloop
  endfacet
  facet normal 0 -0.726572 0.687091
    outer loop
      vertex 1.1 -26.405 -25.1101
      vertex 4.1 -26.2971 -24.996
      vertex 1.1 -26.2971 -24.996
    endloop
  endfacet
  facet normal 0 -0.726572 0.687091
    outer loop
      vertex 4.1 -26.2971 -24.996
      vertex 1.1 -26.405 -25.1101
      vertex 4.1 -26.405 -25.1101
    endloop
  endfacet
  facet normal 0 -0.726572 0.687091
    outer loop
      vertex -4.1 -26.405 -25.1101
      vertex -1.1 -26.2971 -24.996
      vertex -4.1 -26.2971 -24.996
    endloop
  endfacet
  facet normal 0 -0.726572 0.687091
    outer loop
      vertex -1.1 -26.2971 -24.996
      vertex -4.1 -26.405 -25.1101
      vertex -1.1 -26.405 -25.1101
    endloop
  endfacet
  facet normal 0 -0.356631 -0.934245
    outer loop
      vertex -4.1 -27.0157 -22.4342
      vertex -1.1 -26.869 -22.4902
      vertex -1.1 -27.0157 -22.4342
    endloop
  endfacet
  facet normal -0 -0.356631 -0.934245
    outer loop
      vertex -1.1 -26.869 -22.4902
      vertex -4.1 -27.0157 -22.4342
      vertex -4.1 -26.869 -22.4902
    endloop
  endfacet
  facet normal 0 -0.356631 -0.934245
    outer loop
      vertex 1.1 -27.0157 -22.4342
      vertex 4.1 -26.869 -22.4902
      vertex 4.1 -27.0157 -22.4342
    endloop
  endfacet
  facet normal -0 -0.356631 -0.934245
    outer loop
      vertex 4.1 -26.869 -22.4902
      vertex 1.1 -27.0157 -22.4342
      vertex 1.1 -26.869 -22.4902
    endloop
  endfacet
  facet normal 0 -0.446449 -0.894809
    outer loop
      vertex 1.1 -26.869 -22.4902
      vertex 4.1 -26.7285 -22.5603
      vertex 4.1 -26.869 -22.4902
    endloop
  endfacet
  facet normal -0 -0.446449 -0.894809
    outer loop
      vertex 4.1 -26.7285 -22.5603
      vertex 1.1 -26.869 -22.4902
      vertex 1.1 -26.7285 -22.5603
    endloop
  endfacet
  facet normal 0 -0.446449 -0.894809
    outer loop
      vertex -4.1 -26.869 -22.4902
      vertex -1.1 -26.7285 -22.5603
      vertex -1.1 -26.869 -22.4902
    endloop
  endfacet
  facet normal -0 -0.446449 -0.894809
    outer loop
      vertex -1.1 -26.7285 -22.5603
      vertex -4.1 -26.869 -22.4902
      vertex -4.1 -26.7285 -22.5603
    endloop
  endfacet
  facet normal 0 -0.934245 0.356631
    outer loop
      vertex 1.1 -26.0473 -24.5985
      vertex 4.1 -25.9913 -24.4518
      vertex 1.1 -25.9913 -24.4518
    endloop
  endfacet
  facet normal 0 -0.934245 0.356631
    outer loop
      vertex 4.1 -25.9913 -24.4518
      vertex 1.1 -26.0473 -24.5985
      vertex 4.1 -26.0473 -24.5985
    endloop
  endfacet
  facet normal 0 -0.934245 0.356631
    outer loop
      vertex -4.1 -26.0473 -24.5985
      vertex -1.1 -25.9913 -24.4518
      vertex -4.1 -25.9913 -24.4518
    endloop
  endfacet
  facet normal 0 -0.934245 0.356631
    outer loop
      vertex -1.1 -25.9913 -24.4518
      vertex -4.1 -26.0473 -24.5985
      vertex -1.1 -26.0473 -24.5985
    endloop
  endfacet
  facet normal 0 -0.611955 -0.790893
    outer loop
      vertex 1.1 -26.5956 -22.6439
      vertex 4.1 -26.4714 -22.74
      vertex 4.1 -26.5956 -22.6439
    endloop
  endfacet
  facet normal -0 -0.611955 -0.790893
    outer loop
      vertex 4.1 -26.4714 -22.74
      vertex 1.1 -26.5956 -22.6439
      vertex 1.1 -26.4714 -22.74
    endloop
  endfacet
  facet normal 0 -0.611955 -0.790893
    outer loop
      vertex -4.1 -26.5956 -22.6439
      vertex -1.1 -26.4714 -22.74
      vertex -1.1 -26.5956 -22.6439
    endloop
  endfacet
  facet normal -0 -0.611955 -0.790893
    outer loop
      vertex -1.1 -26.4714 -22.74
      vertex -4.1 -26.5956 -22.6439
      vertex -4.1 -26.4714 -22.74
    endloop
  endfacet
  facet normal 0 0.408324 -0.912837
    outer loop
      vertex -4.1 -28.2366 -22.5285
      vertex -1.1 -28.0933 -22.4644
      vertex -1.1 -28.2366 -22.5285
    endloop
  endfacet
  facet normal 0 0.408324 -0.912837
    outer loop
      vertex -1.1 -28.0933 -22.4644
      vertex -4.1 -28.2366 -22.5285
      vertex -4.1 -28.0933 -22.4644
    endloop
  endfacet
  facet normal 0 0.408324 -0.912837
    outer loop
      vertex 1.1 -28.2366 -22.5285
      vertex 4.1 -28.0933 -22.4644
      vertex 4.1 -28.2366 -22.5285
    endloop
  endfacet
  facet normal 0 0.408324 -0.912837
    outer loop
      vertex 4.1 -28.0933 -22.4644
      vertex 1.1 -28.2366 -22.5285
      vertex 1.1 -28.0933 -22.4644
    endloop
  endfacet
  facet normal -1 0 0
    outer loop
      vertex 1.1 -23.7293 -22.0345
      vertex 1.1 -25.9237 -24.1455
      vertex 1.1 -25.9126 -23.9889
    endloop
  endfacet
  facet normal -1 0 0
    outer loop
      vertex 1.1 -23.7293 -22.0345
      vertex 1.1 -25.95 -24.3003
      vertex 1.1 -25.9237 -24.1455
    endloop
  endfacet
  facet normal -1 0 0
    outer loop
      vertex 1.1 -23.7293 -22.0345
      vertex 1.1 -25.9913 -24.4518
      vertex 1.1 -25.95 -24.3003
    endloop
  endfacet
  facet normal -1 0 0
    outer loop
      vertex 1.1 -25.5916 -27.7382
      vertex 1.1 -26.0473 -24.5985
      vertex 1.1 -25.9913 -24.4518
    endloop
  endfacet
  facet normal -1 0 0
    outer loop
      vertex 1.1 -25.5916 -27.7382
      vertex 1.1 -26.1174 -24.739
      vertex 1.1 -26.0473 -24.5985
    endloop
  endfacet
  facet normal -1 0 0
    outer loop
      vertex 1.1 -25.5916 -27.7382
      vertex 1.1 -26.201 -24.8719
      vertex 1.1 -26.1174 -24.739
    endloop
  endfacet
  facet normal -1 0 0
    outer loop
      vertex 1.1 -25.5916 -27.7382
      vertex 1.1 -26.2971 -24.996
      vertex 1.1 -26.201 -24.8719
    endloop
  endfacet
  facet normal -1 0 0
    outer loop
      vertex 1.1 -25.5916 -27.7382
      vertex 1.1 -26.405 -25.1101
      vertex 1.1 -26.2971 -24.996
    endloop
  endfacet
  facet normal -1 0 0
    outer loop
      vertex 1.1 -25.5916 -27.7382
      vertex 1.1 -26.5235 -25.2131
      vertex 1.1 -26.405 -25.1101
    endloop
  endfacet
  facet normal -1 0 0
    outer loop
      vertex 1.1 -25.5916 -27.7382
      vertex 1.1 -26.6516 -25.304
      vertex 1.1 -26.5235 -25.2131
    endloop
  endfacet
  facet normal -1 0 0
    outer loop
      vertex 1.1 -25.5916 -27.7382
      vertex 1.1 -26.7879 -25.3818
      vertex 1.1 -26.6516 -25.304
    endloop
  endfacet
  facet normal -1 0 0
    outer loop
      vertex 1.1 -25.5916 -27.7382
      vertex 1.1 -26.9313 -25.446
      vertex 1.1 -26.7879 -25.3818
    endloop
  endfacet
  facet normal -1 0 0
    outer loop
      vertex 1.1 -25.5916 -27.7382
      vertex 1.1 -27.0802 -25.4957
      vertex 1.1 -26.9313 -25.446
    endloop
  endfacet
  facet normal -1 0 0
    outer loop
      vertex 1.1 -25.5916 -27.7382
      vertex 1.1 -27.2333 -25.5307
      vertex 1.1 -27.0802 -25.4957
    endloop
  endfacet
  facet normal -1 0 0
    outer loop
      vertex 1.1 -25.5916 -27.7382
      vertex 1.1 -27.389 -25.5504
      vertex 1.1 -27.2333 -25.5307
    endloop
  endfacet
  facet normal -1 0 0
    outer loop
      vertex 1.1 -25.5916 -27.7382
      vertex 1.1 -27.546 -25.5548
      vertex 1.1 -27.389 -25.5504
    endloop
  endfacet
  facet normal -1 0 0
    outer loop
      vertex 1.1 -25.5916 -27.7382
      vertex 1.1 -27.7026 -25.5438
      vertex 1.1 -27.546 -25.5548
    endloop
  endfacet
  facet normal -1 0 0
    outer loop
      vertex 1.1 -25.5916 -27.7382
      vertex 1.1 -27.8574 -25.5175
      vertex 1.1 -27.7026 -25.5438
    endloop
  endfacet
  facet normal -1 0 0
    outer loop
      vertex 1.1 -30.2357 -26.2219
      vertex 1.1 -27.8574 -25.5175
      vertex 1.1 -25.5916 -27.7382
    endloop
  endfacet
  facet normal -1 -0 0
    outer loop
      vertex 1.1 -27.8574 -25.5175
      vertex 1.1 -30.2357 -26.2219
      vertex 1.1 -28.0089 -25.4762
    endloop
  endfacet
  facet normal -1 -0 0
    outer loop
      vertex 1.1 -28.0089 -25.4762
      vertex 1.1 -30.2357 -26.2219
      vertex 1.1 -28.1556 -25.4202
    endloop
  endfacet
  facet normal -1 -0 0
    outer loop
      vertex 1.1 -28.1556 -25.4202
      vertex 1.1 -30.2357 -26.2219
      vertex 1.1 -28.2961 -25.3501
    endloop
  endfacet
  facet normal -1 -0 0
    outer loop
      vertex 1.1 -28.2961 -25.3501
      vertex 1.1 -30.2357 -26.2219
      vertex 1.1 -28.429 -25.2665
    endloop
  endfacet
  facet normal -1 -0 0
    outer loop
      vertex 1.1 -29.1075 -24.0784
      vertex 1.1 -30.2357 -26.2219
      vertex 1.1 -29.1119 -23.9215
    endloop
  endfacet
  facet normal -1 -0 0
    outer loop
      vertex 1.1 -29.0878 -24.2342
      vertex 1.1 -30.2357 -26.2219
      vertex 1.1 -29.1075 -24.0784
    endloop
  endfacet
  facet normal -1 -0 0
    outer loop
      vertex 1.1 -29.0528 -24.3873
      vertex 1.1 -30.2357 -26.2219
      vertex 1.1 -29.0878 -24.2342
    endloop
  endfacet
  facet normal -1 -0 0
    outer loop
      vertex 1.1 -29.0031 -24.5362
      vertex 1.1 -30.2357 -26.2219
      vertex 1.1 -29.0528 -24.3873
    endloop
  endfacet
  facet normal -1 -0 0
    outer loop
      vertex 1.1 -28.9389 -24.6795
      vertex 1.1 -30.2357 -26.2219
      vertex 1.1 -29.0031 -24.5362
    endloop
  endfacet
  facet normal -1 -0 0
    outer loop
      vertex 1.1 -28.8611 -24.8159
      vertex 1.1 -30.2357 -26.2219
      vertex 1.1 -28.9389 -24.6795
    endloop
  endfacet
  facet normal -1 -0 0
    outer loop
      vertex 1.1 -28.7702 -24.9439
      vertex 1.1 -30.2357 -26.2219
      vertex 1.1 -28.8611 -24.8159
    endloop
  endfacet
  facet normal -1 -0 0
    outer loop
      vertex 1.1 -28.6672 -25.0625
      vertex 1.1 -30.2357 -26.2219
      vertex 1.1 -28.7702 -24.9439
    endloop
  endfacet
  facet normal -1 -0 0
    outer loop
      vertex 1.1 -28.5531 -25.1704
      vertex 1.1 -30.2357 -26.2219
      vertex 1.1 -28.6672 -25.0625
    endloop
  endfacet
  facet normal -1 -0 0
    outer loop
      vertex 1.1 -28.429 -25.2665
      vertex 1.1 -30.2357 -26.2219
      vertex 1.1 -28.5531 -25.1704
    endloop
  endfacet
  facet normal -1 0 0
    outer loop
      vertex 1.1 -25.9913 -24.4518
      vertex 1.1 -23.7293 -22.0345
      vertex 1.1 -25.5916 -27.7382
    endloop
  endfacet
  facet normal -1 0 0
    outer loop
      vertex 1.1 -25.917 -23.8319
      vertex 1.1 -23.7293 -22.0345
      vertex 1.1 -25.9126 -23.9889
    endloop
  endfacet
  facet normal -1 0 0
    outer loop
      vertex 1.1 -25.9368 -23.6762
      vertex 1.1 -23.7293 -22.0345
      vertex 1.1 -25.917 -23.8319
    endloop
  endfacet
  facet normal -1 0 0
    outer loop
      vertex 1.1 -25.9717 -23.5231
      vertex 1.1 -23.7293 -22.0345
      vertex 1.1 -25.9368 -23.6762
    endloop
  endfacet
  facet normal -1 0 0
    outer loop
      vertex 1.1 -26.0215 -23.3742
      vertex 1.1 -23.7293 -22.0345
      vertex 1.1 -25.9717 -23.5231
    endloop
  endfacet
  facet normal -1 0 0
    outer loop
      vertex 1.1 -26.0856 -23.2308
      vertex 1.1 -23.7293 -22.0345
      vertex 1.1 -26.0215 -23.3742
    endloop
  endfacet
  facet normal -1 0 0
    outer loop
      vertex 1.1 -26.1635 -23.0945
      vertex 1.1 -23.7293 -22.0345
      vertex 1.1 -26.0856 -23.2308
    endloop
  endfacet
  facet normal -1 0 0
    outer loop
      vertex 1.1 -26.2544 -22.9664
      vertex 1.1 -23.7293 -22.0345
      vertex 1.1 -26.1635 -23.0945
    endloop
  endfacet
  facet normal -1 0 0
    outer loop
      vertex 1.1 -26.3573 -22.8479
      vertex 1.1 -23.7293 -22.0345
      vertex 1.1 -26.2544 -22.9664
    endloop
  endfacet
  facet normal -1 0 0
    outer loop
      vertex 1.1 -26.4714 -22.74
      vertex 1.1 -23.7293 -22.0345
      vertex 1.1 -26.3573 -22.8479
    endloop
  endfacet
  facet normal -1 0 0
    outer loop
      vertex 1.1 -26.5956 -22.6439
      vertex 1.1 -23.7293 -22.0345
      vertex 1.1 -26.4714 -22.74
    endloop
  endfacet
  facet normal -1 0 0
    outer loop
      vertex 1.1 -26.7285 -22.5603
      vertex 1.1 -23.7293 -22.0345
      vertex 1.1 -26.5956 -22.6439
    endloop
  endfacet
  facet normal -1 0 0
    outer loop
      vertex 1.1 -26.869 -22.4902
      vertex 1.1 -23.7293 -22.0345
      vertex 1.1 -26.7285 -22.5603
    endloop
  endfacet
  facet normal -1 0 0
    outer loop
      vertex 1.1 -28.3734 -20.5182
      vertex 1.1 -26.869 -22.4902
      vertex 1.1 -27.0157 -22.4342
    endloop
  endfacet
  facet normal -1 0 0
    outer loop
      vertex 1.1 -28.3734 -20.5182
      vertex 1.1 -27.0157 -22.4342
      vertex 1.1 -27.1672 -22.3929
    endloop
  endfacet
  facet normal -1 0 0
    outer loop
      vertex 1.1 -28.3734 -20.5182
      vertex 1.1 -27.1672 -22.3929
      vertex 1.1 -27.322 -22.3666
    endloop
  endfacet
  facet normal -1 0 0
    outer loop
      vertex 1.1 -28.3734 -20.5182
      vertex 1.1 -27.322 -22.3666
      vertex 1.1 -27.4786 -22.3555
    endloop
  endfacet
  facet normal -1 0 0
    outer loop
      vertex 1.1 -28.3734 -20.5182
      vertex 1.1 -27.4786 -22.3555
      vertex 1.1 -27.6355 -22.3599
    endloop
  endfacet
  facet normal -1 0 0
    outer loop
      vertex 1.1 -26.869 -22.4902
      vertex 1.1 -28.3734 -20.5182
      vertex 1.1 -23.7293 -22.0345
    endloop
  endfacet
  facet normal -1 0 0
    outer loop
      vertex 1.1 -27.7913 -22.3797
      vertex 1.1 -28.3734 -20.5182
      vertex 1.1 -27.6355 -22.3599
    endloop
  endfacet
  facet normal -1 0 0
    outer loop
      vertex 1.1 -27.9444 -22.4146
      vertex 1.1 -28.3734 -20.5182
      vertex 1.1 -27.7913 -22.3797
    endloop
  endfacet
  facet normal -1 0 0
    outer loop
      vertex 1.1 -28.0933 -22.4644
      vertex 1.1 -28.3734 -20.5182
      vertex 1.1 -27.9444 -22.4146
    endloop
  endfacet
  facet normal -1 0 0
    outer loop
      vertex 1.1 -28.2366 -22.5285
      vertex 1.1 -28.3734 -20.5182
      vertex 1.1 -28.0933 -22.4644
    endloop
  endfacet
  facet normal -1 0 0
    outer loop
      vertex 1.1 -28.373 -22.6064
      vertex 1.1 -28.3734 -20.5182
      vertex 1.1 -28.2366 -22.5285
    endloop
  endfacet
  facet normal -1 0 -0
    outer loop
      vertex 1.1 -28.3734 -20.5182
      vertex 1.1 -28.373 -22.6064
      vertex 1.1 -28.501 -22.6973
    endloop
  endfacet
  facet normal -1 0 0
    outer loop
      vertex 1.1 -28.6196 -22.8002
      vertex 1.1 -28.3734 -20.5182
      vertex 1.1 -28.501 -22.6973
    endloop
  endfacet
  facet normal -1 0 0
    outer loop
      vertex 1.1 -28.7275 -22.9143
      vertex 1.1 -28.3734 -20.5182
      vertex 1.1 -28.6196 -22.8002
    endloop
  endfacet
  facet normal -1 0 0
    outer loop
      vertex 1.1 -28.8236 -23.0385
      vertex 1.1 -28.3734 -20.5182
      vertex 1.1 -28.7275 -22.9143
    endloop
  endfacet
  facet normal -1 0 0
    outer loop
      vertex 1.1 -28.9072 -23.1714
      vertex 1.1 -28.3734 -20.5182
      vertex 1.1 -28.8236 -23.0385
    endloop
  endfacet
  facet normal -1 0 0
    outer loop
      vertex 1.1 -28.9773 -23.3119
      vertex 1.1 -28.3734 -20.5182
      vertex 1.1 -28.9072 -23.1714
    endloop
  endfacet
  facet normal -1 0 0
    outer loop
      vertex 1.1 -30.5631 -14.4383
      vertex 1.1 -28.9773 -23.3119
      vertex 1.1 -29.0333 -23.4586
    endloop
  endfacet
  facet normal -1 0 0
    outer loop
      vertex 1.1 -30.2357 -26.2219
      vertex 1.1 -29.0333 -23.4586
      vertex 1.1 -29.0746 -23.6101
    endloop
  endfacet
  facet normal -1 0 0
    outer loop
      vertex 1.1 -30.2357 -26.2219
      vertex 1.1 -29.1009 -23.7649
      vertex 1.1 -29.1119 -23.9215
    endloop
  endfacet
  facet normal -1 0 0
    outer loop
      vertex 1.1 -30.2357 -26.2219
      vertex 1.1 -29.0746 -23.6101
      vertex 1.1 -29.1009 -23.7649
    endloop
  endfacet
  facet normal -1 -0 0
    outer loop
      vertex 1.1 -29.0333 -23.4586
      vertex 1.1 -30.2357 -26.2219
      vertex 1.1 -30.5631 -14.4383
    endloop
  endfacet
  facet normal -1 0 0
    outer loop
      vertex 1.1 -28.3734 -20.5182
      vertex 1.1 -30.5631 -14.4383
      vertex 1.1 -26.7905 -15.67
    endloop
  endfacet
  facet normal -1 0 0
    outer loop
      vertex 1.1 -28.9773 -23.3119
      vertex 1.1 -30.5631 -14.4383
      vertex 1.1 -28.3734 -20.5182
    endloop
  endfacet
  facet normal -1 0 0
    outer loop
      vertex 1.1 -32.4235 -32.8712
      vertex 1.1 -30.2357 -26.2219
      vertex 1.1 -32.4083 -32.8761
    endloop
  endfacet
  facet normal -1 0 0
    outer loop
      vertex 1.1 -32.6546 -32.7957
      vertex 1.1 -30.2357 -26.2219
      vertex 1.1 -32.4235 -32.8712
    endloop
  endfacet
  facet normal -1 0 0
    outer loop
      vertex 1.1 -36.1809 -31.6444
      vertex 1.1 -30.2357 -26.2219
      vertex 1.1 -32.6546 -32.7957
    endloop
  endfacet
  facet normal -1 -0 0
    outer loop
      vertex 1.1 -30.2357 -26.2219
      vertex 1.1 -36.1809 -31.6444
      vertex 1.1 -30.5631 -14.4383
    endloop
  endfacet
  facet normal 1 0 0
    outer loop
      vertex -1.1 -28.3734 -20.5182
      vertex -1.1 -28.6196 -22.8002
      vertex -1.1 -28.501 -22.6973
    endloop
  endfacet
  facet normal 1 0 0
    outer loop
      vertex -1.1 -28.3734 -20.5182
      vertex -1.1 -28.7275 -22.9143
      vertex -1.1 -28.6196 -22.8002
    endloop
  endfacet
  facet normal 1 0 0
    outer loop
      vertex -1.1 -28.3734 -20.5182
      vertex -1.1 -28.8236 -23.0385
      vertex -1.1 -28.7275 -22.9143
    endloop
  endfacet
  facet normal 1 0 0
    outer loop
      vertex -1.1 -28.3734 -20.5182
      vertex -1.1 -28.9072 -23.1714
      vertex -1.1 -28.8236 -23.0385
    endloop
  endfacet
  facet normal 1 0 0
    outer loop
      vertex -1.1 -28.3734 -20.5182
      vertex -1.1 -28.9773 -23.3119
      vertex -1.1 -28.9072 -23.1714
    endloop
  endfacet
  facet normal 1 0 0
    outer loop
      vertex -1.1 -30.5631 -14.4383
      vertex -1.1 -28.9773 -23.3119
      vertex -1.1 -28.3734 -20.5182
    endloop
  endfacet
  facet normal 1 0 0
    outer loop
      vertex -1.1 -28.9773 -23.3119
      vertex -1.1 -30.5631 -14.4383
      vertex -1.1 -29.0333 -23.4586
    endloop
  endfacet
  facet normal 1 0 0
    outer loop
      vertex -1.1 -29.1009 -23.7649
      vertex -1.1 -30.2357 -26.2219
      vertex -1.1 -29.1119 -23.9215
    endloop
  endfacet
  facet normal 1 0 0
    outer loop
      vertex -1.1 -29.0746 -23.6101
      vertex -1.1 -30.2357 -26.2219
      vertex -1.1 -29.1009 -23.7649
    endloop
  endfacet
  facet normal 1 0 -0
    outer loop
      vertex -1.1 -30.2357 -26.2219
      vertex -1.1 -29.0333 -23.4586
      vertex -1.1 -30.5631 -14.4383
    endloop
  endfacet
  facet normal 1 0 0
    outer loop
      vertex -1.1 -30.5631 -14.4383
      vertex -1.1 -28.3734 -20.5182
      vertex -1.1 -26.7905 -15.67
    endloop
  endfacet
  facet normal 1 0 0
    outer loop
      vertex -1.1 -29.0333 -23.4586
      vertex -1.1 -30.2357 -26.2219
      vertex -1.1 -29.0746 -23.6101
    endloop
  endfacet
  facet normal 1 0 0
    outer loop
      vertex -1.1 -36.1809 -31.6444
      vertex -1.1 -30.2357 -26.2219
      vertex -1.1 -30.5631 -14.4383
    endloop
  endfacet
  facet normal 1 0 0
    outer loop
      vertex -1.1 -30.2357 -26.2219
      vertex -1.1 -32.4235 -32.8712
      vertex -1.1 -32.4083 -32.8761
    endloop
  endfacet
  facet normal 1 0 0
    outer loop
      vertex -1.1 -30.2357 -26.2219
      vertex -1.1 -32.6546 -32.7957
      vertex -1.1 -32.4235 -32.8712
    endloop
  endfacet
  facet normal 1 0 0
    outer loop
      vertex -1.1 -30.2357 -26.2219
      vertex -1.1 -36.1809 -31.6444
      vertex -1.1 -32.6546 -32.7957
    endloop
  endfacet
  facet normal 1 0 0
    outer loop
      vertex -1.1 -25.9237 -24.1455
      vertex -1.1 -23.7293 -22.0345
      vertex -1.1 -25.9126 -23.9889
    endloop
  endfacet
  facet normal 1 0 0
    outer loop
      vertex -1.1 -23.7293 -22.0345
      vertex -1.1 -25.917 -23.8319
      vertex -1.1 -25.9126 -23.9889
    endloop
  endfacet
  facet normal 1 0 0
    outer loop
      vertex -1.1 -23.7293 -22.0345
      vertex -1.1 -25.9368 -23.6762
      vertex -1.1 -25.917 -23.8319
    endloop
  endfacet
  facet normal 1 0 0
    outer loop
      vertex -1.1 -23.7293 -22.0345
      vertex -1.1 -25.9717 -23.5231
      vertex -1.1 -25.9368 -23.6762
    endloop
  endfacet
  facet normal 1 0 0
    outer loop
      vertex -1.1 -23.7293 -22.0345
      vertex -1.1 -26.0215 -23.3742
      vertex -1.1 -25.9717 -23.5231
    endloop
  endfacet
  facet normal 1 0 0
    outer loop
      vertex -1.1 -23.7293 -22.0345
      vertex -1.1 -26.0856 -23.2308
      vertex -1.1 -26.0215 -23.3742
    endloop
  endfacet
  facet normal 1 0 0
    outer loop
      vertex -1.1 -23.7293 -22.0345
      vertex -1.1 -26.1635 -23.0945
      vertex -1.1 -26.0856 -23.2308
    endloop
  endfacet
  facet normal 1 0 0
    outer loop
      vertex -1.1 -23.7293 -22.0345
      vertex -1.1 -26.2544 -22.9664
      vertex -1.1 -26.1635 -23.0945
    endloop
  endfacet
  facet normal 1 0 0
    outer loop
      vertex -1.1 -23.7293 -22.0345
      vertex -1.1 -26.3573 -22.8479
      vertex -1.1 -26.2544 -22.9664
    endloop
  endfacet
  facet normal 1 0 0
    outer loop
      vertex -1.1 -23.7293 -22.0345
      vertex -1.1 -26.4714 -22.74
      vertex -1.1 -26.3573 -22.8479
    endloop
  endfacet
  facet normal 1 0 0
    outer loop
      vertex -1.1 -23.7293 -22.0345
      vertex -1.1 -26.5956 -22.6439
      vertex -1.1 -26.4714 -22.74
    endloop
  endfacet
  facet normal 1 0 0
    outer loop
      vertex -1.1 -23.7293 -22.0345
      vertex -1.1 -26.7285 -22.5603
      vertex -1.1 -26.5956 -22.6439
    endloop
  endfacet
  facet normal 1 0 0
    outer loop
      vertex -1.1 -23.7293 -22.0345
      vertex -1.1 -26.869 -22.4902
      vertex -1.1 -26.7285 -22.5603
    endloop
  endfacet
  facet normal 1 0 0
    outer loop
      vertex -1.1 -28.3734 -20.5182
      vertex -1.1 -26.869 -22.4902
      vertex -1.1 -23.7293 -22.0345
    endloop
  endfacet
  facet normal 1 0 0
    outer loop
      vertex -1.1 -26.869 -22.4902
      vertex -1.1 -28.3734 -20.5182
      vertex -1.1 -27.0157 -22.4342
    endloop
  endfacet
  facet normal 1 0 0
    outer loop
      vertex -1.1 -27.0157 -22.4342
      vertex -1.1 -28.3734 -20.5182
      vertex -1.1 -27.1672 -22.3929
    endloop
  endfacet
  facet normal 1 0 0
    outer loop
      vertex -1.1 -27.1672 -22.3929
      vertex -1.1 -28.3734 -20.5182
      vertex -1.1 -27.322 -22.3666
    endloop
  endfacet
  facet normal 1 0 0
    outer loop
      vertex -1.1 -27.322 -22.3666
      vertex -1.1 -28.3734 -20.5182
      vertex -1.1 -27.4786 -22.3555
    endloop
  endfacet
  facet normal 1 0 0
    outer loop
      vertex -1.1 -27.4786 -22.3555
      vertex -1.1 -28.3734 -20.5182
      vertex -1.1 -27.6355 -22.3599
    endloop
  endfacet
  facet normal 1 0 0
    outer loop
      vertex -1.1 -28.3734 -20.5182
      vertex -1.1 -27.7913 -22.3797
      vertex -1.1 -27.6355 -22.3599
    endloop
  endfacet
  facet normal 1 0 0
    outer loop
      vertex -1.1 -28.3734 -20.5182
      vertex -1.1 -27.9444 -22.4146
      vertex -1.1 -27.7913 -22.3797
    endloop
  endfacet
  facet normal 1 0 0
    outer loop
      vertex -1.1 -28.3734 -20.5182
      vertex -1.1 -28.0933 -22.4644
      vertex -1.1 -27.9444 -22.4146
    endloop
  endfacet
  facet normal 1 0 0
    outer loop
      vertex -1.1 -28.3734 -20.5182
      vertex -1.1 -28.2366 -22.5285
      vertex -1.1 -28.0933 -22.4644
    endloop
  endfacet
  facet normal 1 0 0
    outer loop
      vertex -1.1 -28.3734 -20.5182
      vertex -1.1 -28.373 -22.6064
      vertex -1.1 -28.2366 -22.5285
    endloop
  endfacet
  facet normal 1 0 0
    outer loop
      vertex -1.1 -28.373 -22.6064
      vertex -1.1 -28.3734 -20.5182
      vertex -1.1 -28.501 -22.6973
    endloop
  endfacet
  facet normal 1 0 0
    outer loop
      vertex -1.1 -25.95 -24.3003
      vertex -1.1 -23.7293 -22.0345
      vertex -1.1 -25.9237 -24.1455
    endloop
  endfacet
  facet normal 1 0 0
    outer loop
      vertex -1.1 -25.9913 -24.4518
      vertex -1.1 -23.7293 -22.0345
      vertex -1.1 -25.95 -24.3003
    endloop
  endfacet
  facet normal 1 0 0
    outer loop
      vertex -1.1 -23.7293 -22.0345
      vertex -1.1 -25.9913 -24.4518
      vertex -1.1 -25.5916 -27.7382
    endloop
  endfacet
  facet normal 1 -0 0
    outer loop
      vertex -1.1 -26.0473 -24.5985
      vertex -1.1 -25.5916 -27.7382
      vertex -1.1 -25.9913 -24.4518
    endloop
  endfacet
  facet normal 1 -0 0
    outer loop
      vertex -1.1 -26.1174 -24.739
      vertex -1.1 -25.5916 -27.7382
      vertex -1.1 -26.0473 -24.5985
    endloop
  endfacet
  facet normal 1 -0 0
    outer loop
      vertex -1.1 -26.201 -24.8719
      vertex -1.1 -25.5916 -27.7382
      vertex -1.1 -26.1174 -24.739
    endloop
  endfacet
  facet normal 1 -0 0
    outer loop
      vertex -1.1 -26.2971 -24.996
      vertex -1.1 -25.5916 -27.7382
      vertex -1.1 -26.201 -24.8719
    endloop
  endfacet
  facet normal 1 -0 0
    outer loop
      vertex -1.1 -26.405 -25.1101
      vertex -1.1 -25.5916 -27.7382
      vertex -1.1 -26.2971 -24.996
    endloop
  endfacet
  facet normal 1 -0 0
    outer loop
      vertex -1.1 -26.5235 -25.2131
      vertex -1.1 -25.5916 -27.7382
      vertex -1.1 -26.405 -25.1101
    endloop
  endfacet
  facet normal 1 -0 0
    outer loop
      vertex -1.1 -26.6516 -25.304
      vertex -1.1 -25.5916 -27.7382
      vertex -1.1 -26.5235 -25.2131
    endloop
  endfacet
  facet normal 1 -0 0
    outer loop
      vertex -1.1 -26.7879 -25.3818
      vertex -1.1 -25.5916 -27.7382
      vertex -1.1 -26.6516 -25.304
    endloop
  endfacet
  facet normal 1 -0 0
    outer loop
      vertex -1.1 -26.9313 -25.446
      vertex -1.1 -25.5916 -27.7382
      vertex -1.1 -26.7879 -25.3818
    endloop
  endfacet
  facet normal 1 -0 0
    outer loop
      vertex -1.1 -27.0802 -25.4957
      vertex -1.1 -25.5916 -27.7382
      vertex -1.1 -26.9313 -25.446
    endloop
  endfacet
  facet normal 1 -0 0
    outer loop
      vertex -1.1 -27.2333 -25.5307
      vertex -1.1 -25.5916 -27.7382
      vertex -1.1 -27.0802 -25.4957
    endloop
  endfacet
  facet normal 1 -0 0
    outer loop
      vertex -1.1 -27.389 -25.5504
      vertex -1.1 -25.5916 -27.7382
      vertex -1.1 -27.2333 -25.5307
    endloop
  endfacet
  facet normal 1 -0 0
    outer loop
      vertex -1.1 -27.546 -25.5548
      vertex -1.1 -25.5916 -27.7382
      vertex -1.1 -27.389 -25.5504
    endloop
  endfacet
  facet normal 1 0 0
    outer loop
      vertex -1.1 -27.7026 -25.5438
      vertex -1.1 -25.5916 -27.7382
      vertex -1.1 -27.546 -25.5548
    endloop
  endfacet
  facet normal 1 0 0
    outer loop
      vertex -1.1 -27.8574 -25.5175
      vertex -1.1 -25.5916 -27.7382
      vertex -1.1 -27.7026 -25.5438
    endloop
  endfacet
  facet normal 1 0 0
    outer loop
      vertex -1.1 -30.2357 -26.2219
      vertex -1.1 -27.8574 -25.5175
      vertex -1.1 -28.0089 -25.4762
    endloop
  endfacet
  facet normal 1 0 0
    outer loop
      vertex -1.1 -30.2357 -26.2219
      vertex -1.1 -28.0089 -25.4762
      vertex -1.1 -28.1556 -25.4202
    endloop
  endfacet
  facet normal 1 0 0
    outer loop
      vertex -1.1 -30.2357 -26.2219
      vertex -1.1 -28.1556 -25.4202
      vertex -1.1 -28.2961 -25.3501
    endloop
  endfacet
  facet normal 1 0 0
    outer loop
      vertex -1.1 -30.2357 -26.2219
      vertex -1.1 -28.2961 -25.3501
      vertex -1.1 -28.429 -25.2665
    endloop
  endfacet
  facet normal 1 0 0
    outer loop
      vertex -1.1 -30.2357 -26.2219
      vertex -1.1 -28.429 -25.2665
      vertex -1.1 -28.5531 -25.1704
    endloop
  endfacet
  facet normal 1 0 0
    outer loop
      vertex -1.1 -27.8574 -25.5175
      vertex -1.1 -30.2357 -26.2219
      vertex -1.1 -25.5916 -27.7382
    endloop
  endfacet
  facet normal 1 0 0
    outer loop
      vertex -1.1 -28.6672 -25.0625
      vertex -1.1 -30.2357 -26.2219
      vertex -1.1 -28.5531 -25.1704
    endloop
  endfacet
  facet normal 1 0 0
    outer loop
      vertex -1.1 -28.7702 -24.9439
      vertex -1.1 -30.2357 -26.2219
      vertex -1.1 -28.6672 -25.0625
    endloop
  endfacet
  facet normal 1 0 0
    outer loop
      vertex -1.1 -28.8611 -24.8159
      vertex -1.1 -30.2357 -26.2219
      vertex -1.1 -28.7702 -24.9439
    endloop
  endfacet
  facet normal 1 0 0
    outer loop
      vertex -1.1 -28.9389 -24.6795
      vertex -1.1 -30.2357 -26.2219
      vertex -1.1 -28.8611 -24.8159
    endloop
  endfacet
  facet normal 1 0 0
    outer loop
      vertex -1.1 -29.0031 -24.5362
      vertex -1.1 -30.2357 -26.2219
      vertex -1.1 -28.9389 -24.6795
    endloop
  endfacet
  facet normal 1 0 0
    outer loop
      vertex -1.1 -29.0528 -24.3873
      vertex -1.1 -30.2357 -26.2219
      vertex -1.1 -29.0031 -24.5362
    endloop
  endfacet
  facet normal 1 0 0
    outer loop
      vertex -1.1 -29.0878 -24.2342
      vertex -1.1 -30.2357 -26.2219
      vertex -1.1 -29.0528 -24.3873
    endloop
  endfacet
  facet normal 1 0 0
    outer loop
      vertex -1.1 -29.1075 -24.0784
      vertex -1.1 -30.2357 -26.2219
      vertex -1.1 -29.0878 -24.2342
    endloop
  endfacet
  facet normal 1 0 0
    outer loop
      vertex -1.1 -30.2357 -26.2219
      vertex -1.1 -29.1075 -24.0784
      vertex -1.1 -29.1119 -23.9215
    endloop
  endfacet
  facet normal -0.998856 0.0454519 -0.0148284
    outer loop
      vertex 4.08026 -34.1066 -11.2826
      vertex 4.08048 -34.1876 -11.5457
      vertex 4.08026 -34.1925 -11.5459
    endloop
  endfacet
  facet normal -0.998796 0.0466337 -0.0152263
    outer loop
      vertex 4.08026 -40.3141 -30.2949
      vertex 4.08218 -34.7947 -13.5165
      vertex 4.09671 -39.9957 -30.3988
    endloop
  endfacet
  facet normal -0.998802 0.046517 -0.0151879
    outer loop
      vertex 4.08218 -34.7947 -13.5165
      vertex 4.08026 -40.3141 -30.2949
      vertex 4.08026 -34.8276 -13.491
    endloop
  endfacet
  facet normal -0.671577 0.704343 -0.229969
    outer loop
      vertex 2.89914 -36.4805 -10.5075
      vertex 2.60101 -42.9449 -29.4359
      vertex 2.60101 -36.7374 -10.4237
    endloop
  endfacet
  facet normal -0.671619 0.704307 -0.229956
    outer loop
      vertex 2.60101 -42.9449 -29.4359
      vertex 2.89914 -36.4805 -10.5075
      vertex 2.89914 -42.688 -29.5198
    endloop
  endfacet
  facet normal -0.998793 0.0466901 -0.0152523
    outer loop
      vertex 4.0947 -33.8907 -11.5691
      vertex 4.1 -33.7245 -11.4074
      vertex 4.1 -33.7866 -11.5975
    endloop
  endfacet
  facet normal -0.9988 0.0465715 -0.0151301
    outer loop
      vertex 4.08946 -33.9972 -11.551
      vertex 4.1 -33.7245 -11.4074
      vertex 4.0947 -33.8907 -11.5691
    endloop
  endfacet
  facet normal -0.998792 0.0467319 -0.0151878
    outer loop
      vertex 4.08026 -34.1066 -11.2826
      vertex 4.08946 -33.9972 -11.551
      vertex 4.08431 -34.1048 -11.5434
    endloop
  endfacet
  facet normal -0.998796 0.0466248 -0.0152317
    outer loop
      vertex 4.08946 -33.9972 -11.551
      vertex 4.08026 -34.1066 -11.2826
      vertex 4.1 -33.7245 -11.4074
    endloop
  endfacet
  facet normal -0.998797 0.0466223 -0.0151887
    outer loop
      vertex 4.08026 -34.1066 -11.2826
      vertex 4.08431 -34.1048 -11.5434
      vertex 4.08048 -34.1876 -11.5457
    endloop
  endfacet
  facet normal -0.998793 0.0466823 -0.015242
    outer loop
      vertex 4.09671 -39.9957 -30.3988
      vertex 4.1 -34.4694 -13.6888
      vertex 4.1 -39.9321 -30.4196
    endloop
  endfacet
  facet normal -0.998795 0.046652 -0.015232
    outer loop
      vertex 4.1 -34.4694 -13.6888
      vertex 4.09671 -39.9957 -30.3988
      vertex 4.0947 -34.5703 -13.6503
    endloop
  endfacet
  facet normal -0.998798 0.0465891 -0.0152116
    outer loop
      vertex 4.0947 -34.5703 -13.6503
      vertex 4.09671 -39.9957 -30.3988
      vertex 4.08946 -34.6669 -13.6021
    endloop
  endfacet
  facet normal -0.998792 0.0467021 -0.0152475
    outer loop
      vertex 4.08946 -34.6669 -13.6021
      vertex 4.09671 -39.9957 -30.3988
      vertex 4.08431 -34.7583 -13.5447
    endloop
  endfacet
  facet normal -0.998795 0.0466467 -0.0152303
    outer loop
      vertex 4.08431 -34.7583 -13.5447
      vertex 4.09671 -39.9957 -30.3988
      vertex 4.08218 -34.7947 -13.5165
    endloop
  endfacet
  facet normal 0.146737 0.940324 -0.307015
    outer loop
      vertex -0.40187 -43.8108 -29.1532
      vertex -0.79987 -37.5472 -10.1593
      vertex -0.40187 -37.6033 -10.1409
    endloop
  endfacet
  facet normal 0.146661 0.940335 -0.30702
    outer loop
      vertex -0.79987 -37.5472 -10.1593
      vertex -0.40187 -43.8108 -29.1532
      vertex -0.79987 -43.7547 -29.1715
    endloop
  endfacet
  facet normal 0.998793 0.0466901 -0.0152523
    outer loop
      vertex -4.1 -33.7245 -11.4074
      vertex -4.0947 -33.8907 -11.5691
      vertex -4.1 -33.7866 -11.5975
    endloop
  endfacet
  facet normal 0.9988 0.0465715 -0.0151301
    outer loop
      vertex -4.1 -33.7245 -11.4074
      vertex -4.08946 -33.9972 -11.551
      vertex -4.0947 -33.8907 -11.5691
    endloop
  endfacet
  facet normal 0.998796 0.0466248 -0.0152317
    outer loop
      vertex -4.08026 -34.1066 -11.2826
      vertex -4.08946 -33.9972 -11.551
      vertex -4.1 -33.7245 -11.4074
    endloop
  endfacet
  facet normal 0.998792 0.0467319 -0.0151878
    outer loop
      vertex -4.08946 -33.9972 -11.551
      vertex -4.08026 -34.1066 -11.2826
      vertex -4.08431 -34.1048 -11.5434
    endloop
  endfacet
  facet normal 0.998797 0.0466223 -0.0151887
    outer loop
      vertex -4.08431 -34.1048 -11.5434
      vertex -4.08026 -34.1066 -11.2826
      vertex -4.08048 -34.1876 -11.5457
    endloop
  endfacet
  facet normal 0.998795 0.046652 -0.015232
    outer loop
      vertex -4.09671 -39.9957 -30.3988
      vertex -4.1 -34.4694 -13.6888
      vertex -4.0947 -34.5703 -13.6503
    endloop
  endfacet
  facet normal 0.998798 0.0465891 -0.0152116
    outer loop
      vertex -4.09671 -39.9957 -30.3988
      vertex -4.0947 -34.5703 -13.6503
      vertex -4.08946 -34.6669 -13.6021
    endloop
  endfacet
  facet normal 0.998792 0.0467021 -0.0152475
    outer loop
      vertex -4.09671 -39.9957 -30.3988
      vertex -4.08946 -34.6669 -13.6021
      vertex -4.08431 -34.7583 -13.5447
    endloop
  endfacet
  facet normal 0.998795 0.0466467 -0.0152303
    outer loop
      vertex -4.09671 -39.9957 -30.3988
      vertex -4.08431 -34.7583 -13.5447
      vertex -4.08218 -34.7947 -13.5165
    endloop
  endfacet
  facet normal 0.998793 0.0466823 -0.015242
    outer loop
      vertex -4.1 -34.4694 -13.6888
      vertex -4.09671 -39.9957 -30.3988
      vertex -4.1 -39.9321 -30.4196
    endloop
  endfacet
  facet normal 0.243089 0.922099 -0.301066
    outer loop
      vertex -0.79987 -43.7547 -29.1715
      vertex -1.19017 -37.4542 -10.1896
      vertex -0.79987 -37.5472 -10.1593
    endloop
  endfacet
  facet normal 0.24331 0.922048 -0.301045
    outer loop
      vertex -1.19017 -37.4542 -10.1896
      vertex -0.79987 -43.7547 -29.1715
      vertex -0.864919 -43.7392 -29.1766
    endloop
  endfacet
  facet normal 0.0488871 0.949478 -0.310003
    outer loop
      vertex -0.334891 -43.8139 -29.1522
      vertex -0.40187 -37.6033 -10.1409
      vertex 0 -37.622 -10.1348
    endloop
  endfacet
  facet normal 0.0485739 0.949492 -0.310008
    outer loop
      vertex -0.40187 -37.6033 -10.1409
      vertex -0.334891 -43.8139 -29.1522
      vertex -0.40187 -43.8108 -29.1532
    endloop
  endfacet
  facet normal 0.000130291 -0.31036 -0.950619
    outer loop
      vertex 4.08026 -34.1066 -11.2826
      vertex 4.02122 -34.4849 -11.1591
      vertex 3.16934 -31.252 -12.2147
    endloop
  endfacet
  facet normal 0.970029 0.230994 -0.0754033
    outer loop
      vertex -3.92346 -34.8559 -11.038
      vertex -4.01895 -34.6662 -11.6853
      vertex -4.02122 -34.4849 -11.1591
    endloop
  endfacet
  facet normal 0.970002 0.231121 -0.0753619
    outer loop
      vertex -4.01895 -34.6662 -11.6853
      vertex -3.92346 -34.8559 -11.038
      vertex -4.00858 -34.7197 -11.7159
    endloop
  endfacet
  facet normal 0.97009 0.230723 -0.0754529
    outer loop
      vertex -4.00858 -34.7197 -11.7159
      vertex -3.92346 -34.8559 -11.038
      vertex -3.99248 -34.8078 -11.7783
    endloop
  endfacet
  facet normal 0.970033 0.230969 -0.0754316
    outer loop
      vertex -3.92346 -34.8559 -11.038
      vertex -3.97858 -34.8893 -11.8491
      vertex -3.99248 -34.8078 -11.7783
    endloop
  endfacet
  facet normal 0.969968 0.231238 -0.0754383
    outer loop
      vertex -3.92346 -34.8559 -11.038
      vertex -3.96702 -34.9634 -11.9276
      vertex -3.97858 -34.8893 -11.8491
    endloop
  endfacet
  facet normal 0.970121 0.230618 -0.0753709
    outer loop
      vertex -3.92346 -34.8559 -11.038
      vertex -3.95791 -35.0296 -12.0129
      vertex -3.96702 -34.9634 -11.9276
    endloop
  endfacet
  facet normal 0.969976 0.231194 -0.0754684
    outer loop
      vertex -3.92346 -34.8559 -11.038
      vertex -3.95134 -35.087 -12.1043
      vertex -3.95791 -35.0296 -12.0129
    endloop
  endfacet
  facet normal 0.969998 0.231107 -0.0754501
    outer loop
      vertex -3.92346 -34.8559 -11.038
      vertex -3.94737 -35.1352 -12.2009
      vertex -3.95134 -35.087 -12.1043
    endloop
  endfacet
  facet normal 0.970035 0.230965 -0.0754166
    outer loop
      vertex -3.92346 -34.8559 -11.038
      vertex -3.94604 -35.1737 -12.3017
      vertex -3.94737 -35.1352 -12.2009
    endloop
  endfacet
  facet normal 0.969049 0.234765 -0.0763546
    outer loop
      vertex -3.92346 -34.8559 -11.038
      vertex -3.94737 -35.2021 -12.4059
      vertex -3.94604 -35.1737 -12.3017
    endloop
  endfacet
  facet normal 0.969976 0.231187 -0.0754853
    outer loop
      vertex -3.92346 -41.0635 -30.0502
      vertex -3.95791 -35.2278 -12.62
      vertex -3.95134 -35.2202 -12.5123
    endloop
  endfacet
  facet normal 0.969924 0.231386 -0.0755515
    outer loop
      vertex -3.92346 -41.0635 -30.0502
      vertex -3.95134 -35.2202 -12.5123
      vertex -3.94737 -35.2021 -12.4059
    endloop
  endfacet
  facet normal 0.97004 0.230949 -0.0754061
    outer loop
      vertex -3.92346 -41.0635 -30.0502
      vertex -3.94737 -35.2021 -12.4059
      vertex -3.92346 -34.8559 -11.038
    endloop
  endfacet
  facet normal 0.970101 0.230716 -0.0753273
    outer loop
      vertex -3.95791 -35.2278 -12.62
      vertex -3.92346 -41.0635 -30.0502
      vertex -3.93975 -41.0016 -30.0704
    endloop
  endfacet
  facet normal 0.969951 0.231282 -0.0755197
    outer loop
      vertex -4.00858 -35.1529 -13.0426
      vertex -3.93975 -41.0016 -30.0704
      vertex -4.013 -35.1422 -13.0666
    endloop
  endfacet
  facet normal 0.970048 0.230918 -0.0753944
    outer loop
      vertex -3.99248 -35.1871 -12.9402
      vertex -3.93975 -41.0016 -30.0704
      vertex -4.00858 -35.1529 -13.0426
    endloop
  endfacet
  facet normal 0.970102 0.230714 -0.0753251
    outer loop
      vertex -3.97858 -35.2112 -12.835
      vertex -3.93975 -41.0016 -30.0704
      vertex -3.99248 -35.1871 -12.9402
    endloop
  endfacet
  facet normal 0.970055 0.230891 -0.0753848
    outer loop
      vertex -3.96702 -35.2248 -12.7279
      vertex -3.93975 -41.0016 -30.0704
      vertex -3.97858 -35.2112 -12.835
    endloop
  endfacet
  facet normal 0.969988 0.231145 -0.0754694
    outer loop
      vertex -3.93975 -41.0016 -30.0704
      vertex -3.96702 -35.2248 -12.7279
      vertex -3.95791 -35.2278 -12.62
    endloop
  endfacet
  facet normal -0.51404 0.815403 -0.266234
    outer loop
      vertex 2.27784 -36.9652 -10.3493
      vertex 1.93273 -43.3694 -29.2973
      vertex 1.93273 -37.1618 -10.2851
    endloop
  endfacet
  facet normal -0.514214 0.815305 -0.266198
    outer loop
      vertex 1.93273 -43.3694 -29.2973
      vertex 2.27784 -36.9652 -10.3493
      vertex 2.27784 -43.1727 -29.3615
    endloop
  endfacet
  facet normal 0.0016216 -0.310399 -0.950605
    outer loop
      vertex -4.08026 -33.3425 -11.5321
      vertex -4.08026 -34.1066 -11.2826
      vertex -4.1 -33.7245 -11.4074
    endloop
  endfacet
  facet normal -2.03929e-05 -0.310365 -0.950618
    outer loop
      vertex 4.02122 -34.4849 -11.1591
      vertex 3.78791 -35.216 -10.9204
      vertex 1.19017 -37.4542 -10.1896
    endloop
  endfacet
  facet normal -0 -0.310444 -0.950592
    outer loop
      vertex 1.19017 -37.4542 -10.1896
      vertex 0 -37.622 -10.1348
      vertex -1.19017 -37.4542 -10.1896
    endloop
  endfacet
  facet normal 0.000146396 -0.310132 -0.950694
    outer loop
      vertex -1.19017 -37.4542 -10.1896
      vertex -1.93273 -37.1618 -10.2851
      vertex -2.89914 -36.4805 -10.5075
    endloop
  endfacet
  facet normal -5.87187e-06 -0.310481 -0.95058
    outer loop
      vertex 1.19017 -29.9948 -12.6251
      vertex 1.93273 -30.2872 -12.5296
      vertex 0 -29.827 -12.6799
    endloop
  endfacet
  facet normal -0.000115474 -0.310861 -0.950455
    outer loop
      vertex 0.40187 -29.8458 -12.6738
      vertex 0.79987 -29.9019 -12.6555
      vertex 0 -29.827 -12.6799
    endloop
  endfacet
  facet normal 0.672508 -0.703525 0.229751
    outer loop
      vertex -2.60101 -30.929 -13.0565
      vertex -2.60101 -30.7117 -12.3911
      vertex -2.60971 -30.9365 -13.054
    endloop
  endfacet
  facet normal 0.67244 -0.703604 0.229706
    outer loop
      vertex -2.84945 -37.1333 -31.3334
      vertex -2.60101 -31.3014 -14.1972
      vertex -2.62461 -31.3218 -14.1906
    endloop
  endfacet
  facet normal 0.671483 -0.704422 0.229998
    outer loop
      vertex -2.60101 -31.3014 -14.1972
      vertex -2.84945 -37.1333 -31.3334
      vertex -2.60101 -36.9193 -31.4033
    endloop
  endfacet
  facet normal -0.000308301 -0.310853 -0.950458
    outer loop
      vertex -1.19017 -37.4542 -10.1896
      vertex -2.89914 -36.4805 -10.5075
      vertex -3.16934 -36.1971 -10.6001
    endloop
  endfacet
  facet normal 2.03929e-05 -0.310365 -0.950618
    outer loop
      vertex -1.19017 -37.4542 -10.1896
      vertex -3.78791 -35.216 -10.9204
      vertex -4.02122 -34.4849 -11.1591
    endloop
  endfacet
  facet normal 0.941538 0.320267 -0.104569
    outer loop
      vertex -3.90086 -41.1235 -30.0306
      vertex -3.92346 -34.8559 -11.038
      vertex -3.78791 -35.216 -10.9204
    endloop
  endfacet
  facet normal 0.941472 0.320443 -0.104627
    outer loop
      vertex -3.92346 -34.8559 -11.038
      vertex -3.90086 -41.1235 -30.0306
      vertex -3.92346 -41.0635 -30.0502
    endloop
  endfacet
  facet normal 0.970047 -0.230921 0.0753883
    outer loop
      vertex -4.02122 -33.1338 -12.1751
      vertex -3.92346 -32.5931 -11.7768
      vertex -4.02122 -32.9642 -11.6556
    endloop
  endfacet
  facet normal 0.970046 -0.230925 0.0753935
    outer loop
      vertex -4.00858 -33.1031 -12.2437
      vertex -3.92346 -32.5931 -11.7768
      vertex -4.02122 -33.1338 -12.1751
    endloop
  endfacet
  facet normal 0.970035 -0.230967 0.075409
    outer loop
      vertex -3.92346 -32.8104 -12.4422
      vertex -3.99248 -33.0689 -12.3461
      vertex -3.99081 -33.066 -12.3587
    endloop
  endfacet
  facet normal 0.970034 -0.230981 0.0753711
    outer loop
      vertex -3.92346 -32.8104 -12.4422
      vertex -4.00858 -33.1031 -12.2437
      vertex -3.99248 -33.0689 -12.3461
    endloop
  endfacet
  facet normal 0.970038 -0.230948 0.0754209
    outer loop
      vertex -3.92346 -32.5931 -11.7768
      vertex -4.00858 -33.1031 -12.2437
      vertex -3.92346 -32.8104 -12.4422
    endloop
  endfacet
  facet normal 0.970028 -0.230916 0.0756506
    outer loop
      vertex -3.99248 -33.4483 -13.508
      vertex -3.92346 -33.1829 -13.5829
      vertex -3.99081 -33.4385 -13.4995
    endloop
  endfacet
  facet normal 0.97003 -0.230973 0.0754508
    outer loop
      vertex -4.00858 -33.5363 -13.5704
      vertex -3.92346 -33.1829 -13.5829
      vertex -3.99248 -33.4483 -13.508
    endloop
  endfacet
  facet normal 0.970057 -0.230994 0.0750473
    outer loop
      vertex -4.02122 -33.6015 -13.6077
      vertex -3.92346 -33.1829 -13.5829
      vertex -4.00858 -33.5363 -13.5704
    endloop
  endfacet
  facet normal 0.970024 -0.231008 0.0754243
    outer loop
      vertex -4.02122 -33.6015 -13.6077
      vertex -3.92346 -38.8007 -30.789
      vertex -3.92346 -33.1829 -13.5829
    endloop
  endfacet
  facet normal 0.970029 -0.230989 0.0754185
    outer loop
      vertex -3.92346 -38.8007 -30.789
      vertex -4.02122 -33.6015 -13.6077
      vertex -4.02122 -39.1717 -30.6679
    endloop
  endfacet
  facet normal -6.30359e-05 -0.31035 -0.950622
    outer loop
      vertex 4.02122 -32.9642 -11.6556
      vertex 4.08026 -33.3425 -11.5321
      vertex 3.78791 -32.233 -11.8943
    endloop
  endfacet
  facet normal -0.00250953 -0.311055 -0.950389
    outer loop
      vertex 3.92346 -32.5931 -11.7768
      vertex 4.02122 -32.9642 -11.6556
      vertex 3.78791 -32.233 -11.8943
    endloop
  endfacet
  facet normal -8.23349e-05 -0.310146 -0.950689
    outer loop
      vertex -1.93273 -30.2872 -12.5296
      vertex 0 -29.827 -12.6799
      vertex -2.27784 -30.4839 -12.4654
    endloop
  endfacet
  facet normal -0.514214 -0.815336 0.266102
    outer loop
      vertex 1.93273 -30.2872 -12.5296
      vertex 2.27784 -30.7011 -13.1309
      vertex 2.27784 -30.4839 -12.4654
    endloop
  endfacet
  facet normal -0.51404 -0.815399 0.266245
    outer loop
      vertex 2.27784 -30.7011 -13.1309
      vertex 1.93273 -30.2872 -12.5296
      vertex 1.93273 -30.5045 -13.1951
    endloop
  endfacet
  facet normal -0.514214 -0.815305 0.266198
    outer loop
      vertex 1.93273 -30.8769 -14.3358
      vertex 2.27784 -36.6914 -31.4777
      vertex 2.27784 -31.0736 -14.2716
    endloop
  endfacet
  facet normal -0.51404 -0.815403 0.266234
    outer loop
      vertex 2.27784 -36.6914 -31.4777
      vertex 1.93273 -30.8769 -14.3358
      vertex 1.93273 -36.4948 -31.5419
    endloop
  endfacet
  facet normal -0.903963 -0.406508 0.132673
    outer loop
      vertex 3.61588 -32.1045 -12.6727
      vertex 3.78791 -32.233 -11.8943
      vertex 3.61588 -31.8873 -12.0072
    endloop
  endfacet
  facet normal -0.904006 -0.406404 0.132699
    outer loop
      vertex 3.78791 -32.233 -11.8943
      vertex 3.61588 -32.1045 -12.6727
      vertex 3.78791 -32.4503 -12.5598
    endloop
  endfacet
  facet normal -0.903963 -0.406493 0.13272
    outer loop
      vertex 3.61588 -38.0948 -31.0195
      vertex 3.78791 -32.8227 -13.7005
      vertex 3.61588 -32.477 -13.8134
    endloop
  endfacet
  facet normal -0.904006 -0.406405 0.132694
    outer loop
      vertex 3.78791 -32.8227 -13.7005
      vertex 3.61588 -38.0948 -31.0195
      vertex 3.78791 -38.4406 -30.9066
    endloop
  endfacet
  facet normal -0.000269073 -0.310399 -0.950606
    outer loop
      vertex 4.08026 -33.3425 -11.5321
      vertex 4.08026 -34.1066 -11.2826
      vertex 3.78791 -32.233 -11.8943
    endloop
  endfacet
  facet normal -0.000686434 -0.310857 -0.950456
    outer loop
      vertex 3.40903 -31.5592 -12.1144
      vertex 3.78791 -32.233 -11.8943
      vertex 3.16934 -31.252 -12.2147
    endloop
  endfacet
  facet normal 0.000606022 -0.309077 -0.951037
    outer loop
      vertex -1.19017 -37.4542 -10.1896
      vertex -1.569 -37.3254 -10.2317
      vertex -1.93273 -37.1618 -10.2851
    endloop
  endfacet
  facet normal 9.95966e-06 -0.310374 -0.950615
    outer loop
      vertex -2.27784 -30.4839 -12.4654
      vertex -1.19017 -37.4542 -10.1896
      vertex -4.02122 -34.4849 -11.1591
    endloop
  endfacet
  facet normal -0.000460311 -0.310049 -0.950721
    outer loop
      vertex 3.61588 -35.5618 -10.8075
      vertex 3.40903 -35.8899 -10.7004
      vertex 3.16934 -36.1971 -10.6001
    endloop
  endfacet
  facet normal -0.336798 0.895076 -0.292244
    outer loop
      vertex 1.569 -37.3254 -10.2317
      vertex 1.50586 -43.5544 -29.2369
      vertex 1.19017 -37.4542 -10.1896
    endloop
  endfacet
  facet normal -0.337141 0.894959 -0.292205
    outer loop
      vertex 1.50586 -43.5544 -29.2369
      vertex 1.569 -37.3254 -10.2317
      vertex 1.569 -43.5329 -29.2439
    endloop
  endfacet
  facet normal -0.903955 0.406507 -0.132727
    outer loop
      vertex 3.78791 -35.216 -10.9204
      vertex 3.78791 -41.4236 -29.9326
      vertex 3.64455 -41.7117 -29.8386
    endloop
  endfacet
  facet normal -0.969908 0.231448 -0.0755605
    outer loop
      vertex 4.02122 -34.4849 -11.1591
      vertex 4.02122 -34.6545 -11.6786
      vertex 4.01895 -34.6662 -11.6853
    endloop
  endfacet
  facet normal -0.970037 0.23096 -0.0754076
    outer loop
      vertex 3.93975 -41.0016 -30.0704
      vertex 4.02122 -35.1223 -13.1112
      vertex 4.02122 -40.6924 -30.1714
    endloop
  endfacet
  facet normal -0.969935 0.231343 -0.0755411
    outer loop
      vertex 4.02122 -35.1223 -13.1112
      vertex 3.93975 -41.0016 -30.0704
      vertex 4.013 -35.1422 -13.0666
    endloop
  endfacet
  facet normal -0.000135881 -0.310427 -0.950597
    outer loop
      vertex -3.16934 -36.1971 -10.6001
      vertex -3.61588 -35.5618 -10.8075
      vertex -3.78791 -35.216 -10.9204
    endloop
  endfacet
  facet normal 0.00135436 -0.30998 -0.950742
    outer loop
      vertex -3.78791 -35.216 -10.9204
      vertex -3.92346 -34.8559 -11.038
      vertex -4.02122 -34.4849 -11.1591
    endloop
  endfacet
  facet normal 0 -0.310375 -0.950614
    outer loop
      vertex -1.19017 -37.4542 -10.1896
      vertex 2.27784 -30.4839 -12.4654
      vertex 1.19017 -37.4542 -10.1896
    endloop
  endfacet
  facet normal -0 -0.310375 -0.950614
    outer loop
      vertex 2.27784 -30.4839 -12.4654
      vertex -1.19017 -37.4542 -10.1896
      vertex -2.27784 -30.4839 -12.4654
    endloop
  endfacet
  facet normal 6.30359e-05 -0.31035 -0.950622
    outer loop
      vertex -4.02122 -32.9642 -11.6556
      vertex -3.78791 -32.233 -11.8943
      vertex -4.08026 -33.3425 -11.5321
    endloop
  endfacet
  facet normal 0.998856 0.0454519 -0.0148284
    outer loop
      vertex -4.08026 -34.1066 -11.2826
      vertex -4.08026 -34.1925 -11.5459
      vertex -4.08048 -34.1876 -11.5457
    endloop
  endfacet
  facet normal 0.998802 0.046517 -0.0151879
    outer loop
      vertex -4.08026 -40.3141 -30.2949
      vertex -4.08218 -34.7947 -13.5165
      vertex -4.08026 -34.8276 -13.491
    endloop
  endfacet
  facet normal 0.998796 0.0466337 -0.0152263
    outer loop
      vertex -4.08218 -34.7947 -13.5165
      vertex -4.08026 -40.3141 -30.2949
      vertex -4.09671 -39.9957 -30.3988
    endloop
  endfacet
  facet normal -0.42749 -0.859369 0.280602
    outer loop
      vertex 1.569 -30.1237 -12.583
      vertex 1.93273 -30.5045 -13.1951
      vertex 1.93273 -30.2872 -12.5296
    endloop
  endfacet
  facet normal -0.4276 -0.859341 0.280519
    outer loop
      vertex 1.93273 -30.5045 -13.1951
      vertex 1.569 -30.1237 -12.583
      vertex 1.57961 -30.3457 -13.2469
    endloop
  endfacet
  facet normal -0.427396 -0.859415 0.280604
    outer loop
      vertex 1.5978 -30.7264 -14.385
      vertex 1.93273 -36.4948 -31.5419
      vertex 1.93273 -30.8769 -14.3358
    endloop
  endfacet
  facet normal -0.428079 -0.859113 0.280489
    outer loop
      vertex 1.93273 -36.4948 -31.5419
      vertex 1.5978 -30.7264 -14.385
      vertex 1.87211 -36.4675 -31.5508
    endloop
  endfacet
  facet normal 0.00104446 -0.309978 -0.950743
    outer loop
      vertex 3.61588 -31.8873 -12.0072
      vertex 3.78791 -32.233 -11.8943
      vertex 3.40903 -31.5592 -12.1144
    endloop
  endfacet
  facet normal -0.423807 -0.861015 0.28114
    outer loop
      vertex 1.57961 -30.3457 -13.2469
      vertex 1.569 -30.1237 -12.583
      vertex 1.569 -30.341 -13.2485
    endloop
  endfacet
  facet normal -0.428585 -0.858887 0.280406
    outer loop
      vertex 1.569 -30.7134 -14.3892
      vertex 1.87211 -36.4675 -31.5508
      vertex 1.5978 -30.7264 -14.385
    endloop
  endfacet
  facet normal -0.427604 -0.859323 0.280569
    outer loop
      vertex 1.87211 -36.4675 -31.5508
      vertex 1.569 -30.7134 -14.3892
      vertex 1.569 -36.3312 -31.5953
    endloop
  endfacet
  facet normal 0.00021501 -0.311821 -0.950141
    outer loop
      vertex -0.79987 -29.9019 -12.6555
      vertex 0 -29.827 -12.6799
      vertex -1.19017 -29.9948 -12.6251
    endloop
  endfacet
  facet normal -0.998799 -0.0465781 0.0152193
    outer loop
      vertex 4.08431 -33.4978 -11.7416
      vertex 4.08026 -33.3425 -11.5321
      vertex 4.08026 -33.4285 -11.7953
    endloop
  endfacet
  facet normal -0.998793 -0.0466748 0.0152911
    outer loop
      vertex 4.08946 -33.5892 -11.6842
      vertex 4.08026 -33.3425 -11.5321
      vertex 4.08431 -33.4978 -11.7416
    endloop
  endfacet
  facet normal -0.998799 -0.0465575 0.015275
    outer loop
      vertex 4.1 -33.7245 -11.4074
      vertex 4.08946 -33.5892 -11.6842
      vertex 4.0947 -33.6858 -11.636
    endloop
  endfacet
  facet normal -0.998796 -0.04664 0.0152345
    outer loop
      vertex 4.08946 -33.5892 -11.6842
      vertex 4.1 -33.7245 -11.4074
      vertex 4.08026 -33.3425 -11.5321
    endloop
  endfacet
  facet normal -0.998793 -0.0466904 0.0152523
    outer loop
      vertex 4.1 -33.7245 -11.4074
      vertex 4.0947 -33.6858 -11.636
      vertex 4.1 -33.7866 -11.5975
    endloop
  endfacet
  facet normal -0.998801 -0.0465406 0.0151959
    outer loop
      vertex 4.08026 -39.5501 -30.5444
      vertex 4.08431 -34.1512 -13.7429
      vertex 4.08026 -34.0635 -13.7405
    endloop
  endfacet
  facet normal -0.998793 -0.0466847 0.0152422
    outer loop
      vertex 4.08026 -39.5501 -30.5444
      vertex 4.08946 -34.2589 -13.7353
      vertex 4.08431 -34.1512 -13.7429
    endloop
  endfacet
  facet normal -0.998797 -0.0466141 0.0152199
    outer loop
      vertex 4.08026 -39.5501 -30.5444
      vertex 4.0947 -34.3653 -13.7173
      vertex 4.08946 -34.2589 -13.7353
    endloop
  endfacet
  facet normal -0.998794 -0.0466789 0.0152399
    outer loop
      vertex 4.08026 -39.5501 -30.5444
      vertex 4.1 -34.4694 -13.6888
      vertex 4.0947 -34.3653 -13.7173
    endloop
  endfacet
  facet normal -0.998796 -0.0466383 0.0152277
    outer loop
      vertex 4.1 -34.4694 -13.6888
      vertex 4.08026 -39.5501 -30.5444
      vertex 4.1 -39.9321 -30.4196
    endloop
  endfacet
  facet normal -0.0016216 -0.310399 -0.950605
    outer loop
      vertex 4.08026 -33.3425 -11.5321
      vertex 4.1 -33.7245 -11.4074
      vertex 4.08026 -34.1066 -11.2826
    endloop
  endfacet
  facet normal 0.336798 0.895076 -0.292244
    outer loop
      vertex -1.50586 -43.5544 -29.2369
      vertex -1.569 -37.3254 -10.2317
      vertex -1.19017 -37.4542 -10.1896
    endloop
  endfacet
  facet normal 0.337141 0.894959 -0.292205
    outer loop
      vertex -1.569 -37.3254 -10.2317
      vertex -1.50586 -43.5544 -29.2369
      vertex -1.569 -43.5329 -29.2439
    endloop
  endfacet
  facet normal 0.000715742 -0.307063 -0.951689
    outer loop
      vertex -0.40187 -37.6033 -10.1409
      vertex -0.79987 -37.5472 -10.1593
      vertex -1.19017 -37.4542 -10.1896
    endloop
  endfacet
  facet normal -2.48273e-05 -0.310603 -0.95054
    outer loop
      vertex 0 -37.622 -10.1348
      vertex -0.40187 -37.6033 -10.1409
      vertex -1.19017 -37.4542 -10.1896
    endloop
  endfacet
  facet normal 0.427683 0.859287 -0.280558
    outer loop
      vertex -1.569 -43.5329 -29.2439
      vertex -1.93273 -37.1618 -10.2851
      vertex -1.569 -37.3254 -10.2317
    endloop
  endfacet
  facet normal 0.427455 0.859388 -0.280596
    outer loop
      vertex -1.60438 -43.517 -29.2491
      vertex -1.93273 -37.1618 -10.2851
      vertex -1.569 -43.5329 -29.2439
    endloop
  endfacet
  facet normal 0.427494 0.859371 -0.28059
    outer loop
      vertex -1.93273 -37.1618 -10.2851
      vertex -1.60438 -43.517 -29.2491
      vertex -1.93273 -43.3694 -29.2973
    endloop
  endfacet
  facet normal 0.51404 0.815403 -0.266234
    outer loop
      vertex -1.93273 -43.3694 -29.2973
      vertex -2.27784 -36.9652 -10.3493
      vertex -1.93273 -37.1618 -10.2851
    endloop
  endfacet
  facet normal 0.514214 0.815305 -0.266198
    outer loop
      vertex -2.27784 -36.9652 -10.3493
      vertex -1.93273 -43.3694 -29.2973
      vertex -2.27784 -43.1727 -29.3615
    endloop
  endfacet
  facet normal -0.0492325 0.94946 -0.310003
    outer loop
      vertex 0 -37.622 -10.1348
      vertex 0.334891 -43.8139 -29.1522
      vertex 0 -43.8296 -29.1471
    endloop
  endfacet
  facet normal 0.0492325 0.94946 -0.310003
    outer loop
      vertex 0 -37.622 -10.1348
      vertex 0 -43.8296 -29.1471
      vertex -0.334891 -43.8139 -29.1522
    endloop
  endfacet
  facet normal -0.242865 0.922152 -0.301087
    outer loop
      vertex 1.19017 -37.4542 -10.1896
      vertex 1.19017 -43.6618 -29.2019
      vertex 0.864919 -43.7392 -29.1766
    endloop
  endfacet
  facet normal -0.243089 0.922099 -0.301066
    outer loop
      vertex 1.19017 -37.4542 -10.1896
      vertex 0.79987 -43.7547 -29.1715
      vertex 0.79987 -37.5472 -10.1593
    endloop
  endfacet
  facet normal -0.24331 0.922048 -0.301045
    outer loop
      vertex 0.79987 -43.7547 -29.1715
      vertex 1.19017 -37.4542 -10.1896
      vertex 0.864919 -43.7392 -29.1766
    endloop
  endfacet
  facet normal -0.740979 0.638364 -0.208426
    outer loop
      vertex 3.16934 -42.4046 -29.6123
      vertex 2.89914 -36.4805 -10.5075
      vertex 3.16934 -36.1971 -10.6001
    endloop
  endfacet
  facet normal -0.740944 0.638401 -0.208437
    outer loop
      vertex 2.89914 -36.4805 -10.5075
      vertex 3.16934 -42.4046 -29.6123
      vertex 2.89914 -42.688 -29.5198
    endloop
  endfacet
  facet normal -0.989249 0.139027 -0.0453568
    outer loop
      vertex 4.07743 -34.2128 -11.5464
      vertex 4.08026 -34.1066 -11.2826
      vertex 4.08026 -34.1925 -11.5459
    endloop
  endfacet
  facet normal -0.989149 0.139656 -0.045611
    outer loop
      vertex 4.06295 -34.3198 -11.56
      vertex 4.08026 -34.1066 -11.2826
      vertex 4.07743 -34.2128 -11.5464
    endloop
  endfacet
  facet normal -0.989192 0.139367 -0.0455713
    outer loop
      vertex 4.02122 -34.4849 -11.1591
      vertex 4.06295 -34.3198 -11.56
      vertex 4.04922 -34.4251 -11.584
    endloop
  endfacet
  facet normal -0.989173 0.139521 -0.0455058
    outer loop
      vertex 4.06295 -34.3198 -11.56
      vertex 4.02122 -34.4849 -11.1591
      vertex 4.08026 -34.1066 -11.2826
    endloop
  endfacet
  facet normal -0.989181 0.139444 -0.0455598
    outer loop
      vertex 4.03636 -34.5275 -11.6182
      vertex 4.02122 -34.4849 -11.1591
      vertex 4.04922 -34.4251 -11.584
    endloop
  endfacet
  facet normal -0.989158 0.139605 -0.045574
    outer loop
      vertex 4.02449 -34.626 -11.6623
      vertex 4.02122 -34.4849 -11.1591
      vertex 4.03636 -34.5275 -11.6182
    endloop
  endfacet
  facet normal -0.989166 0.13955 -0.0455586
    outer loop
      vertex 4.02122 -34.4849 -11.1591
      vertex 4.02449 -34.626 -11.6623
      vertex 4.02122 -34.6545 -11.6786
    endloop
  endfacet
  facet normal -0.989173 0.139507 -0.0455492
    outer loop
      vertex 4.02122 -40.6924 -30.1714
      vertex 4.08026 -34.8276 -13.491
      vertex 4.08026 -40.3141 -30.2949
    endloop
  endfacet
  facet normal -0.989155 0.139624 -0.0455905
    outer loop
      vertex 4.08026 -34.8276 -13.491
      vertex 4.02122 -40.6924 -30.1714
      vertex 4.07743 -34.8436 -13.4786
    endloop
  endfacet
  facet normal -0.989164 0.139564 -0.0455695
    outer loop
      vertex 4.07743 -34.8436 -13.4786
      vertex 4.02122 -40.6924 -30.1714
      vertex 4.06295 -34.922 -13.4044
    endloop
  endfacet
  facet normal -0.989185 0.139427 -0.0455223
    outer loop
      vertex 4.06295 -34.922 -13.4044
      vertex 4.02122 -40.6924 -30.1714
      vertex 4.04922 -34.9928 -13.3229
    endloop
  endfacet
  facet normal -0.989184 0.139435 -0.045525
    outer loop
      vertex 4.04922 -34.9928 -13.3229
      vertex 4.02122 -40.6924 -30.1714
      vertex 4.03636 -35.0553 -13.2349
    endloop
  endfacet
  facet normal -0.989163 0.139569 -0.0455696
    outer loop
      vertex 4.03636 -35.0553 -13.2349
      vertex 4.02122 -40.6924 -30.1714
      vertex 4.02449 -35.1088 -13.1411
    endloop
  endfacet
  facet normal -0.989243 0.139059 -0.0454023
    outer loop
      vertex 4.02449 -35.1088 -13.1411
      vertex 4.02122 -40.6924 -30.1714
      vertex 4.02122 -35.1223 -13.1112
    endloop
  endfacet
  facet normal 0.00149339 -0.308548 -0.951208
    outer loop
      vertex -2.27784 -36.9652 -10.3493
      vertex -2.60101 -36.7374 -10.4237
      vertex -2.89914 -36.4805 -10.5075
    endloop
  endfacet
  facet normal 0.595639 0.763582 -0.24931
    outer loop
      vertex -2.27784 -43.1727 -29.3615
      vertex -2.60101 -36.7374 -10.4237
      vertex -2.27784 -36.9652 -10.3493
    endloop
  endfacet
  facet normal 0.595639 0.763582 -0.24931
    outer loop
      vertex -2.60101 -36.7374 -10.4237
      vertex -2.27784 -43.1727 -29.3615
      vertex -2.60101 -42.9449 -29.4359
    endloop
  endfacet
  facet normal 0.941552 0.320232 -0.104558
    outer loop
      vertex -3.78791 -35.216 -10.9204
      vertex -3.78791 -41.4236 -29.9326
      vertex -3.90086 -41.1235 -30.0306
    endloop
  endfacet
  facet normal 0.803185 0.566309 -0.1849
    outer loop
      vertex -3.16934 -36.1971 -10.6001
      vertex -3.40903 -42.0974 -29.7126
      vertex -3.40903 -35.8899 -10.7004
    endloop
  endfacet
  facet normal 0.803185 0.566309 -0.1849
    outer loop
      vertex -3.40903 -42.0974 -29.7126
      vertex -3.16934 -36.1971 -10.6001
      vertex -3.16934 -42.4046 -29.6123
    endloop
  endfacet
  facet normal 0.671577 0.704343 -0.229969
    outer loop
      vertex -2.60101 -42.9449 -29.4359
      vertex -2.89914 -36.4805 -10.5075
      vertex -2.60101 -36.7374 -10.4237
    endloop
  endfacet
  facet normal 0.671619 0.704307 -0.229956
    outer loop
      vertex -2.89914 -36.4805 -10.5075
      vertex -2.60101 -42.9449 -29.4359
      vertex -2.89914 -42.688 -29.5198
    endloop
  endfacet
  facet normal -0.000130291 -0.31036 -0.950619
    outer loop
      vertex -3.16934 -31.252 -12.2147
      vertex -4.02122 -34.4849 -11.1591
      vertex -4.08026 -34.1066 -11.2826
    endloop
  endfacet
  facet normal 0.000135831 -0.310423 -0.950598
    outer loop
      vertex -3.16934 -31.252 -12.2147
      vertex -2.27784 -30.4839 -12.4654
      vertex -4.02122 -34.4849 -11.1591
    endloop
  endfacet
  facet normal 0.903963 -0.406508 0.132673
    outer loop
      vertex -3.78791 -32.233 -11.8943
      vertex -3.61588 -32.1045 -12.6727
      vertex -3.61588 -31.8873 -12.0072
    endloop
  endfacet
  facet normal 0.904006 -0.406404 0.132699
    outer loop
      vertex -3.61588 -32.1045 -12.6727
      vertex -3.78791 -32.233 -11.8943
      vertex -3.78791 -32.4503 -12.5598
    endloop
  endfacet
  facet normal 0.903963 -0.406493 0.13272
    outer loop
      vertex -3.78791 -32.8227 -13.7005
      vertex -3.61588 -38.0948 -31.0195
      vertex -3.61588 -32.477 -13.8134
    endloop
  endfacet
  facet normal 0.904006 -0.406405 0.132694
    outer loop
      vertex -3.61588 -38.0948 -31.0195
      vertex -3.78791 -32.8227 -13.7005
      vertex -3.78791 -38.4406 -30.9066
    endloop
  endfacet
  facet normal 0.969908 0.231448 -0.0755605
    outer loop
      vertex -4.02122 -34.4849 -11.1591
      vertex -4.01895 -34.6662 -11.6853
      vertex -4.02122 -34.6545 -11.6786
    endloop
  endfacet
  facet normal 0.969935 0.231343 -0.0755411
    outer loop
      vertex -3.93975 -41.0016 -30.0704
      vertex -4.02122 -35.1223 -13.1112
      vertex -4.013 -35.1422 -13.0666
    endloop
  endfacet
  facet normal 0.970037 0.23096 -0.0754076
    outer loop
      vertex -4.02122 -35.1223 -13.1112
      vertex -3.93975 -41.0016 -30.0704
      vertex -4.02122 -40.6924 -30.1714
    endloop
  endfacet
  facet normal 5.87187e-06 -0.310481 -0.95058
    outer loop
      vertex -1.19017 -29.9948 -12.6251
      vertex 0 -29.827 -12.6799
      vertex -1.93273 -30.2872 -12.5296
    endloop
  endfacet
  facet normal 0.599289 -0.760981 0.248514
    outer loop
      vertex -2.59159 -30.9223 -13.0587
      vertex -2.60101 -30.7117 -12.3911
      vertex -2.60101 -30.929 -13.0565
    endloop
  endfacet
  facet normal 0.595108 -0.763955 0.249436
    outer loop
      vertex -2.60101 -36.9193 -31.4033
      vertex -2.57543 -31.2834 -14.2031
      vertex -2.60101 -31.3014 -14.1972
    endloop
  endfacet
  facet normal 0.595759 -0.763497 0.249285
    outer loop
      vertex -2.57543 -31.2834 -14.2031
      vertex -2.60101 -36.9193 -31.4033
      vertex -2.3317 -36.7294 -31.4653
    endloop
  endfacet
  facet normal 0.59559 -0.763626 0.249296
    outer loop
      vertex -2.59159 -30.9223 -13.0587
      vertex -2.27784 -30.4839 -12.4654
      vertex -2.60101 -30.7117 -12.3911
    endloop
  endfacet
  facet normal 0.595686 -0.763579 0.24921
    outer loop
      vertex -2.27784 -30.4839 -12.4654
      vertex -2.59159 -30.9223 -13.0587
      vertex -2.27784 -30.7011 -13.1309
    endloop
  endfacet
  facet normal 0.595685 -0.76355 0.249301
    outer loop
      vertex -2.3317 -36.7294 -31.4653
      vertex -2.27784 -31.0736 -14.2716
      vertex -2.57543 -31.2834 -14.2031
    endloop
  endfacet
  facet normal 0.595956 -0.763359 0.249237
    outer loop
      vertex -2.27784 -31.0736 -14.2716
      vertex -2.3317 -36.7294 -31.4653
      vertex -2.27784 -36.6914 -31.4777
    endloop
  endfacet
  facet normal -0.00021501 -0.311821 -0.950141
    outer loop
      vertex 0.79987 -29.9019 -12.6555
      vertex 1.19017 -29.9948 -12.6251
      vertex 0 -29.827 -12.6799
    endloop
  endfacet
  facet normal 0 -0.310404 -0.950605
    outer loop
      vertex 0 -29.827 -12.6799
      vertex 2.27784 -30.4839 -12.4654
      vertex -2.27784 -30.4839 -12.4654
    endloop
  endfacet
  facet normal 5.6831e-06 -0.310455 -0.950588
    outer loop
      vertex 1.569 -30.1237 -12.583
      vertex 1.93273 -30.2872 -12.5296
      vertex 1.19017 -29.9948 -12.6251
    endloop
  endfacet
  facet normal -0.0491228 -0.949489 0.309932
    outer loop
      vertex 0 -29.827 -12.6799
      vertex 0.40187 -30.063 -13.3392
      vertex 0.40187 -29.8458 -12.6738
    endloop
  endfacet
  facet normal -0.0488871 -0.949458 0.310065
    outer loop
      vertex 0.40187 -30.063 -13.3392
      vertex 0 -29.827 -12.6799
      vertex 0 -30.0443 -13.3453
    endloop
  endfacet
  facet normal 0.000243871 -0.310327 -0.95063
    outer loop
      vertex 3.78791 -32.233 -11.8943
      vertex 4.08026 -34.1066 -11.2826
      vertex 3.16934 -31.252 -12.2147
    endloop
  endfacet
  facet normal -0.800838 -0.569319 0.185837
    outer loop
      vertex 3.40903 -31.7764 -12.7798
      vertex 3.40903 -31.5592 -12.1144
      vertex 3.40203 -31.7675 -12.7827
    endloop
  endfacet
  facet normal -0.803193 -0.566299 0.184897
    outer loop
      vertex 3.40903 -37.7667 -31.1266
      vertex 3.39005 -32.1246 -13.9285
      vertex 3.20929 -37.5107 -31.2102
    endloop
  endfacet
  facet normal -0.803111 -0.566403 0.184931
    outer loop
      vertex 3.39005 -32.1246 -13.9285
      vertex 3.40903 -37.7667 -31.1266
      vertex 3.40903 -32.1489 -13.9205
    endloop
  endfacet
  facet normal -0.803255 -0.566232 0.18483
    outer loop
      vertex 3.40203 -31.7675 -12.7827
      vertex 3.16934 -31.252 -12.2147
      vertex 3.16934 -31.4692 -12.8801
    endloop
  endfacet
  facet normal -0.803185 -0.566302 0.184921
    outer loop
      vertex 3.16934 -31.252 -12.2147
      vertex 3.40203 -31.7675 -12.7827
      vertex 3.40903 -31.5592 -12.1144
    endloop
  endfacet
  facet normal -0.803146 -0.566359 0.184916
    outer loop
      vertex 3.20929 -37.5107 -31.2102
      vertex 3.16934 -31.8417 -14.0208
      vertex 3.16934 -37.4595 -31.2269
    endloop
  endfacet
  facet normal -0.803192 -0.566301 0.184897
    outer loop
      vertex 3.16934 -31.8417 -14.0208
      vertex 3.20929 -37.5107 -31.2102
      vertex 3.39005 -32.1246 -13.9285
    endloop
  endfacet
  facet normal -0.989151 -0.139652 0.0455917
    outer loop
      vertex 4.02449 -33.1472 -12.1452
      vertex 4.02122 -32.9642 -11.6556
      vertex 4.02122 -33.1338 -12.1751
    endloop
  endfacet
  facet normal -0.989162 -0.139578 0.0455642
    outer loop
      vertex 4.03636 -33.2007 -12.0514
      vertex 4.02122 -32.9642 -11.6556
      vertex 4.02449 -33.1472 -12.1452
    endloop
  endfacet
  facet normal -0.98918 -0.139471 0.0454993
    outer loop
      vertex 4.04922 -33.2632 -11.9634
      vertex 4.02122 -32.9642 -11.6556
      vertex 4.03636 -33.2007 -12.0514
    endloop
  endfacet
  facet normal -0.989182 -0.139462 0.0454911
    outer loop
      vertex 4.06295 -33.334 -11.8819
      vertex 4.02122 -32.9642 -11.6556
      vertex 4.04922 -33.2632 -11.9634
    endloop
  endfacet
  facet normal -0.989173 -0.139503 0.0455598
    outer loop
      vertex 4.06295 -33.334 -11.8819
      vertex 4.08026 -33.3425 -11.5321
      vertex 4.02122 -32.9642 -11.6556
    endloop
  endfacet
  facet normal -0.989163 -0.139575 0.0455575
    outer loop
      vertex 4.07743 -33.4124 -11.8077
      vertex 4.08026 -33.3425 -11.5321
      vertex 4.06295 -33.334 -11.8819
    endloop
  endfacet
  facet normal -0.989262 -0.138927 0.0453941
    outer loop
      vertex 4.08026 -33.3425 -11.5321
      vertex 4.07743 -33.4124 -11.8077
      vertex 4.08026 -33.4285 -11.7953
    endloop
  endfacet
  facet normal -0.989166 -0.139553 0.0455646
    outer loop
      vertex 4.02122 -39.1717 -30.6679
      vertex 4.02449 -33.63 -13.624
      vertex 4.02122 -33.6015 -13.6077
    endloop
  endfacet
  facet normal -0.989182 -0.139447 0.0455299
    outer loop
      vertex 4.02122 -39.1717 -30.6679
      vertex 4.03636 -33.7286 -13.6681
      vertex 4.02449 -33.63 -13.624
    endloop
  endfacet
  facet normal -0.989161 -0.139582 0.0455731
    outer loop
      vertex 4.02122 -39.1717 -30.6679
      vertex 4.04922 -33.8309 -13.7023
      vertex 4.03636 -33.7286 -13.6681
    endloop
  endfacet
  facet normal -0.989197 -0.139351 0.0455006
    outer loop
      vertex 4.02122 -39.1717 -30.6679
      vertex 4.06295 -33.9362 -13.7263
      vertex 4.04922 -33.8309 -13.7023
    endloop
  endfacet
  facet normal -0.989171 -0.139521 0.045553
    outer loop
      vertex 4.02122 -39.1717 -30.6679
      vertex 4.07743 -34.0433 -13.7399
      vertex 4.06295 -33.9362 -13.7263
    endloop
  endfacet
  facet normal -0.989107 -0.13993 0.0456766
    outer loop
      vertex 4.02122 -39.1717 -30.6679
      vertex 4.08026 -34.0635 -13.7405
      vertex 4.07743 -34.0433 -13.7399
    endloop
  endfacet
  facet normal -0.989178 -0.139474 0.0455393
    outer loop
      vertex 4.08026 -34.0635 -13.7405
      vertex 4.02122 -39.1717 -30.6679
      vertex 4.08026 -39.5501 -30.5444
    endloop
  endfacet
  facet normal -0.146737 0.940324 -0.307015
    outer loop
      vertex 0.79987 -37.5472 -10.1593
      vertex 0.40187 -43.8108 -29.1532
      vertex 0.40187 -37.6033 -10.1409
    endloop
  endfacet
  facet normal -0.146661 0.940335 -0.30702
    outer loop
      vertex 0.40187 -43.8108 -29.1532
      vertex 0.79987 -37.5472 -10.1593
      vertex 0.79987 -43.7547 -29.1715
    endloop
  endfacet
  facet normal -0.0488871 0.949478 -0.310003
    outer loop
      vertex 0.40187 -37.6033 -10.1409
      vertex 0.334891 -43.8139 -29.1522
      vertex 0 -37.622 -10.1348
    endloop
  endfacet
  facet normal -0.0485739 0.949492 -0.310008
    outer loop
      vertex 0.334891 -43.8139 -29.1522
      vertex 0.40187 -37.6033 -10.1409
      vertex 0.40187 -43.8108 -29.1532
    endloop
  endfacet
  facet normal -0.427683 0.859287 -0.280558
    outer loop
      vertex 1.93273 -37.1618 -10.2851
      vertex 1.569 -43.5329 -29.2439
      vertex 1.569 -37.3254 -10.2317
    endloop
  endfacet
  facet normal -0.427455 0.859388 -0.280596
    outer loop
      vertex 1.93273 -37.1618 -10.2851
      vertex 1.60438 -43.517 -29.2491
      vertex 1.569 -43.5329 -29.2439
    endloop
  endfacet
  facet normal -0.427494 0.859371 -0.28059
    outer loop
      vertex 1.60438 -43.517 -29.2491
      vertex 1.93273 -37.1618 -10.2851
      vertex 1.93273 -43.3694 -29.2973
    endloop
  endfacet
  facet normal -0.904006 0.406406 -0.132692
    outer loop
      vertex 3.64455 -41.7117 -29.8386
      vertex 3.61588 -35.5618 -10.8075
      vertex 3.78791 -35.216 -10.9204
    endloop
  endfacet
  facet normal -0.904174 0.406068 -0.132583
    outer loop
      vertex 3.61588 -35.5618 -10.8075
      vertex 3.64455 -41.7117 -29.8386
      vertex 3.61588 -41.7694 -29.8198
    endloop
  endfacet
  facet normal 0.000308301 -0.310853 -0.950458
    outer loop
      vertex 3.16934 -36.1971 -10.6001
      vertex 2.89914 -36.4805 -10.5075
      vertex 1.19017 -37.4542 -10.1896
    endloop
  endfacet
  facet normal 0.242865 0.922152 -0.301087
    outer loop
      vertex -1.19017 -37.4542 -10.1896
      vertex -0.864919 -43.7392 -29.1766
      vertex -1.19017 -43.6618 -29.2019
    endloop
  endfacet
  facet normal 0.336899 0.895041 -0.292235
    outer loop
      vertex -1.19017 -37.4542 -10.1896
      vertex -1.19017 -43.6618 -29.2019
      vertex -1.50586 -43.5544 -29.2369
    endloop
  endfacet
  facet normal 0.000329092 -0.309898 -0.95077
    outer loop
      vertex -1.93273 -37.1618 -10.2851
      vertex -2.27784 -36.9652 -10.3493
      vertex -2.89914 -36.4805 -10.5075
    endloop
  endfacet
  facet normal 0.000460311 -0.310049 -0.950721
    outer loop
      vertex -3.16934 -36.1971 -10.6001
      vertex -3.40903 -35.8899 -10.7004
      vertex -3.61588 -35.5618 -10.8075
    endloop
  endfacet
  facet normal 7.54689e-05 -0.310307 -0.950636
    outer loop
      vertex -1.19017 -37.4542 -10.1896
      vertex -3.16934 -36.1971 -10.6001
      vertex -3.78791 -35.216 -10.9204
    endloop
  endfacet
  facet normal 0.00250953 -0.311055 -0.950389
    outer loop
      vertex -3.92346 -32.5931 -11.7768
      vertex -3.78791 -32.233 -11.8943
      vertex -4.02122 -32.9642 -11.6556
    endloop
  endfacet
  facet normal 0.989151 -0.139652 0.0455917
    outer loop
      vertex -4.02122 -32.9642 -11.6556
      vertex -4.02449 -33.1472 -12.1452
      vertex -4.02122 -33.1338 -12.1751
    endloop
  endfacet
  facet normal 0.989162 -0.139578 0.0455642
    outer loop
      vertex -4.02122 -32.9642 -11.6556
      vertex -4.03636 -33.2007 -12.0514
      vertex -4.02449 -33.1472 -12.1452
    endloop
  endfacet
  facet normal 0.98918 -0.139471 0.0454993
    outer loop
      vertex -4.02122 -32.9642 -11.6556
      vertex -4.04922 -33.2632 -11.9634
      vertex -4.03636 -33.2007 -12.0514
    endloop
  endfacet
  facet normal 0.989182 -0.139462 0.0454911
    outer loop
      vertex -4.02122 -32.9642 -11.6556
      vertex -4.06295 -33.334 -11.8819
      vertex -4.04922 -33.2632 -11.9634
    endloop
  endfacet
  facet normal 0.989173 -0.139503 0.0455598
    outer loop
      vertex -4.08026 -33.3425 -11.5321
      vertex -4.06295 -33.334 -11.8819
      vertex -4.02122 -32.9642 -11.6556
    endloop
  endfacet
  facet normal 0.989163 -0.139575 0.0455575
    outer loop
      vertex -4.08026 -33.3425 -11.5321
      vertex -4.07743 -33.4124 -11.8077
      vertex -4.06295 -33.334 -11.8819
    endloop
  endfacet
  facet normal 0.989262 -0.138927 0.0453941
    outer loop
      vertex -4.07743 -33.4124 -11.8077
      vertex -4.08026 -33.3425 -11.5321
      vertex -4.08026 -33.4285 -11.7953
    endloop
  endfacet
  facet normal 0.989166 -0.139553 0.0455646
    outer loop
      vertex -4.02449 -33.63 -13.624
      vertex -4.02122 -39.1717 -30.6679
      vertex -4.02122 -33.6015 -13.6077
    endloop
  endfacet
  facet normal 0.989182 -0.139447 0.0455299
    outer loop
      vertex -4.03636 -33.7286 -13.6681
      vertex -4.02122 -39.1717 -30.6679
      vertex -4.02449 -33.63 -13.624
    endloop
  endfacet
  facet normal 0.989161 -0.139582 0.0455731
    outer loop
      vertex -4.04922 -33.8309 -13.7023
      vertex -4.02122 -39.1717 -30.6679
      vertex -4.03636 -33.7286 -13.6681
    endloop
  endfacet
  facet normal 0.989197 -0.139351 0.0455006
    outer loop
      vertex -4.06295 -33.9362 -13.7263
      vertex -4.02122 -39.1717 -30.6679
      vertex -4.04922 -33.8309 -13.7023
    endloop
  endfacet
  facet normal 0.989171 -0.139521 0.045553
    outer loop
      vertex -4.07743 -34.0433 -13.7399
      vertex -4.02122 -39.1717 -30.6679
      vertex -4.06295 -33.9362 -13.7263
    endloop
  endfacet
  facet normal 0.989107 -0.13993 0.0456766
    outer loop
      vertex -4.08026 -34.0635 -13.7405
      vertex -4.02122 -39.1717 -30.6679
      vertex -4.07743 -34.0433 -13.7399
    endloop
  endfacet
  facet normal 0.989178 -0.139474 0.0455393
    outer loop
      vertex -4.02122 -39.1717 -30.6679
      vertex -4.08026 -34.0635 -13.7405
      vertex -4.08026 -39.5501 -30.5444
    endloop
  endfacet
  facet normal 0.740944 -0.638415 0.208392
    outer loop
      vertex -3.16934 -31.252 -12.2147
      vertex -2.89914 -31.1858 -12.9726
      vertex -2.89914 -30.9686 -12.3072
    endloop
  endfacet
  facet normal 0.740944 -0.638415 0.208392
    outer loop
      vertex -2.89914 -31.1858 -12.9726
      vertex -3.16934 -31.252 -12.2147
      vertex -3.16934 -31.4692 -12.8801
    endloop
  endfacet
  facet normal 0.740979 -0.638364 0.208426
    outer loop
      vertex -3.16934 -31.8417 -14.0208
      vertex -2.89914 -37.1761 -31.3195
      vertex -2.89914 -31.5583 -14.1134
    endloop
  endfacet
  facet normal 0.740979 -0.638364 0.208426
    outer loop
      vertex -2.89914 -37.1761 -31.3195
      vertex -3.16934 -31.8417 -14.0208
      vertex -3.16934 -37.4595 -31.2269
    endloop
  endfacet
  facet normal 0.989249 0.139027 -0.0453568
    outer loop
      vertex -4.08026 -34.1066 -11.2826
      vertex -4.07743 -34.2128 -11.5464
      vertex -4.08026 -34.1925 -11.5459
    endloop
  endfacet
  facet normal 0.989149 0.139656 -0.045611
    outer loop
      vertex -4.08026 -34.1066 -11.2826
      vertex -4.06295 -34.3198 -11.56
      vertex -4.07743 -34.2128 -11.5464
    endloop
  endfacet
  facet normal 0.989173 0.139521 -0.0455058
    outer loop
      vertex -4.02122 -34.4849 -11.1591
      vertex -4.06295 -34.3198 -11.56
      vertex -4.08026 -34.1066 -11.2826
    endloop
  endfacet
  facet normal 0.989192 0.139367 -0.0455713
    outer loop
      vertex -4.06295 -34.3198 -11.56
      vertex -4.02122 -34.4849 -11.1591
      vertex -4.04922 -34.4251 -11.584
    endloop
  endfacet
  facet normal 0.989181 0.139444 -0.0455598
    outer loop
      vertex -4.02122 -34.4849 -11.1591
      vertex -4.03636 -34.5275 -11.6182
      vertex -4.04922 -34.4251 -11.584
    endloop
  endfacet
  facet normal 0.989158 0.139605 -0.045574
    outer loop
      vertex -4.02122 -34.4849 -11.1591
      vertex -4.02449 -34.626 -11.6623
      vertex -4.03636 -34.5275 -11.6182
    endloop
  endfacet
  facet normal 0.989166 0.13955 -0.0455586
    outer loop
      vertex -4.02449 -34.626 -11.6623
      vertex -4.02122 -34.4849 -11.1591
      vertex -4.02122 -34.6545 -11.6786
    endloop
  endfacet
  facet normal 0.989155 0.139624 -0.0455905
    outer loop
      vertex -4.02122 -40.6924 -30.1714
      vertex -4.08026 -34.8276 -13.491
      vertex -4.07743 -34.8436 -13.4786
    endloop
  endfacet
  facet normal 0.989164 0.139564 -0.0455695
    outer loop
      vertex -4.02122 -40.6924 -30.1714
      vertex -4.07743 -34.8436 -13.4786
      vertex -4.06295 -34.922 -13.4044
    endloop
  endfacet
  facet normal 0.989185 0.139427 -0.0455223
    outer loop
      vertex -4.02122 -40.6924 -30.1714
      vertex -4.06295 -34.922 -13.4044
      vertex -4.04922 -34.9928 -13.3229
    endloop
  endfacet
  facet normal 0.989184 0.139435 -0.045525
    outer loop
      vertex -4.02122 -40.6924 -30.1714
      vertex -4.04922 -34.9928 -13.3229
      vertex -4.03636 -35.0553 -13.2349
    endloop
  endfacet
  facet normal 0.989163 0.139569 -0.0455696
    outer loop
      vertex -4.02122 -40.6924 -30.1714
      vertex -4.03636 -35.0553 -13.2349
      vertex -4.02449 -35.1088 -13.1411
    endloop
  endfacet
  facet normal 0.989243 0.139059 -0.0454023
    outer loop
      vertex -4.02122 -40.6924 -30.1714
      vertex -4.02449 -35.1088 -13.1411
      vertex -4.02122 -35.1223 -13.1112
    endloop
  endfacet
  facet normal 0.989173 0.139507 -0.0455492
    outer loop
      vertex -4.08026 -34.8276 -13.491
      vertex -4.02122 -40.6924 -30.1714
      vertex -4.08026 -40.3141 -30.2949
    endloop
  endfacet
  facet normal 0.42749 -0.859369 0.280602
    outer loop
      vertex -1.93273 -30.5045 -13.1951
      vertex -1.569 -30.1237 -12.583
      vertex -1.93273 -30.2872 -12.5296
    endloop
  endfacet
  facet normal 0.4276 -0.859341 0.280519
    outer loop
      vertex -1.569 -30.1237 -12.583
      vertex -1.93273 -30.5045 -13.1951
      vertex -1.57961 -30.3457 -13.2469
    endloop
  endfacet
  facet normal 0.427396 -0.859415 0.280604
    outer loop
      vertex -1.93273 -36.4948 -31.5419
      vertex -1.5978 -30.7264 -14.385
      vertex -1.93273 -30.8769 -14.3358
    endloop
  endfacet
  facet normal 0.428079 -0.859113 0.280489
    outer loop
      vertex -1.5978 -30.7264 -14.385
      vertex -1.93273 -36.4948 -31.5419
      vertex -1.87211 -36.4675 -31.5508
    endloop
  endfacet
  facet normal 0.000115474 -0.310861 -0.950455
    outer loop
      vertex -0.40187 -29.8458 -12.6738
      vertex 0 -29.827 -12.6799
      vertex -0.79987 -29.9019 -12.6555
    endloop
  endfacet
  facet normal -5.6831e-06 -0.310455 -0.950588
    outer loop
      vertex -1.569 -30.1237 -12.583
      vertex -1.19017 -29.9948 -12.6251
      vertex -1.93273 -30.2872 -12.5296
    endloop
  endfacet
  facet normal 0.514214 -0.815336 0.266102
    outer loop
      vertex -2.27784 -30.7011 -13.1309
      vertex -1.93273 -30.2872 -12.5296
      vertex -2.27784 -30.4839 -12.4654
    endloop
  endfacet
  facet normal 0.51404 -0.815399 0.266245
    outer loop
      vertex -1.93273 -30.2872 -12.5296
      vertex -2.27784 -30.7011 -13.1309
      vertex -1.93273 -30.5045 -13.1951
    endloop
  endfacet
  facet normal 0.514214 -0.815305 0.266198
    outer loop
      vertex -2.27784 -36.6914 -31.4777
      vertex -1.93273 -30.8769 -14.3358
      vertex -2.27784 -31.0736 -14.2716
    endloop
  endfacet
  facet normal 0.51404 -0.815403 0.266234
    outer loop
      vertex -1.93273 -30.8769 -14.3358
      vertex -2.27784 -36.6914 -31.4777
      vertex -1.93273 -36.4948 -31.5419
    endloop
  endfacet
  facet normal -0.242939 -0.922116 0.301136
    outer loop
      vertex 0.79987 -29.9019 -12.6555
      vertex 1.19017 -30.2121 -13.2905
      vertex 1.19017 -29.9948 -12.6251
    endloop
  endfacet
  facet normal -0.242939 -0.922116 0.301136
    outer loop
      vertex 1.19017 -30.2121 -13.2905
      vertex 0.79987 -29.9019 -12.6555
      vertex 0.79987 -30.1192 -13.3209
    endloop
  endfacet
  facet normal -0.243227 -0.922066 0.301055
    outer loop
      vertex 1.1 -30.5631 -14.4383
      vertex 1.19017 -36.2024 -31.6374
      vertex 1.19017 -30.5846 -14.4313
    endloop
  endfacet
  facet normal -0.243227 -0.922066 0.301055
    outer loop
      vertex 1.19017 -36.2024 -31.6374
      vertex 1.1 -30.5631 -14.4383
      vertex 1.1 -36.1809 -31.6444
    endloop
  endfacet
  facet normal -9.95966e-06 -0.310374 -0.950615
    outer loop
      vertex 2.27784 -30.4839 -12.4654
      vertex 4.02122 -34.4849 -11.1591
      vertex 1.19017 -37.4542 -10.1896
    endloop
  endfacet
  facet normal -0.000135831 -0.310423 -0.950598
    outer loop
      vertex 3.16934 -31.252 -12.2147
      vertex 4.02122 -34.4849 -11.1591
      vertex 2.27784 -30.4839 -12.4654
    endloop
  endfacet
  facet normal -0.59559 -0.763626 0.249296
    outer loop
      vertex 2.27784 -30.4839 -12.4654
      vertex 2.59159 -30.9223 -13.0587
      vertex 2.60101 -30.7117 -12.3911
    endloop
  endfacet
  facet normal -0.595686 -0.763579 0.24921
    outer loop
      vertex 2.59159 -30.9223 -13.0587
      vertex 2.27784 -30.4839 -12.4654
      vertex 2.27784 -30.7011 -13.1309
    endloop
  endfacet
  facet normal -0.595685 -0.76355 0.249301
    outer loop
      vertex 2.27784 -31.0736 -14.2716
      vertex 2.3317 -36.7294 -31.4653
      vertex 2.57543 -31.2834 -14.2031
    endloop
  endfacet
  facet normal -0.595956 -0.763359 0.249237
    outer loop
      vertex 2.3317 -36.7294 -31.4653
      vertex 2.27784 -31.0736 -14.2716
      vertex 2.27784 -36.6914 -31.4777
    endloop
  endfacet
  facet normal -0.970038 -0.230948 0.0754209
    outer loop
      vertex 4.00858 -33.1031 -12.2437
      vertex 3.92346 -32.5931 -11.7768
      vertex 3.92346 -32.8104 -12.4422
    endloop
  endfacet
  facet normal -0.970035 -0.230967 0.075409
    outer loop
      vertex 3.99248 -33.0689 -12.3461
      vertex 3.92346 -32.8104 -12.4422
      vertex 3.99081 -33.066 -12.3587
    endloop
  endfacet
  facet normal -0.970034 -0.230981 0.0753711
    outer loop
      vertex 4.00858 -33.1031 -12.2437
      vertex 3.92346 -32.8104 -12.4422
      vertex 3.99248 -33.0689 -12.3461
    endloop
  endfacet
  facet normal -0.970046 -0.230925 0.0753935
    outer loop
      vertex 3.92346 -32.5931 -11.7768
      vertex 4.00858 -33.1031 -12.2437
      vertex 4.02122 -33.1338 -12.1751
    endloop
  endfacet
  facet normal -0.970047 -0.230921 0.0753883
    outer loop
      vertex 3.92346 -32.5931 -11.7768
      vertex 4.02122 -33.1338 -12.1751
      vertex 4.02122 -32.9642 -11.6556
    endloop
  endfacet
  facet normal -0.970028 -0.230916 0.0756506
    outer loop
      vertex 3.92346 -33.1829 -13.5829
      vertex 3.99248 -33.4483 -13.508
      vertex 3.99081 -33.4385 -13.4995
    endloop
  endfacet
  facet normal -0.97003 -0.230973 0.0754508
    outer loop
      vertex 3.92346 -33.1829 -13.5829
      vertex 4.00858 -33.5363 -13.5704
      vertex 3.99248 -33.4483 -13.508
    endloop
  endfacet
  facet normal -0.970057 -0.230994 0.0750473
    outer loop
      vertex 3.92346 -33.1829 -13.5829
      vertex 4.02122 -33.6015 -13.6077
      vertex 4.00858 -33.5363 -13.5704
    endloop
  endfacet
  facet normal -0.970024 -0.231008 0.0754243
    outer loop
      vertex 3.92346 -38.8007 -30.789
      vertex 4.02122 -33.6015 -13.6077
      vertex 3.92346 -33.1829 -13.5829
    endloop
  endfacet
  facet normal -0.970029 -0.230989 0.0754185
    outer loop
      vertex 4.02122 -33.6015 -13.6077
      vertex 3.92346 -38.8007 -30.789
      vertex 4.02122 -39.1717 -30.6679
    endloop
  endfacet
  facet normal -0.336899 0.895041 -0.292235
    outer loop
      vertex 1.19017 -37.4542 -10.1896
      vertex 1.50586 -43.5544 -29.2369
      vertex 1.19017 -43.6618 -29.2019
    endloop
  endfacet
  facet normal -0.000715742 -0.307063 -0.951689
    outer loop
      vertex 1.19017 -37.4542 -10.1896
      vertex 0.79987 -37.5472 -10.1593
      vertex 0.40187 -37.6033 -10.1409
    endloop
  endfacet
  facet normal 2.48273e-05 -0.310603 -0.95054
    outer loop
      vertex 1.19017 -37.4542 -10.1896
      vertex 0.40187 -37.6033 -10.1409
      vertex 0 -37.622 -10.1348
    endloop
  endfacet
  facet normal -0.00149339 -0.308548 -0.951208
    outer loop
      vertex 2.89914 -36.4805 -10.5075
      vertex 2.60101 -36.7374 -10.4237
      vertex 2.27784 -36.9652 -10.3493
    endloop
  endfacet
  facet normal -0.595639 0.763582 -0.24931
    outer loop
      vertex 2.60101 -36.7374 -10.4237
      vertex 2.27784 -43.1727 -29.3615
      vertex 2.27784 -36.9652 -10.3493
    endloop
  endfacet
  facet normal -0.595639 0.763582 -0.24931
    outer loop
      vertex 2.27784 -43.1727 -29.3615
      vertex 2.60101 -36.7374 -10.4237
      vertex 2.60101 -42.9449 -29.4359
    endloop
  endfacet
  facet normal -0.000329092 -0.309898 -0.95077
    outer loop
      vertex 2.89914 -36.4805 -10.5075
      vertex 2.27784 -36.9652 -10.3493
      vertex 1.93273 -37.1618 -10.2851
    endloop
  endfacet
  facet normal -0.000146396 -0.310132 -0.950694
    outer loop
      vertex 2.89914 -36.4805 -10.5075
      vertex 1.93273 -37.1618 -10.2851
      vertex 1.19017 -37.4542 -10.1896
    endloop
  endfacet
  facet normal -0.941552 0.320232 -0.104558
    outer loop
      vertex 3.78791 -35.216 -10.9204
      vertex 3.90086 -41.1235 -30.0306
      vertex 3.78791 -41.4236 -29.9326
    endloop
  endfacet
  facet normal -0.00135436 -0.30998 -0.950742
    outer loop
      vertex 4.02122 -34.4849 -11.1591
      vertex 3.92346 -34.8559 -11.038
      vertex 3.78791 -35.216 -10.9204
    endloop
  endfacet
  facet normal -0.803185 0.566309 -0.1849
    outer loop
      vertex 3.40903 -42.0974 -29.7126
      vertex 3.16934 -36.1971 -10.6001
      vertex 3.40903 -35.8899 -10.7004
    endloop
  endfacet
  facet normal -0.803185 0.566309 -0.1849
    outer loop
      vertex 3.16934 -36.1971 -10.6001
      vertex 3.40903 -42.0974 -29.7126
      vertex 3.16934 -42.4046 -29.6123
    endloop
  endfacet
  facet normal -0.857748 0.488682 -0.159557
    outer loop
      vertex 3.61588 -41.7694 -29.8198
      vertex 3.40903 -35.8899 -10.7004
      vertex 3.61588 -35.5618 -10.8075
    endloop
  endfacet
  facet normal -0.857706 0.488749 -0.159577
    outer loop
      vertex 3.40903 -35.8899 -10.7004
      vertex 3.61588 -41.7694 -29.8198
      vertex 3.40903 -42.0974 -29.7126
    endloop
  endfacet
  facet normal 0.740979 0.638364 -0.208426
    outer loop
      vertex -2.89914 -36.4805 -10.5075
      vertex -3.16934 -42.4046 -29.6123
      vertex -3.16934 -36.1971 -10.6001
    endloop
  endfacet
  facet normal 0.740944 0.638401 -0.208437
    outer loop
      vertex -3.16934 -42.4046 -29.6123
      vertex -2.89914 -36.4805 -10.5075
      vertex -2.89914 -42.688 -29.5198
    endloop
  endfacet
  facet normal 0.903955 0.406507 -0.132727
    outer loop
      vertex -3.78791 -35.216 -10.9204
      vertex -3.64455 -41.7117 -29.8386
      vertex -3.78791 -41.4236 -29.9326
    endloop
  endfacet
  facet normal 0.000686434 -0.310857 -0.950456
    outer loop
      vertex -3.40903 -31.5592 -12.1144
      vertex -3.16934 -31.252 -12.2147
      vertex -3.78791 -32.233 -11.8943
    endloop
  endfacet
  facet normal 1.8334e-05 -0.3103 -0.950639
    outer loop
      vertex -2.89914 -30.9686 -12.3072
      vertex -2.27784 -30.4839 -12.4654
      vertex -3.16934 -31.252 -12.2147
    endloop
  endfacet
  facet normal 0.857768 -0.488662 0.159509
    outer loop
      vertex -3.61588 -31.8873 -12.0072
      vertex -3.40903 -31.7764 -12.7798
      vertex -3.40903 -31.5592 -12.1144
    endloop
  endfacet
  facet normal 0.857748 -0.488701 0.159498
    outer loop
      vertex -3.40903 -31.7764 -12.7798
      vertex -3.61588 -31.8873 -12.0072
      vertex -3.61588 -32.1045 -12.6727
    endloop
  endfacet
  facet normal 0.857748 -0.488683 0.159555
    outer loop
      vertex -3.61588 -32.477 -13.8134
      vertex -3.40903 -37.7667 -31.1266
      vertex -3.40903 -32.1489 -13.9205
    endloop
  endfacet
  facet normal 0.857748 -0.488683 0.159555
    outer loop
      vertex -3.40903 -37.7667 -31.1266
      vertex -3.61588 -32.477 -13.8134
      vertex -3.61588 -38.0948 -31.0195
    endloop
  endfacet
  facet normal -0.000243871 -0.310327 -0.95063
    outer loop
      vertex -3.78791 -32.233 -11.8943
      vertex -3.16934 -31.252 -12.2147
      vertex -4.08026 -34.1066 -11.2826
    endloop
  endfacet
  facet normal 0.00155635 -0.312081 -0.950054
    outer loop
      vertex -2.60101 -30.7117 -12.3911
      vertex -2.27784 -30.4839 -12.4654
      vertex -2.89914 -30.9686 -12.3072
    endloop
  endfacet
  facet normal 0.671619 -0.704323 0.229905
    outer loop
      vertex -2.89914 -31.1858 -12.9726
      vertex -2.60101 -30.7117 -12.3911
      vertex -2.89914 -30.9686 -12.3072
    endloop
  endfacet
  facet normal 0.671459 -0.704423 0.230069
    outer loop
      vertex -2.60101 -30.7117 -12.3911
      vertex -2.89914 -31.1858 -12.9726
      vertex -2.60971 -30.9365 -13.054
    endloop
  endfacet
  facet normal 0.671502 -0.704407 0.229989
    outer loop
      vertex -2.89914 -37.1761 -31.3195
      vertex -2.62461 -31.3218 -14.1906
      vertex -2.89914 -31.5583 -14.1134
    endloop
  endfacet
  facet normal 0.671265 -0.70461 0.230062
    outer loop
      vertex -2.62461 -31.3218 -14.1906
      vertex -2.89914 -37.1761 -31.3195
      vertex -2.84945 -37.1333 -31.3334
    endloop
  endfacet
  facet normal 0.0491228 -0.949489 0.309932
    outer loop
      vertex -0.40187 -30.063 -13.3392
      vertex 0 -29.827 -12.6799
      vertex -0.40187 -29.8458 -12.6738
    endloop
  endfacet
  facet normal 0.0488871 -0.949458 0.310065
    outer loop
      vertex 0 -29.827 -12.6799
      vertex -0.40187 -30.063 -13.3392
      vertex 0 -30.0443 -13.3453
    endloop
  endfacet
  facet normal 0.146661 -0.940315 0.307079
    outer loop
      vertex -0.79987 -30.1192 -13.3209
      vertex -0.40187 -29.8458 -12.6738
      vertex -0.79987 -29.9019 -12.6555
    endloop
  endfacet
  facet normal 0.146893 -0.940324 0.306941
    outer loop
      vertex -0.40187 -29.8458 -12.6738
      vertex -0.79987 -30.1192 -13.3209
      vertex -0.40187 -30.063 -13.3392
    endloop
  endfacet
  facet normal 0.242939 -0.922116 0.301136
    outer loop
      vertex -1.19017 -30.2121 -13.2905
      vertex -0.79987 -29.9019 -12.6555
      vertex -1.19017 -29.9948 -12.6251
    endloop
  endfacet
  facet normal 0.242939 -0.922116 0.301136
    outer loop
      vertex -0.79987 -29.9019 -12.6555
      vertex -1.19017 -30.2121 -13.2905
      vertex -0.79987 -30.1192 -13.3209
    endloop
  endfacet
  facet normal 0.243227 -0.922066 0.301055
    outer loop
      vertex -1.19017 -36.2024 -31.6374
      vertex -1.1 -30.5631 -14.4383
      vertex -1.19017 -30.5846 -14.4313
    endloop
  endfacet
  facet normal 0.243227 -0.922066 0.301055
    outer loop
      vertex -1.1 -30.5631 -14.4383
      vertex -1.19017 -36.2024 -31.6374
      vertex -1.1 -36.1809 -31.6444
    endloop
  endfacet
  facet normal 0.337008 -0.894999 0.292236
    outer loop
      vertex -1.569 -30.341 -13.2485
      vertex -1.19017 -29.9948 -12.6251
      vertex -1.569 -30.1237 -12.583
    endloop
  endfacet
  facet normal 0.336939 -0.89501 0.292284
    outer loop
      vertex -1.19017 -29.9948 -12.6251
      vertex -1.569 -30.341 -13.2485
      vertex -1.19017 -30.2121 -13.2905
    endloop
  endfacet
  facet normal 0.336798 -0.895076 0.292243
    outer loop
      vertex -1.569 -36.3312 -31.5953
      vertex -1.19017 -30.5846 -14.4313
      vertex -1.569 -30.7134 -14.3892
    endloop
  endfacet
  facet normal 0.336798 -0.895076 0.292243
    outer loop
      vertex -1.19017 -30.5846 -14.4313
      vertex -1.569 -36.3312 -31.5953
      vertex -1.19017 -36.2024 -31.6374
    endloop
  endfacet
  facet normal 0.423807 -0.861015 0.28114
    outer loop
      vertex -1.569 -30.341 -13.2485
      vertex -1.569 -30.1237 -12.583
      vertex -1.57961 -30.3457 -13.2469
    endloop
  endfacet
  facet normal 0.428585 -0.858887 0.280406
    outer loop
      vertex -1.87211 -36.4675 -31.5508
      vertex -1.569 -30.7134 -14.3892
      vertex -1.5978 -30.7264 -14.385
    endloop
  endfacet
  facet normal 0.427604 -0.859323 0.280569
    outer loop
      vertex -1.569 -30.7134 -14.3892
      vertex -1.87211 -36.4675 -31.5508
      vertex -1.569 -36.3312 -31.5953
    endloop
  endfacet
  facet normal -0.146661 -0.940315 0.307079
    outer loop
      vertex 0.40187 -29.8458 -12.6738
      vertex 0.79987 -30.1192 -13.3209
      vertex 0.79987 -29.9019 -12.6555
    endloop
  endfacet
  facet normal -0.146893 -0.940324 0.306941
    outer loop
      vertex 0.79987 -30.1192 -13.3209
      vertex 0.40187 -29.8458 -12.6738
      vertex 0.40187 -30.063 -13.3392
    endloop
  endfacet
  facet normal -0.00155635 -0.312081 -0.950054
    outer loop
      vertex 2.60101 -30.7117 -12.3911
      vertex 2.89914 -30.9686 -12.3072
      vertex 2.27784 -30.4839 -12.4654
    endloop
  endfacet
  facet normal -1.8334e-05 -0.3103 -0.950639
    outer loop
      vertex 2.89914 -30.9686 -12.3072
      vertex 3.16934 -31.252 -12.2147
      vertex 2.27784 -30.4839 -12.4654
    endloop
  endfacet
  facet normal 8.23349e-05 -0.310146 -0.950689
    outer loop
      vertex 1.93273 -30.2872 -12.5296
      vertex 2.27784 -30.4839 -12.4654
      vertex 0 -29.827 -12.6799
    endloop
  endfacet
  facet normal -0.599289 -0.760981 0.248514
    outer loop
      vertex 2.60101 -30.929 -13.0565
      vertex 2.60101 -30.7117 -12.3911
      vertex 2.59159 -30.9223 -13.0587
    endloop
  endfacet
  facet normal -0.595108 -0.763955 0.249436
    outer loop
      vertex 2.57543 -31.2834 -14.2031
      vertex 2.60101 -36.9193 -31.4033
      vertex 2.60101 -31.3014 -14.1972
    endloop
  endfacet
  facet normal -0.595759 -0.763497 0.249285
    outer loop
      vertex 2.60101 -36.9193 -31.4033
      vertex 2.57543 -31.2834 -14.2031
      vertex 2.3317 -36.7294 -31.4653
    endloop
  endfacet
  facet normal -0.672508 -0.703525 0.229751
    outer loop
      vertex 2.60971 -30.9365 -13.054
      vertex 2.60101 -30.7117 -12.3911
      vertex 2.60101 -30.929 -13.0565
    endloop
  endfacet
  facet normal -0.67244 -0.703604 0.229706
    outer loop
      vertex 2.60101 -31.3014 -14.1972
      vertex 2.84945 -37.1333 -31.3334
      vertex 2.62461 -31.3218 -14.1906
    endloop
  endfacet
  facet normal -0.671483 -0.704422 0.229998
    outer loop
      vertex 2.84945 -37.1333 -31.3334
      vertex 2.60101 -31.3014 -14.1972
      vertex 2.60101 -36.9193 -31.4033
    endloop
  endfacet
  facet normal -0.857768 -0.488662 0.159509
    outer loop
      vertex 3.40903 -31.7764 -12.7798
      vertex 3.61588 -31.8873 -12.0072
      vertex 3.40903 -31.5592 -12.1144
    endloop
  endfacet
  facet normal -0.857748 -0.488701 0.159498
    outer loop
      vertex 3.61588 -31.8873 -12.0072
      vertex 3.40903 -31.7764 -12.7798
      vertex 3.61588 -32.1045 -12.6727
    endloop
  endfacet
  facet normal -0.857748 -0.488683 0.159555
    outer loop
      vertex 3.40903 -37.7667 -31.1266
      vertex 3.61588 -32.477 -13.8134
      vertex 3.40903 -32.1489 -13.9205
    endloop
  endfacet
  facet normal -0.857748 -0.488683 0.159555
    outer loop
      vertex 3.61588 -32.477 -13.8134
      vertex 3.40903 -37.7667 -31.1266
      vertex 3.61588 -38.0948 -31.0195
    endloop
  endfacet
  facet normal -0.000606022 -0.309077 -0.951037
    outer loop
      vertex 1.93273 -37.1618 -10.2851
      vertex 1.569 -37.3254 -10.2317
      vertex 1.19017 -37.4542 -10.1896
    endloop
  endfacet
  facet normal 0.000135881 -0.310427 -0.950597
    outer loop
      vertex 3.78791 -35.216 -10.9204
      vertex 3.61588 -35.5618 -10.8075
      vertex 3.16934 -36.1971 -10.6001
    endloop
  endfacet
  facet normal -7.54689e-05 -0.310307 -0.950636
    outer loop
      vertex 3.78791 -35.216 -10.9204
      vertex 3.16934 -36.1971 -10.6001
      vertex 1.19017 -37.4542 -10.1896
    endloop
  endfacet
  facet normal -0.941472 0.320443 -0.104627
    outer loop
      vertex 3.90086 -41.1235 -30.0306
      vertex 3.92346 -34.8559 -11.038
      vertex 3.92346 -41.0635 -30.0502
    endloop
  endfacet
  facet normal -0.941538 0.320267 -0.104569
    outer loop
      vertex 3.92346 -34.8559 -11.038
      vertex 3.90086 -41.1235 -30.0306
      vertex 3.78791 -35.216 -10.9204
    endloop
  endfacet
  facet normal -0.970055 0.23089 -0.075385
    outer loop
      vertex 3.97858 -35.2112 -12.835
      vertex 3.92346 -41.0635 -30.0502
      vertex 3.96702 -35.2248 -12.7279
    endloop
  endfacet
  facet normal -0.970102 0.230714 -0.0753251
    outer loop
      vertex 3.99248 -35.1871 -12.9402
      vertex 3.92346 -41.0635 -30.0502
      vertex 3.97858 -35.2112 -12.835
    endloop
  endfacet
  facet normal -0.970048 0.230917 -0.0753948
    outer loop
      vertex 4.00858 -35.1529 -13.0426
      vertex 3.92346 -41.0635 -30.0502
      vertex 3.99248 -35.1871 -12.9402
    endloop
  endfacet
  facet normal -0.969952 0.231279 -0.0755211
    outer loop
      vertex 4.013 -35.1422 -13.0666
      vertex 3.92346 -41.0635 -30.0502
      vertex 4.00858 -35.1529 -13.0426
    endloop
  endfacet
  facet normal -0.970101 0.230717 -0.0753246
    outer loop
      vertex 3.92346 -41.0635 -30.0502
      vertex 4.013 -35.1422 -13.0666
      vertex 3.93975 -41.0016 -30.0704
    endloop
  endfacet
  facet normal -0.970002 0.231121 -0.0753619
    outer loop
      vertex 3.92346 -34.8559 -11.038
      vertex 4.01895 -34.6662 -11.6853
      vertex 4.00858 -34.7197 -11.7159
    endloop
  endfacet
  facet normal -0.97009 0.230723 -0.0754529
    outer loop
      vertex 3.92346 -34.8559 -11.038
      vertex 4.00858 -34.7197 -11.7159
      vertex 3.99248 -34.8078 -11.7783
    endloop
  endfacet
  facet normal -0.970029 0.230994 -0.0754033
    outer loop
      vertex 4.01895 -34.6662 -11.6853
      vertex 3.92346 -34.8559 -11.038
      vertex 4.02122 -34.4849 -11.1591
    endloop
  endfacet
  facet normal -0.970033 0.230969 -0.0754316
    outer loop
      vertex 3.97858 -34.8893 -11.8491
      vertex 3.92346 -34.8559 -11.038
      vertex 3.99248 -34.8078 -11.7783
    endloop
  endfacet
  facet normal -0.969968 0.231238 -0.0754383
    outer loop
      vertex 3.96702 -34.9634 -11.9276
      vertex 3.92346 -34.8559 -11.038
      vertex 3.97858 -34.8893 -11.8491
    endloop
  endfacet
  facet normal -0.970121 0.230618 -0.0753709
    outer loop
      vertex 3.95791 -35.0296 -12.0129
      vertex 3.92346 -34.8559 -11.038
      vertex 3.96702 -34.9634 -11.9276
    endloop
  endfacet
  facet normal -0.969976 0.231194 -0.0754684
    outer loop
      vertex 3.95134 -35.087 -12.1043
      vertex 3.92346 -34.8559 -11.038
      vertex 3.95791 -35.0296 -12.0129
    endloop
  endfacet
  facet normal -0.969998 0.231107 -0.0754501
    outer loop
      vertex 3.94737 -35.1352 -12.2009
      vertex 3.92346 -34.8559 -11.038
      vertex 3.95134 -35.087 -12.1043
    endloop
  endfacet
  facet normal -0.970035 0.230965 -0.0754166
    outer loop
      vertex 3.94604 -35.1737 -12.3017
      vertex 3.92346 -34.8559 -11.038
      vertex 3.94737 -35.1352 -12.2009
    endloop
  endfacet
  facet normal -0.969049 0.234765 -0.0763546
    outer loop
      vertex 3.94737 -35.2021 -12.4059
      vertex 3.92346 -34.8559 -11.038
      vertex 3.94604 -35.1737 -12.3017
    endloop
  endfacet
  facet normal -0.969989 0.231141 -0.0754697
    outer loop
      vertex 3.96702 -35.2248 -12.7279
      vertex 3.92346 -41.0635 -30.0502
      vertex 3.95791 -35.2278 -12.62
    endloop
  endfacet
  facet normal -0.969976 0.231187 -0.0754853
    outer loop
      vertex 3.95791 -35.2278 -12.62
      vertex 3.92346 -41.0635 -30.0502
      vertex 3.95134 -35.2202 -12.5123
    endloop
  endfacet
  facet normal -0.969924 0.231386 -0.0755515
    outer loop
      vertex 3.95134 -35.2202 -12.5123
      vertex 3.92346 -41.0635 -30.0502
      vertex 3.94737 -35.2021 -12.4059
    endloop
  endfacet
  facet normal -0.97004 0.230949 -0.0754061
    outer loop
      vertex 3.94737 -35.2021 -12.4059
      vertex 3.92346 -41.0635 -30.0502
      vertex 3.92346 -34.8559 -11.038
    endloop
  endfacet
  facet normal 0.904006 0.406406 -0.132692
    outer loop
      vertex -3.61588 -35.5618 -10.8075
      vertex -3.64455 -41.7117 -29.8386
      vertex -3.78791 -35.216 -10.9204
    endloop
  endfacet
  facet normal 0.904174 0.406068 -0.132583
    outer loop
      vertex -3.64455 -41.7117 -29.8386
      vertex -3.61588 -35.5618 -10.8075
      vertex -3.61588 -41.7694 -29.8198
    endloop
  endfacet
  facet normal 0.857748 0.488682 -0.159557
    outer loop
      vertex -3.40903 -35.8899 -10.7004
      vertex -3.61588 -41.7694 -29.8198
      vertex -3.61588 -35.5618 -10.8075
    endloop
  endfacet
  facet normal 0.857706 0.488749 -0.159577
    outer loop
      vertex -3.61588 -41.7694 -29.8198
      vertex -3.40903 -35.8899 -10.7004
      vertex -3.40903 -42.0974 -29.7126
    endloop
  endfacet
  facet normal -0.00104446 -0.309978 -0.950743
    outer loop
      vertex -3.61588 -31.8873 -12.0072
      vertex -3.40903 -31.5592 -12.1144
      vertex -3.78791 -32.233 -11.8943
    endloop
  endfacet
  facet normal 0.000269073 -0.310399 -0.950606
    outer loop
      vertex -4.08026 -33.3425 -11.5321
      vertex -3.78791 -32.233 -11.8943
      vertex -4.08026 -34.1066 -11.2826
    endloop
  endfacet
  facet normal 0.998799 -0.0465781 0.0152193
    outer loop
      vertex -4.08026 -33.3425 -11.5321
      vertex -4.08431 -33.4978 -11.7416
      vertex -4.08026 -33.4285 -11.7953
    endloop
  endfacet
  facet normal 0.998793 -0.0466748 0.0152911
    outer loop
      vertex -4.08026 -33.3425 -11.5321
      vertex -4.08946 -33.5892 -11.6842
      vertex -4.08431 -33.4978 -11.7416
    endloop
  endfacet
  facet normal 0.998796 -0.04664 0.0152345
    outer loop
      vertex -4.1 -33.7245 -11.4074
      vertex -4.08946 -33.5892 -11.6842
      vertex -4.08026 -33.3425 -11.5321
    endloop
  endfacet
  facet normal 0.998799 -0.0465575 0.015275
    outer loop
      vertex -4.08946 -33.5892 -11.6842
      vertex -4.1 -33.7245 -11.4074
      vertex -4.0947 -33.6858 -11.636
    endloop
  endfacet
  facet normal 0.998793 -0.0466904 0.0152523
    outer loop
      vertex -4.0947 -33.6858 -11.636
      vertex -4.1 -33.7245 -11.4074
      vertex -4.1 -33.7866 -11.5975
    endloop
  endfacet
  facet normal 0.998801 -0.0465406 0.0151959
    outer loop
      vertex -4.08431 -34.1512 -13.7429
      vertex -4.08026 -39.5501 -30.5444
      vertex -4.08026 -34.0635 -13.7405
    endloop
  endfacet
  facet normal 0.998793 -0.0466847 0.0152422
    outer loop
      vertex -4.08946 -34.2589 -13.7353
      vertex -4.08026 -39.5501 -30.5444
      vertex -4.08431 -34.1512 -13.7429
    endloop
  endfacet
  facet normal 0.998797 -0.0466141 0.0152199
    outer loop
      vertex -4.0947 -34.3653 -13.7173
      vertex -4.08026 -39.5501 -30.5444
      vertex -4.08946 -34.2589 -13.7353
    endloop
  endfacet
  facet normal 0.998794 -0.0466789 0.0152399
    outer loop
      vertex -4.1 -34.4694 -13.6888
      vertex -4.08026 -39.5501 -30.5444
      vertex -4.0947 -34.3653 -13.7173
    endloop
  endfacet
  facet normal 0.998796 -0.0466383 0.0152277
    outer loop
      vertex -4.08026 -39.5501 -30.5444
      vertex -4.1 -34.4694 -13.6888
      vertex -4.1 -39.9321 -30.4196
    endloop
  endfacet
  facet normal -0.337008 -0.894999 0.292236
    outer loop
      vertex 1.19017 -29.9948 -12.6251
      vertex 1.569 -30.341 -13.2485
      vertex 1.569 -30.1237 -12.583
    endloop
  endfacet
  facet normal -0.336939 -0.89501 0.292284
    outer loop
      vertex 1.569 -30.341 -13.2485
      vertex 1.19017 -29.9948 -12.6251
      vertex 1.19017 -30.2121 -13.2905
    endloop
  endfacet
  facet normal -0.336798 -0.895076 0.292243
    outer loop
      vertex 1.19017 -30.5846 -14.4313
      vertex 1.569 -36.3312 -31.5953
      vertex 1.569 -30.7134 -14.3892
    endloop
  endfacet
  facet normal -0.336798 -0.895076 0.292243
    outer loop
      vertex 1.569 -36.3312 -31.5953
      vertex 1.19017 -30.5846 -14.4313
      vertex 1.19017 -36.2024 -31.6374
    endloop
  endfacet
  facet normal -0.671619 -0.704323 0.229905
    outer loop
      vertex 2.60101 -30.7117 -12.3911
      vertex 2.89914 -31.1858 -12.9726
      vertex 2.89914 -30.9686 -12.3072
    endloop
  endfacet
  facet normal -0.671459 -0.704423 0.230069
    outer loop
      vertex 2.89914 -31.1858 -12.9726
      vertex 2.60101 -30.7117 -12.3911
      vertex 2.60971 -30.9365 -13.054
    endloop
  endfacet
  facet normal -0.671502 -0.704407 0.229989
    outer loop
      vertex 2.62461 -31.3218 -14.1906
      vertex 2.89914 -37.1761 -31.3195
      vertex 2.89914 -31.5583 -14.1134
    endloop
  endfacet
  facet normal -0.671265 -0.70461 0.230062
    outer loop
      vertex 2.89914 -37.1761 -31.3195
      vertex 2.62461 -31.3218 -14.1906
      vertex 2.84945 -37.1333 -31.3334
    endloop
  endfacet
  facet normal -0.740944 -0.638415 0.208392
    outer loop
      vertex 2.89914 -31.1858 -12.9726
      vertex 3.16934 -31.252 -12.2147
      vertex 2.89914 -30.9686 -12.3072
    endloop
  endfacet
  facet normal -0.740944 -0.638415 0.208392
    outer loop
      vertex 3.16934 -31.252 -12.2147
      vertex 2.89914 -31.1858 -12.9726
      vertex 3.16934 -31.4692 -12.8801
    endloop
  endfacet
  facet normal -0.740979 -0.638364 0.208426
    outer loop
      vertex 2.89914 -37.1761 -31.3195
      vertex 3.16934 -31.8417 -14.0208
      vertex 2.89914 -31.5583 -14.1134
    endloop
  endfacet
  facet normal -0.740979 -0.638364 0.208426
    outer loop
      vertex 3.16934 -31.8417 -14.0208
      vertex 2.89914 -37.1761 -31.3195
      vertex 3.16934 -37.4595 -31.2269
    endloop
  endfacet
  facet normal -0.941529 -0.320289 0.104581
    outer loop
      vertex 3.78791 -32.4503 -12.5598
      vertex 3.92346 -32.5931 -11.7768
      vertex 3.78791 -32.233 -11.8943
    endloop
  endfacet
  facet normal -0.941538 -0.320261 0.104588
    outer loop
      vertex 3.92346 -32.5931 -11.7768
      vertex 3.78791 -32.4503 -12.5598
      vertex 3.92346 -32.8104 -12.4422
    endloop
  endfacet
  facet normal -0.941565 -0.320196 0.104546
    outer loop
      vertex 3.78791 -38.4406 -30.9066
      vertex 3.92346 -33.1829 -13.5829
      vertex 3.78791 -32.8227 -13.7005
    endloop
  endfacet
  facet normal -0.941538 -0.320268 0.104568
    outer loop
      vertex 3.92346 -33.1829 -13.5829
      vertex 3.78791 -38.4406 -30.9066
      vertex 3.92346 -38.8007 -30.789
    endloop
  endfacet
  facet normal 0.803185 -0.566302 0.184921
    outer loop
      vertex -3.40203 -31.7675 -12.7827
      vertex -3.16934 -31.252 -12.2147
      vertex -3.40903 -31.5592 -12.1144
    endloop
  endfacet
  facet normal 0.803255 -0.566232 0.18483
    outer loop
      vertex -3.16934 -31.252 -12.2147
      vertex -3.40203 -31.7675 -12.7827
      vertex -3.16934 -31.4692 -12.8801
    endloop
  endfacet
  facet normal 0.803192 -0.566301 0.184897
    outer loop
      vertex -3.20929 -37.5107 -31.2102
      vertex -3.16934 -31.8417 -14.0208
      vertex -3.39005 -32.1246 -13.9285
    endloop
  endfacet
  facet normal 0.803146 -0.566359 0.184916
    outer loop
      vertex -3.16934 -31.8417 -14.0208
      vertex -3.20929 -37.5107 -31.2102
      vertex -3.16934 -37.4595 -31.2269
    endloop
  endfacet
  facet normal 0.800838 -0.569319 0.185837
    outer loop
      vertex -3.40203 -31.7675 -12.7827
      vertex -3.40903 -31.5592 -12.1144
      vertex -3.40903 -31.7764 -12.7798
    endloop
  endfacet
  facet normal 0.803111 -0.566403 0.184931
    outer loop
      vertex -3.40903 -37.7667 -31.1266
      vertex -3.39005 -32.1246 -13.9285
      vertex -3.40903 -32.1489 -13.9205
    endloop
  endfacet
  facet normal 0.803193 -0.566299 0.184897
    outer loop
      vertex -3.39005 -32.1246 -13.9285
      vertex -3.40903 -37.7667 -31.1266
      vertex -3.20929 -37.5107 -31.2102
    endloop
  endfacet
  facet normal 0.941529 -0.320289 0.104581
    outer loop
      vertex -3.92346 -32.5931 -11.7768
      vertex -3.78791 -32.4503 -12.5598
      vertex -3.78791 -32.233 -11.8943
    endloop
  endfacet
  facet normal 0.941538 -0.320261 0.104588
    outer loop
      vertex -3.78791 -32.4503 -12.5598
      vertex -3.92346 -32.5931 -11.7768
      vertex -3.92346 -32.8104 -12.4422
    endloop
  endfacet
  facet normal 0.941565 -0.320196 0.104546
    outer loop
      vertex -3.92346 -33.1829 -13.5829
      vertex -3.78791 -38.4406 -30.9066
      vertex -3.78791 -32.8227 -13.7005
    endloop
  endfacet
  facet normal 0.941538 -0.320268 0.104568
    outer loop
      vertex -3.78791 -38.4406 -30.9066
      vertex -3.92346 -33.1829 -13.5829
      vertex -3.92346 -38.8007 -30.789
    endloop
  endfacet
  facet normal 0.998795 0 -0.0490778
    outer loop
      vertex -3.06019 22.8 0.301402
      vertex -3.075 25 0
      vertex -3.06019 25 0.301402
    endloop
  endfacet
  facet normal 0.998795 0 -0.0490778
    outer loop
      vertex -3.075 25 0
      vertex -3.06019 22.8 0.301402
      vertex -3.075 22.8 0
    endloop
  endfacet
  facet normal -0.595697 0 -0.80321
    outer loop
      vertex 1.70838 22.8 2.55677
      vertex 1.95076 25 2.37701
      vertex 1.95076 22.8 2.37701
    endloop
  endfacet
  facet normal -0.595697 0 -0.80321
    outer loop
      vertex 1.95076 25 2.37701
      vertex 1.70838 22.8 2.55677
      vertex 1.70838 25 2.55677
    endloop
  endfacet
  facet normal 0.970034 -0 0.24297
    outer loop
      vertex -3.01591 22.8 -0.599902
      vertex -2.94259 25 -0.892625
      vertex -3.01591 25 -0.599902
    endloop
  endfacet
  facet normal 0.970034 0 0.24297
    outer loop
      vertex -2.94259 25 -0.892625
      vertex -3.01591 22.8 -0.599902
      vertex -2.94259 22.8 -0.892625
    endloop
  endfacet
  facet normal -0.740935 0 0.671577
    outer loop
      vertex 2.17435 22.8 -2.17435
      vertex 2.37701 25 -1.95076
      vertex 2.17435 25 -2.17435
    endloop
  endfacet
  facet normal -0.740935 0 0.671577
    outer loop
      vertex 2.37701 25 -1.95076
      vertex 2.17435 22.8 -2.17435
      vertex 2.37701 22.8 -1.95076
    endloop
  endfacet
  facet normal 0.671577 0 0.740935
    outer loop
      vertex -2.17435 25 -2.17435
      vertex -1.95076 22.8 -2.37701
      vertex -1.95076 25 -2.37701
    endloop
  endfacet
  facet normal 0.671577 0 0.740935
    outer loop
      vertex -1.95076 22.8 -2.37701
      vertex -2.17435 25 -2.17435
      vertex -2.17435 22.8 -2.17435
    endloop
  endfacet
  facet normal 0.989176 0 -0.146736
    outer loop
      vertex -3.01591 22.8 0.599902
      vertex -3.06019 25 0.301402
      vertex -3.01591 25 0.599902
    endloop
  endfacet
  facet normal 0.989176 0 -0.146736
    outer loop
      vertex -3.06019 25 0.301402
      vertex -3.01591 22.8 0.599902
      vertex -3.06019 22.8 0.301402
    endloop
  endfacet
  facet normal -0.903989 0 0.427555
    outer loop
      vertex 2.71191 22.8 -1.44954
      vertex 2.84093 25 -1.17675
      vertex 2.71191 25 -1.44954
    endloop
  endfacet
  facet normal -0.903989 0 0.427555
    outer loop
      vertex 2.84093 25 -1.17675
      vertex 2.71191 22.8 -1.44954
      vertex 2.84093 22.8 -1.17675
    endloop
  endfacet
  facet normal -0.989176 0 0.146736
    outer loop
      vertex 3.01591 22.8 -0.599902
      vertex 3.06019 25 -0.301402
      vertex 3.01591 25 -0.599902
    endloop
  endfacet
  facet normal -0.989176 0 0.146736
    outer loop
      vertex 3.06019 25 -0.301402
      vertex 3.01591 22.8 -0.599902
      vertex 3.06019 22.8 -0.301402
    endloop
  endfacet
  facet normal 0.998795 -0 0.0490778
    outer loop
      vertex -3.075 22.8 0
      vertex -3.06019 25 -0.301402
      vertex -3.075 25 0
    endloop
  endfacet
  facet normal 0.998795 0 0.0490778
    outer loop
      vertex -3.06019 25 -0.301402
      vertex -3.075 22.8 0
      vertex -3.06019 22.8 -0.301402
    endloop
  endfacet
  facet normal -0.146736 0 -0.989176
    outer loop
      vertex 0.301402 22.8 3.06019
      vertex 0.599902 25 3.01591
      vertex 0.599902 22.8 3.01591
    endloop
  endfacet
  facet normal -0.146736 0 -0.989176
    outer loop
      vertex 0.599902 25 3.01591
      vertex 0.301402 22.8 3.06019
      vertex 0.301402 25 3.06019
    endloop
  endfacet
  facet normal 0.970034 0 -0.24297
    outer loop
      vertex -2.94259 22.8 0.892625
      vertex -3.01591 25 0.599902
      vertex -2.94259 25 0.892625
    endloop
  endfacet
  facet normal 0.970034 0 -0.24297
    outer loop
      vertex -3.01591 25 0.599902
      vertex -2.94259 22.8 0.892625
      vertex -3.01591 22.8 0.599902
    endloop
  endfacet
  facet normal -0.857733 0 0.514096
    outer loop
      vertex 2.55677 22.8 -1.70838
      vertex 2.71191 25 -1.44954
      vertex 2.55677 25 -1.70838
    endloop
  endfacet
  facet normal -0.857733 0 0.514096
    outer loop
      vertex 2.71191 25 -1.44954
      vertex 2.55677 22.8 -1.70838
      vertex 2.71191 22.8 -1.44954
    endloop
  endfacet
  facet normal 0.740935 -0 0.671577
    outer loop
      vertex -2.37701 22.8 -1.95076
      vertex -2.17435 25 -2.17435
      vertex -2.37701 25 -1.95076
    endloop
  endfacet
  facet normal 0.740935 0 0.671577
    outer loop
      vertex -2.17435 25 -2.17435
      vertex -2.37701 22.8 -1.95076
      vertex -2.17435 22.8 -2.17435
    endloop
  endfacet
  facet normal -0.427555 0 -0.903989
    outer loop
      vertex 1.17675 22.8 2.84093
      vertex 1.44954 25 2.71191
      vertex 1.44954 22.8 2.71191
    endloop
  endfacet
  facet normal -0.427555 0 -0.903989
    outer loop
      vertex 1.44954 25 2.71191
      vertex 1.17675 22.8 2.84093
      vertex 1.17675 25 2.84093
    endloop
  endfacet
  facet normal -0.336885 0 0.941546
    outer loop
      vertex 0.892625 25 -2.94259
      vertex 1.17675 22.8 -2.84093
      vertex 1.17675 25 -2.84093
    endloop
  endfacet
  facet normal -0.336885 0 0.941546
    outer loop
      vertex 1.17675 22.8 -2.84093
      vertex 0.892625 25 -2.94259
      vertex 0.892625 22.8 -2.94259
    endloop
  endfacet
  facet normal 0.80321 0 -0.595697
    outer loop
      vertex -2.37701 22.8 1.95076
      vertex -2.55677 25 1.70838
      vertex -2.37701 25 1.95076
    endloop
  endfacet
  facet normal 0.80321 0 -0.595697
    outer loop
      vertex -2.55677 25 1.70838
      vertex -2.37701 22.8 1.95076
      vertex -2.55677 22.8 1.70838
    endloop
  endfacet
  facet normal -0.970034 0 0.24297
    outer loop
      vertex 2.94259 22.8 -0.892625
      vertex 3.01591 25 -0.599902
      vertex 2.94259 25 -0.892625
    endloop
  endfacet
  facet normal -0.970034 0 0.24297
    outer loop
      vertex 3.01591 25 -0.599902
      vertex 2.94259 22.8 -0.892625
      vertex 3.01591 22.8 -0.599902
    endloop
  endfacet
  facet normal -0.998795 0 0.0490778
    outer loop
      vertex 3.06019 22.8 -0.301402
      vertex 3.075 25 0
      vertex 3.06019 25 -0.301402
    endloop
  endfacet
  facet normal -0.998795 0 0.0490778
    outer loop
      vertex 3.075 25 0
      vertex 3.06019 22.8 -0.301402
      vertex 3.075 22.8 0
    endloop
  endfacet
  facet normal 0.671577 0 -0.740935
    outer loop
      vertex -2.17435 22.8 2.17435
      vertex -1.95076 25 2.37701
      vertex -1.95076 22.8 2.37701
    endloop
  endfacet
  facet normal 0.671577 0 -0.740935
    outer loop
      vertex -1.95076 25 2.37701
      vertex -2.17435 22.8 2.17435
      vertex -2.17435 25 2.17435
    endloop
  endfacet
  facet normal 0.427555 0 0.903989
    outer loop
      vertex -1.44954 25 -2.71191
      vertex -1.17675 22.8 -2.84093
      vertex -1.17675 25 -2.84093
    endloop
  endfacet
  facet normal 0.427555 0 0.903989
    outer loop
      vertex -1.17675 22.8 -2.84093
      vertex -1.44954 25 -2.71191
      vertex -1.44954 22.8 -2.71191
    endloop
  endfacet
  facet normal 0.941546 -0 0.336885
    outer loop
      vertex -2.94259 22.8 -0.892625
      vertex -2.84093 25 -1.17675
      vertex -2.94259 25 -0.892625
    endloop
  endfacet
  facet normal 0.941546 0 0.336885
    outer loop
      vertex -2.84093 25 -1.17675
      vertex -2.94259 22.8 -0.892625
      vertex -2.84093 22.8 -1.17675
    endloop
  endfacet
  facet normal -0.0490778 0 0.998795
    outer loop
      vertex 0 25 -3.075
      vertex 0.301402 22.8 -3.06019
      vertex 0.301402 25 -3.06019
    endloop
  endfacet
  facet normal -0.0490778 0 0.998795
    outer loop
      vertex 0.301402 22.8 -3.06019
      vertex 0 25 -3.075
      vertex 0 22.8 -3.075
    endloop
  endfacet
  facet normal -0.998795 0 -0.0490778
    outer loop
      vertex 3.075 22.8 0
      vertex 3.06019 25 0.301402
      vertex 3.075 25 0
    endloop
  endfacet
  facet normal -0.998795 -0 -0.0490778
    outer loop
      vertex 3.06019 25 0.301402
      vertex 3.075 22.8 0
      vertex 3.06019 22.8 0.301402
    endloop
  endfacet
  facet normal 0.514096 0 0.857733
    outer loop
      vertex -1.70838 25 -2.55677
      vertex -1.44954 22.8 -2.71191
      vertex -1.44954 25 -2.71191
    endloop
  endfacet
  facet normal 0.514096 0 0.857733
    outer loop
      vertex -1.44954 22.8 -2.71191
      vertex -1.70838 25 -2.55677
      vertex -1.70838 22.8 -2.55677
    endloop
  endfacet
  facet normal 0.24297 0 -0.970034
    outer loop
      vertex -0.892625 22.8 2.94259
      vertex -0.599902 25 3.01591
      vertex -0.599902 22.8 3.01591
    endloop
  endfacet
  facet normal 0.24297 0 -0.970034
    outer loop
      vertex -0.599902 25 3.01591
      vertex -0.892625 22.8 2.94259
      vertex -0.892625 25 2.94259
    endloop
  endfacet
  facet normal 0.0490778 0 0.998795
    outer loop
      vertex -0.301402 25 -3.06019
      vertex 0 22.8 -3.075
      vertex 0 25 -3.075
    endloop
  endfacet
  facet normal 0.0490778 0 0.998795
    outer loop
      vertex 0 22.8 -3.075
      vertex -0.301402 25 -3.06019
      vertex -0.301402 22.8 -3.06019
    endloop
  endfacet
  facet normal -0.427555 0 0.903989
    outer loop
      vertex 1.17675 25 -2.84093
      vertex 1.44954 22.8 -2.71191
      vertex 1.44954 25 -2.71191
    endloop
  endfacet
  facet normal -0.427555 0 0.903989
    outer loop
      vertex 1.44954 22.8 -2.71191
      vertex 1.17675 25 -2.84093
      vertex 1.17675 22.8 -2.84093
    endloop
  endfacet
  facet normal -0.941546 0 0.336885
    outer loop
      vertex 2.84093 22.8 -1.17675
      vertex 2.94259 25 -0.892625
      vertex 2.84093 25 -1.17675
    endloop
  endfacet
  facet normal -0.941546 0 0.336885
    outer loop
      vertex 2.94259 25 -0.892625
      vertex 2.84093 22.8 -1.17675
      vertex 2.94259 22.8 -0.892625
    endloop
  endfacet
  facet normal -0.24297 0 -0.970034
    outer loop
      vertex 0.599902 22.8 3.01591
      vertex 0.892625 25 2.94259
      vertex 0.892625 22.8 2.94259
    endloop
  endfacet
  facet normal -0.24297 0 -0.970034
    outer loop
      vertex 0.892625 25 2.94259
      vertex 0.599902 22.8 3.01591
      vertex 0.599902 25 3.01591
    endloop
  endfacet
  facet normal -0.671577 0 -0.740935
    outer loop
      vertex 1.95076 22.8 2.37701
      vertex 2.17435 25 2.17435
      vertex 2.17435 22.8 2.17435
    endloop
  endfacet
  facet normal -0.671577 0 -0.740935
    outer loop
      vertex 2.17435 25 2.17435
      vertex 1.95076 22.8 2.37701
      vertex 1.95076 25 2.37701
    endloop
  endfacet
  facet normal 0.857733 0 -0.514096
    outer loop
      vertex -2.55677 22.8 1.70838
      vertex -2.71191 25 1.44954
      vertex -2.55677 25 1.70838
    endloop
  endfacet
  facet normal 0.857733 0 -0.514096
    outer loop
      vertex -2.71191 25 1.44954
      vertex -2.55677 22.8 1.70838
      vertex -2.71191 22.8 1.44954
    endloop
  endfacet
  facet normal -0.24297 0 0.970034
    outer loop
      vertex 0.599902 25 -3.01591
      vertex 0.892625 22.8 -2.94259
      vertex 0.892625 25 -2.94259
    endloop
  endfacet
  facet normal -0.24297 0 0.970034
    outer loop
      vertex 0.892625 22.8 -2.94259
      vertex 0.599902 25 -3.01591
      vertex 0.599902 22.8 -3.01591
    endloop
  endfacet
  facet normal 0.336885 0 -0.941546
    outer loop
      vertex -1.17675 22.8 2.84093
      vertex -0.892625 25 2.94259
      vertex -0.892625 22.8 2.94259
    endloop
  endfacet
  facet normal 0.336885 0 -0.941546
    outer loop
      vertex -0.892625 25 2.94259
      vertex -1.17675 22.8 2.84093
      vertex -1.17675 25 2.84093
    endloop
  endfacet
  facet normal 0.146736 0 -0.989176
    outer loop
      vertex -0.599902 22.8 3.01591
      vertex -0.301402 25 3.06019
      vertex -0.301402 22.8 3.06019
    endloop
  endfacet
  facet normal 0.146736 0 -0.989176
    outer loop
      vertex -0.301402 25 3.06019
      vertex -0.599902 22.8 3.01591
      vertex -0.599902 25 3.01591
    endloop
  endfacet
  facet normal -0.857733 0 -0.514096
    outer loop
      vertex 2.71191 22.8 1.44954
      vertex 2.55677 25 1.70838
      vertex 2.71191 25 1.44954
    endloop
  endfacet
  facet normal -0.857733 -0 -0.514096
    outer loop
      vertex 2.55677 25 1.70838
      vertex 2.71191 22.8 1.44954
      vertex 2.55677 22.8 1.70838
    endloop
  endfacet
  facet normal -0.146736 0 0.989176
    outer loop
      vertex 0.301402 25 -3.06019
      vertex 0.599902 22.8 -3.01591
      vertex 0.599902 25 -3.01591
    endloop
  endfacet
  facet normal -0.146736 0 0.989176
    outer loop
      vertex 0.599902 22.8 -3.01591
      vertex 0.301402 25 -3.06019
      vertex 0.301402 22.8 -3.06019
    endloop
  endfacet
  facet normal -0.0490778 0 -0.998795
    outer loop
      vertex 0 22.8 3.075
      vertex 0.301402 25 3.06019
      vertex 0.301402 22.8 3.06019
    endloop
  endfacet
  facet normal -0.0490778 0 -0.998795
    outer loop
      vertex 0.301402 25 3.06019
      vertex 0 22.8 3.075
      vertex 0 25 3.075
    endloop
  endfacet
  facet normal -0.514096 0 0.857733
    outer loop
      vertex 1.44954 25 -2.71191
      vertex 1.70838 22.8 -2.55677
      vertex 1.70838 25 -2.55677
    endloop
  endfacet
  facet normal -0.514096 0 0.857733
    outer loop
      vertex 1.70838 22.8 -2.55677
      vertex 1.44954 25 -2.71191
      vertex 1.44954 22.8 -2.71191
    endloop
  endfacet
  facet normal -0.671577 0 0.740935
    outer loop
      vertex 1.95076 25 -2.37701
      vertex 2.17435 22.8 -2.17435
      vertex 2.17435 25 -2.17435
    endloop
  endfacet
  facet normal -0.671577 0 0.740935
    outer loop
      vertex 2.17435 22.8 -2.17435
      vertex 1.95076 25 -2.37701
      vertex 1.95076 22.8 -2.37701
    endloop
  endfacet
  facet normal -0.80321 0 -0.595697
    outer loop
      vertex 2.55677 22.8 1.70838
      vertex 2.37701 25 1.95076
      vertex 2.55677 25 1.70838
    endloop
  endfacet
  facet normal -0.80321 -0 -0.595697
    outer loop
      vertex 2.37701 25 1.95076
      vertex 2.55677 22.8 1.70838
      vertex 2.37701 22.8 1.95076
    endloop
  endfacet
  facet normal 0.24297 0 0.970034
    outer loop
      vertex -0.892625 25 -2.94259
      vertex -0.599902 22.8 -3.01591
      vertex -0.599902 25 -3.01591
    endloop
  endfacet
  facet normal 0.24297 0 0.970034
    outer loop
      vertex -0.599902 22.8 -3.01591
      vertex -0.892625 25 -2.94259
      vertex -0.892625 22.8 -2.94259
    endloop
  endfacet
  facet normal -0.80321 0 0.595697
    outer loop
      vertex 2.37701 22.8 -1.95076
      vertex 2.55677 25 -1.70838
      vertex 2.37701 25 -1.95076
    endloop
  endfacet
  facet normal -0.80321 0 0.595697
    outer loop
      vertex 2.55677 25 -1.70838
      vertex 2.37701 22.8 -1.95076
      vertex 2.55677 22.8 -1.70838
    endloop
  endfacet
  facet normal 0.740935 0 -0.671577
    outer loop
      vertex -2.17435 22.8 2.17435
      vertex -2.37701 25 1.95076
      vertex -2.17435 25 2.17435
    endloop
  endfacet
  facet normal 0.740935 0 -0.671577
    outer loop
      vertex -2.37701 25 1.95076
      vertex -2.17435 22.8 2.17435
      vertex -2.37701 22.8 1.95076
    endloop
  endfacet
  facet normal 0.989176 -0 0.146736
    outer loop
      vertex -3.06019 22.8 -0.301402
      vertex -3.01591 25 -0.599902
      vertex -3.06019 25 -0.301402
    endloop
  endfacet
  facet normal 0.989176 0 0.146736
    outer loop
      vertex -3.01591 25 -0.599902
      vertex -3.06019 22.8 -0.301402
      vertex -3.01591 22.8 -0.599902
    endloop
  endfacet
  facet normal 0.0490778 0 -0.998795
    outer loop
      vertex -0.301402 22.8 3.06019
      vertex 0 25 3.075
      vertex 0 22.8 3.075
    endloop
  endfacet
  facet normal 0.0490778 0 -0.998795
    outer loop
      vertex 0 25 3.075
      vertex -0.301402 22.8 3.06019
      vertex -0.301402 25 3.06019
    endloop
  endfacet
  facet normal 0.336885 0 0.941546
    outer loop
      vertex -1.17675 25 -2.84093
      vertex -0.892625 22.8 -2.94259
      vertex -0.892625 25 -2.94259
    endloop
  endfacet
  facet normal 0.336885 0 0.941546
    outer loop
      vertex -0.892625 22.8 -2.94259
      vertex -1.17675 25 -2.84093
      vertex -1.17675 22.8 -2.84093
    endloop
  endfacet
  facet normal 0.146736 0 0.989176
    outer loop
      vertex -0.599902 25 -3.01591
      vertex -0.301402 22.8 -3.06019
      vertex -0.301402 25 -3.06019
    endloop
  endfacet
  facet normal 0.146736 0 0.989176
    outer loop
      vertex -0.301402 22.8 -3.06019
      vertex -0.599902 25 -3.01591
      vertex -0.599902 22.8 -3.01591
    endloop
  endfacet
  facet normal 0.595697 0 0.80321
    outer loop
      vertex -1.95076 25 -2.37701
      vertex -1.70838 22.8 -2.55677
      vertex -1.70838 25 -2.55677
    endloop
  endfacet
  facet normal 0.595697 0 0.80321
    outer loop
      vertex -1.70838 22.8 -2.55677
      vertex -1.95076 25 -2.37701
      vertex -1.95076 22.8 -2.37701
    endloop
  endfacet
  facet normal -0.595697 0 0.80321
    outer loop
      vertex 1.70838 25 -2.55677
      vertex 1.95076 22.8 -2.37701
      vertex 1.95076 25 -2.37701
    endloop
  endfacet
  facet normal -0.595697 0 0.80321
    outer loop
      vertex 1.95076 22.8 -2.37701
      vertex 1.70838 25 -2.55677
      vertex 1.70838 22.8 -2.55677
    endloop
  endfacet
  facet normal -0.989176 0 -0.146736
    outer loop
      vertex 3.06019 22.8 0.301402
      vertex 3.01591 25 0.599902
      vertex 3.06019 25 0.301402
    endloop
  endfacet
  facet normal -0.989176 -0 -0.146736
    outer loop
      vertex 3.01591 25 0.599902
      vertex 3.06019 22.8 0.301402
      vertex 3.01591 22.8 0.599902
    endloop
  endfacet
  facet normal 0.941546 0 -0.336885
    outer loop
      vertex -2.84093 22.8 1.17675
      vertex -2.94259 25 0.892625
      vertex -2.84093 25 1.17675
    endloop
  endfacet
  facet normal 0.941546 0 -0.336885
    outer loop
      vertex -2.94259 25 0.892625
      vertex -2.84093 22.8 1.17675
      vertex -2.94259 22.8 0.892625
    endloop
  endfacet
  facet normal -0.903989 0 -0.427555
    outer loop
      vertex 2.84093 22.8 1.17675
      vertex 2.71191 25 1.44954
      vertex 2.84093 25 1.17675
    endloop
  endfacet
  facet normal -0.903989 -0 -0.427555
    outer loop
      vertex 2.71191 25 1.44954
      vertex 2.84093 22.8 1.17675
      vertex 2.71191 22.8 1.44954
    endloop
  endfacet
  facet normal 0.595697 0 -0.80321
    outer loop
      vertex -1.95076 22.8 2.37701
      vertex -1.70838 25 2.55677
      vertex -1.70838 22.8 2.55677
    endloop
  endfacet
  facet normal 0.595697 0 -0.80321
    outer loop
      vertex -1.70838 25 2.55677
      vertex -1.95076 22.8 2.37701
      vertex -1.95076 25 2.37701
    endloop
  endfacet
  facet normal 0.903989 -0 0.427555
    outer loop
      vertex -2.84093 22.8 -1.17675
      vertex -2.71191 25 -1.44954
      vertex -2.84093 25 -1.17675
    endloop
  endfacet
  facet normal 0.903989 0 0.427555
    outer loop
      vertex -2.71191 25 -1.44954
      vertex -2.84093 22.8 -1.17675
      vertex -2.71191 22.8 -1.44954
    endloop
  endfacet
  facet normal -0.336885 0 -0.941546
    outer loop
      vertex 0.892625 22.8 2.94259
      vertex 1.17675 25 2.84093
      vertex 1.17675 22.8 2.84093
    endloop
  endfacet
  facet normal -0.336885 0 -0.941546
    outer loop
      vertex 1.17675 25 2.84093
      vertex 0.892625 22.8 2.94259
      vertex 0.892625 25 2.94259
    endloop
  endfacet
  facet normal -0.514096 0 -0.857733
    outer loop
      vertex 1.44954 22.8 2.71191
      vertex 1.70838 25 2.55677
      vertex 1.70838 22.8 2.55677
    endloop
  endfacet
  facet normal -0.514096 0 -0.857733
    outer loop
      vertex 1.70838 25 2.55677
      vertex 1.44954 22.8 2.71191
      vertex 1.44954 25 2.71191
    endloop
  endfacet
  facet normal 0 1 0
    outer loop
      vertex 0.301402 22.8 3.06019
      vertex -0.301402 22.8 3.06019
      vertex 0 22.8 3.075
    endloop
  endfacet
  facet normal 0 1 0
    outer loop
      vertex 0.599902 22.8 3.01591
      vertex -0.301402 22.8 3.06019
      vertex 0.301402 22.8 3.06019
    endloop
  endfacet
  facet normal 0 1 0
    outer loop
      vertex 0.599902 22.8 3.01591
      vertex -0.599902 22.8 3.01591
      vertex -0.301402 22.8 3.06019
    endloop
  endfacet
  facet normal 0 1 0
    outer loop
      vertex 0.892625 22.8 2.94259
      vertex -0.599902 22.8 3.01591
      vertex 0.599902 22.8 3.01591
    endloop
  endfacet
  facet normal 0 1 0
    outer loop
      vertex 0.892625 22.8 2.94259
      vertex -0.892625 22.8 2.94259
      vertex -0.599902 22.8 3.01591
    endloop
  endfacet
  facet normal 0 1 0
    outer loop
      vertex 1.17675 22.8 2.84093
      vertex -0.892625 22.8 2.94259
      vertex 0.892625 22.8 2.94259
    endloop
  endfacet
  facet normal 0 1 0
    outer loop
      vertex 1.17675 22.8 2.84093
      vertex -1.17675 22.8 2.84093
      vertex -0.892625 22.8 2.94259
    endloop
  endfacet
  facet normal 0 1 0
    outer loop
      vertex 1.44954 22.8 2.71191
      vertex -1.17675 22.8 2.84093
      vertex 1.17675 22.8 2.84093
    endloop
  endfacet
  facet normal 0 1 0
    outer loop
      vertex 1.44954 22.8 2.71191
      vertex -1.44954 22.8 2.71191
      vertex -1.17675 22.8 2.84093
    endloop
  endfacet
  facet normal 0 1 0
    outer loop
      vertex 1.70838 22.8 2.55677
      vertex -1.44954 22.8 2.71191
      vertex 1.44954 22.8 2.71191
    endloop
  endfacet
  facet normal 0 1 0
    outer loop
      vertex 1.70838 22.8 2.55677
      vertex -1.70838 22.8 2.55677
      vertex -1.44954 22.8 2.71191
    endloop
  endfacet
  facet normal 0 1 0
    outer loop
      vertex 1.95076 22.8 2.37701
      vertex -1.70838 22.8 2.55677
      vertex 1.70838 22.8 2.55677
    endloop
  endfacet
  facet normal 0 1 0
    outer loop
      vertex 1.95076 22.8 2.37701
      vertex -1.95076 22.8 2.37701
      vertex -1.70838 22.8 2.55677
    endloop
  endfacet
  facet normal 0 1 0
    outer loop
      vertex 2.17435 22.8 2.17435
      vertex -1.95076 22.8 2.37701
      vertex 1.95076 22.8 2.37701
    endloop
  endfacet
  facet normal 0 1 0
    outer loop
      vertex 2.17435 22.8 2.17435
      vertex -2.17435 22.8 2.17435
      vertex -1.95076 22.8 2.37701
    endloop
  endfacet
  facet normal 0 1 0
    outer loop
      vertex 2.37701 22.8 1.95076
      vertex -2.17435 22.8 2.17435
      vertex 2.17435 22.8 2.17435
    endloop
  endfacet
  facet normal 0 1 0
    outer loop
      vertex 2.37701 22.8 1.95076
      vertex -2.37701 22.8 1.95076
      vertex -2.17435 22.8 2.17435
    endloop
  endfacet
  facet normal 0 1 0
    outer loop
      vertex 2.55677 22.8 1.70838
      vertex -2.37701 22.8 1.95076
      vertex 2.37701 22.8 1.95076
    endloop
  endfacet
  facet normal 0 1 0
    outer loop
      vertex 2.55677 22.8 1.70838
      vertex -2.55677 22.8 1.70838
      vertex -2.37701 22.8 1.95076
    endloop
  endfacet
  facet normal 0 1 0
    outer loop
      vertex 2.71191 22.8 1.44954
      vertex -2.55677 22.8 1.70838
      vertex 2.55677 22.8 1.70838
    endloop
  endfacet
  facet normal 0 1 0
    outer loop
      vertex 2.71191 22.8 1.44954
      vertex -2.71191 22.8 1.44954
      vertex -2.55677 22.8 1.70838
    endloop
  endfacet
  facet normal 0 1 0
    outer loop
      vertex 2.84093 22.8 1.17675
      vertex -2.71191 22.8 1.44954
      vertex 2.71191 22.8 1.44954
    endloop
  endfacet
  facet normal 0 1 0
    outer loop
      vertex 2.84093 22.8 1.17675
      vertex -2.84093 22.8 1.17675
      vertex -2.71191 22.8 1.44954
    endloop
  endfacet
  facet normal 0 1 0
    outer loop
      vertex 2.94259 22.8 0.892625
      vertex -2.84093 22.8 1.17675
      vertex 2.84093 22.8 1.17675
    endloop
  endfacet
  facet normal 0 1 0
    outer loop
      vertex 2.94259 22.8 0.892625
      vertex -2.94259 22.8 0.892625
      vertex -2.84093 22.8 1.17675
    endloop
  endfacet
  facet normal 0 1 0
    outer loop
      vertex 3.01591 22.8 0.599902
      vertex -2.94259 22.8 0.892625
      vertex 2.94259 22.8 0.892625
    endloop
  endfacet
  facet normal 0 1 0
    outer loop
      vertex 3.01591 22.8 0.599902
      vertex -3.01591 22.8 0.599902
      vertex -2.94259 22.8 0.892625
    endloop
  endfacet
  facet normal 0 1 0
    outer loop
      vertex 3.06019 22.8 0.301402
      vertex -3.01591 22.8 0.599902
      vertex 3.01591 22.8 0.599902
    endloop
  endfacet
  facet normal 0 1 0
    outer loop
      vertex 3.06019 22.8 0.301402
      vertex -3.06019 22.8 0.301402
      vertex -3.01591 22.8 0.599902
    endloop
  endfacet
  facet normal 0 1 0
    outer loop
      vertex 3.075 22.8 0
      vertex -3.06019 22.8 0.301402
      vertex 3.06019 22.8 0.301402
    endloop
  endfacet
  facet normal 0 1 0
    outer loop
      vertex 3.075 22.8 0
      vertex -3.075 22.8 0
      vertex -3.06019 22.8 0.301402
    endloop
  endfacet
  facet normal 0 1 -0
    outer loop
      vertex 3.06019 22.8 -0.301402
      vertex -3.075 22.8 0
      vertex 3.075 22.8 0
    endloop
  endfacet
  facet normal 0 1 0
    outer loop
      vertex 3.06019 22.8 -0.301402
      vertex -3.06019 22.8 -0.301402
      vertex -3.075 22.8 0
    endloop
  endfacet
  facet normal 0 1 -0
    outer loop
      vertex 3.01591 22.8 -0.599902
      vertex -3.06019 22.8 -0.301402
      vertex 3.06019 22.8 -0.301402
    endloop
  endfacet
  facet normal 0 1 0
    outer loop
      vertex 3.01591 22.8 -0.599902
      vertex -3.01591 22.8 -0.599902
      vertex -3.06019 22.8 -0.301402
    endloop
  endfacet
  facet normal 0 1 -0
    outer loop
      vertex 2.94259 22.8 -0.892625
      vertex -3.01591 22.8 -0.599902
      vertex 3.01591 22.8 -0.599902
    endloop
  endfacet
  facet normal 0 1 0
    outer loop
      vertex 2.94259 22.8 -0.892625
      vertex -2.94259 22.8 -0.892625
      vertex -3.01591 22.8 -0.599902
    endloop
  endfacet
  facet normal 0 1 -0
    outer loop
      vertex 2.84093 22.8 -1.17675
      vertex -2.94259 22.8 -0.892625
      vertex 2.94259 22.8 -0.892625
    endloop
  endfacet
  facet normal 0 1 0
    outer loop
      vertex 2.84093 22.8 -1.17675
      vertex -2.84093 22.8 -1.17675
      vertex -2.94259 22.8 -0.892625
    endloop
  endfacet
  facet normal 0 1 -0
    outer loop
      vertex 2.71191 22.8 -1.44954
      vertex -2.84093 22.8 -1.17675
      vertex 2.84093 22.8 -1.17675
    endloop
  endfacet
  facet normal 0 1 0
    outer loop
      vertex 2.71191 22.8 -1.44954
      vertex -2.71191 22.8 -1.44954
      vertex -2.84093 22.8 -1.17675
    endloop
  endfacet
  facet normal 0 1 -0
    outer loop
      vertex 2.55677 22.8 -1.70838
      vertex -2.71191 22.8 -1.44954
      vertex 2.71191 22.8 -1.44954
    endloop
  endfacet
  facet normal 0 1 0
    outer loop
      vertex 2.55677 22.8 -1.70838
      vertex -2.55677 22.8 -1.70838
      vertex -2.71191 22.8 -1.44954
    endloop
  endfacet
  facet normal 0 1 -0
    outer loop
      vertex 2.37701 22.8 -1.95076
      vertex -2.55677 22.8 -1.70838
      vertex 2.55677 22.8 -1.70838
    endloop
  endfacet
  facet normal 0 1 0
    outer loop
      vertex 2.37701 22.8 -1.95076
      vertex -2.37701 22.8 -1.95076
      vertex -2.55677 22.8 -1.70838
    endloop
  endfacet
  facet normal 0 1 -0
    outer loop
      vertex 2.17435 22.8 -2.17435
      vertex -2.37701 22.8 -1.95076
      vertex 2.37701 22.8 -1.95076
    endloop
  endfacet
  facet normal 0 1 0
    outer loop
      vertex 2.17435 22.8 -2.17435
      vertex -2.17435 22.8 -2.17435
      vertex -2.37701 22.8 -1.95076
    endloop
  endfacet
  facet normal 0 1 -0
    outer loop
      vertex 1.95076 22.8 -2.37701
      vertex -2.17435 22.8 -2.17435
      vertex 2.17435 22.8 -2.17435
    endloop
  endfacet
  facet normal 0 1 0
    outer loop
      vertex 1.95076 22.8 -2.37701
      vertex -1.95076 22.8 -2.37701
      vertex -2.17435 22.8 -2.17435
    endloop
  endfacet
  facet normal 0 1 -0
    outer loop
      vertex 1.70838 22.8 -2.55677
      vertex -1.95076 22.8 -2.37701
      vertex 1.95076 22.8 -2.37701
    endloop
  endfacet
  facet normal 0 1 0
    outer loop
      vertex 1.70838 22.8 -2.55677
      vertex -1.70838 22.8 -2.55677
      vertex -1.95076 22.8 -2.37701
    endloop
  endfacet
  facet normal 0 1 -0
    outer loop
      vertex 1.44954 22.8 -2.71191
      vertex -1.70838 22.8 -2.55677
      vertex 1.70838 22.8 -2.55677
    endloop
  endfacet
  facet normal 0 1 0
    outer loop
      vertex 1.44954 22.8 -2.71191
      vertex -1.44954 22.8 -2.71191
      vertex -1.70838 22.8 -2.55677
    endloop
  endfacet
  facet normal 0 1 -0
    outer loop
      vertex 1.17675 22.8 -2.84093
      vertex -1.44954 22.8 -2.71191
      vertex 1.44954 22.8 -2.71191
    endloop
  endfacet
  facet normal 0 1 0
    outer loop
      vertex 1.17675 22.8 -2.84093
      vertex -1.17675 22.8 -2.84093
      vertex -1.44954 22.8 -2.71191
    endloop
  endfacet
  facet normal 0 1 -0
    outer loop
      vertex 0.892625 22.8 -2.94259
      vertex -1.17675 22.8 -2.84093
      vertex 1.17675 22.8 -2.84093
    endloop
  endfacet
  facet normal 0 1 0
    outer loop
      vertex 0.892625 22.8 -2.94259
      vertex -0.892625 22.8 -2.94259
      vertex -1.17675 22.8 -2.84093
    endloop
  endfacet
  facet normal 0 1 -0
    outer loop
      vertex 0.599902 22.8 -3.01591
      vertex -0.892625 22.8 -2.94259
      vertex 0.892625 22.8 -2.94259
    endloop
  endfacet
  facet normal 0 1 0
    outer loop
      vertex 0.599902 22.8 -3.01591
      vertex -0.599902 22.8 -3.01591
      vertex -0.892625 22.8 -2.94259
    endloop
  endfacet
  facet normal 0 1 -0
    outer loop
      vertex 0.301402 22.8 -3.06019
      vertex -0.599902 22.8 -3.01591
      vertex 0.599902 22.8 -3.01591
    endloop
  endfacet
  facet normal 0 1 0
    outer loop
      vertex 0.301402 22.8 -3.06019
      vertex -0.301402 22.8 -3.06019
      vertex -0.599902 22.8 -3.01591
    endloop
  endfacet
  facet normal -0 1 0
    outer loop
      vertex -0.301402 22.8 -3.06019
      vertex 0.301402 22.8 -3.06019
      vertex 0 22.8 -3.075
    endloop
  endfacet
  facet normal -0.941546 0 -0.336885
    outer loop
      vertex 2.94259 22.8 0.892625
      vertex 2.84093 25 1.17675
      vertex 2.94259 25 0.892625
    endloop
  endfacet
  facet normal -0.941546 -0 -0.336885
    outer loop
      vertex 2.84093 25 1.17675
      vertex 2.94259 22.8 0.892625
      vertex 2.84093 22.8 1.17675
    endloop
  endfacet
  facet normal 0.857733 -0 0.514096
    outer loop
      vertex -2.71191 22.8 -1.44954
      vertex -2.55677 25 -1.70838
      vertex -2.71191 25 -1.44954
    endloop
  endfacet
  facet normal 0.857733 0 0.514096
    outer loop
      vertex -2.55677 25 -1.70838
      vertex -2.71191 22.8 -1.44954
      vertex -2.55677 22.8 -1.70838
    endloop
  endfacet
  facet normal 0.514096 0 -0.857733
    outer loop
      vertex -1.70838 22.8 2.55677
      vertex -1.44954 25 2.71191
      vertex -1.44954 22.8 2.71191
    endloop
  endfacet
  facet normal 0.514096 0 -0.857733
    outer loop
      vertex -1.44954 25 2.71191
      vertex -1.70838 22.8 2.55677
      vertex -1.70838 25 2.55677
    endloop
  endfacet
  facet normal 0.80321 -0 0.595697
    outer loop
      vertex -2.55677 22.8 -1.70838
      vertex -2.37701 25 -1.95076
      vertex -2.55677 25 -1.70838
    endloop
  endfacet
  facet normal 0.80321 0 0.595697
    outer loop
      vertex -2.37701 25 -1.95076
      vertex -2.55677 22.8 -1.70838
      vertex -2.37701 22.8 -1.95076
    endloop
  endfacet
  facet normal 0.903989 0 -0.427555
    outer loop
      vertex -2.71191 22.8 1.44954
      vertex -2.84093 25 1.17675
      vertex -2.71191 25 1.44954
    endloop
  endfacet
  facet normal 0.903989 0 -0.427555
    outer loop
      vertex -2.84093 25 1.17675
      vertex -2.71191 22.8 1.44954
      vertex -2.84093 22.8 1.17675
    endloop
  endfacet
  facet normal -0.970034 0 -0.24297
    outer loop
      vertex 3.01591 22.8 0.599902
      vertex 2.94259 25 0.892625
      vertex 3.01591 25 0.599902
    endloop
  endfacet
  facet normal -0.970034 -0 -0.24297
    outer loop
      vertex 2.94259 25 0.892625
      vertex 3.01591 22.8 0.599902
      vertex 2.94259 22.8 0.892625
    endloop
  endfacet
  facet normal 0.427555 0 -0.903989
    outer loop
      vertex -1.44954 22.8 2.71191
      vertex -1.17675 25 2.84093
      vertex -1.17675 22.8 2.84093
    endloop
  endfacet
  facet normal 0.427555 0 -0.903989
    outer loop
      vertex -1.17675 25 2.84093
      vertex -1.44954 22.8 2.71191
      vertex -1.44954 25 2.71191
    endloop
  endfacet
  facet normal -0.740935 0 -0.671577
    outer loop
      vertex 2.37701 22.8 1.95076
      vertex 2.17435 25 2.17435
      vertex 2.37701 25 1.95076
    endloop
  endfacet
  facet normal -0.740935 -0 -0.671577
    outer loop
      vertex 2.17435 25 2.17435
      vertex 2.37701 22.8 1.95076
      vertex 2.17435 22.8 2.17435
    endloop
  endfacet
endsolid OpenSCAD_Model
