E,0,ZERO
E,0,STREAM_ON
D,2021280,-0.0220
D,2021285,-0.0000
D,2021290,0.0439
D,2021295,0.0220
D,2021300,0.0220
D,2021305,0.0220
D,2021310,-0.0439
D,2021315,-0.0439
D,2021320,0.0220
D,2021325,-0.0879
D,2021330,0.0220
D,2021335,-0.0220
D,2021340,-0.0220
D,2021345,0.0659
D,2021350,0.0439
D,2021355,0.0220
D,2021360,-0.0220
D,2021365,-0.0000
D,2021370,-0.0000
D,2021375,0.0220
D,2021380,0.0439
D,2021385,-0.0000
D,2021390,-0.0000
D,2021395,0.0220
D,2021400,-0.0000
D,2021405,0.0659
D,2021410,0.0439
D,2021415,-0.0000
D,2021420,-0.0000
D,2021425,0.0220
D,2021430,0.0439
D,2021435,-0.0439
D,2021440,-0.0000
D,2021445,-0.0220
D,2021450,0.0439
D,2021455,-0.0659
D,2021460,0.0220
D,2021465,0.0220
D,2021470,0.0439
D,2021475,0.0220
D,2021480,-0.0000
D,2021485,-0.0220
D,2021490,-0.0000
D,2021495,0.0659
D,2021500,-0.0000
D,2021505,-0.0439
D,2021510,0.0220
D,2021515,-0.0439
D,2021520,-0.0000
D,2021525,0.0220
D,2021530,-0.0000
D,2021535,0.0220
D,2021540,-0.0000
D,2021545,0.0220
D,2021550,0.0220
D,2021555,-0.0220
D,2021560,0.0439
D,2021565,-0.0220
D,2021570,0.0220
D,2021575,0.0439
D,2021580,-0.0220
D,2021585,0.0439
D,2021590,-0.0000
D,2021595,-0.0000
D,2021600,-0.0220
D,2021605,0.0220
D,2021610,0.0439
D,2021615,-0.0879
D,2021620,-0.0879
D,2021625,-0.0220
D,2021630,-0.0000
D,2021635,0.0220
D,2021640,0.0439
D,2021645,-0.0439
D,2021650,-0.0000
D,2021655,0.0439
D,2021660,-0.0000
D,2021665,0.0220
D,2021670,0.0879
D,2021675,0.0439
D,2021680,0.0220
D,2021685,-0.0000
D,2021690,0.0439
D,2021695,-0.0220
D,2021700,0.0659
D,2021705,0.0220
D,2021710,0.0220
D,2021715,-0.0000
D,2021720,-0.0439
D,2021725,0.0220
D,2021730,-0.0220
D,2021735,0.0220
D,2021740,0.0220
D,2021745,-0.0000
D,2021750,-0.0220
D,2021755,-0.0439
D,2021760,0.0220
D,2021765,0.0220
D,2021770,-0.0220
D,2021775,0.0439
D,2021780,-0.0439
D,2021785,0.0220
D,2021790,-0.0000
D,2021795,0.0659
D,2021800,-0.0000
D,2021805,0.0439
D,2021810,-0.0000
D,2021815,0.0220
D,2021820,0.0220
D,2021825,-0.0220
D,2021830,-0.0220
D,2021835,0.0439
D,2021840,-0.0220
D,2021845,0.0220
D,2021850,0.0220
D,2021855,0.0220
D,2021860,0.0439
D,2021865,0.0220
D,2021870,-0.0439
D,2021875,-0.0000
D,2021880,0.0439
D,2021885,0.0439
D,2021890,0.0439
D,2021895,0.0220
D,2021900,0.0220
D,2021905,0.0220
D,2021910,0.0879
D,2021915,-0.0000
D,2021920,0.0220
D,2021925,0.0220
D,2021930,-0.0220
D,2021935,-0.0000
D,2021940,0.0220
D,2021945,0.0220
D,2021950,-0.0220
D,2021955,0.0220
D,2021960,0.0220
D,2021965,-0.0220
D,2021970,0.0220
D,2021975,-0.0000
D,2021980,0.0659
D,2021985,-0.0000
D,2021990,-0.0000
D,2021995,0.0659
D,2022000,-0.0000
D,2022005,-0.0220
D,2022010,-0.0000
D,2022015,0.0439
D,2022020,0.0439
D,2022025,0.0439
D,2022030,-0.0000
D,2022035,0.0439
D,2022040,0.0220
D,2022045,0.0220
D,2022050,-0.0000
D,2022055,0.0220
D,2022060,0.1099
D,2022065,-0.0220
D,2022070,0.0220
D,2022075,0.0220
D,2022080,-0.0000
D,2022085,-0.0000
D,2022090,-0.0220
D,2022095,-0.0220
D,2022100,-0.0000
D,2022105,0.0220
D,2022110,0.0220
D,2022115,0.0439
D,2022120,0.0220
D,2022125,-0.0000
D,2022130,-0.0000
D,2022135,0.0220
D,2022140,-0.0000
D,2022145,-0.0220
D,2022150,0.0220
D,2022155,-0.0220
D,2022160,-0.0220
D,2022165,0.0220
D,2022170,-0.0000
D,2022175,-0.0000
D,2022180,-0.0000
D,2022185,0.0220
D,2022190,0.0220
D,2022195,0.0439
D,2022200,-0.0000
D,2022205,0.0439
D,2022210,0.0659
D,2022215,-0.0000
D,2022220,-0.0220
D,2022225,-0.0000
D,2022230,-0.0220
D,2022235,0.0220
D,2022240,0.0439
D,2022245,-0.0000
D,2022250,0.0220
D,2022255,-0.0220
D,2022260,0.0439
D,2022265,-0.0000
D,2022270,0.0220
D,2022275,0.0220
D,2022280,0.0659
D,2022285,-0.0220
D,2022290,-0.0000
D,2022295,-0.0000
D,2022300,0.0220
D,2022305,-0.0220
D,2022310,-0.0220
D,2022315,0.0220
D,2022320,-0.0220
D,2022325,0.0439
D,2022330,0.0439
D,2022335,-0.0439
D,2022340,0.0220
D,2022345,-0.0000
D,2022350,0.0220
D,2022355,-0.0439
D,2022360,0.0659
D,2022365,0.0220
D,2022370,-0.0659
D,2022375,-0.0000
D,2022380,0.0220
D,2022385,-0.0000
D,2022390,0.0659
D,2022395,0.0220
D,2022400,0.0439
D,2022405,-0.0220
D,2022410,0.0220
D,2022415,0.0439
D,2022420,0.0220
D,2022425,0.0220
D,2022430,-0.0659
D,2022435,0.0220
D,2022440,-0.0000
D,2022445,0.0879
D,2022450,0.0220
D,2022455,-0.0000
D,2022460,0.0439
D,2022465,0.0220
D,2022470,0.0659
D,2022475,0.0220
D,2022480,-0.0659
D,2022485,-0.0000
D,2022490,0.0439
D,2022495,0.0439
D,2022500,-0.0659
D,2022505,0.0659
D,2022510,-0.0220
D,2022515,-0.0220
D,2022520,-0.0220
D,2022525,-0.0659
D,2022530,-0.0000
D,2022535,-0.0439
D,2022540,-0.0000
D,2022545,-0.0220
D,2022550,-0.0220
D,2022555,-0.0000
D,2022560,0.0439
D,2022565,-0.0439
D,2022570,-0.0000
D,2022575,0.0439
D,2022580,0.0220
D,2022585,0.0439
D,2022590,-0.0220
D,2022595,0.0220
D,2022600,0.0439
D,2022605,-0.0220
D,2022610,0.0220
D,2022615,0.0220
D,2022620,-0.0000
D,2022625,0.0220
D,2022630,-0.0000
D,2022635,0.0659
D,2022640,0.0439
D,2022645,0.0879
D,2022650,0.0220
D,2022655,0.0439
D,2022660,0.0439
D,2022665,-0.0220
D,2022670,0.0439
D,2022675,0.0659
D,2022680,0.0220
D,2022685,0.0220
D,2022690,-0.0000
D,2022695,0.1099
D,2022700,-0.0879
D,2022705,0.0220
D,2022710,0.0439
D,2022715,0.0659
D,2022720,-0.0220
D,2022725,-0.0000
D,2022730,0.0659
D,2022735,-0.0220
D,2022740,-0.0000
D,2022745,0.0439
D,2022750,-0.0220
D,2022755,0.0220
D,2022760,0.0220
D,2022765,0.0659
D,2022770,0.0220
D,2022775,0.0439
D,2022780,-0.0220
D,2022785,0.0879
D,2022790,0.0220
D,2022795,0.0439
D,2022800,0.0439
D,2022805,-0.0000
D,2022810,-0.0220
D,2022815,0.0439
D,2022820,-0.0000
D,2022825,0.0220
D,2022830,0.0659
D,2022835,-0.0000
D,2022840,0.0439
D,2022845,0.0439
D,2022850,0.0220
D,2022855,-0.0000
D,2022860,0.0439
D,2022865,0.0439
D,2022870,0.0220
D,2022875,-0.0000
D,2022880,-0.0000
D,2022885,0.0220
D,2022890,-0.0000
D,2022895,0.0659
D,2022900,0.0439
D,2022905,-0.0000
D,2022910,0.0439
D,2022915,-0.0220
D,2022920,-0.0000
D,2022925,0.0220
D,2022930,0.0220
D,2022935,0.0439
D,2022940,-0.0000
D,2022945,-0.0000
D,2022950,0.0220
D,2022955,0.0220
D,2022960,0.0439
D,2022965,-0.1318
D,2022970,-0.0879
D,2022975,-0.0000
D,2022980,0.0220
D,2022985,-0.0439
D,2022990,-0.0000
D,2022995,-0.0000
D,2023000,0.0439
D,2023005,0.1099
D,2023010,0.0659
D,2023015,0.0220
D,2023020,-0.0000
D,2023025,0.0879
D,2023030,0.0659
D,2023035,-0.0220
D,2023040,-0.0439
D,2023045,0.0439
D,2023050,0.0220
D,2023055,0.0879
D,2023060,0.0439
D,2023065,-0.0659
D,2023070,0.0220
D,2023075,-0.0000
D,2023080,-0.0000
D,2023085,0.0220
D,2023090,-0.0439
D,2023095,-0.0220
D,2023100,-0.0000
D,2023105,-0.0000
D,2023110,0.0659
D,2023115,-0.0439
D,2023120,0.0659
D,2023125,0.0659
D,2023130,0.0220
D,2023135,0.0439
D,2023140,-0.0439
D,2023145,0.0439
D,2023150,0.0439
D,2023155,-0.0000
D,2023160,0.0659
D,2023165,0.0659
D,2023170,-0.0220
D,2023175,-0.0220
D,2023180,0.0220
D,2023185,-0.0000
D,2023190,0.0439
D,2023195,-0.0220
D,2023200,-0.0220
D,2023205,-0.0000
D,2023210,-0.0220
D,2023215,0.0439
D,2023220,-0.0220
D,2023225,-0.0659
D,2023230,-0.0000
D,2023235,-0.0439
D,2023240,-0.0000
D,2023245,-0.0659
D,2023250,-0.0000
D,2023255,-0.0439
D,2023260,0.0439
D,2023265,-0.0220
D,2023270,-0.0220
D,2023275,-0.0439
D,2023280,-0.0000
D,2023285,0.0220
D,2023290,0.0220
D,2023295,-0.0000
D,2023300,0.0659
D,2023305,-0.0220
D,2023310,-0.0000
D,2023315,-0.0000
D,2023320,-0.0439
D,2023325,0.0439
D,2023330,-0.0220
D,2023335,0.0220
D,2023340,0.0659
D,2023345,-0.0000
D,2023350,-0.0220
D,2023355,-0.0000
D,2023360,-0.0220
D,2023365,0.0220
D,2023370,0.0220
D,2023375,-0.0000
D,2023380,-0.0439
D,2023385,0.0220
D,2023390,-0.0439
D,2023395,-0.0439
D,2023400,-0.0000
D,2023405,-0.0000
D,2023410,0.0439
D,2023415,0.0220
D,2023420,-0.0000
D,2023425,0.0220
D,2023430,-0.0000
D,2023435,-0.0439
D,2023440,-0.0439
D,2023445,0.0220
D,2023450,0.0439
D,2023455,-0.0000
D,2023460,0.0220
D,2023465,0.0439
D,2023470,-0.0000
D,2023475,-0.0000
D,2023480,-0.0000
D,2023485,0.0220
D,2023490,0.0220
D,2023495,0.0439
D,2023500,0.0439
D,2023505,0.0439
D,2023510,-0.0220
D,2023515,0.0439
D,2023520,0.0220
D,2023525,-0.0439
D,2023530,-0.0439
D,2023535,0.0220
D,2023540,0.0439
D,2023545,0.0439
D,2023550,0.0220
D,2023555,-0.0000
D,2023560,0.0439
D,2023565,0.0439
D,2023570,0.0220
D,2023575,0.0220
D,2023580,-0.0220
D,2023585,-0.0439
D,2023590,-0.0000
D,2023595,0.0439
D,2023600,-0.0220
D,2023605,-0.0220
D,2023610,0.0220
D,2023615,0.0659
D,2023620,0.0879
D,2023625,0.0220
D,2023630,-0.0220
D,2023635,-0.0439
D,2023640,-0.0439
D,2023645,0.0439
D,2023650,0.0220
D,2023655,-0.0220
D,2023660,-0.0220
D,2023665,0.0439
D,2023670,-0.0220
D,2023675,-0.0000
D,2023680,-0.0220
D,2023685,0.0879
D,2023690,0.0439
D,2023695,-0.0220
D,2023700,-0.0439
D,2023705,0.0879
D,2023710,-0.0000
D,2023715,-0.0000
D,2023720,-0.0000
D,2023725,0.0439
D,2023730,-0.0000
D,2023735,0.0439
D,2023740,-0.0439
D,2023745,0.0220
D,2023750,-0.0220
D,2023755,0.0439
D,2023760,0.0659
D,2023765,-0.0439
D,2023770,-0.0439
D,2023775,0.0439
D,2023780,-0.0000
D,2023785,-0.0000
D,2023790,0.0439
D,2023795,-0.0000
D,2023800,-0.0000
D,2023805,0.0220
D,2023810,0.0659
D,2023815,-0.0000
D,2023820,0.0439
D,2023825,0.0659
D,2023830,-0.1099
D,2023835,-0.0000
D,2023840,0.0220
D,2023845,-0.0220
D,2023850,-0.0000
D,2023855,-0.0000
D,2023860,0.0220
D,2023865,-0.0000
D,2023870,0.0439
D,2023875,0.0439
D,2023880,0.0439
D,2023885,0.1538
D,2023890,0.0220
D,2023895,0.0659
D,2023900,-0.0220
D,2023905,0.0439
D,2023910,0.0439
D,2023915,-0.0000
D,2023920,-0.0000
D,2023925,0.0220
D,2023930,-0.0439
D,2023935,-0.0000
D,2023940,-0.0220
D,2023945,-0.0220
D,2023950,0.0879
D,2023955,-0.0220
D,2023960,-0.0000
D,2023965,0.0220
D,2023970,-0.0220
D,2023975,-0.0000
D,2023980,-0.0000
D,2023985,0.0220
D,2023990,-0.0000
D,2023995,-0.0000
D,2024000,0.0220
D,2024005,-0.0220
D,2024010,-0.0220
D,2024015,0.0439
D,2024020,0.0220
D,2024025,-0.0220
D,2024030,-0.0000
D,2024035,0.0439
D,2024040,0.0220
D,2024045,0.0220
D,2024050,-0.0000
D,2024055,-0.0220
D,2024060,-0.0000
D,2024065,-0.0000
D,2024070,0.0220
D,2024075,-0.0000
D,2024080,0.0220
D,2024085,-0.0000
D,2024090,-0.0220
D,2024095,0.0220
D,2024100,0.0879
D,2024105,-0.0220
D,2024110,-0.0000
D,2024115,0.0659
D,2024120,0.0659
D,2024125,-0.0220
D,2024130,0.0220
D,2024135,-0.0220
D,2024140,-0.0220
D,2024145,-0.0220
D,2024150,-0.0000
D,2024155,0.0439
D,2024160,0.0220
D,2024165,-0.0000
D,2024170,0.0220
D,2024175,0.0220
D,2024180,0.0439
D,2024185,0.0659
D,2024190,-0.0000
D,2024195,-0.0000
D,2024200,-0.0000
D,2024205,-0.0000
D,2024210,0.0220
D,2024215,-0.0220
D,2024220,0.0220
D,2024225,-0.0000
D,2024230,0.0439
D,2024235,0.0220
D,2024240,-0.0000
D,2024245,-0.0439
D,2024250,0.0220
D,2024255,-0.0000
D,2024260,0.0439
D,2024265,-0.0439
D,2024270,0.0439
D,2024275,0.0439
D,2024280,-0.0000
D,2024285,0.0220
D,2024290,0.0220
D,2024295,-0.0000
D,2024300,-0.0000
D,2024305,0.0220
D,2024310,0.0439
D,2024315,-0.0000
D,2024320,0.0439
D,2024325,-0.0000
D,2024330,-0.0659
D,2024335,-0.0220
D,2024340,0.0220
D,2024345,-0.0000
D,2024350,-0.0220
D,2024355,0.0220
D,2024360,0.0220
D,2024365,0.0220
D,2024370,-0.0220
D,2024375,0.0220
D,2024380,-0.0000
D,2024385,0.0220
D,2024390,-0.0220
D,2024395,0.0439
D,2024400,0.0659
D,2024405,-0.0220
D,2024410,-0.0220
D,2024415,-0.0000
D,2024420,-0.0220
D,2024425,0.0220
D,2024430,-0.0439
D,2024435,-0.0000
D,2024440,-0.0000
D,2024445,0.0439
D,2024450,-0.0220
D,2024455,-0.0000
D,2024460,-0.0000
D,2024465,0.0220
D,2024470,0.0659
D,2024475,0.0439
D,2024480,-0.0439
D,2024485,0.0439
D,2024490,0.0220
D,2024495,0.0220
D,2024500,-0.0220
D,2024505,0.0659
D,2024510,-0.0220
D,2024515,-0.0000
D,2024520,-0.0000
D,2024525,-0.0439
D,2024530,0.0659
D,2024535,-0.0220
D,2024540,-0.0000
D,2024545,0.0220
D,2024550,0.0439
D,2024555,0.0439
D,2024560,0.0439
D,2024565,-0.0220
D,2024570,-0.0220
D,2024575,0.0439
D,2024580,0.0220
D,2024585,-0.0439
D,2024590,0.0220
D,2024595,-0.0000
D,2024600,-0.0439
D,2024605,-0.0000
D,2024610,0.0220
D,2024615,0.0220
D,2024620,0.0879
D,2024625,-0.0439
D,2024630,0.0220
D,2024635,0.0220
D,2024640,-0.0439
D,2024645,-0.0000
D,2024650,-0.0439
D,2024655,-0.0879
D,2024660,-0.0000
D,2024665,0.0220
D,2024670,0.0220
D,2024675,-0.0000
D,2024680,-0.0439
D,2024685,-0.0000
D,2024690,-0.0000
D,2024695,0.0220
D,2024700,0.0879
D,2024705,0.0879
D,2024710,0.0439
D,2024715,-0.0000
D,2024720,0.0220
D,2024725,0.0439
D,2024730,-0.0000
D,2024735,-0.0439
D,2024740,-0.0000
D,2024745,0.0220
D,2024750,-0.0439
D,2024755,-0.0000
D,2024760,0.0220
D,2024765,0.0220
D,2024770,-0.0439
D,2024775,0.0220
D,2024780,0.0220
D,2024785,-0.0220
D,2024790,-0.0220
D,2024795,0.0220
D,2024800,-0.0439
D,2024805,0.0879
D,2024810,0.0220
D,2024815,0.0220
D,2024820,-0.0220
D,2024825,-0.0000
D,2024830,-0.0220
D,2024835,-0.0000
D,2024840,-0.0659
D,2024845,0.0439
D,2024850,0.0220
D,2024855,0.0439
D,2024860,-0.0000
D,2024865,-0.0000
D,2024870,0.0220
D,2024875,-0.0220
D,2024880,0.0439
D,2024885,-0.0000
D,2024890,0.0220
D,2024895,-0.0000
D,2024900,-0.0220
D,2024905,-0.0000
D,2024910,-0.0220
D,2024915,-0.0220
D,2024920,-0.0000
D,2024925,-0.0220
D,2024930,-0.0000
D,2024935,-0.0000
D,2024940,-0.0220
D,2024945,-0.0220
D,2024950,0.0220
D,2024955,0.0220
D,2024960,0.0659
D,2024965,0.0220
D,2024970,-0.0220
D,2024975,0.0220
D,2024980,-0.0220
D,2024985,0.0220
D,2024990,0.0439
D,2024995,-0.0000
D,2025000,0.0220
D,2025005,0.0220
D,2025010,-0.0659
D,2025015,0.0220
D,2025020,0.0439
D,2025025,-0.0220
D,2025030,-0.0220
D,2025035,-0.0000
D,2025040,-0.0220
D,2025045,0.0659
D,2025050,-0.0000
D,2025055,-0.0000
D,2025060,-0.0000
D,2025065,0.0659
D,2025070,-0.0220
D,2025075,0.0439
D,2025080,0.0220
D,2025085,0.0220
D,2025090,0.0439
D,2025095,-0.0000
D,2025100,-0.0000
D,2025105,-0.0000
D,2025110,0.0659
D,2025115,-0.0000
D,2025120,-0.0659
D,2025125,0.0220
D,2025130,-0.0439
D,2025135,0.0220
D,2025140,-0.0659
D,2025145,-0.0439
D,2025150,-0.0000
D,2025155,-0.0000
D,2025160,0.0659
D,2025165,0.0439
D,2025170,-0.0000
D,2025175,-0.0000
D,2025180,0.0220
D,2025185,-0.0000
D,2025190,0.0220
D,2025195,-0.0659
D,2025200,0.0220
D,2025205,0.0439
D,2025210,0.0220
D,2025215,0.0220
D,2025220,0.0439
D,2025225,-0.0659
D,2025230,0.0439
D,2025235,0.0439
D,2025240,-0.0000
D,2025245,-0.0000
D,2025250,-0.0000
D,2025255,-0.0000
D,2025260,-0.0220
D,2025265,0.0220
D,2025270,0.0220
D,2025275,0.0879
D,2025280,0.0220
D,2025285,0.0220
D,2025290,0.0879
D,2025295,0.0220
D,2025300,-0.0439
D,2025305,-0.0220
D,2025310,0.0439
D,2025315,-0.0439
D,2025320,0.0879
D,2025325,-0.0220
D,2025330,0.0220
D,2025335,0.0439
D,2025340,0.0439
D,2025345,-0.0220
D,2025350,-0.0659
D,2025355,-0.0000
D,2025360,0.0220
D,2025365,-0.0000
D,2025370,0.0220
D,2025375,-0.0000
D,2025380,-0.0439
D,2025385,-0.0000
D,2025390,0.0439
D,2025395,0.0439
D,2025400,-0.0220
D,2025405,0.0439
D,2025410,0.0220
D,2025415,0.0439
D,2025420,0.0220
D,2025425,0.0439
D,2025430,0.0439
D,2025435,-0.0220
D,2025440,0.0220
D,2025445,0.0220
D,2025450,-0.0220
D,2025455,0.0220
D,2025460,-0.0659
D,2025465,0.0220
D,2025470,0.0220
D,2025475,0.0220
D,2025480,-0.0000
D,2025485,-0.0220
D,2025490,0.0220
D,2025495,0.0220
D,2025500,0.0220
D,2025505,-0.0000
D,2025510,-0.0000
D,2025515,0.0220
D,2025520,0.0220
D,2025525,0.0879
D,2025530,0.0220
D,2025535,-0.0000
D,2025540,0.0879
D,2025545,0.0659
D,2025550,0.0220
D,2025555,-0.0220
D,2025560,-0.0000
D,2025565,0.0220
D,2025570,0.0439
D,2025575,0.0220
D,2025580,-0.0220
D,2025585,-0.0000
D,2025590,-0.0659
D,2025595,0.0220
D,2025600,-0.0000
D,2025605,-0.0000
D,2025610,0.0439
D,2025615,-0.0439
D,2025620,-0.0439
D,2025625,0.0220
D,2025630,-0.0000
D,2025635,-0.0220
D,2025640,0.0220
D,2025645,-0.0220
D,2025650,0.0220
D,2025655,-0.0220
D,2025660,0.0220
D,2025665,0.0439
D,2025670,0.0220
D,2025675,-0.0000
D,2025680,-0.0220
D,2025685,0.0220
D,2025690,-0.0000
D,2025695,-0.0000
D,2025700,-0.0439
D,2025705,0.0439
D,2025710,-0.0439
D,2025715,-0.0659
D,2025720,-0.0000
D,2025725,-0.0220
D,2025730,-0.0659
D,2025735,-0.0220
D,2025740,-0.0439
D,2025745,-0.0439
D,2025750,0.0220
D,2025755,-0.0000
D,2025760,0.0220
D,2025765,-0.0220
D,2025770,-0.0000
D,2025775,0.0220
D,2025780,-0.0000
D,2025785,0.0220
D,2025790,-0.0439
D,2025795,0.0220
D,2025800,0.0220
D,2025805,-0.0659
D,2025810,-0.0000
D,2025815,0.0220
D,2025820,0.0220
D,2025825,-0.0000
D,2025830,-0.0879
D,2025835,-0.0000
D,2025840,-0.0220
D,2025845,-0.0220
D,2025850,0.0439
D,2025855,0.0220
D,2025860,0.0220
D,2025865,0.0220
D,2025870,-0.0000
D,2025875,0.0220
D,2025880,-0.0000
D,2025885,-0.0000
D,2025890,0.0220
D,2025895,-0.0000
D,2025900,0.0439
D,2025905,-0.0220
D,2025910,0.0220
D,2025915,0.0220
D,2025920,0.0659
D,2025925,-0.0000
D,2025930,-0.0000
D,2025935,0.0220
D,2025940,-0.0220
D,2025945,-0.0000
D,2025950,0.0220
D,2025955,-0.0439
D,2025960,-0.0000
D,2025965,-0.0220
D,2025970,-0.0000
D,2025975,0.0439
D,2025980,0.0220
D,2025985,0.0220
D,2025990,-0.0000
D,2025995,0.0220
D,2026000,-0.0439
D,2026005,0.0220
D,2026010,0.0439
D,2026015,0.0659
D,2026020,0.0439
D,2026025,0.0659
D,2026030,-0.0000
D,2026035,-0.0659
D,2026040,0.0220
D,2026045,-0.0220
D,2026050,-0.0439
D,2026055,0.0220
D,2026060,0.0439
D,2026065,0.0220
D,2026070,-0.0000
D,2026075,0.0879
D,2026080,0.0439
D,2026085,-0.0000
D,2026090,-0.0000
D,2026095,-0.0220
D,2026100,0.0220
D,2026105,0.0659
D,2026110,-0.0220
D,2026115,-0.0220
D,2026120,0.0439
D,2026125,-0.0000
D,2026130,-0.0439
D,2026135,0.0220
D,2026140,0.0439
D,2026145,-0.0659
D,2026150,0.0220
D,2026155,0.0439
D,2026160,0.0439
D,2026165,0.0220
D,2026170,0.0220
D,2026175,0.0220
D,2026180,0.0439
D,2026185,0.0439
D,2026190,-0.0220
D,2026195,-0.0000
D,2026200,-0.0659
D,2026205,0.0220
D,2026210,-0.0000
D,2026215,0.0439
D,2026220,-0.0439
D,2026225,-0.0000
D,2026230,0.0220
D,2026235,0.0220
D,2026240,-0.0439
D,2026245,-0.0000
D,2026250,-0.0439
D,2026255,0.0220
D,2026260,-0.0000
D,2026265,-0.0000
D,2026270,-0.0439
D,2026275,0.0439
D,2026280,0.0220
D,2026285,-0.0439
D,2026290,-0.0000
D,2026295,0.0220
D,2026300,0.0220
D,2026305,0.0439
D,2026310,-0.0220
D,2026315,-0.0439
D,2026320,0.0220
D,2026325,0.0659
D,2026330,-0.0000
D,2026335,0.0220
D,2026340,0.0220
D,2026345,-0.0439
D,2026350,0.0220
D,2026355,0.0220
D,2026360,-0.0000
D,2026365,-0.0000
D,2026370,-0.0000
D,2026375,0.0220
D,2026380,0.0220
D,2026385,-0.0659
D,2026390,-0.0000
D,2026395,-0.0000
D,2026400,0.0439
D,2026405,-0.0439
D,2026410,0.0220
D,2026415,0.0220
D,2026420,0.0439
D,2026425,-0.0659
D,2026430,0.0439
D,2026435,0.0659
D,2026440,-0.0000
D,2026445,0.0220
D,2026450,-0.0000
D,2026455,-0.0000
D,2026460,-0.0220
D,2026465,0.0220
D,2026470,0.0220
D,2026475,0.0220
D,2026480,0.0439
D,2026485,-0.0000
D,2026490,0.0220
D,2026495,-0.0659
D,2026500,0.0220
D,2026505,-0.0000
D,2026510,-0.0000
D,2026515,0.0659
D,2026520,0.0659
D,2026525,0.0659
D,2026530,0.0659
D,2026535,0.0439
D,2026540,0.0220
D,2026545,-0.0000
D,2026550,0.0439
D,2026555,-0.0439
D,2026560,0.0220
D,2026565,0.0439
D,2026570,0.0220
D,2026575,0.0879
D,2026580,-0.0000
D,2026585,-0.0000
D,2026590,-0.0000
D,2026595,-0.0000
D,2026600,0.0659
D,2026605,-0.0220
D,2026610,0.0220
D,2026615,-0.0000
D,2026620,0.0220
D,2026625,0.0220
D,2026630,0.0220
D,2026635,-0.0439
D,2026640,-0.0000
D,2026645,-0.0220
D,2026650,-0.0220
D,2026655,0.0439
D,2026660,-0.0000
D,2026665,0.0220
D,2026670,0.0659
D,2026675,0.0439
D,2026680,0.0220
D,2026685,-0.0439
D,2026690,-0.0220
D,2026695,-0.0220
D,2026700,-0.0220
D,2026705,-0.0000
D,2026710,0.0439
D,2026715,-0.0220
D,2026720,0.0439
D,2026725,0.0439
D,2026730,-0.0220
D,2026735,-0.0000
D,2026740,0.0879
D,2026745,-0.0659
D,2026750,-0.0000
D,2026755,0.0220
D,2026760,-0.0000
D,2026765,-0.0439
D,2026770,-0.0000
D,2026775,0.1099
D,2026780,0.0220
D,2026785,0.0220
D,2026790,0.0659
D,2026795,-0.0220
D,2026800,0.0439
D,2026805,0.0439
D,2026810,0.0879
D,2026815,-0.0220
D,2026820,0.0659
D,2026825,-0.0220
D,2026830,-0.0659
D,2026835,-0.0000
D,2026840,-0.0000
D,2026845,-0.0220
D,2026850,0.0220
D,2026855,0.0220
D,2026860,-0.0000
D,2026865,0.0659
D,2026870,-0.0000
D,2026875,0.0220
D,2026880,0.0220
D,2026885,-0.0439
D,2026890,-0.0000
D,2026895,0.0659
D,2026900,0.0220
D,2026905,-0.0000
D,2026910,-0.0000
D,2026915,0.0220
D,2026920,-0.0439
D,2026925,0.0220
D,2026930,-0.0000
D,2026935,0.0439
D,2026940,-0.0000
D,2026945,0.0439
D,2026951,0.0220
D,2026956,0.0220
D,2026961,0.0220
D,2026966,0.0659
D,2026971,0.0220
D,2026976,0.0220
D,2026981,0.0659
D,2026986,-0.0000
D,2026991,-0.0220
D,2026996,0.0439
D,2027001,-0.0220
D,2027006,-0.0220
D,2027011,0.0659
D,2027016,-0.0000
D,2027021,-0.0439
D,2027026,-0.0000
D,2027031,0.0220
D,2027036,0.0439
D,2027041,0.0439
D,2027046,0.0439
D,2027051,-0.0000
D,2027056,0.0439
D,2027061,-0.0220
D,2027066,0.0439
D,2027071,-0.0000
D,2027076,-0.0000
D,2027081,-0.0000
D,2027086,-0.0439
D,2027091,0.0879
D,2027096,0.0220
D,2027101,-0.0000
D,2027106,0.0220
D,2027111,-0.0220
D,2027116,0.0220
D,2027121,-0.0000
D,2027126,0.0220
D,2027131,-0.0000
D,2027136,0.0220
D,2027141,0.0220
D,2027146,0.0220
D,2027151,0.0220
D,2027156,0.0659
D,2027161,-0.0220
D,2027166,-0.0220
D,2027171,0.0220
D,2027176,0.0220
D,2027181,-0.0000
D,2027186,0.0439
D,2027191,0.0220
D,2027196,0.0659
D,2027201,0.0220
D,2027206,0.0439
D,2027211,0.0439
D,2027216,0.0220
D,2027221,0.0439
D,2027226,0.0220
D,2027231,0.0220
D,2027236,-0.0000
D,2027241,-0.0000
D,2027246,0.0220
D,2027251,-0.0000
D,2027256,0.0220
D,2027261,0.0439
D,2027266,-0.0439
D,2027271,-0.0000
D,2027276,-0.0000
D,2027281,-0.0220
D,2027286,-0.0220
D,2027291,-0.0439
D,2027296,-0.0000
D,2027301,-0.0000
D,2027306,-0.0000
D,2027311,0.0220
D,2027316,-0.0000
D,2027321,0.0220
D,2027326,0.0439
D,2027331,-0.0220
D,2027336,-0.0659
D,2027341,0.0439
D,2027346,0.0439
D,2027351,-0.0220
D,2027356,-0.0000
D,2027361,-0.0220
D,2027366,0.0220
D,2027371,0.0220
D,2027376,0.0220
D,2027381,0.0220
D,2027386,0.0659
D,2027391,0.0879
D,2027396,0.0439
D,2027401,0.0220
D,2027406,-0.0879
D,2027411,0.0659
D,2027416,-0.0000
D,2027421,0.0220
D,2027426,0.0220
D,2027431,0.0220
D,2027436,0.0439
D,2027441,-0.0000
D,2027446,-0.0439
D,2027451,0.0220
D,2027456,-0.0000
D,2027461,0.0220
D,2027466,-0.0000
D,2027471,0.0220
D,2027476,0.0659
D,2027481,0.0439
D,2027486,-0.0000
D,2027491,-0.0000
D,2027496,-0.0000
D,2027501,-0.0000
D,2027506,-0.0220
D,2027511,0.0220
D,2027516,0.0439
D,2027521,0.0659
D,2027526,0.0659
D,2027531,0.0220
D,2027536,0.0220
D,2027541,-0.0000
D,2027546,-0.0000
D,2027551,-0.0220
D,2027556,-0.0220
D,2027561,-0.0000
D,2027566,0.0220
D,2027571,-0.0659
D,2027576,-0.0000
D,2027581,-0.0220
D,2027586,-0.0000
D,2027591,0.0439
D,2027596,0.0220
D,2027601,-0.0000
D,2027606,0.0439
D,2027611,0.0220
D,2027616,-0.0659
D,2027621,0.0220
D,2027626,-0.0000
D,2027631,-0.0220
D,2027636,-0.0000
D,2027641,-0.0439
D,2027646,0.0439
D,2027651,0.0439
D,2027656,-0.0439
D,2027661,-0.0000
D,2027666,-0.0000
D,2027671,0.0439
D,2027676,-0.0000
D,2027681,-0.0439
D,2027686,-0.0000
D,2027691,-0.0000
D,2027696,0.0659
D,2027701,0.0220
D,2027706,0.0659
D,2027711,0.0220
D,2027716,-0.0000
D,2027721,-0.0220
D,2027726,-0.0000
D,2027731,-0.0000
D,2027736,-0.0000
D,2027741,-0.0000
D,2027746,-0.0439
D,2027751,0.0220
D,2027756,0.0439
D,2027761,-0.0000
D,2027766,-0.0000
D,2027771,0.0439
D,2027776,-0.0220
D,2027781,0.0439
D,2027786,0.0879
D,2027791,-0.0220
D,2027796,0.0659
D,2027801,-0.0220
D,2027806,-0.0659
D,2027811,0.0439
D,2027816,0.0439
D,2027821,-0.0000
D,2027826,0.0439
D,2027831,-0.0000
D,2027836,0.0439
D,2027841,0.0220
D,2027846,0.0659
D,2027851,-0.0000
D,2027856,0.0220
D,2027861,-0.0000
D,2027866,0.0439
D,2027871,-0.0000
D,2027876,0.0879
D,2027881,0.0220
D,2027886,-0.0220
D,2027891,0.0659
D,2027896,-0.0000
D,2027901,0.0659
D,2027906,0.0220
D,2027911,-0.0000
D,2027916,0.0439
D,2027921,-0.0000
D,2027926,0.0220
D,2027931,-0.0659
D,2027936,0.0220
D,2027941,-0.0439
D,2027946,-0.0439
D,2027951,-0.0000
D,2027956,0.0220
D,2027961,0.0220
D,2027966,0.0220
D,2027971,-0.0000
D,2027976,-0.0000
D,2027981,0.0220
D,2027986,-0.0220
D,2027991,0.0439
D,2027996,0.0439
D,2028001,0.0879
D,2028006,0.0220
D,2028011,0.0439
D,2028016,-0.0000
D,2028021,-0.0220
D,2028026,-0.0220
D,2028031,-0.0220
D,2028036,0.0439
D,2028041,-0.0000
D,2028046,0.0220
D,2028051,-0.0439
D,2028056,0.0439
D,2028061,0.0220
D,2028066,0.0439
D,2028071,0.0220
D,2028076,-0.0000
D,2028081,-0.0000
D,2028086,0.0439
D,2028091,-0.0220
D,2028096,-0.0439
D,2028101,-0.1099
D,2028106,-0.0000
D,2028111,-0.0659
D,2028116,-0.0220
D,2028121,-0.0000
D,2028126,-0.0220
D,2028131,0.0439
D,2028136,0.0220
D,2028141,0.0439
D,2028146,-0.0439
D,2028151,-0.0000
D,2028156,-0.0439
D,2028161,0.0220
D,2028166,0.0220
D,2028171,0.0220
D,2028176,-0.0000
D,2028181,-0.0220
D,2028186,0.0659
D,2028191,-0.0220
D,2028196,0.0659
D,2028201,0.0439
D,2028206,0.0439
D,2028211,0.0220
D,2028216,-0.0000
D,2028221,0.0220
D,2028226,0.0220
D,2028231,-0.0220
D,2028236,-0.0000
D,2028241,0.0659
D,2028246,-0.0000
D,2028251,-0.0439
D,2028256,0.0220
D,2028261,0.0879
D,2028266,-0.0220
D,2028271,0.0220
D,2028276,-0.0220
D,2028281,0.0439
D,2028286,-0.0000
D,2028291,0.0220
D,2028296,-0.0659
D,2028301,-0.0220
D,2028306,-0.0000
D,2028311,0.0220
D,2028316,-0.0000
D,2028321,0.0439
D,2028326,0.0220
D,2028331,0.0220
D,2028336,-0.0000
D,2028341,-0.0220
D,2028346,-0.0000
D,2028351,0.0220
D,2028356,-0.0439
D,2028361,-0.0220
D,2028366,-0.0000
D,2028371,0.0220
D,2028376,-0.0000
D,2028381,0.0220
D,2028386,-0.0000
D,2028391,0.0659
D,2028396,0.0439
D,2028401,0.0220
D,2028406,-0.0000
D,2028411,-0.0220
D,2028416,0.0439
D,2028421,-0.0659
D,2028426,-0.0000
D,2028431,-0.0000
D,2028436,0.0220
D,2028441,0.0220
D,2028446,0.0879
D,2028451,0.0220
D,2028456,-0.0220
D,2028461,0.0659
D,2028466,-0.0000
D,2028471,0.0879
D,2028476,0.0439
D,2028481,-0.0220
D,2028486,0.0220
D,2028491,0.0220
D,2028496,0.0220
D,2028501,-0.0000
D,2028506,0.0659
D,2028511,-0.0220
D,2028516,-0.0000
D,2028521,-0.0439
D,2028526,0.0220
D,2028531,0.0220
D,2028536,0.0220
D,2028541,-0.0000
D,2028546,0.0220
D,2028551,0.0439
D,2028556,0.0220
D,2028561,0.0220
D,2028566,0.0879
D,2028571,-0.0000
D,2028576,0.0220
D,2028581,0.0220
D,2028586,0.0659
D,2028591,0.0220
D,2028596,0.0220
D,2028601,-0.0659
D,2028606,-0.0000
D,2028611,0.0879
D,2028616,0.0439
D,2028621,0.0439
D,2028626,0.0439
D,2028631,0.0439
D,2028636,0.0659
D,2028641,-0.0000
D,2028646,0.0439
D,2028651,0.0220
D,2028656,-0.0659
D,2028661,0.0439
D,2028666,0.0220
D,2028671,-0.0000
D,2028676,-0.0000
D,2028681,-0.0439
D,2028686,0.0220
D,2028691,-0.0000
D,2028696,0.0220
D,2028701,-0.0439
D,2028706,-0.0220
D,2028711,0.0220
D,2028716,0.0659
D,2028721,-0.0000
D,2028726,0.0439
D,2028731,-0.0659
D,2028736,0.0439
D,2028741,0.0220
D,2028746,-0.0439
D,2028751,0.0659
D,2028756,0.0220
D,2028761,-0.0000
D,2028766,-0.0000
D,2028771,0.0439
D,2028776,0.0439
D,2028781,-0.0000
D,2028786,-0.0220
D,2028791,0.0879
D,2028796,0.0659
D,2028801,0.0220
D,2028806,-0.0000
D,2028811,-0.0220
D,2028816,-0.0000
D,2028821,0.0659
D,2028826,0.0220
D,2028831,-0.0659
D,2028836,0.0220
D,2028841,0.0439
D,2028846,0.0220
D,2028851,-0.0000
D,2028856,-0.0000
D,2028861,-0.0220
D,2028866,0.0220
D,2028871,-0.0000
D,2028876,0.0439
D,2028881,0.0220
D,2028886,0.0439
D,2028891,-0.0000
D,2028896,0.0220
D,2028901,0.0220
D,2028906,-0.0439
D,2028911,-0.0000
D,2028916,0.0220
D,2028921,-0.0220
D,2028926,-0.0000
D,2028931,0.0439
D,2028936,-0.0220
D,2028941,0.0220
D,2028946,0.0220
D,2028951,-0.0000
D,2028956,0.0220
D,2028961,-0.0220
D,2028966,-0.0439
D,2028971,-0.0000
D,2028976,0.0220
D,2028981,0.0220
D,2028986,0.0659
D,2028991,-0.0439
D,2028996,0.0220
D,2029001,-0.0000
D,2029006,-0.0220
D,2029011,-0.0000
D,2029016,0.0439
D,2029021,-0.0659
D,2029026,0.0879
D,2029031,-0.0000
D,2029036,0.0220
D,2029041,0.0220
D,2029046,0.0220
D,2029051,-0.0659
D,2029056,0.0439
D,2029061,-0.0000
D,2029066,0.0659
D,2029071,0.0220
D,2029076,-0.0659
D,2029081,-0.0000
D,2029086,-0.0220
D,2029091,-0.0659
D,2029096,0.0439
D,2029101,-0.0000
D,2029106,0.0220
D,2029111,-0.0000
D,2029116,-0.0000
D,2029121,-0.0000
D,2029126,0.0439
D,2029131,-0.0000
D,2029136,0.0220
D,2029141,-0.0000
D,2029146,-0.0000
D,2029151,-0.0000
D,2029156,-0.0000
D,2029161,-0.0000
D,2029166,-0.0000
D,2029171,-0.0000
D,2029176,-0.0439
D,2029181,-0.0000
D,2029186,0.0220
D,2029191,-0.0220
D,2029196,0.0220
D,2029201,0.0439
D,2029206,0.0220
D,2029211,-0.0220
D,2029216,0.0879
D,2029221,-0.0000
D,2029226,0.0220
D,2029231,-0.0220
D,2029236,-0.0000
D,2029241,0.0439
D,2029246,0.0220
D,2029251,-0.0000
D,2029256,0.0659
D,2029261,-0.0000
D,2029266,-0.0000
D,2029271,-0.0000
D,2029276,-0.0220
D,2029281,0.0220
D,2029286,0.0439
D,2029291,0.0659
D,2029296,-0.0220
D,2029301,0.0439
D,2029306,0.0439
D,2029311,0.0220
D,2029316,0.0220
D,2029321,-0.0000
D,2029326,-0.0000
D,2029331,-0.0439
D,2029336,-0.0220
D,2029341,-0.0000
D,2029346,0.0659
D,2029351,-0.0000
D,2029356,0.0220
D,2029361,-0.0439
D,2029366,-0.0000
D,2029371,0.0439
D,2029376,-0.0000
D,2029381,-0.0439
D,2029386,-0.0439
D,2029391,-0.0220
D,2029396,0.0439
D,2029401,-0.0220
D,2029406,0.0220
D,2029411,-0.0000
D,2029416,0.0220
D,2029421,0.0659
D,2029426,0.0439
D,2029431,0.0659
D,2029436,0.0220
D,2029441,0.0879
D,2029446,0.0220
D,2029451,-0.0220
D,2029456,0.0220
D,2029461,0.0220
D,2029466,0.0659
D,2029471,0.0439
D,2029476,-0.0439
D,2029481,0.0220
D,2029486,0.0220
D,2029491,-0.0439
D,2029496,0.0439
D,2029501,-0.0220
D,2029506,0.0220
D,2029511,0.0220
D,2029516,-0.0000
D,2029521,-0.0000
D,2029526,-0.0000
D,2029531,-0.0000
D,2029536,-0.0000
D,2029541,0.0220
D,2029546,-0.0000
D,2029551,-0.0220
D,2029556,-0.0439
D,2029561,-0.0000
D,2029566,0.0439
D,2029571,0.0220
D,2029576,-0.0000
D,2029581,-0.0000
D,2029586,0.0220
D,2029591,-0.0000
D,2029596,-0.0000
D,2029601,0.0220
D,2029606,-0.0439
D,2029611,-0.0000
D,2029616,-0.0220
D,2029621,0.0439
D,2029626,0.0439
D,2029631,0.0439
D,2029636,0.0439
D,2029641,-0.0659
D,2029646,0.0220
D,2029651,0.0439
D,2029656,0.0220
D,2029661,-0.0439
D,2029666,0.0220
D,2029671,0.0220
D,2029676,-0.0000
D,2029681,-0.0000
D,2029686,0.0439
D,2029691,-0.0220
D,2029696,-0.0000
D,2029701,0.0220
D,2029706,-0.0000
D,2029711,0.0220
D,2029716,-0.0220
D,2029721,0.0220
D,2029726,0.0220
D,2029731,0.0439
D,2029736,0.0659
D,2029741,-0.0000
D,2029746,-0.0439
D,2029751,0.0220
D,2029756,-0.0220
D,2029761,0.0220
D,2029766,-0.0000
D,2029771,0.0220
D,2029776,-0.0220
D,2029781,0.0879
D,2029786,0.0439
D,2029791,0.0220
D,2029796,0.0220
D,2029801,-0.0000
D,2029806,0.0439
D,2029811,0.0220
D,2029816,0.0659
D,2029821,-0.0220
D,2029826,-0.0000
D,2029831,-0.0439
D,2029836,-0.0000
D,2029841,-0.0000
D,2029846,-0.0000
D,2029851,-0.0439
D,2029856,0.0220
D,2029861,0.0659
D,2029866,-0.0220
D,2029871,-0.0220
D,2029876,0.0439
D,2029881,0.0220
D,2029886,-0.0220
D,2029891,-0.0439
D,2029896,-0.0000
D,2029901,-0.0220
D,2029906,0.0220
D,2029911,0.0220
D,2029916,0.0220
D,2029921,-0.0000
D,2029926,-0.0659
D,2029931,-0.1099
D,2029936,-0.1318
D,2029941,-0.1318
D,2029946,-0.1978
D,2029951,-0.1758
D,2029956,-0.1978
D,2029961,-0.2637
D,2029966,-0.2417
D,2029971,-0.2856
D,2029976,-0.3516
D,2029981,-0.3516
D,2029986,-0.2856
D,2029991,-0.4175
D,2029996,-0.4834
D,2030001,-0.4614
D,2030006,-0.5933
D,2030011,-0.5273
D,2030016,-0.5933
D,2030021,-0.5713
D,2030026,-0.6372
D,2030031,-0.7031
D,2030036,-0.7471
D,2030041,-0.7471
D,2030046,-0.7910
D,2030051,-0.8789
D,2030056,-0.9009
D,2030061,-0.9009
D,2030066,-0.9888
D,2030071,-1.0107
D,2030076,-1.0767
D,2030081,-1.0547
D,2030086,-1.1865
D,2030091,-1.1646
D,2030096,-1.2085
D,2030101,-1.2524
D,2030106,-1.2744
D,2030111,-1.3623
D,2030116,-1.2964
D,2030121,-1.4063
D,2030126,-1.4722
D,2030131,-1.5161
D,2030136,-1.6260
D,2030141,-1.6040
D,2030146,-1.6919
D,2030151,-1.7139
D,2030156,-1.8457
D,2030161,-1.8237
D,2030166,-1.9116
D,2030171,-1.9556
D,2030176,-1.9336
D,2030181,-2.0654
D,2030186,-2.0215
D,2030191,-2.1533
D,2030196,-2.1753
D,2030201,-2.2412
D,2030206,-2.3511
D,2030211,-2.4609
D,2030216,-2.4170
D,2030221,-2.5269
D,2030226,-2.5269
D,2030231,-2.6587
D,2030236,-2.6587
D,2030241,-2.7466
D,2030246,-2.7905
D,2030251,-2.8345
D,2030256,-2.9224
D,2030261,-3.0322
D,2030266,-3.0762
D,2030271,-3.0981
D,2030276,-3.1641
D,2030281,-3.2080
D,2030286,-3.3179
D,2030291,-3.3838
D,2030296,-3.4277
D,2030301,-3.4717
D,2030306,-3.6475
D,2030311,-3.6914
D,2030316,-3.7793
D,2030321,-3.8672
D,2030326,-3.9551
D,2030331,-3.9771
D,2030336,-4.1968
D,2030341,-4.3286
D,2030346,-4.3726
D,2030351,-4.4385
D,2030356,-4.5703
D,2030361,-4.7241
D,2030366,-4.7681
D,2030371,-4.8560
D,2030376,-4.9878
D,2030381,-5.0098
D,2030386,-5.1196
D,2030391,-5.2734
D,2030396,-5.4272
D,2030401,-5.4053
D,2030406,-5.5591
D,2030411,-5.6909
D,2030416,-5.7568
D,2030421,-5.8667
D,2030426,-6.0645
D,2030431,-6.1743
D,2030436,-6.2183
D,2030441,-6.3721
D,2030446,-6.4380
D,2030451,-6.5479
D,2030456,-6.6577
D,2030461,-6.7676
D,2030466,-6.8994
D,2030471,-6.8994
D,2030476,-7.0972
D,2030481,-7.2070
D,2030486,-7.3169
D,2030491,-7.3828
D,2030496,-7.5586
D,2030501,-7.6465
D,2030506,-7.7564
D,2030511,-7.8442
D,2030516,-7.8882
D,2030521,-7.9981
D,2030526,-8.0640
D,2030531,-8.1738
D,2030536,-8.2397
D,2030541,-8.3276
D,2030546,-8.4375
D,2030551,-8.5034
D,2030556,-8.6572
D,2030561,-8.7451
D,2030566,-8.8110
D,2030571,-8.8989
D,2030576,-8.9868
D,2030581,-9.0527
D,2030586,-9.1626
D,2030591,-9.3164
D,2030596,-9.3384
D,2030601,-9.4702
D,2030606,-9.4922
D,2030611,-9.6240
D,2030616,-9.7339
D,2030621,-9.7339
D,2030626,-9.8657
D,2030631,-9.9536
D,2030636,-10.0635
D,2030641,-10.1514
D,2030646,-10.2832
D,2030651,-10.3052
D,2030656,-10.3931
D,2030661,-10.4810
D,2030666,-10.5249
D,2030671,-10.6787
D,2030676,-10.8325
D,2030681,-10.8765
D,2030686,-10.8984
D,2030691,-11.1182
D,2030696,-11.1841
D,2030701,-11.2061
D,2030706,-11.3379
D,2030711,-11.4038
D,2030716,-11.5137
D,2030721,-11.6016
D,2030726,-11.6895
D,2030731,-11.7554
D,2030736,-11.8872
D,2030741,-11.9531
D,2030746,-12.1069
D,2030751,-12.2168
D,2030756,-12.1729
D,2030761,-12.3486
D,2030766,-12.4146
D,2030771,-12.5024
D,2030776,-12.5903
D,2030781,-12.6563
D,2030786,-12.7002
D,2030791,-12.8101
D,2030796,-12.8980
D,2030801,-13.0737
D,2030806,-13.1836
D,2030811,-13.2495
D,2030816,-13.3154
D,2030821,-13.3814
D,2030826,-13.5132
D,2030831,-13.5352
D,2030836,-13.6670
D,2030841,-13.7549
D,2030846,-13.8867
D,2030851,-13.9087
D,2030856,-14.0186
D,2030861,-14.0625
D,2030866,-14.0845
D,2030871,-14.1724
D,2030876,-14.3262
D,2030881,-14.3921
D,2030886,-14.5239
D,2030891,-14.5459
D,2030896,-14.6558
D,2030901,-14.7876
D,2030906,-14.8315
D,2030911,-14.8975
D,2030916,-14.9634
D,2030921,-15.1172
D,2030926,-15.0952
D,2030931,-15.2930
D,2030936,-15.4028
D,2030941,-15.4688
D,2030946,-15.6226
D,2030951,-15.6665
D,2030956,-15.7764
D,2030961,-15.8643
D,2030966,-15.9302
D,2030971,-16.0400
D,2030976,-16.1279
D,2030981,-16.1719
D,2030986,-16.2817
D,2030991,-16.3257
D,2030996,-16.4355
D,2031001,-16.5234
D,2031006,-16.6772
D,2031011,-16.6333
D,2031016,-16.7651
D,2031021,-16.8750
D,2031026,-16.9849
D,2031031,-17.0288
D,2031036,-17.0947
D,2031041,-17.1826
D,2031046,-17.2266
D,2031051,-17.3364
D,2031056,-17.3584
D,2031061,-17.4463
D,2031066,-17.5122
D,2031071,-17.5781
D,2031076,-17.6001
D,2031081,-17.6880
D,2031086,-17.7319
D,2031091,-17.7539
D,2031096,-17.8198
D,2031101,-17.7979
D,2031106,-17.7759
D,2031111,-17.7759
D,2031116,-17.8198
D,2031121,-17.8638
D,2031126,-17.8198
D,2031131,-17.7539
D,2031136,-17.8418
D,2031141,-17.8198
D,2031146,-17.8198
D,2031151,-17.8198
D,2031156,-17.8857
D,2031161,-17.8857
D,2031166,-17.8198
D,2031171,-17.8418
D,2031176,-17.8638
D,2031181,-17.9077
D,2031186,-17.9077
D,2031191,-17.9077
D,2031196,-17.9297
D,2031201,-17.9297
D,2031206,-17.9736
D,2031211,-17.9956
D,2031216,-17.9736
D,2031221,-18.0176
D,2031226,-18.0396
D,2031231,-18.0615
D,2031236,-18.0615
D,2031241,-18.0615
D,2031246,-18.1055
D,2031251,-18.1274
D,2031256,-18.1714
D,2031261,-18.1934
D,2031266,-18.1494
D,2031271,-18.1055
D,2031276,-18.1934
D,2031281,-18.1274
D,2031286,-18.1494
D,2031291,-18.2373
D,2031296,-18.1934
D,2031301,-18.1934
D,2031306,-18.1494
D,2031311,-18.2153
D,2031316,-18.2153
D,2031321,-18.1274
D,2031326,-18.1714
D,2031331,-18.0615
D,2031336,-18.1274
D,2031341,-18.1055
D,2031346,-18.2153
D,2031351,-18.1934
D,2031356,-18.2153
D,2031361,-18.2813
D,2031366,-18.1494
D,2031371,-18.1494
D,2031376,-18.1714
D,2031381,-18.1934
D,2031386,-18.1055
D,2031391,-18.1714
D,2031396,-18.1934
D,2031401,-18.1934
D,2031406,-18.2373
D,2031411,-18.1714
D,2031416,-18.1494
D,2031421,-18.2373
D,2031426,-18.1934
D,2031431,-18.2153
D,2031436,-18.2373
D,2031441,-18.2153
D,2031446,-18.1934
D,2031451,-18.1934
D,2031456,-18.3032
D,2031461,-18.2813
D,2031466,-18.3472
D,2031471,-18.4131
D,2031476,-18.3691
D,2031481,-18.3032
D,2031486,-18.3252
D,2031491,-18.4131
D,2031496,-18.4351
D,2031501,-18.4131
D,2031506,-18.5010
D,2031511,-18.4351
D,2031516,-18.4131
D,2031521,-18.4790
D,2031526,-18.4351
D,2031531,-18.5010
D,2031536,-18.4351
D,2031541,-18.4131
D,2031546,-18.5010
D,2031551,-18.4351
D,2031556,-18.4570
D,2031561,-18.4570
D,2031566,-18.5010
D,2031571,-18.5449
D,2031576,-18.5449
D,2031581,-18.6108
D,2031586,-18.5889
D,2031591,-18.5449
D,2031596,-18.5449
D,2031601,-18.5889
D,2031606,-18.6768
D,2031611,-18.6328
D,2031616,-18.6328
D,2031621,-18.6987
D,2031626,-18.6548
D,2031631,-18.6108
D,2031636,-18.6768
D,2031641,-18.6987
D,2031646,-18.7647
D,2031651,-18.7647
D,2031656,-18.7647
D,2031661,-18.8086
D,2031666,-18.7647
D,2031671,-18.8086
D,2031676,-18.8525
D,2031681,-18.8525
D,2031686,-18.8525
D,2031691,-18.8745
D,2031696,-18.9404
D,2031701,-18.9404
D,2031706,-18.9844
D,2031711,-19.0063
D,2031716,-19.0503
D,2031721,-19.0503
D,2031726,-19.0723
D,2031731,-19.1382
D,2031736,-19.0942
D,2031741,-19.1602
D,2031746,-19.2041
D,2031751,-19.1602
D,2031756,-19.0942
D,2031761,-19.1821
D,2031766,-19.1382
D,2031771,-19.2041
D,2031776,-19.2041
D,2031781,-19.1821
D,2031786,-19.1821
D,2031791,-19.2261
D,2031796,-19.2261
D,2031801,-19.2041
D,2031806,-19.2041
D,2031811,-19.2261
D,2031816,-19.2041
D,2031821,-19.2481
D,2031826,-19.2700
D,2031831,-19.2041
D,2031836,-19.3140
D,2031841,-19.2041
D,2031846,-19.3140
D,2031851,-19.3140
D,2031856,-19.3359
D,2031861,-19.3140
D,2031866,-19.3140
D,2031871,-19.3140
D,2031876,-19.2920
D,2031881,-19.4458
D,2031886,-19.3799
D,2031891,-19.3579
D,2031896,-19.4019
D,2031901,-19.3799
D,2031906,-19.4019
D,2031911,-19.3579
D,2031916,-19.5117
D,2031921,-19.4238
D,2031926,-19.4897
D,2031931,-19.4458
D,2031936,-19.3799
D,2031941,-19.4019
D,2031946,-19.4458
D,2031951,-19.4019
D,2031956,-19.3579
D,2031961,-19.3799
D,2031966,-19.4678
D,2031971,-19.4238
D,2031976,-19.4019
D,2031981,-19.3799
D,2031986,-19.4238
D,2031991,-19.4238
D,2031996,-19.4019
D,2032001,-19.3799
D,2032006,-19.4238
D,2032011,-19.4897
D,2032016,-19.4238
D,2032021,-19.4019
D,2032026,-19.4678
D,2032031,-19.3579
D,2032036,-19.3579
D,2032041,-19.4238
D,2032046,-19.3799
D,2032051,-19.3799
D,2032056,-19.4458
D,2032061,-19.3140
D,2032066,-19.3799
D,2032071,-19.4019
D,2032076,-19.4238
D,2032081,-19.3140
D,2032086,-19.3579
D,2032091,-19.3140
D,2032096,-19.3359
D,2032101,-19.2920
D,2032106,-19.2261
D,2032111,-19.2920
D,2032116,-19.2261
D,2032121,-19.1821
D,2032126,-19.1382
D,2032131,-19.0503
D,2032136,-18.9624
D,2032141,-18.9624
D,2032146,-18.7647
D,2032151,-18.7647
D,2032156,-18.6108
D,2032161,-18.5010
D,2032166,-18.3691
D,2032171,-18.2593
D,2032176,-18.0396
D,2032181,-17.9736
D,2032186,-17.7759
D,2032191,-17.6221
D,2032196,-17.4023
D,2032201,-17.1826
D,2032206,-16.9849
D,2032211,-16.7871
D,2032216,-16.5894
D,2032221,-16.3037
D,2032226,-16.1279
D,2032231,-15.7983
D,2032236,-15.5786
D,2032241,-15.2710
D,2032246,-15.0073
D,2032251,-14.6777
D,2032256,-14.4360
D,2032261,-14.1284
D,2032266,-13.7988
D,2032271,-13.4912
D,2032276,-13.1177
D,2032281,-12.8320
D,2032286,-12.4146
D,2032291,-12.1289
D,2032296,-11.7993
D,2032301,-11.4038
D,2032306,-11.1401
D,2032311,-10.7007
D,2032316,-10.2832
D,2032321,-9.9536
D,2032326,-9.5361
D,2032331,-9.0967
D,2032336,-8.7451
D,2032341,-8.3276
D,2032346,-7.8662
D,2032351,-7.4927
D,2032356,-7.0313
D,2032361,-6.6577
D,2032366,-6.2402
D,2032371,-5.8447
D,2032376,-5.3394
D,2032381,-4.9658
D,2032386,-4.4824
D,2032391,-4.0430
D,2032396,-3.6255
D,2032401,-3.1860
D,2032406,-2.7246
D,2032411,-2.2632
D,2032416,-1.8237
D,2032421,-1.4063
D,2032426,-0.9229
D,2032431,-0.4834
D,2032436,0.0220
D,2032441,0.4175
D,2032446,0.9009
D,2032451,1.2744
D,2032456,1.7798
D,2032461,2.1753
D,2032466,2.6807
D,2032471,3.0542
D,2032476,3.5376
D,2032481,3.9331
D,2032486,4.4165
D,2032491,4.8560
D,2032496,5.2734
D,2032501,5.7568
D,2032506,6.1523
D,2032511,6.5918
D,2032516,7.0093
D,2032521,7.3608
D,2032526,7.8223
D,2032531,8.1958
D,2032536,8.5474
D,2032541,8.9868
D,2032546,9.4263
D,2032551,9.7119
D,2032556,10.1514
D,2032561,10.5469
D,2032566,10.8545
D,2032571,11.2280
D,2032576,11.6455
D,2032581,11.9971
D,2032586,12.3267
D,2032591,12.6343
D,2032596,12.9199
D,2032601,13.2275
D,2032606,13.5571
D,2032611,13.8428
D,2032616,14.1284
D,2032621,14.4141
D,2032626,14.7656
D,2032631,14.9634
D,2032636,15.2270
D,2032641,15.5566
D,2032646,15.8203
D,2032651,15.9961
D,2032656,16.1719
D,2032661,16.3696
D,2032666,16.6113
D,2032671,16.8750
D,2032676,16.9849
D,2032681,17.1387
D,2032686,17.3364
D,2032691,17.5122
D,2032696,17.6001
D,2032701,17.7978
D,2032706,17.9517
D,2032711,18.0395
D,2032716,18.0835
D,2032721,18.2593
D,2032726,18.2373
D,2032731,18.3911
D,2032736,18.4351
D,2032741,18.5229
D,2032746,18.5010
D,2032751,18.6108
D,2032756,18.6328
D,2032761,18.5449
D,2032766,18.5449
D,2032771,18.6328
D,2032776,18.5449
D,2032781,18.5010
D,2032786,18.4790
D,2032791,18.4351
D,2032796,18.3911
D,2032801,18.2373
D,2032806,18.1934
D,2032811,18.1274
D,2032816,17.9517
D,2032821,17.9077
D,2032826,17.7978
D,2032831,17.6880
D,2032836,17.5342
D,2032841,17.3584
D,2032846,17.1606
D,2032851,17.0068
D,2032856,16.8530
D,2032861,16.6553
D,2032866,16.4575
D,2032871,16.2158
D,2032876,16.0181
D,2032881,15.7764
D,2032886,15.5566
D,2032891,15.2710
D,2032896,14.9853
D,2032901,14.7656
D,2032906,14.4800
D,2032911,14.2163
D,2032916,13.9307
D,2032921,13.5791
D,2032926,13.2935
D,2032931,12.9639
D,2032936,12.7222
D,2032941,12.3926
D,2032946,11.9531
D,2032951,11.6895
D,2032956,11.4038
D,2032961,11.0083
D,2032966,10.6348
D,2032971,10.2612
D,2032976,9.9536
D,2032981,9.6020
D,2032986,9.2285
D,2032991,8.7671
D,2032996,8.3716
D,2033001,8.0640
D,2033006,7.5806
D,2033011,7.2949
D,2033016,6.8555
D,2033021,6.4160
D,2033026,6.0205
D,2033031,5.5811
D,2033036,5.2295
D,2033041,4.7461
D,2033046,4.3506
D,2033051,3.8672
D,2033056,3.5156
D,2033061,3.0322
D,2033066,2.5488
D,2033071,2.1753
D,2033076,1.7798
D,2033081,1.2964
D,2033086,0.8789
D,2033091,0.4834
D,2033096,0.0659
D,2033101,-0.4175
D,2033106,-0.8130
D,2033111,-1.2744
D,2033116,-1.6480
D,2033121,-2.1094
D,2033126,-2.5049
D,2033131,-2.9663
D,2033136,-3.4058
D,2033141,-3.8013
D,2033146,-4.1968
D,2033151,-4.6143
D,2033156,-5.1196
D,2033161,-5.4492
D,2033166,-5.8008
D,2033171,-6.3281
D,2033176,-6.5918
D,2033181,-7.0093
D,2033186,-7.4707
D,2033191,-7.8003
D,2033196,-8.1519
D,2033201,-8.5474
D,2033206,-8.9209
D,2033211,-9.3164
D,2033216,-9.6899
D,2033221,-10.0195
D,2033226,-10.3491
D,2033231,-10.6787
D,2033236,-11.0303
D,2033241,-11.4038
D,2033246,-11.6235
D,2033251,-12.0190
D,2033256,-12.3047
D,2033261,-12.5464
D,2033266,-12.8540
D,2033271,-13.1616
D,2033276,-13.4253
D,2033281,-13.7988
D,2033286,-13.9526
D,2033291,-14.2383
D,2033296,-14.4580
D,2033301,-14.6997
D,2033306,-14.9414
D,2033311,-15.1392
D,2033316,-15.3149
D,2033321,-15.5347
D,2033326,-15.7324
D,2033331,-15.8862
D,2033336,-16.0400
D,2033341,-16.2598
D,2033346,-16.4136
D,2033351,-16.5454
D,2033356,-16.6333
D,2033361,-16.7871
D,2033366,-16.9189
D,2033371,-17.0288
D,2033376,-17.1606
D,2033381,-17.2485
D,2033386,-17.2485
D,2033391,-17.4023
D,2033396,-17.4243
D,2033401,-17.4463
D,2033406,-17.4902
D,2033411,-17.5122
D,2033416,-17.5562
D,2033421,-17.6001
D,2033426,-17.5781
D,2033431,-17.5562
D,2033436,-17.5342
D,2033441,-17.4463
D,2033446,-17.4463
D,2033451,-17.4023
D,2033456,-17.2925
D,2033461,-17.3145
D,2033466,-17.0947
D,2033471,-17.1167
D,2033476,-16.9849
D,2033481,-16.8750
D,2033486,-16.7212
D,2033491,-16.5674
D,2033496,-16.4795
D,2033501,-16.2817
D,2033506,-16.2158
D,2033511,-15.9961
D,2033516,-15.8862
D,2033521,-15.7105
D,2033526,-15.5127
D,2033531,-15.2271
D,2033536,-15.0952
D,2033541,-14.9634
D,2033546,-14.5898
D,2033551,-14.3701
D,2033556,-14.1504
D,2033561,-13.9087
D,2033566,-13.6450
D,2033571,-13.4473
D,2033576,-13.1397
D,2033581,-12.7881
D,2033586,-12.5024
D,2033591,-12.2827
D,2033596,-11.9092
D,2033601,-11.6016
D,2033606,-11.3159
D,2033611,-10.9644
D,2033616,-10.7227
D,2033621,-10.3491
D,2033626,-10.0415
D,2033631,-9.7119
D,2033636,-9.3164
D,2033641,-8.9429
D,2033646,-8.6133
D,2033651,-8.2178
D,2033656,-7.8223
D,2033661,-7.4927
D,2033666,-7.0972
D,2033671,-6.7456
D,2033676,-6.3062
D,2033681,-5.9985
D,2033686,-5.5591
D,2033691,-5.0977
D,2033696,-4.7022
D,2033701,-4.3945
D,2033706,-3.9551
D,2033711,-3.5815
D,2033716,-3.2300
D,2033721,-2.7466
D,2033726,-2.3950
D,2033731,-1.9775
D,2033736,-1.5161
D,2033741,-1.1646
D,2033746,-0.7471
D,2033751,-0.3296
D,2033756,0.0439
D,2033761,0.4834
D,2033766,0.9009
D,2033771,1.3403
D,2033776,1.8018
D,2033781,2.1753
D,2033786,2.5269
D,2033791,2.9663
D,2033796,3.4058
D,2033801,3.7573
D,2033806,4.1968
D,2033811,4.5483
D,2033816,4.9219
D,2033821,5.2954
D,2033826,5.7129
D,2033831,6.0864
D,2033836,6.4819
D,2033841,6.8774
D,2033846,7.2290
D,2033851,7.6245
D,2033856,7.9761
D,2033861,8.3716
D,2033866,8.6572
D,2033871,9.0527
D,2033876,9.3603
D,2033881,9.7119
D,2033886,10.0635
D,2033891,10.3931
D,2033896,10.7886
D,2033901,11.0522
D,2033906,11.3379
D,2033911,11.6675
D,2033916,11.9311
D,2033921,12.0850
D,2033926,12.4805
D,2033931,12.7661
D,2033936,13.0298
D,2033941,13.2495
D,2033946,13.5352
D,2033951,13.8208
D,2033956,13.9966
D,2033961,14.1724
D,2033966,14.4360
D,2033971,14.6338
D,2033976,14.8315
D,2033981,15.0293
D,2033986,15.2051
D,2033991,15.4028
D,2033996,15.6006
D,2034001,15.7764
D,2034006,15.9302
D,2034011,16.0181
D,2034016,16.1719
D,2034021,16.2378
D,2034026,16.3477
D,2034031,16.5234
D,2034036,16.5454
D,2034041,16.6333
D,2034046,16.7871
D,2034051,16.7432
D,2034056,16.8530
D,2034061,16.9189
D,2034066,16.9409
D,2034071,16.9409
D,2034076,16.9409
D,2034081,17.0288
D,2034086,16.9409
D,2034091,16.9409
D,2034096,16.9189
D,2034101,16.9189
D,2034106,16.8530
D,2034111,16.8311
D,2034116,16.7871
D,2034121,16.6113
D,2034126,16.5674
D,2034131,16.4795
D,2034136,16.4575
D,2034141,16.2817
D,2034146,16.2158
D,2034151,16.1060
D,2034156,15.9521
D,2034161,15.7764
D,2034166,15.6006
D,2034171,15.4468
D,2034176,15.3589
D,2034181,15.0293
D,2034186,14.9194
D,2034191,14.7217
D,2034196,14.5020
D,2034201,14.3042
D,2034206,14.0845
D,2034211,13.9087
D,2034216,13.5791
D,2034221,13.4473
D,2034226,13.1177
D,2034231,12.8760
D,2034236,12.5684
D,2034241,12.2827
D,2034246,12.0630
D,2034251,11.6675
D,2034256,11.4697
D,2034261,11.1401
D,2034266,10.8545
D,2034271,10.5249
D,2034276,10.1953
D,2034281,9.9316
D,2034286,9.6240
D,2034291,9.2285
D,2034296,8.9648
D,2034301,8.5913
D,2034306,8.2617
D,2034311,7.9102
D,2034316,7.5586
D,2034321,7.2070
D,2034326,6.7895
D,2034331,6.4600
D,2034336,6.0645
D,2034341,5.6909
D,2034346,5.3613
D,2034351,4.9658
D,2034356,4.4824
D,2034361,4.2187
D,2034366,3.8232
D,2034371,3.4277
D,2034376,3.0322
D,2034381,2.6367
D,2034386,2.2412
D,2034391,1.8457
D,2034396,1.4282
D,2034401,1.0767
D,2034406,0.6811
D,2034411,0.3076
D,2034416,-0.1099
D,2034421,-0.5493
D,2034426,-0.9009
D,2034431,-1.2744
D,2034436,-1.6040
D,2034441,-2.0874
D,2034446,-2.4829
D,2034451,-2.8125
D,2034456,-3.2520
D,2034461,-3.6255
D,2034466,-3.9771
D,2034471,-4.3506
D,2034476,-4.7900
D,2034481,-5.0537
D,2034486,-5.4272
D,2034491,-5.7788
D,2034496,-6.1743
D,2034501,-6.5479
D,2034506,-6.9873
D,2034511,-7.2949
D,2034516,-7.6245
D,2034521,-7.9102
D,2034526,-8.2837
D,2034531,-8.5913
D,2034536,-8.9868
D,2034541,-9.2285
D,2034546,-9.5361
D,2034551,-9.9316
D,2034556,-10.1733
D,2034561,-10.5689
D,2034566,-10.7446
D,2034571,-11.0962
D,2034576,-11.3599
D,2034581,-11.4917
D,2034586,-11.8872
D,2034591,-12.1509
D,2034596,-12.3706
D,2034601,-12.5684
D,2034606,-12.8101
D,2034611,-13.0737
D,2034616,-13.2495
D,2034621,-13.5352
D,2034626,-13.6890
D,2034631,-13.8647
D,2034636,-14.0845
D,2034641,-14.1943
D,2034646,-14.4141
D,2034651,-14.5898
D,2034656,-14.7217
D,2034661,-14.9194
D,2034666,-15.0513
D,2034671,-15.0952
D,2034676,-15.2271
D,2034681,-15.3589
D,2034686,-15.5347
D,2034691,-15.5127
D,2034696,-15.7105
D,2034701,-15.7324
D,2034706,-15.7764
D,2034711,-15.8643
D,2034716,-15.9082
D,2034721,-15.9961
D,2034726,-16.0181
D,2034731,-15.9741
D,2034736,-16.0181
D,2034741,-16.1060
D,2034746,-16.0400
D,2034751,-15.9961
D,2034756,-16.0620
D,2034761,-15.9302
D,2034766,-15.8643
D,2034771,-15.8203
D,2034776,-15.7544
D,2034781,-15.7324
D,2034786,-15.7324
D,2034791,-15.5347
D,2034796,-15.4468
D,2034801,-15.2930
D,2034806,-15.2271
D,2034811,-15.0952
D,2034816,-15.0293
D,2034821,-14.8535
D,2034826,-14.7217
D,2034831,-14.5459
D,2034836,-14.3481
D,2034841,-14.2603
D,2034846,-14.0405
D,2034851,-13.8208
D,2034856,-13.6890
D,2034861,-13.4912
D,2034866,-13.2935
D,2034871,-13.0298
D,2034876,-12.7881
D,2034881,-12.5464
D,2034886,-12.3047
D,2034891,-12.0410
D,2034896,-11.8872
D,2034901,-11.5356
D,2034906,-11.3159
D,2034911,-11.0522
D,2034916,-10.7886
D,2034921,-10.5249
D,2034926,-10.1953
D,2034931,-9.9316
D,2034936,-9.5581
D,2034941,-9.2725
D,2034946,-8.9868
D,2034951,-8.6792
D,2034956,-8.3057
D,2034961,-8.0640
D,2034966,-7.7344
D,2034971,-7.3828
D,2034976,-7.0313
D,2034981,-6.6797
D,2034986,-6.3062
D,2034991,-6.0205
D,2034996,-5.5811
D,2035001,-5.2515
D,2035006,-4.8779
D,2035011,-4.5264
D,2035016,-4.2188
D,2035021,-3.8452
D,2035026,-3.4717
D,2035031,-3.0981
D,2035036,-2.7246
D,2035041,-2.3730
D,2035046,-2.0435
D,2035051,-1.6040
D,2035056,-1.2305
D,2035061,-0.8569
D,2035066,-0.4614
D,2035071,-0.1099
D,2035076,0.2637
D,2035081,0.6372
D,2035086,1.0547
D,2035091,1.4062
D,2035096,1.7578
D,2035101,2.2192
D,2035106,2.4390
D,2035111,2.9224
D,2035116,3.3179
D,2035121,3.6035
D,2035126,3.9770
D,2035131,4.3945
D,2035136,4.7021
D,2035141,5.0537
D,2035146,5.4053
D,2035151,5.8008
D,2035156,6.1084
D,2035161,6.4160
D,2035166,6.7676
D,2035171,7.0972
D,2035176,7.4927
D,2035181,7.8223
D,2035186,8.1079
D,2035191,8.3496
D,2035196,8.6792
D,2035201,9.0747
D,2035206,9.2725
D,2035211,9.6240
D,2035216,9.9097
D,2035221,10.2393
D,2035226,10.5029
D,2035231,10.7886
D,2035236,11.0083
D,2035241,11.2939
D,2035246,11.5796
D,2035251,11.7554
D,2035256,11.9751
D,2035261,12.2388
D,2035266,12.4365
D,2035271,12.7222
D,2035276,12.8101
D,2035281,13.1177
D,2035286,13.3154
D,2035291,13.4912
D,2035296,13.6670
D,2035301,13.8867
D,2035306,13.9966
D,2035311,14.1724
D,2035316,14.3042
D,2035321,14.4360
D,2035326,14.5239
D,2035331,14.7437
D,2035336,14.7876
D,2035341,14.8755
D,2035346,15.0513
D,2035351,15.0732
D,2035356,15.2710
D,2035361,15.2710
D,2035366,15.2930
D,2035371,15.3589
D,2035376,15.3809
D,2035381,15.4028
D,2035386,15.4907
D,2035391,15.4907
D,2035396,15.4687
D,2035401,15.4687
D,2035406,15.4907
D,2035411,15.4907
D,2035416,15.4687
D,2035421,15.3809
D,2035426,15.2930
D,2035431,15.3589
D,2035436,15.2270
D,2035441,15.1831
D,2035446,15.1172
D,2035451,15.0073
D,2035456,14.9414
D,2035461,14.7656
D,2035466,14.6997
D,2035471,14.5898
D,2035476,14.4800
D,2035481,14.3701
D,2035486,14.1943
D,2035491,14.0405
D,2035496,13.8208
D,2035501,13.7329
D,2035506,13.5571
D,2035511,13.3594
D,2035516,13.1396
D,2035521,13.0078
D,2035526,12.7881
D,2035531,12.5244
D,2035536,12.3047
D,2035541,12.1289
D,2035546,11.8872
D,2035551,11.6675
D,2035556,11.4258
D,2035561,11.1401
D,2035566,10.8325
D,2035571,10.6128
D,2035576,10.3711
D,2035581,10.0854
D,2035586,9.7559
D,2035591,9.4482
D,2035596,9.2065
D,2035601,8.8770
D,2035606,8.5913
D,2035611,8.3057
D,2035616,7.9541
D,2035621,7.6685
D,2035626,7.3608
D,2035631,7.0093
D,2035636,6.7236
D,2035641,6.3501
D,2035646,6.0645
D,2035651,5.6250
D,2035656,5.3613
D,2035661,4.9878
D,2035666,4.6802
D,2035671,4.3286
D,2035676,3.8892
D,2035681,3.6475
D,2035686,3.2520
D,2035691,2.9883
D,2035696,2.5708
D,2035701,2.1313
D,2035706,1.8677
D,2035711,1.4502
D,2035716,1.0986
D,2035721,0.8130
D,2035726,0.4395
D,2035731,0.0220
D,2035736,-0.3076
D,2035741,-0.5933
D,2035746,-1.0327
D,2035751,-1.4063
D,2035756,-1.7578
D,2035761,-2.0874
D,2035766,-2.4609
D,2035771,-2.8564
D,2035776,-3.1641
D,2035781,-3.4497
D,2035786,-3.8232
D,2035791,-4.1528
D,2035796,-4.5483
D,2035801,-4.8779
D,2035806,-5.2295
D,2035811,-5.5371
D,2035816,-5.7788
D,2035821,-6.2402
D,2035826,-6.5698
D,2035831,-6.7896
D,2035836,-7.0972
D,2035841,-7.4048
D,2035846,-7.7564
D,2035851,-8.0200
D,2035856,-8.3276
D,2035861,-8.6572
D,2035866,-8.8550
D,2035871,-9.1406
D,2035876,-9.4482
D,2035881,-9.7559
D,2035886,-9.9536
D,2035891,-10.2393
D,2035896,-10.4590
D,2035901,-10.7007
D,2035906,-10.9863
D,2035911,-11.1841
D,2035916,-11.3818
D,2035921,-11.6235
D,2035926,-11.8433
D,2035931,-12.0630
D,2035936,-12.1948
D,2035941,-12.4805
D,2035946,-12.6563
D,2035951,-12.8101
D,2035956,-12.8760
D,2035961,-13.1177
D,2035966,-13.2275
D,2035971,-13.5791
D,2035976,-13.5352
D,2035981,-13.7109
D,2035986,-13.7549
D,2035991,-13.8867
D,2035996,-13.9746
D,2036001,-14.0845
D,2036006,-14.1064
D,2036011,-14.2822
D,2036016,-14.3262
D,2036021,-14.3262
D,2036026,-14.4360
D,2036031,-14.4800
D,2036036,-14.4360
D,2036041,-14.5679
D,2036046,-14.5898
D,2036051,-14.5898
D,2036056,-14.6338
D,2036061,-14.5679
D,2036066,-14.5679
D,2036071,-14.5679
D,2036076,-14.5020
D,2036081,-14.5459
D,2036086,-14.5020
D,2036091,-14.3921
D,2036096,-14.3481
D,2036101,-14.2383
D,2036106,-14.1943
D,2036111,-14.1504
D,2036116,-14.0186
D,2036121,-13.9307
D,2036126,-13.8208
D,2036131,-13.6450
D,2036136,-13.5132
D,2036141,-13.4692
D,2036146,-13.3594
D,2036151,-13.1836
D,2036156,-13.0078
D,2036161,-12.8540
D,2036166,-12.6343
D,2036171,-12.4365
D,2036176,-12.3486
D,2036181,-12.1948
D,2036186,-11.9312
D,2036191,-11.6675
D,2036196,-11.4917
D,2036201,-11.2939
D,2036206,-11.0303
D,2036211,-10.8545
D,2036216,-10.5689
D,2036221,-10.4150
D,2036226,-10.0855
D,2036231,-9.8877
D,2036236,-9.5801
D,2036241,-9.3164
D,2036246,-9.0747
D,2036251,-8.7891
D,2036256,-8.5254
D,2036261,-8.2178
D,2036267,-7.9541
D,2036272,-7.6465
D,2036277,-7.4048
D,2036282,-7.1191
D,2036287,-6.7676
D,2036292,-6.4160
D,2036297,-6.1523
D,2036302,-5.8228
D,2036307,-5.5371
D,2036312,-5.1856
D,2036317,-4.9219
D,2036322,-4.5264
D,2036327,-4.2188
D,2036332,-3.9111
D,2036337,-3.6035
D,2036342,-3.2080
D,2036347,-2.9004
D,2036352,-2.5049
D,2036357,-2.2192
D,2036362,-1.8457
D,2036367,-1.5381
D,2036372,-1.2085
D,2036377,-0.7910
D,2036382,-0.5054
D,2036387,-0.2197
D,2036392,0.2637
D,2036397,0.5273
D,2036402,0.8569
D,2036407,1.2085
D,2036412,1.5381
D,2036417,1.9336
D,2036422,2.2412
D,2036427,2.5708
D,2036432,2.9224
D,2036437,3.2520
D,2036442,3.6255
D,2036447,3.9331
D,2036452,4.2407
D,2036457,4.5483
D,2036462,4.8560
D,2036467,5.1196
D,2036472,5.4932
D,2036477,5.8887
D,2036482,6.0645
D,2036487,6.4380
D,2036492,6.7017
D,2036497,7.0093
D,2036502,7.2949
D,2036507,7.5586
D,2036512,7.8662
D,2036517,8.1738
D,2036522,8.5034
D,2036527,8.6792
D,2036532,8.9868
D,2036537,9.2505
D,2036542,9.4922
D,2036547,9.7559
D,2036552,10.0195
D,2036557,10.2612
D,2036562,10.4150
D,2036567,10.7227
D,2036572,10.9424
D,2036577,11.0522
D,2036582,11.3599
D,2036587,11.5137
D,2036592,11.7334
D,2036597,11.8652
D,2036602,12.1069
D,2036607,12.2827
D,2036612,12.4145
D,2036617,12.5464
D,2036622,12.7002
D,2036627,12.8540
D,2036632,13.0078
D,2036637,13.1396
D,2036642,13.2495
D,2036647,13.3594
D,2036652,13.4692
D,2036657,13.5571
D,2036662,13.7109
D,2036667,13.7769
D,2036672,13.7988
D,2036677,13.8428
D,2036682,13.9087
D,2036687,14.0186
D,2036692,14.0405
D,2036697,14.0405
D,2036702,14.1064
D,2036707,14.0845
D,2036712,14.1284
D,2036717,14.0845
D,2036722,14.0405
D,2036727,14.1284
D,2036732,14.0845
D,2036737,14.0625
D,2036742,13.9746
D,2036747,13.9526
D,2036752,13.8428
D,2036757,13.8208
D,2036762,13.7549
D,2036767,13.7549
D,2036772,13.6230
D,2036777,13.5352
D,2036782,13.4033
D,2036787,13.2935
D,2036792,13.2715
D,2036797,13.0737
D,2036802,12.9858
D,2036807,12.7441
D,2036812,12.6562
D,2036817,12.4805
D,2036822,12.3486
D,2036827,12.1509
D,2036832,12.0630
D,2036837,11.7993
D,2036842,11.6455
D,2036847,11.4697
D,2036852,11.2061
D,2036857,11.0522
D,2036862,10.8545
D,2036867,10.6128
D,2036872,10.3271
D,2036877,10.1074
D,2036882,9.9316
D,2036887,9.6899
D,2036892,9.4922
D,2036897,9.1846
D,2036902,8.9648
D,2036907,8.6353
D,2036912,8.4155
D,2036917,8.0859
D,2036922,7.8662
D,2036927,7.6245
D,2036932,7.3608
D,2036937,7.0093
D,2036942,6.7236
D,2036947,6.4160
D,2036952,6.1084
D,2036957,5.8887
D,2036962,5.5371
D,2036967,5.2295
D,2036972,4.9878
D,2036977,4.6362
D,2036982,4.2847
D,2036987,4.0649
D,2036992,3.6914
D,2036997,3.4058
D,2037002,2.9663
D,2037007,2.7466
D,2037012,2.3950
D,2037017,2.0435
D,2037022,1.7578
D,2037027,1.4062
D,2037032,1.1206
D,2037037,0.7471
D,2037042,0.4395
D,2037047,0.0879
D,2037052,-0.2637
D,2037057,-0.6152
D,2037062,-0.9229
D,2037067,-1.2524
D,2037072,-1.5820
D,2037077,-1.8237
D,2037082,-2.1753
D,2037087,-2.5269
D,2037092,-2.8345
D,2037097,-3.2300
D,2037102,-3.4937
D,2037107,-3.7573
D,2037112,-4.0869
D,2037117,-4.3945
D,2037122,-4.7022
D,2037127,-4.9219
D,2037132,-5.3174
D,2037137,-5.5591
D,2037142,-5.8228
D,2037147,-6.2183
D,2037152,-6.5039
D,2037157,-6.7236
D,2037162,-6.9873
D,2037167,-7.3389
D,2037172,-7.5806
D,2037177,-7.8003
D,2037182,-8.0640
D,2037187,-8.3496
D,2037192,-8.5693
D,2037197,-8.7451
D,2037202,-9.0088
D,2037207,-9.3164
D,2037212,-9.5801
D,2037217,-9.6899
D,2037222,-9.9536
D,2037227,-10.1733
D,2037232,-10.4370
D,2037237,-10.5469
D,2037242,-10.7446
D,2037247,-10.8984
D,2037252,-11.1182
D,2037257,-11.2720
D,2037262,-11.4917
D,2037267,-11.7114
D,2037272,-11.7993
D,2037277,-11.9531
D,2037282,-12.0630
D,2037287,-12.1289
D,2037292,-12.3926
D,2037297,-12.4146
D,2037302,-12.5464
D,2037307,-12.6782
D,2037312,-12.7441
D,2037317,-12.8101
D,2037322,-12.9419
D,2037327,-13.0078
D,2037332,-13.0298
D,2037337,-13.0737
D,2037342,-13.1177
D,2037347,-13.2056
D,2037352,-13.3374
D,2037357,-13.2715
D,2037362,-13.2935
D,2037367,-13.3154
D,2037372,-13.3154
D,2037377,-13.2935
D,2037382,-13.3154
D,2037387,-13.2715
D,2037392,-13.2056
D,2037397,-13.1836
D,2037402,-13.2056
D,2037407,-13.1397
D,2037412,-13.0078
D,2037417,-13.0078
D,2037422,-12.9419
D,2037427,-12.8540
D,2037432,-12.7881
D,2037437,-12.6343
D,2037442,-12.5684
D,2037447,-12.4365
D,2037452,-12.3486
D,2037457,-12.2607
D,2037462,-12.0630
D,2037467,-11.9971
D,2037472,-11.8652
D,2037477,-11.6455
D,2037482,-11.4917
D,2037487,-11.3599
D,2037492,-11.2500
D,2037497,-11.0522
D,2037502,-10.8325
D,2037507,-10.6567
D,2037512,-10.4370
D,2037517,-10.2832
D,2037522,-10.0635
D,2037527,-9.9097
D,2037532,-9.6021
D,2037537,-9.4263
D,2037542,-9.2065
D,2037547,-8.9429
D,2037552,-8.7451
D,2037557,-8.4595
D,2037562,-8.3057
D,2037567,-8.0859
D,2037572,-7.7124
D,2037577,-7.5586
D,2037582,-7.2290
D,2037587,-6.8994
D,2037592,-6.7017
D,2037597,-6.4600
D,2037602,-6.1084
D,2037607,-5.8667
D,2037612,-5.6030
D,2037617,-5.2734
D,2037622,-5.0977
D,2037627,-4.7900
D,2037632,-4.4605
D,2037637,-4.1528
D,2037642,-3.8452
D,2037647,-3.5815
D,2037652,-3.2959
D,2037657,-2.9224
D,2037662,-2.6587
D,2037667,-2.3071
D,2037672,-2.0435
D,2037677,-1.7139
D,2037682,-1.4282
D,2037687,-1.1426
D,2037692,-0.7910
D,2037697,-0.4395
D,2037702,-0.1099
D,2037707,0.1978
D,2037712,0.4834
D,2037717,0.8350
D,2037722,1.1206
D,2037727,1.4062
D,2037732,1.7358
D,2037737,2.0654
D,2037742,2.3291
D,2037747,2.6367
D,2037752,2.9663
D,2037757,3.2520
D,2037762,3.4936
D,2037767,3.8452
D,2037772,4.1748
D,2037777,4.4604
D,2037782,4.7021
D,2037787,5.0537
D,2037792,5.2734
D,2037797,5.6250
D,2037802,5.9766
D,2037807,6.1084
D,2037812,6.3501
D,2037817,6.6797
D,2037822,6.9214
D,2037827,7.1851
D,2037832,7.4707
D,2037837,7.6685
D,2037842,7.9321
D,2037847,8.1519
D,2037852,8.3716
D,2037857,8.5474
D,2037862,8.8989
D,2037867,9.1626
D,2037872,9.3164
D,2037877,9.5801
D,2037882,9.7998
D,2037887,9.9316
D,2037892,10.0854
D,2037897,10.2612
D,2037902,10.5249
D,2037907,10.6348
D,2037912,10.8325
D,2037917,11.0522
D,2037922,11.1841
D,2037927,11.2939
D,2037932,11.4917
D,2037937,11.5796
D,2037942,11.7114
D,2037947,11.8652
D,2037952,11.9531
D,2037957,12.0630
D,2037962,12.1948
D,2037967,12.2827
D,2037972,12.3047
D,2037977,12.4365
D,2037982,12.5684
D,2037987,12.5903
D,2037992,12.6562
D,2037997,12.6782
D,2038002,12.7222
D,2038007,12.8101
D,2038012,12.8540
D,2038017,12.8540
D,2038022,12.8540
D,2038027,12.7661
D,2038032,12.8540
D,2038037,12.8760
D,2038042,12.8101
D,2038047,12.8101
D,2038052,12.7661
D,2038057,12.7222
D,2038062,12.7441
D,2038067,12.7002
D,2038072,12.6123
D,2038077,12.5244
D,2038082,12.4145
D,2038087,12.4365
D,2038092,12.3047
D,2038097,12.1728
D,2038102,12.0410
D,2038107,11.9751
D,2038112,11.8872
D,2038117,11.7334
D,2038122,11.6016
D,2038127,11.5137
D,2038132,11.3599
D,2038137,11.1841
D,2038142,11.0522
D,2038147,10.9204
D,2038152,10.7886
D,2038157,10.6348
D,2038162,10.4590
D,2038167,10.2393
D,2038172,10.0854
D,2038177,9.8218
D,2038182,9.6899
D,2038187,9.4043
D,2038192,9.2285
D,2038197,8.9648
D,2038202,8.7671
D,2038207,8.5913
D,2038212,8.2837
D,2038217,8.1299
D,2038222,7.8442
D,2038227,7.6245
D,2038232,7.4048
D,2038237,7.1631
D,2038242,6.8555
D,2038247,6.6577
D,2038252,6.4380
D,2038257,6.0645
D,2038262,5.7788
D,2038267,5.5371
D,2038272,5.2954
D,2038277,5.0098
D,2038282,4.7241
D,2038287,4.3945
D,2038292,4.1748
D,2038297,3.8672
D,2038302,3.6035
D,2038307,3.2959
D,2038312,2.9663
D,2038317,2.6807
D,2038322,2.3950
D,2038327,2.1313
D,2038332,1.8018
D,2038337,1.5381
D,2038342,1.2305
D,2038347,0.9668
D,2038352,0.6592
D,2038357,0.3516
D,2038362,0.0220
D,2038367,-0.2197
D,2038372,-0.5933
D,2038377,-0.8130
D,2038382,-1.1646
D,2038387,-1.4502
D,2038392,-1.7358
D,2038397,-2.0215
D,2038402,-2.3511
D,2038407,-2.5708
D,2038412,-2.9004
D,2038417,-3.2080
D,2038422,-3.5156
D,2038427,-3.7793
D,2038432,-4.1089
D,2038437,-4.2627
D,2038442,-4.6143
D,2038447,-4.8779
D,2038452,-5.0977
D,2038457,-5.3613
D,2038462,-5.7129
D,2038467,-5.9326
D,2038472,-6.1963
D,2038477,-6.4160
D,2038482,-6.6797
D,2038487,-6.9214
D,2038492,-7.1411
D,2038497,-7.3389
D,2038502,-7.6685
D,2038507,-7.8442
D,2038512,-8.0420
D,2038517,-8.2617
D,2038522,-8.5254
D,2038527,-8.6572
D,2038532,-8.8989
D,2038537,-9.0088
D,2038542,-9.2944
D,2038547,-9.4702
D,2038552,-9.6240
D,2038557,-9.8218
D,2038562,-10.0635
D,2038567,-10.1294
D,2038572,-10.2393
D,2038577,-10.4150
D,2038582,-10.6128
D,2038587,-10.7446
D,2038592,-10.8325
D,2038597,-10.9863
D,2038602,-11.1401
D,2038607,-11.2500
D,2038612,-11.3379
D,2038617,-11.3379
D,2038622,-11.4478
D,2038627,-11.5796
D,2038632,-11.6235
D,2038637,-11.7993
D,2038642,-11.7993
D,2038647,-11.8652
D,2038652,-11.8433
D,2038657,-11.9751
D,2038662,-11.9971
D,2038667,-11.9751
D,2038672,-12.0850
D,2038677,-12.0410
D,2038682,-12.0850
D,2038687,-12.0410
D,2038692,-12.0630
D,2038697,-12.0190
D,2038702,-12.0850
D,2038707,-12.1069
D,2038712,-12.0190
D,2038717,-11.8652
D,2038722,-11.9092
D,2038727,-11.8433
D,2038732,-11.7334
D,2038737,-11.6895
D,2038742,-11.6455
D,2038747,-11.5576
D,2038752,-11.4697
D,2038757,-11.4478
D,2038762,-11.2061
D,2038767,-11.1621
D,2038772,-11.0962
D,2038777,-10.9644
D,2038782,-10.8105
D,2038787,-10.6787
D,2038792,-10.5908
D,2038797,-10.4370
D,2038802,-10.2832
D,2038807,-10.1733
D,2038812,-9.9536
D,2038817,-9.7998
D,2038822,-9.6460
D,2038827,-9.4702
D,2038832,-9.2505
D,2038837,-9.0967
D,2038842,-8.9209
D,2038847,-8.7231
D,2038852,-8.6133
D,2038857,-8.3496
D,2038862,-8.0640
D,2038867,-7.9102
D,2038872,-7.6685
D,2038877,-7.4707
D,2038882,-7.2510
D,2038887,-6.9873
D,2038892,-6.7676
D,2038897,-6.5259
D,2038902,-6.3062
D,2038907,-5.9985
D,2038912,-5.7788
D,2038917,-5.4932
D,2038922,-5.2295
D,2038927,-5.0098
D,2038932,-4.7681
D,2038937,-4.4824
D,2038942,-4.2407
D,2038947,-3.9111
D,2038952,-3.6475
D,2038957,-3.4058
D,2038962,-3.1421
D,2038967,-2.8784
D,2038972,-2.5928
D,2038977,-2.3950
D,2038982,-2.0654
D,2038987,-1.7358
D,2038992,-1.5161
D,2038997,-1.1206
D,2039002,-0.8789
D,2039007,-0.6372
D,2039012,-0.3076
D,2039017,-0.0659
D,2039022,0.2417
D,2039027,0.5273
D,2039032,0.8130
D,2039037,1.0547
D,2039042,1.4062
D,2039047,1.6260
D,2039052,1.9336
D,2039057,2.2412
D,2039062,2.4390
D,2039067,2.7686
D,2039072,2.9883
D,2039077,3.2959
D,2039082,3.6035
D,2039087,3.8452
D,2039092,4.1309
D,2039097,4.3726
D,2039102,4.6143
D,2039107,4.8340
D,2039112,5.1196
D,2039117,5.3833
D,2039122,5.5811
D,2039127,5.8447
D,2039132,6.1743
D,2039137,6.4600
D,2039142,6.5918
D,2039147,6.8555
D,2039152,7.0312
D,2039157,7.2729
D,2039162,7.4927
D,2039167,7.6904
D,2039172,7.8882
D,2039177,8.1079
D,2039182,8.3057
D,2039187,8.4814
D,2039192,8.7012
D,2039197,8.8550
D,2039202,9.0308
D,2039207,9.2944
D,2039212,9.3823
D,2039217,9.5581
D,2039222,9.6680
D,2039227,9.8657
D,2039232,9.9976
D,2039237,10.0635
D,2039242,10.2612
D,2039247,10.4370
D,2039252,10.6128
D,2039257,10.7007
D,2039262,10.7446
D,2039267,10.8984
D,2039272,10.9644
D,2039277,11.0522
D,2039282,11.1401
D,2039287,11.2500
D,2039292,11.2720
D,2039297,11.3379
D,2039302,11.4038
D,2039307,11.4478
D,2039312,11.4478
D,2039317,11.5137
D,2039322,11.5796
D,2039327,11.5576
D,2039332,11.6016
D,2039337,11.6235
D,2039342,11.5796
D,2039347,11.6675
D,2039352,11.6895
D,2039357,11.6235
D,2039362,11.5137
D,2039367,11.5796
D,2039372,11.4917
D,2039377,11.4697
D,2039382,11.4917
D,2039387,11.3379
D,2039392,11.3159
D,2039397,11.2500
D,2039402,11.1841
D,2039407,11.0962
D,2039412,11.0083
D,2039417,10.9644
D,2039422,10.7886
D,2039427,10.7227
D,2039432,10.5688
D,2039437,10.4810
D,2039442,10.3491
D,2039447,10.2173
D,2039452,10.1294
D,2039457,9.9316
D,2039462,9.8437
D,2039467,9.6899
D,2039472,9.5142
D,2039477,9.2725
D,2039482,9.1846
D,2039487,9.0088
D,2039492,8.9209
D,2039497,8.6792
D,2039502,8.4814
D,2039507,8.2397
D,2039512,8.1299
D,2039517,7.9321
D,2039522,7.6685
D,2039527,7.4487
D,2039532,7.2949
D,2039537,7.0312
D,2039542,6.8115
D,2039547,6.5918
D,2039552,6.3281
D,2039557,6.1963
D,2039562,5.9326
D,2039567,5.7349
D,2039572,5.4272
D,2039577,5.1416
D,2039582,4.9438
D,2039587,4.7021
D,2039592,4.4604
D,2039597,4.2187
D,2039602,3.9551
D,2039607,3.6694
D,2039612,3.4277
D,2039617,3.1421
D,2039622,2.9004
D,2039627,2.5708
D,2039632,2.3730
D,2039637,2.1313
D,2039642,1.8237
D,2039647,1.5381
D,2039652,1.2964
D,2039657,1.0327
D,2039662,0.7251
D,2039667,0.4834
D,2039672,0.2197
D,2039677,-0.0659
D,2039682,-0.2856
D,2039687,-0.6152
D,2039692,-0.8789
D,2039697,-1.1426
D,2039702,-1.3623
D,2039707,-1.6480
D,2039712,-1.8897
D,2039717,-2.2192
D,2039722,-2.4390
D,2039727,-2.7686
D,2039732,-2.9443
D,2039737,-3.2080
D,2039742,-3.4937
D,2039747,-3.7573
D,2039752,-4.0210
D,2039757,-4.2627
D,2039762,-4.4385
D,2039767,-4.7022
D,2039772,-4.9439
D,2039777,-5.1856
D,2039782,-5.4492
D,2039787,-5.6470
D,2039792,-5.9106
D,2039797,-6.1523
D,2039802,-6.3062
D,2039807,-6.5039
D,2039812,-6.7676
D,2039817,-6.9653
D,2039822,-7.1191
D,2039827,-7.3169
D,2039832,-7.5366
D,2039837,-7.7124
D,2039842,-7.9321
D,2039847,-8.0200
D,2039852,-8.2837
D,2039857,-8.4155
D,2039862,-8.7891
D,2039867,-8.7671
D,2039872,-8.9648
D,2039877,-9.1187
D,2039882,-9.1846
D,2039887,-9.3604
D,2039892,-9.4702
D,2039897,-9.6240
D,2039902,-9.7559
D,2039907,-9.8438
D,2039912,-9.9976
D,2039917,-10.1074
D,2039922,-10.1953
D,2039927,-10.3052
D,2039932,-10.3711
D,2039937,-10.4370
D,2039942,-10.4810
D,2039947,-10.5908
D,2039952,-10.6348
D,2039957,-10.6787
D,2039962,-10.7446
D,2039967,-10.7007
D,2039972,-10.8545
D,2039977,-10.8545
D,2039982,-10.8545
D,2039987,-10.8325
D,2039992,-10.9204
D,2039997,-10.9424
D,2040002,-10.9644
D,2040007,-10.8984
D,2040012,-10.9204
D,2040017,-10.8765
D,2040022,-10.8545
D,2040027,-10.8105
D,2040032,-10.7886
D,2040037,-10.7666
D,2040042,-10.6567
D,2040047,-10.6348
D,2040052,-10.5689
D,2040057,-10.5908
D,2040062,-10.3931
D,2040067,-10.3491
D,2040072,-10.3052
D,2040077,-10.1953
D,2040082,-10.0635
D,2040087,-9.9756
D,2040092,-9.8438
D,2040097,-9.7778
D,2040102,-9.6240
D,2040107,-9.5581
D,2040112,-9.2944
D,2040117,-9.2944
D,2040122,-9.1846
D,2040127,-8.9209
D,2040132,-8.8110
D,2040137,-8.6572
D,2040142,-8.5254
D,2040147,-8.3057
D,2040152,-8.1299
D,2040157,-7.9321
D,2040162,-7.7783
D,2040167,-7.5806
D,2040172,-7.4487
D,2040177,-7.2510
D,2040182,-7.0093
D,2040187,-6.8994
D,2040192,-6.6577
D,2040197,-6.4380
D,2040202,-6.2183
D,2040207,-6.0425
D,2040212,-5.8228
D,2040217,-5.5591
D,2040222,-5.3833
D,2040227,-5.1196
D,2040232,-4.8779
D,2040237,-4.7241
D,2040242,-4.4605
D,2040247,-4.1748
D,2040252,-3.9111
D,2040257,-3.7354
D,2040262,-3.4277
D,2040267,-3.2959
D,2040272,-2.9224
D,2040277,-2.7466
D,2040282,-2.5049
D,2040287,-2.2192
D,2040292,-1.9775
D,2040297,-1.6919
D,2040302,-1.4502
D,2040307,-1.1646
D,2040312,-0.9888
D,2040317,-0.6592
D,2040322,-0.4175
D,2040327,-0.2637
D,2040332,0.1099
D,2040337,0.3076
D,2040342,0.5493
D,2040347,0.8569
D,2040352,1.0986
D,2040357,1.4282
D,2040362,1.5381
D,2040367,1.8237
D,2040372,2.0874
D,2040377,2.3511
D,2040382,2.5708
D,2040387,2.7686
D,2040392,3.0981
D,2040397,3.3179
D,2040402,3.5376
D,2040407,3.7573
D,2040412,4.0430
D,2040417,4.2187
D,2040422,4.5264
D,2040427,4.7900
D,2040432,4.9658
D,2040437,5.1636
D,2040442,5.4272
D,2040447,5.6250
D,2040452,5.8667
D,2040457,6.0205
D,2040462,6.3061
D,2040467,6.4380
D,2040472,6.6357
D,2040477,6.8555
D,2040482,7.0093
D,2040487,7.2070
D,2040492,7.3389
D,2040497,7.5146
D,2040502,7.7344
D,2040507,7.9541
D,2040512,8.1299
D,2040517,8.2178
D,2040522,8.4595
D,2040527,8.5693
D,2040532,8.6792
D,2040537,8.9648
D,2040542,8.9648
D,2040547,9.1406
D,2040552,9.2505
D,2040557,9.3603
D,2040562,9.4482
D,2040567,9.5581
D,2040572,9.6680
D,2040577,9.7119
D,2040582,9.8218
D,2040587,9.8877
D,2040592,9.9976
D,2040597,10.1074
D,2040602,10.1514
D,2040607,10.2393
D,2040612,10.2832
D,2040617,10.3271
D,2040622,10.3711
D,2040627,10.4150
D,2040632,10.4590
D,2040637,10.4810
D,2040642,10.4150
D,2040647,10.4810
D,2040652,10.4370
D,2040657,10.5029
D,2040662,10.4810
D,2040667,10.4590
D,2040672,10.4590
D,2040677,10.4370
D,2040682,10.4150
D,2040687,10.4590
D,2040692,10.3711
D,2040697,10.3711
D,2040702,10.2612
D,2040707,10.1733
D,2040712,10.0195
D,2040717,10.0635
D,2040722,9.9756
D,2040727,9.7998
D,2040732,9.7778
D,2040737,9.6240
D,2040742,9.5801
D,2040747,9.4922
D,2040752,9.3823
D,2040757,9.2505
D,2040762,9.1626
D,2040767,9.0747
D,2040772,8.8989
D,2040777,8.7671
D,2040782,8.6792
D,2040787,8.5474
D,2040792,8.3496
D,2040797,8.2397
D,2040802,7.9761
D,2040807,7.9102
D,2040812,7.7124
D,2040817,7.4927
D,2040822,7.4268
D,2040827,7.1851
D,2040832,7.0093
D,2040837,6.8994
D,2040842,6.6797
D,2040847,6.4160
D,2040852,6.2622
D,2040857,6.0864
D,2040862,5.8447
D,2040867,5.6030
D,2040872,5.3833
D,2040877,5.1636
D,2040882,4.9658
D,2040887,4.7461
D,2040892,4.5483
D,2040897,4.3506
D,2040902,4.0869
D,2040907,3.8232
D,2040912,3.6035
D,2040917,3.4717
D,2040922,3.1641
D,2040927,2.9004
D,2040932,2.7246
D,2040937,2.5049
D,2040942,2.2192
D,2040947,1.9995
D,2040952,1.7139
D,2040957,1.4941
D,2040962,1.2744
D,2040967,1.0107
D,2040972,0.7690
D,2040977,0.5273
D,2040982,0.3076
D,2040987,0.0659
D,2040992,-0.1538
D,2040997,-0.4175
D,2041002,-0.6812
D,2041007,-0.8789
D,2041012,-1.1646
D,2041017,-1.3623
D,2041022,-1.6699
D,2041027,-1.8237
D,2041032,-2.0654
D,2041037,-2.3291
D,2041042,-2.5708
D,2041047,-2.8784
D,2041052,-3.0322
D,2041057,-3.2300
D,2041062,-3.4717
D,2041067,-3.6694
D,2041072,-3.9111
D,2041077,-4.1309
D,2041082,-4.3726
D,2041087,-4.5923
D,2041092,-4.7461
D,2041097,-4.9439
D,2041102,-5.1856
D,2041107,-5.4053
D,2041112,-5.5811
D,2041117,-5.8008
D,2041122,-5.9766
D,2041127,-6.2183
D,2041132,-6.3281
D,2041137,-6.5259
D,2041142,-6.7456
D,2041147,-6.8774
D,2041152,-7.0532
D,2041157,-7.1851
D,2041162,-7.4268
D,2041167,-7.5366
D,2041172,-7.7564
D,2041177,-7.8223
D,2041182,-7.9321
D,2041187,-8.0640
D,2041192,-8.3057
D,2041197,-8.3496
D,2041202,-8.4814
D,2041207,-8.5913
D,2041212,-8.7451
D,2041217,-8.9648
D,2041222,-8.8770
D,2041227,-8.9868
D,2041232,-9.1626
D,2041237,-9.2725
D,2041242,-9.2065
D,2041247,-9.4043
D,2041252,-9.4702
D,2041257,-9.5142
D,2041262,-9.5801
D,2041267,-9.6021
D,2041272,-9.6460
D,2041277,-9.7559
D,2041282,-9.7559
D,2041287,-9.6899
D,2041292,-9.8218
D,2041297,-9.7778
D,2041302,-9.7778
D,2041307,-9.8218
D,2041312,-9.7998
D,2041317,-9.7998
D,2041322,-9.8218
D,2041327,-9.7778
D,2041332,-9.8218
D,2041337,-9.6899
D,2041342,-9.7778
D,2041347,-9.6680
D,2041352,-9.7119
D,2041357,-9.5801
D,2041362,-9.4482
D,2041367,-9.4922
D,2041372,-9.4263
D,2041377,-9.3384
D,2041382,-9.2285
D,2041387,-9.1406
D,2041392,-9.0967
D,2041397,-8.9868
D,2041402,-8.9429
D,2041407,-8.8110
D,2041412,-8.7671
D,2041417,-8.5254
D,2041422,-8.5034
D,2041427,-8.3716
D,2041432,-8.2397
D,2041437,-8.1079
D,2041442,-7.9102
D,2041447,-7.8003
D,2041452,-7.6685
D,2041457,-7.5586
D,2041462,-7.4487
D,2041467,-7.2730
D,2041472,-7.0972
D,2041477,-6.8774
D,2041482,-6.7236
D,2041487,-6.5479
D,2041492,-6.3721
D,2041497,-6.2183
D,2041502,-5.9985
D,2041507,-5.8228
D,2041512,-5.6470
D,2041517,-5.5591
D,2041522,-5.2954
D,2041527,-5.0977
D,2041532,-4.8340
D,2041537,-4.6802
D,2041542,-4.5044
D,2041547,-4.1968
D,2041552,-4.0210
D,2041557,-3.8232
D,2041562,-3.6694
D,2041567,-3.3838
D,2041572,-3.2300
D,2041577,-2.9883
D,2041582,-2.7686
D,2041587,-2.5928
D,2041592,-2.3511
D,2041597,-2.1314
D,2041602,-1.8018
D,2041607,-1.6480
D,2041612,-1.4502
D,2041617,-1.1206
D,2041622,-0.9229
D,2041627,-0.6812
D,2041632,-0.4614
D,2041637,-0.2197
D,2041642,0.0220
D,2041647,0.2197
D,2041652,0.4614
D,2041657,0.6592
D,2041662,0.9448
D,2041667,1.0986
D,2041672,1.4062
D,2041677,1.5381
D,2041682,1.8457
D,2041687,2.0215
D,2041692,2.2852
D,2041697,2.4609
D,2041702,2.7466
D,2041707,2.9224
D,2041712,3.1421
D,2041717,3.3398
D,2041722,3.5156
D,2041727,3.8232
D,2041732,4.0210
D,2041737,4.1968
D,2041742,4.3945
D,2041747,4.6362
D,2041752,4.8120
D,2041757,4.9878
D,2041762,5.1855
D,2041767,5.3174
D,2041772,5.5591
D,2041777,5.6909
D,2041782,5.9106
D,2041787,6.1084
D,2041792,6.3061
D,2041797,6.3940
D,2041802,6.6577
D,2041807,6.7895
D,2041812,6.9434
D,2041817,7.0752
D,2041822,7.1631
D,2041827,7.3608
D,2041832,7.4707
D,2041837,7.6685
D,2041842,7.8003
D,2041847,7.9321
D,2041852,8.0640
D,2041857,8.1738
D,2041862,8.2617
D,2041867,8.3936
D,2041872,8.5034
D,2041877,8.5474
D,2041882,8.6792
D,2041887,8.7451
D,2041892,8.7891
D,2041897,8.9429
D,2041902,8.9648
D,2041907,9.0308
D,2041912,9.1186
D,2041917,9.0967
D,2041922,9.2065
D,2041927,9.2505
D,2041932,9.3384
D,2041937,9.3164
D,2041942,9.4482
D,2041947,9.3823
D,2041952,9.4043
D,2041957,9.4482
D,2041962,9.3823
D,2041967,9.3603
D,2041972,9.4482
D,2041977,9.4263
D,2041982,9.3603
D,2041987,9.4263
D,2041992,9.3603
D,2041997,9.3384
D,2042002,9.3384
D,2042007,9.2944
D,2042012,9.1846
D,2042017,9.1846
D,2042022,9.0747
D,2042027,9.0088
D,2042032,8.9868
D,2042037,8.9648
D,2042042,8.8770
D,2042047,8.7671
D,2042052,8.7012
D,2042057,8.6792
D,2042062,8.5034
D,2042067,8.4375
D,2042072,8.2617
D,2042077,8.1299
D,2042082,8.0200
D,2042087,7.9321
D,2042092,7.8442
D,2042097,7.7124
D,2042102,7.5586
D,2042107,7.4048
D,2042112,7.2510
D,2042117,7.0972
D,2042122,6.9873
D,2042127,6.7895
D,2042132,6.6357
D,2042137,6.5259
D,2042142,6.3061
D,2042147,6.1743
D,2042152,6.0864
D,2042157,5.9106
D,2042162,5.6470
D,2042167,5.4932
D,2042172,5.2515
D,2042177,5.1416
D,2042182,4.9658
D,2042187,4.7461
D,2042192,4.5483
D,2042197,4.3506
D,2042202,4.1309
D,2042207,3.9770
D,2042212,3.7573
D,2042217,3.5156
D,2042222,3.3838
D,2042227,3.1860
D,2042232,2.9663
D,2042237,2.8345
D,2042242,2.5488
D,2042247,2.3950
D,2042252,2.0654
D,2042257,1.9116
D,2042262,1.6919
D,2042267,1.3403
D,2042272,1.1865
D,2042277,1.0107
D,2042282,0.7471
D,2042287,0.5713
D,2042292,0.3516
D,2042297,0.1538
D,2042302,-0.1099
D,2042307,-0.3296
D,2042312,-0.5273
D,2042317,-0.7471
D,2042322,-0.9448
D,2042327,-1.0986
D,2042332,-1.3843
D,2042337,-1.6480
D,2042342,-1.8018
D,2042347,-2.0874
D,2042352,-2.2412
D,2042357,-2.4390
D,2042362,-2.7026
D,2042367,-2.9443
D,2042372,-2.9663
D,2042377,-3.2739
D,2042382,-3.4277
D,2042387,-3.6475
D,2042392,-3.8452
D,2042397,-4.0210
D,2042402,-4.1968
D,2042407,-4.4165
D,2042412,-4.5703
D,2042417,-4.7900
D,2042422,-5.0098
D,2042427,-5.2075
D,2042432,-5.3394
D,2042437,-5.4712
D,2042442,-5.6689
D,2042447,-5.8228
D,2042452,-5.9326
D,2042457,-6.1304
D,2042462,-6.2622
D,2042467,-6.4380
D,2042472,-6.5698
D,2042477,-6.6797
D,2042482,-6.8555
D,2042487,-6.9873
D,2042492,-7.0972
D,2042497,-7.1851
D,2042502,-7.3608
D,2042507,-7.4927
D,2042512,-7.6025
D,2042517,-7.6465
D,2042522,-7.7783
D,2042527,-7.9102
D,2042532,-7.9761
D,2042537,-8.1079
D,2042542,-8.1519
D,2042547,-8.2178
D,2042552,-8.3057
D,2042557,-8.3276
D,2042562,-8.3936
D,2042567,-8.4595
D,2042572,-8.5474
D,2042577,-8.6133
D,2042582,-8.6572
D,2042587,-8.6572
D,2042592,-8.7671
D,2042597,-8.7231
D,2042602,-8.7671
D,2042607,-8.8110
D,2042612,-8.8110
D,2042617,-8.7891
D,2042622,-8.7891
D,2042627,-8.8330
D,2042632,-8.8110
D,2042637,-8.7891
D,2042642,-8.7891
D,2042647,-8.7451
D,2042652,-8.7451
D,2042657,-8.6353
D,2042662,-8.6792
D,2042667,-8.6133
D,2042672,-8.5913
D,2042677,-8.5474
D,2042682,-8.4375
D,2042687,-8.3716
D,2042692,-8.3276
D,2042697,-8.2617
D,2042702,-8.2837
D,2042707,-8.1299
D,2042712,-7.9541
D,2042717,-7.9321
D,2042722,-7.8442
D,2042727,-7.7344
D,2042732,-7.6465
D,2042737,-7.4268
D,2042742,-7.3828
D,2042747,-7.3169
D,2042752,-7.1411
D,2042757,-7.0093
D,2042762,-6.9653
D,2042767,-6.7676
D,2042772,-6.6797
D,2042777,-6.5479
D,2042782,-6.3940
D,2042787,-6.3062
D,2042792,-6.1523
D,2042797,-6.0205
D,2042802,-5.8008
D,2042807,-5.6689
D,2042812,-5.4712
D,2042817,-5.2734
D,2042822,-5.1196
D,2042827,-4.9878
D,2042832,-4.7461
D,2042837,-4.6143
D,2042842,-4.4165
D,2042847,-4.1309
D,2042852,-4.1528
D,2042857,-3.8672
D,2042862,-3.7573
D,2042867,-3.5156
D,2042872,-3.3618
D,2042877,-3.1641
D,2042882,-2.9224
D,2042887,-2.7466
D,2042892,-2.4829
D,2042897,-2.3730
D,2042902,-2.1533
D,2042907,-1.8677
D,2042912,-1.7139
D,2042917,-1.5381
D,2042922,-1.3403
D,2042927,-1.1206
D,2042932,-0.8569
D,2042937,-0.6812
D,2042942,-0.5054
D,2042947,-0.2637
D,2042952,-0.0659
D,2042957,0.0879
D,2042962,0.2856
D,2042967,0.5933
D,2042972,0.7251
D,2042977,0.8789
D,2042982,1.0986
D,2042987,1.2964
D,2042992,1.6040
D,2042997,1.7578
D,2043002,1.9336
D,2043007,2.2192
D,2043012,2.3950
D,2043017,2.6147
D,2043022,2.7026
D,2043027,2.8784
D,2043032,3.1201
D,2043037,3.3838
D,2043042,3.4717
D,2043047,3.6914
D,2043052,3.9111
D,2043057,4.0649
D,2043062,4.2407
D,2043067,4.3726
D,2043072,4.5923
D,2043077,4.7461
D,2043082,4.9438
D,2043087,5.0757
D,2043092,5.2515
D,2043097,5.4492
D,2043102,5.5371
D,2043107,5.6909
D,2043112,5.9106
D,2043117,6.0205
D,2043122,6.1084
D,2043127,6.2842
D,2043132,6.4380
D,2043137,6.4819
D,2043142,6.6577
D,2043147,6.8335
D,2043152,6.9653
D,2043157,7.0532
D,2043162,7.1631
D,2043167,7.2510
D,2043172,7.3169
D,2043177,7.3828
D,2043182,7.5146
D,2043187,7.5806
D,2043192,7.7344
D,2043197,7.8003
D,2043202,7.8882
D,2043207,8.0200
D,2043212,8.0420
D,2043217,8.0200
D,2043222,8.1519
D,2043227,8.1738
D,2043232,8.2837
D,2043237,8.2397
D,2043242,8.3716
D,2043247,8.3276
D,2043252,8.3716
D,2043257,8.3716
D,2043262,8.3936
D,2043267,8.4155
D,2043272,8.4375
D,2043277,8.4155
D,2043282,8.3936
D,2043287,8.3716
D,2043292,8.3936
D,2043297,8.3936
D,2043302,8.3936
D,2043307,8.3276
D,2043312,8.3496
D,2043317,8.2837
D,2043322,8.1958
D,2043327,8.1738
D,2043332,8.1519
D,2043337,8.0640
D,2043342,8.0420
D,2043347,7.9541
D,2043352,7.8662
D,2043357,7.8223
D,2043362,7.7563
D,2043367,7.7344
D,2043372,7.5806
D,2043377,7.5146
D,2043382,7.4048
D,2043387,7.2949
D,2043392,7.1851
D,2043397,7.0752
D,2043402,7.0093
D,2043407,6.9434
D,2043412,6.7456
D,2043417,6.6577
D,2043422,6.4600
D,2043427,6.3721
D,2043432,6.2842
D,2043437,6.1743
D,2043442,5.9546
D,2043447,5.8887
D,2043452,5.7788
D,2043457,5.5811
D,2043462,5.4272
D,2043467,5.2515
D,2043472,5.0757
D,2043477,4.9219
D,2043482,4.7681
D,2043487,4.5923
D,2043492,4.3945
D,2043497,4.2627
D,2043502,4.1528
D,2043507,3.9331
D,2043512,3.7793
D,2043517,3.5815
D,2043522,3.3838
D,2043527,3.1641
D,2043532,3.0542
D,2043537,2.8125
D,2043542,2.5928
D,2043547,2.4170
D,2043552,2.3511
D,2043557,2.1533
D,2043562,1.9556
D,2043567,1.7798
D,2043572,1.5161
D,2043577,1.3623
D,2043582,1.1206
D,2043587,0.9228
D,2043592,0.7910
D,2043597,0.5493
D,2043602,0.3955
D,2043607,0.1978
D,2043612,-0.0439
D,2043617,-0.2637
D,2043622,-0.4614
D,2043627,-0.5933
D,2043632,-0.7690
D,2043637,-0.9888
D,2043642,-1.1646
D,2043647,-1.3623
D,2043652,-1.6040
D,2043657,-1.7578
D,2043662,-1.9336
D,2043667,-2.1533
D,2043672,-2.4170
D,2043677,-2.5488
D,2043682,-2.6147
D,2043687,-2.8784
D,2043692,-2.9663
D,2043697,-3.2080
D,2043702,-3.3618
D,2043707,-3.5376
D,2043712,-3.6914
D,2043717,-3.9111
D,2043722,-4.0210
D,2043727,-4.1968
D,2043732,-4.3506
D,2043737,-4.5044
D,2043742,-4.7461
D,2043747,-4.7461
D,2043752,-4.9439
D,2043757,-5.1196
D,2043762,-5.2734
D,2043767,-5.4053
D,2043772,-5.5371
D,2043777,-5.6909
D,2043782,-5.8667
D,2043787,-5.9985
D,2043792,-6.0205
D,2043797,-6.2402
D,2043802,-6.3501
D,2043807,-6.3281
D,2043812,-6.5479
D,2043817,-6.6797
D,2043822,-6.7236
D,2043827,-6.7896
D,2043832,-6.9214
D,2043837,-7.0313
D,2043842,-7.0752
D,2043847,-7.2070
D,2043852,-7.2070
D,2043857,-7.2949
D,2043862,-7.3389
D,2043867,-7.3389
D,2043872,-7.4927
D,2043877,-7.5586
D,2043882,-7.5366
D,2043887,-7.6465
D,2043892,-7.6245
D,2043897,-7.7124
D,2043902,-7.6904
D,2043907,-7.8223
D,2043912,-7.7783
D,2043917,-7.7783
D,2043922,-7.7783
D,2043927,-7.8662
D,2043932,-7.8662
D,2043937,-7.8003
D,2043942,-7.8223
D,2043947,-7.7564
D,2043952,-7.8223
D,2043957,-7.7783
D,2043962,-7.7124
D,2043967,-7.7124
D,2043972,-7.6685
D,2043977,-7.6465
D,2043982,-7.6465
D,2043987,-7.6025
D,2043992,-7.5586
D,2043997,-7.4927
D,2044002,-7.4048
D,2044007,-7.3169
D,2044012,-7.2949
D,2044017,-7.1191
D,2044022,-7.1411
D,2044027,-7.1191
D,2044032,-7.0313
D,2044037,-6.8335
D,2044042,-6.7676
D,2044047,-6.7236
D,2044052,-6.6138
D,2044057,-6.5259
D,2044062,-6.4160
D,2044067,-6.3721
D,2044072,-6.1743
D,2044077,-5.9985
D,2044082,-5.9766
D,2044087,-5.8447
D,2044092,-5.6470
D,2044097,-5.5811
D,2044102,-5.4492
D,2044107,-5.3174
D,2044112,-5.2075
D,2044117,-5.0537
D,2044122,-4.9219
D,2044127,-4.7461
D,2044132,-4.5923
D,2044137,-4.3945
D,2044142,-4.3066
D,2044147,-4.1528
D,2044152,-3.9771
D,2044157,-3.8452
D,2044162,-3.6475
D,2044167,-3.4717
D,2044172,-3.2959
D,2044177,-3.0762
D,2044182,-3.0542
D,2044187,-2.7905
D,2044192,-2.7026
D,2044197,-2.4609
D,2044202,-2.2192
D,2044207,-2.1094
D,2044212,-1.8897
D,2044217,-1.6919
D,2044222,-1.5820
D,2044227,-1.3623
D,2044232,-1.2305
D,2044237,-0.9888
D,2044242,-0.8569
D,2044247,-0.7031
D,2044252,-0.4175
D,2044257,-0.3296
D,2044262,-0.1538
D,2044267,0.0879
D,2044272,0.3076
D,2044277,0.4834
D,2044282,0.5933
D,2044287,0.7910
D,2044292,0.9888
D,2044297,1.1865
D,2044302,1.3403
D,2044307,1.4941
D,2044312,1.7358
D,2044317,1.8457
D,2044322,2.1094
D,2044327,2.2412
D,2044332,2.4829
D,2044337,2.5269
D,2044342,2.7026
D,2044347,2.8784
D,2044352,3.0981
D,2044357,3.2080
D,2044362,3.4058
D,2044367,3.5596
D,2044372,3.7573
D,2044377,3.9111
D,2044382,4.0869
D,2044387,4.2187
D,2044392,4.3286
D,2044397,4.5264
D,2044402,4.6143
D,2044407,4.7681
D,2044412,4.8999
D,2044417,5.1416
D,2044422,5.2295
D,2044427,5.3613
D,2044432,5.4932
D,2044437,5.6030
D,2044442,5.6689
D,2044447,5.8008
D,2044452,5.8887
D,2044457,5.9985
D,2044462,6.1304
D,2044467,6.2402
D,2044472,6.3281
D,2044477,6.3501
D,2044482,6.5259
D,2044487,6.5478
D,2044492,6.5918
D,2044497,6.7676
D,2044502,6.8335
D,2044507,6.8994
D,2044512,6.9653
D,2044517,6.9873
D,2044522,7.1191
D,2044527,7.1191
D,2044532,7.1851
D,2044537,7.2510
D,2044542,7.2290
D,2044547,7.3169
D,2044552,7.3389
D,2044557,7.4268
D,2044562,7.4048
D,2044567,7.4487
D,2044572,7.4268
D,2044577,7.4707
D,2044582,7.4487
D,2044587,7.4487
D,2044592,7.4487
D,2044597,7.4048
D,2044602,7.4487
D,2044607,7.4927
D,2044612,7.3169
D,2044617,7.4048
D,2044622,7.3608
D,2044627,7.3389
D,2044632,7.3169
D,2044637,7.2949
D,2044642,7.2290
D,2044647,7.1631
D,2044652,7.0972
D,2044657,7.0972
D,2044662,7.0093
D,2044667,6.9653
D,2044672,6.9873
D,2044677,6.8335
D,2044682,6.6797
D,2044687,6.6357
D,2044692,6.5698
D,2044697,6.4819
D,2044702,6.3501
D,2044707,6.3061
D,2044712,6.1963
D,2044717,6.0864
D,2044722,6.0864
D,2044727,5.8887
D,2044732,5.8008
D,2044737,5.6909
D,2044742,5.5151
D,2044747,5.4712
D,2044752,5.3394
D,2044757,5.1636
D,2044762,5.0977
D,2044767,4.8779
D,2044772,4.7900
D,2044777,4.7021
D,2044782,4.5703
D,2044787,4.3945
D,2044792,4.1748
D,2044797,4.1089
D,2044802,3.9331
D,2044807,3.8672
D,2044812,3.6035
D,2044817,3.4936
D,2044822,3.3398
D,2044827,3.2080
D,2044832,2.9883
D,2044837,2.9224
D,2044842,2.7026
D,2044847,2.5708
D,2044852,2.3730
D,2044857,2.2632
D,2044862,2.0874
D,2044867,1.9336
D,2044872,1.6919
D,2044877,1.5381
D,2044882,1.3403
D,2044887,1.2524
D,2044892,1.0767
D,2044897,0.8569
D,2044902,0.7471
D,2044907,0.4834
D,2044912,0.2856
D,2044917,0.1978
D,2044922,0.0439
D,2044927,-0.1538
D,2044932,-0.3296
D,2044937,-0.4395
D,2044942,-0.6812
D,2044947,-0.8569
D,2044952,-0.9668
D,2044957,-1.2305
D,2044962,-1.3843
D,2044967,-1.5381
D,2044972,-1.7139
D,2044977,-1.8018
D,2044982,-2.0215
D,2044987,-2.1753
D,2044992,-2.2852
D,2044997,-2.4829
D,2045002,-2.6807
D,2045007,-2.8125
D,2045012,-2.9663
D,2045017,-3.0981
D,2045022,-3.1641
D,2045027,-3.4497
D,2045032,-3.6035
D,2045037,-3.7793
D,2045042,-3.8672
D,2045047,-3.9331
D,2045052,-4.1089
D,2045057,-4.2627
D,2045062,-4.3726
D,2045067,-4.4824
D,2045072,-4.7022
D,2045077,-4.7900
D,2045082,-4.8779
D,2045087,-4.9658
D,2045092,-5.0977
D,2045097,-5.2954
D,2045102,-5.3613
D,2045107,-5.4492
D,2045112,-5.5371
D,2045117,-5.6689
D,2045122,-5.7349
D,2045127,-5.8228
D,2045132,-5.8667
D,2045137,-6.0205
D,2045142,-6.0645
D,2045147,-6.1523
D,2045152,-6.2622
D,2045157,-6.2622
D,2045162,-6.3721
D,2045167,-6.3940
D,2045172,-6.4600
D,2045177,-6.5259
D,2045182,-6.5918
D,2045187,-6.6138
D,2045192,-6.6797
D,2045197,-6.6577
D,2045202,-6.7896
D,2045207,-6.7896
D,2045212,-6.8335
D,2045217,-6.8335
D,2045222,-6.8555
D,2045227,-6.7896
D,2045232,-6.8774
D,2045237,-6.8335
D,2045242,-6.8994
D,2045247,-6.9653
D,2045252,-6.8335
D,2045257,-6.8555
D,2045262,-6.8774
D,2045267,-6.8774
D,2045272,-6.8555
D,2045277,-6.8115
D,2045282,-6.7456
D,2045287,-6.8115
D,2045292,-6.6797
D,2045297,-6.6138
D,2045302,-6.6797
D,2045307,-6.5259
D,2045312,-6.5259
D,2045317,-6.4380
D,2045322,-6.3721
D,2045327,-6.3281
D,2045332,-6.2622
D,2045337,-6.2402
D,2045342,-6.1304
D,2045347,-5.9985
D,2045352,-5.9546
D,2045357,-5.8887
D,2045362,-5.7568
D,2045367,-5.7349
D,2045372,-5.6030
D,2045377,-5.5371
D,2045382,-5.4932
D,2045387,-5.2954
D,2045392,-5.1636
D,2045397,-5.0977
D,2045402,-5.0098
D,2045407,-5.0098
D,2045412,-4.7900
D,2045417,-4.7022
D,2045422,-4.5483
D,2045427,-4.4385
D,2045432,-4.2407
D,2045437,-4.1309
D,2045442,-4.0430
D,2045447,-3.8892
D,2045452,-3.8232
D,2045457,-3.5815
D,2045462,-3.5156
D,2045467,-3.2739
D,2045472,-3.2300
D,2045477,-3.0103
D,2045482,-2.9443
D,2045487,-2.7466
D,2045492,-2.5928
D,2045497,-2.4829
D,2045502,-2.2852
D,2045507,-2.1533
D,2045512,-1.9775
D,2045517,-1.8677
D,2045522,-1.6919
D,2045527,-1.5161
D,2045532,-1.4502
D,2045537,-1.2305
D,2045542,-1.0986
D,2045547,-0.8569
D,2045552,-0.6372
D,2045557,-0.5493
D,2045562,-0.4175
D,2045567,-0.3076
D,2045572,-0.1318
D,2045577,0.0879
D,2045582,0.2417
D,2045587,0.3735
D,2045592,0.5713
D,2045597,0.7031
D,2045602,0.9009
D,2045607,1.0986
D,2045612,1.1645
D,2045617,1.3403
D,2045622,1.4941
D,2045627,1.6479
D,2045632,1.8018
D,2045637,1.9995
D,2045642,1.9995
D,2045647,2.2852
D,2045652,2.3950
D,2045657,2.5708
D,2045662,2.7026
D,2045667,2.8784
D,2045672,2.9663
D,2045677,3.1201
D,2045682,3.2739
D,2045687,3.4277
D,2045692,3.5376
D,2045697,3.6475
D,2045702,3.8452
D,2045707,3.9551
D,2045712,4.0430
D,2045717,4.1528
D,2045722,4.3066
D,2045728,4.4165
D,2045733,4.5483
D,2045738,4.7021
D,2045743,4.8120
D,2045748,4.8560
D,2045753,5.0098
D,2045758,5.0537
D,2045763,5.1416
D,2045768,5.2734
D,2045773,5.4272
D,2045778,5.4932
D,2045783,5.5371
D,2045788,5.6470
D,2045793,5.6470
D,2045798,5.7568
D,2045803,5.8667
D,2045808,5.8447
D,2045813,5.9985
D,2045818,6.0645
D,2045823,6.1084
D,2045828,6.2183
D,2045833,6.2402
D,2045838,6.2842
D,2045843,6.2842
D,2045848,6.3501
D,2045853,6.3721
D,2045858,6.3940
D,2045863,6.5039
D,2045868,6.4819
D,2045873,6.5039
D,2045878,6.5039
D,2045883,6.5259
D,2045888,6.5259
D,2045893,6.5698
D,2045898,6.5478
D,2045903,6.5698
D,2045908,6.5259
D,2045913,6.5039
D,2045918,6.5259
D,2045923,6.5478
D,2045928,6.4819
D,2045933,6.4819
D,2045938,6.3721
D,2045943,6.3721
D,2045948,6.3501
D,2045953,6.3061
D,2045958,6.3281
D,2045963,6.2622
D,2045968,6.1963
D,2045973,6.0864
D,2045978,6.0645
D,2045983,6.0864
D,2045988,5.9546
D,2045993,5.9106
D,2045998,5.8447
D,2046003,5.7568
D,2046008,5.7129
D,2046013,5.6250
D,2046018,5.4272
D,2046023,5.4492
D,2046028,5.3613
D,2046033,5.2075
D,2046038,5.1416
D,2046043,5.0537
D,2046048,4.9219
D,2046053,4.8560
D,2046058,4.7461
D,2046063,4.6802
D,2046068,4.5264
D,2046073,4.4165
D,2046078,4.3066
D,2046083,4.2407
D,2046088,4.1089
D,2046093,4.0430
D,2046098,3.7573
D,2046103,3.7353
D,2046108,3.5376
D,2046113,3.4717
D,2046118,3.3398
D,2046123,3.1421
D,2046128,3.0322
D,2046133,2.9443
D,2046138,2.8125
D,2046143,2.6367
D,2046148,2.4829
D,2046153,2.3511
D,2046158,2.2412
D,2046163,2.1533
D,2046168,1.9556
D,2046173,1.7578
D,2046178,1.6919
D,2046183,1.4941
D,2046188,1.3623
D,2046193,1.1645
D,2046198,1.0327
D,2046203,0.8569
D,2046208,0.7251
D,2046213,0.6372
D,2046218,0.4614
D,2046223,0.3296
D,2046228,0.1099
D,2046233,0.0439
D,2046238,-0.1758
D,2046243,-0.2417
D,2046248,-0.4395
D,2046253,-0.6372
D,2046258,-0.7690
D,2046263,-0.9668
D,2046268,-1.0327
D,2046273,-1.1865
D,2046278,-1.3403
D,2046283,-1.5161
D,2046288,-1.6040
D,2046293,-1.7358
D,2046298,-1.9336
D,2046303,-2.0435
D,2046308,-2.1533
D,2046313,-2.2412
D,2046318,-2.4390
D,2046323,-2.5928
D,2046328,-2.7026
D,2046333,-2.9004
D,2046338,-2.9883
D,2046343,-3.1201
D,2046348,-3.2300
D,2046353,-3.3398
D,2046358,-3.5376
D,2046363,-3.6255
D,2046368,-3.6914
D,2046373,-3.8013
D,2046378,-3.9771
D,2046383,-3.9771
D,2046388,-4.0869
D,2046393,-4.2188
D,2046398,-4.3506
D,2046403,-4.4605
D,2046408,-4.5483
D,2046413,-4.6582
D,2046418,-4.7681
D,2046423,-4.8340
D,2046428,-4.9439
D,2046433,-4.9439
D,2046438,-5.0977
D,2046443,-5.1416
D,2046448,-5.2295
D,2046453,-5.2954
D,2046458,-5.4053
D,2046463,-5.4053
D,2046468,-5.4932
D,2046473,-5.5151
D,2046478,-5.5591
D,2046483,-5.6909
D,2046488,-5.7349
D,2046493,-5.6909
D,2046498,-5.7788
D,2046503,-5.8447
D,2046508,-5.8667
D,2046513,-5.8667
D,2046518,-5.8667
D,2046523,-5.9106
D,2046528,-5.9326
D,2046533,-5.9766
D,2046538,-6.0205
D,2046543,-5.9985
D,2046548,-5.9766
D,2046553,-5.9766
D,2046558,-5.9766
D,2046563,-5.9766
D,2046568,-5.9985
D,2046573,-5.9766
D,2046578,-5.8667
D,2046583,-6.0645
D,2046588,-5.8887
D,2046593,-5.8667
D,2046598,-5.8667
D,2046603,-5.9106
D,2046608,-5.7568
D,2046613,-5.7349
D,2046618,-5.7129
D,2046623,-5.6250
D,2046628,-5.5811
D,2046633,-5.4932
D,2046638,-5.5371
D,2046643,-5.4492
D,2046648,-5.4272
D,2046653,-5.2515
D,2046658,-5.2295
D,2046663,-5.2295
D,2046668,-5.1416
D,2046673,-5.0098
D,2046678,-4.8999
D,2046683,-4.9439
D,2046688,-4.7461
D,2046693,-4.6802
D,2046698,-4.6362
D,2046703,-4.5264
D,2046708,-4.4385
D,2046713,-4.3945
D,2046718,-4.2847
D,2046723,-4.1748
D,2046728,-4.0210
D,2046733,-3.9331
D,2046738,-3.8232
D,2046743,-3.7134
D,2046748,-3.6035
D,2046753,-3.4937
D,2046758,-3.4058
D,2046763,-3.2520
D,2046768,-3.0542
D,2046773,-2.9883
D,2046778,-2.9224
D,2046783,-2.7026
D,2046788,-2.6587
D,2046793,-2.5049
D,2046798,-2.3730
D,2046803,-2.2412
D,2046808,-2.1973
D,2046813,-1.9995
D,2046818,-1.8457
D,2046823,-1.7578
D,2046828,-1.5601
D,2046833,-1.4502
D,2046838,-1.3403
D,2046843,-1.2085
D,2046848,-1.0547
D,2046853,-0.8789
D,2046858,-0.7910
D,2046863,-0.6152
D,2046868,-0.5493
D,2046873,-0.3955
D,2046878,-0.2197
D,2046883,-0.0879
D,2046888,0.0439
D,2046893,0.2197
D,2046898,0.3296
D,2046903,0.5054
D,2046908,0.6811
D,2046913,0.7690
D,2046918,0.9009
D,2046923,1.0107
D,2046928,1.1645
D,2046933,1.3184
D,2046938,1.4282
D,2046943,1.5820
D,2046948,1.7578
D,2046953,1.8896
D,2046958,1.9336
D,2046963,2.0874
D,2046968,2.1753
D,2046973,2.3291
D,2046978,2.4829
D,2046983,2.5269
D,2046988,2.7246
D,2046993,2.9224
D,2046998,2.9004
D,2047003,3.0981
D,2047008,3.2080
D,2047013,3.2739
D,2047018,3.4058
D,2047023,3.5596
D,2047028,3.5156
D,2047033,3.7353
D,2047038,3.7573
D,2047043,3.9331
D,2047048,4.0649
D,2047053,4.1309
D,2047058,4.1309
D,2047063,4.3066
D,2047068,4.3286
D,2047073,4.5264
D,2047078,4.5044
D,2047083,4.6802
D,2047088,4.6143
D,2047093,4.7461
D,2047098,4.8340
D,2047103,4.9878
D,2047108,4.9878
D,2047113,5.0537
D,2047118,5.1196
D,2047123,5.1416
D,2047128,5.2734
D,2047133,5.2295
D,2047138,5.3394
D,2047143,5.3174
D,2047148,5.3394
D,2047153,5.4272
D,2047158,5.4932
D,2047163,5.5371
D,2047168,5.5151
D,2047173,5.5591
D,2047178,5.5811
D,2047183,5.5811
D,2047188,5.6250
D,2047193,5.6250
D,2047198,5.6689
D,2047203,5.6250
D,2047208,5.6689
D,2047213,5.6250
D,2047218,5.6030
D,2047223,5.6250
D,2047228,5.6250
D,2047233,5.6470
D,2047238,5.6470
D,2047243,5.6250
D,2047248,5.6030
D,2047253,5.5591
D,2047258,5.4712
D,2047263,5.4272
D,2047268,5.4053
D,2047273,5.3174
D,2047278,5.2734
D,2047283,5.3833
D,2047288,5.1855
D,2047293,5.2295
D,2047298,5.1855
D,2047303,5.0757
D,2047308,5.0977
D,2047313,4.9878
D,2047318,4.8560
D,2047323,4.8120
D,2047328,4.7241
D,2047333,4.6582
D,2047338,4.5923
D,2047343,4.5264
D,2047348,4.4604
D,2047353,4.3726
D,2047358,4.3066
D,2047363,4.1968
D,2047368,4.0869
D,2047373,3.9331
D,2047378,3.9551
D,2047383,3.8452
D,2047388,3.6694
D,2047393,3.5596
D,2047398,3.5596
D,2047403,3.4058
D,2047408,3.2959
D,2047413,3.2080
D,2047418,3.0542
D,2047423,2.9663
D,2047428,2.8125
D,2047433,2.7466
D,2047438,2.6367
D,2047443,2.5269
D,2047448,2.4170
D,2047453,2.2412
D,2047458,2.1094
D,2047463,2.0435
D,2047468,1.8677
D,2047473,1.8237
D,2047478,1.6699
D,2047483,1.4941
D,2047488,1.3623
D,2047493,1.2524
D,2047498,1.1865
D,2047503,1.0986
D,2047508,0.9448
D,2047513,0.7690
D,2047518,0.6152
D,2047523,0.5493
D,2047528,0.4175
D,2047533,0.2417
D,2047538,0.0879
D,2047543,0.0220
D,2047548,-0.1099
D,2047553,-0.2637
D,2047558,-0.4614
D,2047563,-0.5713
D,2047568,-0.6372
D,2047573,-0.8130
D,2047578,-0.9668
D,2047583,-0.9888
D,2047588,-1.1426
D,2047593,-1.3403
D,2047598,-1.4282
D,2047603,-1.5161
D,2047608,-1.6040
D,2047613,-1.7578
D,2047618,-1.8457
D,2047623,-1.9995
D,2047628,-2.0215
D,2047633,-2.1973
D,2047638,-2.2632
D,2047643,-2.4829
D,2047648,-2.5488
D,2047653,-2.6367
D,2047658,-2.7905
D,2047663,-2.8125
D,2047668,-2.9443
D,2047673,-3.0762
D,2047678,-3.1641
D,2047683,-3.2520
D,2047688,-3.4497
D,2047693,-3.4717
D,2047698,-3.5596
D,2047703,-3.6694
D,2047708,-3.8013
D,2047713,-3.8013
D,2047718,-3.9771
D,2047723,-4.0649
D,2047728,-4.0869
D,2047733,-4.0649
D,2047738,-4.1968
D,2047743,-4.2627
D,2047748,-4.3726
D,2047753,-4.4165
D,2047758,-4.4385
D,2047763,-4.5483
D,2047768,-4.6143
D,2047773,-4.6362
D,2047778,-4.7022
D,2047783,-4.7900
D,2047788,-4.8340
D,2047793,-4.8120
D,2047798,-4.8779
D,2047803,-4.8340
D,2047808,-4.9439
D,2047813,-4.9439
D,2047818,-4.9658
D,2047823,-5.0537
D,2047828,-5.0098
D,2047833,-5.0537
D,2047838,-5.0537
D,2047843,-5.1196
D,2047848,-5.1416
D,2047853,-5.0977
D,2047858,-5.0757
D,2047863,-5.1196
D,2047868,-5.0757
D,2047873,-5.0757
D,2047878,-5.1416
D,2047883,-5.0757
D,2047888,-5.0977
D,2047893,-5.0537
D,2047898,-5.0098
D,2047903,-5.0317
D,2047908,-4.9878
D,2047913,-4.9439
D,2047918,-4.9219
D,2047923,-4.9658
D,2047928,-4.8999
D,2047933,-4.8120
D,2047938,-4.7900
D,2047943,-4.7241
D,2047948,-4.6802
D,2047953,-4.6362
D,2047958,-4.6143
D,2047963,-4.5483
D,2047968,-4.5044
D,2047973,-4.4165
D,2047978,-4.3506
D,2047983,-4.2847
D,2047988,-4.1748
D,2047993,-4.1748
D,2047998,-4.0869
D,2048003,-3.9771
D,2048008,-3.9551
D,2048013,-3.8452
D,2048018,-3.8013
D,2048023,-3.6914
D,2048028,-3.5596
D,2048033,-3.4937
D,2048038,-3.4058
D,2048043,-3.3398
D,2048048,-3.2080
D,2048053,-3.1421
D,2048058,-3.0322
D,2048063,-2.9224
D,2048068,-2.9224
D,2048073,-2.7905
D,2048078,-2.7026
D,2048083,-2.6587
D,2048088,-2.3950
D,2048093,-2.3071
D,2048098,-2.2192
D,2048103,-2.1973
D,2048108,-1.9775
D,2048113,-1.8897
D,2048118,-1.7139
D,2048123,-1.6699
D,2048128,-1.5161
D,2048133,-1.4063
D,2048138,-1.3623
D,2048143,-1.2524
D,2048148,-1.1206
D,2048153,-1.0327
D,2048158,-0.8789
D,2048163,-0.6372
D,2048168,-0.6812
D,2048173,-0.5054
D,2048178,-0.4175
D,2048183,-0.2856
D,2048188,-0.1978
D,2048193,-0.0439
D,2048198,0.0659
D,2048203,0.2197
D,2048208,0.3516
D,2048213,0.4175
D,2048218,0.5933
D,2048223,0.6811
D,2048228,0.7910
D,2048233,0.9228
D,2048238,1.0767
D,2048243,1.1645
D,2048248,1.2524
D,2048253,1.4502
D,2048258,1.3843
D,2048263,1.6040
D,2048268,1.6919
D,2048273,1.8237
D,2048278,1.9116
D,2048283,1.9995
D,2048288,2.1313
D,2048293,2.2412
D,2048298,2.3730
D,2048303,2.4609
D,2048308,2.5708
D,2048313,2.6147
D,2048318,2.7246
D,2048323,2.7686
D,2048328,2.8784
D,2048333,3.0103
D,2048338,3.0762
D,2048343,3.2080
D,2048348,3.2739
D,2048353,3.3179
D,2048358,3.4058
D,2048363,3.4717
D,2048368,3.6035
D,2048373,3.6475
D,2048378,3.6914
D,2048383,3.8232
D,2048388,3.8232
D,2048393,3.9990
D,2048398,3.9770
D,2048403,4.1089
D,2048408,4.0869
D,2048413,4.1968
D,2048418,4.3066
D,2048423,4.2847
D,2048428,4.3726
D,2048433,4.3945
D,2048438,4.4165
D,2048443,4.5044
D,2048448,4.5264
D,2048453,4.6143
D,2048458,4.6362
D,2048463,4.6143
D,2048468,4.7241
D,2048473,4.6362
D,2048478,4.7241
D,2048483,4.7021
D,2048488,4.7461
D,2048493,4.7900
D,2048498,4.7681
D,2048503,4.7461
D,2048508,4.7681
D,2048513,4.7241
D,2048518,4.7900
D,2048523,4.7241
D,2048528,4.7461
D,2048533,4.8120
D,2048538,4.7681
D,2048543,4.7241
D,2048548,4.7461
D,2048553,4.7241
D,2048558,4.7241
D,2048563,4.6802
D,2048568,4.6582
D,2048573,4.6582
D,2048578,4.5044
D,2048583,4.5703
D,2048588,4.5483
D,2048593,4.4385
D,2048598,4.3506
D,2048603,4.4165
D,2048608,4.3286
D,2048613,4.3066
D,2048618,4.2847
D,2048623,4.2407
D,2048628,4.1528
D,2048633,4.0430
D,2048638,3.9990
D,2048643,3.9551
D,2048648,3.9111
D,2048653,3.8013
D,2048658,3.7793
D,2048663,3.6475
D,2048668,3.6255
D,2048673,3.4936
D,2048678,3.4497
D,2048683,3.3838
D,2048688,3.2739
D,2048693,3.2300
D,2048698,3.0542
D,2048703,3.0322
D,2048708,2.9224
D,2048713,2.8345
D,2048718,2.7686
D,2048723,2.7466
D,2048728,2.5708
D,2048733,2.4170
D,2048738,2.3730
D,2048743,2.2852
D,2048748,2.1753
D,2048753,2.1313
D,2048758,2.0215
D,2048763,1.9336
D,2048768,1.7798
D,2048773,1.6919
D,2048778,1.5820
D,2048783,1.4941
D,2048788,1.4282
D,2048793,1.2964
D,2048798,1.2085
D,2048803,1.0547
D,2048808,1.0547
D,2048813,0.8350
D,2048818,0.7251
D,2048823,0.6592
D,2048828,0.4834
D,2048833,0.3296
D,2048838,0.3735
D,2048843,0.2417
D,2048848,0.1318
D,2048853,0.0220
D,2048858,-0.1538
D,2048863,-0.2417
D,2048868,-0.3955
D,2048873,-0.4834
D,2048878,-0.5493
D,2048883,-0.6812
D,2048888,-0.7910
D,2048893,-0.8789
D,2048898,-0.9229
D,2048903,-1.0986
D,2048908,-1.1865
D,2048913,-1.2305
D,2048918,-1.3623
D,2048923,-1.5161
D,2048928,-1.5161
D,2048933,-1.6919
D,2048938,-1.7798
D,2048943,-1.8677
D,2048948,-1.9556
D,2048953,-2.0215
D,2048958,-2.1973
D,2048963,-2.2852
D,2048968,-2.3730
D,2048973,-2.4170
D,2048978,-2.5049
D,2048983,-2.6147
D,2048988,-2.6587
D,2048993,-2.7686
D,2048998,-2.8345
D,2049003,-2.9224
D,2049008,-2.9663
D,2049013,-3.0322
D,2049018,-3.1201
D,2049023,-3.2520
D,2049028,-3.2300
D,2049033,-3.2959
D,2049038,-3.4058
D,2049043,-3.4717
D,2049048,-3.4497
D,2049053,-3.6035
D,2049058,-3.6035
D,2049063,-3.7793
D,2049068,-3.8232
D,2049073,-3.8672
D,2049078,-3.8013
D,2049083,-3.8892
D,2049088,-3.9990
D,2049093,-4.0430
D,2049098,-3.9551
D,2049103,-4.0649
D,2049108,-4.0869
D,2049113,-4.1089
D,2049118,-4.1748
D,2049123,-4.1309
D,2049128,-4.1528
D,2049133,-4.1968
D,2049138,-4.3066
D,2049143,-4.2847
D,2049148,-4.2188
D,2049153,-4.2407
D,2049158,-4.3286
D,2049163,-4.2627
D,2049168,-4.3286
D,2049173,-4.3066
D,2049178,-4.3286
D,2049183,-4.3286
D,2049188,-4.2627
D,2049193,-4.1968
D,2049198,-4.2627
D,2049203,-4.1748
D,2049208,-4.2407
D,2049213,-4.1748
D,2049218,-4.1748
D,2049223,-4.1748
D,2049228,-4.1309
D,2049233,-4.0649
D,2049238,-3.9990
D,2049243,-4.0210
D,2049248,-3.9771
D,2049253,-3.9111
D,2049258,-3.9111
D,2049263,-3.8452
D,2049268,-3.8013
D,2049273,-3.7573
D,2049278,-3.6694
D,2049283,-3.7134
D,2049288,-3.5596
D,2049293,-3.5596
D,2049298,-3.4717
D,2049303,-3.4277
D,2049308,-3.3838
D,2049313,-3.2520
D,2049318,-3.2739
D,2049323,-3.1860
D,2049328,-3.1201
D,2049333,-3.0322
D,2049338,-2.9663
D,2049343,-2.9224
D,2049348,-2.9224
D,2049353,-2.8125
D,2049358,-2.6587
D,2049363,-2.6147
D,2049368,-2.5708
D,2049373,-2.5049
D,2049378,-2.3730
D,2049383,-2.2412
D,2049388,-2.1533
D,2049393,-2.0874
D,2049398,-1.9995
D,2049403,-1.8457
D,2049408,-1.8237
D,2049413,-1.7358
D,2049418,-1.6480
D,2049423,-1.5601
D,2049428,-1.4722
D,2049433,-1.3403
D,2049438,-1.2524
D,2049443,-1.2305
D,2049448,-1.0767
D,2049453,-0.9448
D,2049458,-0.9229
D,2049463,-0.7910
D,2049468,-0.6372
D,2049473,-0.5933
D,2049478,-0.5493
D,2049483,-0.3955
D,2049488,-0.3516
D,2049493,-0.2197
D,2049498,-0.1318
D,2049503,-0.0000
D,2049508,0.0659
D,2049513,0.1538
D,2049518,0.3076
D,2049523,0.3955
D,2049528,0.4614
D,2049533,0.5713
D,2049538,0.7251
D,2049543,0.7251
D,2049548,0.8569
D,2049553,1.0107
D,2049558,1.1206
D,2049563,1.1865
D,2049568,1.2964
D,2049573,1.2744
D,2049578,1.4282
D,2049583,1.5161
D,2049588,1.6479
D,2049593,1.6260
D,2049598,1.7798
D,2049603,1.8677
D,2049608,1.9775
D,2049613,2.0654
D,2049618,2.1533
D,2049623,2.1973
D,2049628,2.3291
D,2049633,2.3730
D,2049638,2.4170
D,2049643,2.5049
D,2049648,2.6367
D,2049653,2.7026
D,2049658,2.7905
D,2049663,2.7466
D,2049668,2.8564
D,2049673,2.9004
D,2049678,3.0322
D,2049683,3.0762
D,2049688,3.1641
D,2049693,3.1201
D,2049698,3.2080
D,2049703,3.2520
D,2049708,3.3618
D,2049713,3.3838
D,2049718,3.4277
D,2049723,3.5156
D,2049728,3.5376
D,2049733,3.6255
D,2049738,3.6255
D,2049743,3.6694
D,2049748,3.6694
D,2049753,3.7353
D,2049758,3.7353
D,2049763,3.7353
D,2049768,3.7793
D,2049773,3.8232
D,2049778,3.8232
D,2049783,3.8892
D,2049788,3.9331
D,2049793,3.9111
D,2049798,3.9331
D,2049803,3.8892
D,2049808,3.9770
D,2049813,3.9111
D,2049818,3.8892
D,2049823,3.8672
D,2049828,3.8892
D,2049833,3.9551
D,2049838,3.9111
D,2049843,3.9111
D,2049848,3.8672
D,2049853,3.8892
D,2049858,3.9111
D,2049863,3.8452
D,2049868,3.8672
D,2049873,3.8232
D,2049878,3.8232
D,2049883,3.8013
D,2049888,3.7353
D,2049893,3.6914
D,2049898,3.6914
D,2049903,3.6914
D,2049908,3.5596
D,2049913,3.5596
D,2049918,3.4936
D,2049923,3.4497
D,2049928,3.4936
D,2049933,3.4277
D,2049938,3.3838
D,2049943,3.3838
D,2049948,3.3179
D,2049953,3.2739
D,2049958,3.1641
D,2049963,3.1201
D,2049968,3.0542
D,2049973,2.9663
D,2049978,2.9224
D,2049983,2.8564
D,2049988,2.9004
D,2049993,2.7686
D,2049998,2.6807
D,2050003,2.6147
D,2050008,2.5488
D,2050013,2.4829
D,2050018,2.3730
D,2050023,2.3291
D,2050028,2.2852
D,2050033,2.1753
D,2050038,2.0215
D,2050043,1.9995
D,2050048,1.9556
D,2050053,1.8457
D,2050058,1.8457
D,2050063,1.7578
D,2050068,1.5601
D,2050073,1.5161
D,2050078,1.4282
D,2050083,1.3843
D,2050088,1.2964
D,2050093,1.1645
D,2050098,1.1206
D,2050103,1.0327
D,2050108,0.9448
D,2050113,0.8130
D,2050118,0.7251
D,2050123,0.6592
D,2050128,0.6372
D,2050133,0.4834
D,2050138,0.3516
D,2050143,0.2856
D,2050148,0.2417
D,2050153,0.1318
D,2050158,0.0220
D,2050163,-0.0879
D,2050168,-0.1318
D,2050173,-0.1758
D,2050178,-0.2637
D,2050183,-0.4395
D,2050188,-0.5273
D,2050193,-0.5713
D,2050198,-0.6592
D,2050203,-0.6812
D,2050208,-0.8130
D,2050213,-0.9229
D,2050218,-1.0767
D,2050223,-1.0767
D,2050228,-1.2085
D,2050233,-1.2305
D,2050238,-1.4063
D,2050243,-1.4502
D,2050248,-1.4722
D,2050253,-1.6260
D,2050258,-1.6699
D,2050263,-1.7139
D,2050268,-1.7358
D,2050273,-1.8897
D,2050278,-1.9116
D,2050283,-2.0215
D,2050288,-2.0435
D,2050293,-2.1094
D,2050298,-2.2632
D,2050303,-2.2852
D,2050308,-2.4170
D,2050313,-2.3511
D,2050318,-2.3950
D,2050323,-2.5488
D,2050328,-2.6147
D,2050333,-2.6367
D,2050338,-2.6587
D,2050343,-2.7466
D,2050348,-2.8125
D,2050353,-2.8564
D,2050358,-2.8784
D,2050363,-3.0103
D,2050368,-3.0103
D,2050373,-3.0542
D,2050378,-3.0322
D,2050383,-3.1201
D,2050388,-3.1860
D,2050393,-3.1201
D,2050398,-3.2739
D,2050403,-3.2300
D,2050408,-3.2739
D,2050413,-3.2739
D,2050418,-3.2959
D,2050423,-3.3398
D,2050428,-3.3838
D,2050433,-3.4058
D,2050438,-3.4277
D,2050443,-3.4717
D,2050448,-3.5156
D,2050453,-3.4277
D,2050458,-3.3618
D,2050463,-3.4717
D,2050468,-3.4717
D,2050473,-3.4497
D,2050478,-3.4937
D,2050483,-3.4277
D,2050488,-3.4277
D,2050493,-3.4058
D,2050498,-3.3838
D,2050503,-3.4277
D,2050508,-3.3838
D,2050513,-3.3618
D,2050518,-3.4277
D,2050523,-3.3398
D,2050528,-3.3179
D,2050533,-3.3398
D,2050538,-3.2520
D,2050543,-3.2080
D,2050548,-3.2520
D,2050553,-3.2300
D,2050558,-3.2080
D,2050563,-3.0322
D,2050568,-3.0981
D,2050573,-3.0762
D,2050578,-3.0981
D,2050583,-2.9663
D,2050588,-2.9443
D,2050593,-2.9443
D,2050598,-2.9004
D,2050603,-2.8125
D,2050608,-2.7905
D,2050613,-2.7026
D,2050618,-2.6807
D,2050623,-2.6147
D,2050628,-2.5708
D,2050633,-2.5049
D,2050638,-2.4609
D,2050643,-2.3950
D,2050648,-2.2852
D,2050653,-2.3071
D,2050658,-2.2192
D,2050663,-2.1753
D,2050668,-2.1533
D,2050673,-2.0654
D,2050678,-1.9995
D,2050683,-1.9116
D,2050688,-1.8237
D,2050693,-1.8237
D,2050698,-1.7358
D,2050703,-1.6919
D,2050708,-1.5601
D,2050713,-1.4722
D,2050718,-1.3843
D,2050723,-1.2744
D,2050728,-1.2744
D,2050733,-1.2085
D,2050738,-1.0547
D,2050743,-1.0107
D,2050748,-0.9009
D,2050753,-0.9009
D,2050758,-0.8130
D,2050763,-0.7031
D,2050768,-0.6152
D,2050773,-0.5933
D,2050778,-0.4834
D,2050783,-0.3955
D,2050788,-0.2856
D,2050793,-0.3076
D,2050798,-0.1538
D,2050803,-0.1099
D,2050808,-0.0000
D,2050813,0.1099
D,2050818,0.1758
D,2050823,0.2856
D,2050828,0.2197
D,2050833,0.4175
D,2050838,0.3955
D,2050843,0.5054
D,2050848,0.6152
D,2050853,0.6811
D,2050858,0.7910
D,2050863,0.8350
D,2050868,0.9448
D,2050873,1.0107
D,2050878,1.0327
D,2050883,1.1206
D,2050888,1.1865
D,2050893,1.2524
D,2050898,1.3403
D,2050903,1.4282
D,2050908,1.4722
D,2050913,1.4941
D,2050918,1.6479
D,2050923,1.7358
D,2050928,1.7358
D,2050933,1.8457
D,2050938,1.8677
D,2050943,1.9336
D,2050948,1.9556
D,2050953,2.0435
D,2050958,2.1533
D,2050963,2.1753
D,2050968,2.2852
D,2050973,2.3071
D,2050978,2.2192
D,2050983,2.3730
D,2050988,2.4390
D,2050993,2.4829
D,2050998,2.5269
D,2051003,2.5928
D,2051008,2.5928
D,2051013,2.6367
D,2051018,2.7466
D,2051023,2.7905
D,2051028,2.7905
D,2051033,2.7905
D,2051038,2.8564
D,2051043,2.8345
D,2051048,2.8784
D,2051053,2.9224
D,2051058,2.9663
D,2051063,2.9663
D,2051068,2.9883
D,2051073,3.0762
D,2051078,3.0542
D,2051083,3.0542
D,2051088,3.0981
D,2051093,3.1421
D,2051098,3.0762
D,2051103,3.1421
D,2051108,3.1201
D,2051113,3.0981
D,2051118,3.0762
D,2051123,3.0981
D,2051128,3.1860
D,2051133,3.0981
D,2051138,3.1421
D,2051143,3.1421
D,2051148,3.1201
D,2051153,3.1201
D,2051158,3.0762
D,2051163,3.1421
D,2051168,3.0542
D,2051173,3.0762
D,2051178,3.0762
D,2051183,3.0542
D,2051188,3.0103
D,2051193,2.9443
D,2051198,2.9443
D,2051203,2.9224
D,2051208,2.9224
D,2051213,2.8784
D,2051218,2.8345
D,2051223,2.9224
D,2051228,2.7905
D,2051233,2.7905
D,2051238,2.7905
D,2051243,2.7246
D,2051248,2.6587
D,2051253,2.5928
D,2051258,2.5708
D,2051263,2.5049
D,2051268,2.4609
D,2051273,2.4609
D,2051278,2.3730
D,2051283,2.2632
D,2051288,2.2852
D,2051293,2.2192
D,2051298,2.1313
D,2051303,2.0874
D,2051308,2.0435
D,2051313,2.0654
D,2051318,1.9775
D,2051323,1.8457
D,2051328,1.8018
D,2051333,1.7358
D,2051338,1.6919
D,2051343,1.5820
D,2051348,1.6040
D,2051353,1.5820
D,2051358,1.3843
D,2051363,1.3843
D,2051368,1.2744
D,2051373,1.2305
D,2051378,1.2085
D,2051383,1.2085
D,2051388,1.0767
D,2051393,0.9668
D,2051398,0.9228
D,2051403,0.9448
D,2051408,0.7910
D,2051413,0.8130
D,2051418,0.6372
D,2051423,0.6372
D,2051428,0.4834
D,2051433,0.4614
D,2051438,0.3735
D,2051443,0.2417
D,2051448,0.1318
D,2051453,0.2197
D,2051458,0.0220
D,2051463,0.0220
D,2051468,-0.0879
D,2051473,-0.1318
D,2051478,-0.1758
D,2051483,-0.1758
D,2051488,-0.3076
D,2051493,-0.3735
D,2051498,-0.4614
D,2051503,-0.5493
D,2051508,-0.5493
D,2051513,-0.5933
D,2051518,-0.7471
D,2051523,-0.7690
D,2051528,-0.8350
D,2051533,-0.9229
D,2051538,-0.9448
D,2051543,-1.0327
D,2051548,-1.0986
D,2051553,-1.1646
D,2051558,-1.2305
D,2051563,-1.3403
D,2051568,-1.4722
D,2051573,-1.3623
D,2051578,-1.3843
D,2051583,-1.4941
D,2051588,-1.5381
D,2051593,-1.5601
D,2051598,-1.6480
D,2051603,-1.7798
D,2051608,-1.7578
D,2051613,-1.8018
D,2051618,-1.8677
D,2051623,-1.9556
D,2051628,-1.9775
D,2051633,-2.0215
D,2051638,-2.1314
D,2051643,-2.1094
D,2051648,-2.1094
D,2051653,-2.1973
D,2051658,-2.1973
D,2051663,-2.2632
D,2051668,-2.2852
D,2051673,-2.3291
D,2051678,-2.3291
D,2051683,-2.4170
D,2051688,-2.4390
D,2051693,-2.3950
D,2051698,-2.4170
D,2051703,-2.4609
D,2051708,-2.5269
D,2051713,-2.4609
D,2051718,-2.5269
D,2051723,-2.5708
D,2051728,-2.5269
D,2051733,-2.5928
D,2051738,-2.6587
D,2051743,-2.5928
D,2051748,-2.5928
D,2051753,-2.6147
D,2051758,-2.6147
D,2051763,-2.7246
D,2051768,-2.5928
D,2051773,-2.6147
D,2051778,-2.5928
D,2051783,-2.6367
D,2051788,-2.6587
D,2051793,-2.6587
D,2051798,-2.7026
D,2051803,-2.6587
D,2051808,-2.6147
D,2051813,-2.6147
D,2051818,-2.6147
D,2051823,-2.5928
D,2051828,-2.5488
D,2051833,-2.5269
D,2051838,-2.5488
D,2051843,-2.5049
D,2051848,-2.5049
D,2051853,-2.4170
D,2051858,-2.4170
D,2051863,-2.4390
D,2051868,-2.4390
D,2051873,-2.3511
D,2051878,-2.3291
D,2051883,-2.2412
D,2051888,-2.3071
D,2051893,-2.1973
D,2051898,-2.2412
D,2051903,-2.1753
D,2051908,-2.1314
D,2051913,-2.1094
D,2051918,-2.1533
D,2051923,-2.0654
D,2051928,-1.9775
D,2051933,-1.9336
D,2051938,-1.9775
D,2051943,-1.8237
D,2051948,-1.7798
D,2051953,-1.7578
D,2051958,-1.6919
D,2051963,-1.7578
D,2051968,-1.6040
D,2051973,-1.6260
D,2051978,-1.5161
D,2051983,-1.4722
D,2051988,-1.4502
D,2051993,-1.3403
D,2051998,-1.2964
D,2052003,-1.3403
D,2052008,-1.1865
D,2052013,-1.2305
D,2052018,-1.0767
D,2052023,-0.9888
D,2052028,-1.0107
D,2052033,-0.9229
D,2052038,-0.8569
D,2052043,-0.7471
D,2052048,-0.7471
D,2052053,-0.7031
D,2052058,-0.6152
D,2052063,-0.5933
D,2052068,-0.5054
D,2052073,-0.4395
D,2052078,-0.3735
D,2052083,-0.3296
D,2052088,-0.2637
D,2052093,-0.1758
D,2052098,-0.1318
D,2052103,0.0439
D,2052108,-0.0000
D,2052113,0.0220
D,2052118,0.0439
D,2052123,0.1758
D,2052128,0.1538
D,2052133,0.3076
D,2052138,0.3296
D,2052143,0.3076
D,2052148,0.4395
D,2052153,0.5493
D,2052158,0.5493
D,2052163,0.5493
D,2052168,0.6152
D,2052173,0.7031
D,2052178,0.7690
D,2052183,0.7910
D,2052188,0.9009
D,2052193,0.9668
D,2052198,0.9888
D,2052203,1.0327
D,2052208,1.0767
D,2052213,1.0986
D,2052218,1.2744
D,2052223,1.2305
D,2052228,1.2964
D,2052233,1.3843
D,2052238,1.3843
D,2052243,1.4062
D,2052248,1.4941
D,2052253,1.5601
D,2052258,1.6040
D,2052263,1.6040
D,2052268,1.6479
D,2052273,1.7358
D,2052278,1.7358
D,2052283,1.8457
D,2052288,1.8677
D,2052293,1.8896
D,2052298,1.8677
D,2052303,1.9116
D,2052308,1.9116
D,2052313,1.9775
D,2052318,2.0435
D,2052323,2.0654
D,2052328,2.1094
D,2052333,2.0654
D,2052338,2.1094
D,2052343,2.2632
D,2052348,2.1753
D,2052353,2.1313
D,2052358,2.1973
D,2052363,2.2192
D,2052368,2.2632
D,2052373,2.2852
D,2052378,2.2412
D,2052383,2.2852
D,2052388,2.3071
D,2052393,2.2632
D,2052398,2.3511
D,2052403,2.3291
D,2052408,2.3730
D,2052413,2.3511
D,2052418,2.3511
D,2052423,2.3291
D,2052428,2.3950
D,2052433,2.3730
D,2052438,2.2632
D,2052443,2.3730
D,2052448,2.3291
D,2052453,2.3511
D,2052458,2.3071
D,2052463,2.2852
D,2052468,2.3071
D,2052473,2.2852
D,2052478,2.2852
D,2052483,2.1753
D,2052488,2.2412
D,2052493,2.1973
D,2052498,2.1973
D,2052503,2.0654
D,2052508,2.1753
D,2052513,2.1753
D,2052518,2.1094
D,2052523,2.0654
D,2052528,2.0435
D,2052533,1.9775
D,2052538,1.9775
D,2052543,2.0215
D,2052548,1.9775
D,2052553,1.9116
D,2052558,1.8896
D,2052563,1.8677
D,2052568,1.8237
D,2052573,1.7798
D,2052578,1.6919
D,2052583,1.7798
D,2052588,1.6260
D,2052593,1.7139
D,2052598,1.6479
D,2052603,1.5820
D,2052608,1.5381
D,2052613,1.4722
D,2052618,1.4502
D,2052623,1.3843
D,2052628,1.3623
D,2052633,1.2305
D,2052638,1.2305
D,2052643,1.2085
D,2052648,1.1645
D,2052653,1.0986
D,2052658,1.0327
D,2052663,1.0986
D,2052668,0.9888
D,2052673,0.9888
D,2052678,0.8789
D,2052683,0.8130
D,2052688,0.7910
D,2052693,0.7690
D,2052698,0.6811
D,2052703,0.5933
D,2052708,0.5713
D,2052713,0.5273
D,2052718,0.4834
D,2052723,0.3955
D,2052728,0.3735
D,2052733,0.3516
D,2052738,0.3296
D,2052743,0.1978
D,2052748,0.1538
D,2052753,0.0879
D,2052758,0.0439
D,2052763,0.0439
D,2052768,-0.0000
D,2052773,-0.0659
D,2052778,-0.1099
D,2052783,-0.1758
D,2052788,-0.1978
D,2052793,-0.2856
D,2052798,-0.3955
D,2052803,-0.3955
D,2052808,-0.4395
D,2052813,-0.5493
D,2052818,-0.5054
D,2052823,-0.5713
D,2052828,-0.6372
D,2052833,-0.7251
D,2052838,-0.7690
D,2052843,-0.7910
D,2052848,-0.7690
D,2052853,-0.8350
D,2052858,-0.8789
D,2052863,-0.9668
D,2052868,-0.9888
D,2052873,-1.0327
D,2052878,-1.0986
D,2052883,-1.0547
D,2052888,-1.0986
D,2052893,-1.1646
D,2052898,-1.2305
D,2052903,-1.2085
D,2052908,-1.3184
D,2052913,-1.3184
D,2052918,-1.3843
D,2052923,-1.3843
D,2052928,-1.4722
D,2052933,-1.4722
D,2052938,-1.4941
D,2052943,-1.4722
D,2052948,-1.5601
D,2052953,-1.6040
D,2052958,-1.6040
D,2052963,-1.6040
D,2052968,-1.6699
D,2052973,-1.6919
D,2052978,-1.7358
D,2052983,-1.7139
D,2052988,-1.7358
D,2052993,-1.7358
D,2052998,-1.7139
D,2053003,-1.8457
D,2053008,-1.8457
D,2053013,-1.8897
D,2053018,-1.8457
D,2053023,-1.9116
D,2053028,-1.8897
D,2053033,-1.8457
D,2053038,-1.8677
D,2053043,-1.9116
D,2053048,-1.8897
D,2053053,-1.9336
D,2053058,-1.8457
D,2053063,-1.9336
D,2053068,-1.8677
D,2053073,-1.8677
D,2053078,-1.9116
D,2053083,-1.8457
D,2053088,-1.8677
D,2053093,-1.9336
D,2053098,-1.9116
D,2053103,-1.9116
D,2053108,-1.8457
D,2053113,-1.8677
D,2053118,-1.8457
D,2053123,-1.8237
D,2053128,-1.7798
D,2053133,-1.8018
D,2053138,-1.8237
D,2053143,-1.7578
D,2053148,-1.7578
D,2053153,-1.7578
D,2053158,-1.7358
D,2053163,-1.6919
D,2053168,-1.6919
D,2053173,-1.6699
D,2053178,-1.6480
D,2053183,-1.6260
D,2053188,-1.5601
D,2053193,-1.5601
D,2053198,-1.5161
D,2053203,-1.4722
D,2053208,-1.4722
D,2053213,-1.5381
D,2053218,-1.3843
D,2053223,-1.3623
D,2053228,-1.3843
D,2053233,-1.3843
D,2053238,-1.3623
D,2053243,-1.2524
D,2053248,-1.3184
D,2053253,-1.2085
D,2053258,-1.1206
D,2053263,-1.1206
D,2053268,-1.1206
D,2053273,-1.0986
D,2053278,-1.0107
D,2053283,-0.9448
D,2053288,-0.9229
D,2053293,-0.9009
D,2053298,-0.8350
D,2053303,-0.8130
D,2053308,-0.7910
D,2053313,-0.7471
D,2053318,-0.6812
D,2053323,-0.7471
D,2053328,-0.6372
D,2053333,-0.6372
D,2053338,-0.5933
D,2053343,-0.5713
D,2053348,-0.4395
D,2053353,-0.4395
D,2053358,-0.3955
D,2053363,-0.4175
D,2053368,-0.3076
D,2053373,-0.2637
D,2053378,-0.2417
D,2053383,-0.1318
D,2053388,-0.1318
D,2053393,-0.0659
D,2053398,-0.0439
D,2053403,0.0220
D,2053408,-0.0220
D,2053413,0.0879
D,2053418,0.0879
D,2053423,0.1758
D,2053428,0.1538
D,2053433,0.1978
D,2053438,0.3296
D,2053443,0.2856
D,2053448,0.3735
D,2053453,0.4175
D,2053458,0.4395
D,2053463,0.4175
D,2053468,0.4614
D,2053473,0.5273
D,2053478,0.5493
D,2053483,0.6592
D,2053488,0.6152
D,2053493,0.6592
D,2053498,0.7251
D,2053503,0.7690
D,2053508,0.8130
D,2053513,0.8130
D,2053518,1.0107
D,2053523,0.9888
D,2053528,0.8569
D,2053533,0.9228
D,2053538,0.9888
D,2053543,1.0986
D,2053548,1.0107
D,2053553,1.1206
D,2053558,1.1206
D,2053563,1.1426
D,2053568,1.2085
D,2053573,1.1865
D,2053578,1.2524
D,2053583,1.2964
D,2053588,1.2964
D,2053593,1.3184
D,2053598,1.3184
D,2053603,1.3403
D,2053608,1.3843
D,2053613,1.3623
D,2053618,1.4282
D,2053623,1.4502
D,2053628,1.4282
D,2053633,1.5161
D,2053638,1.5161
D,2053643,1.5161
D,2053648,1.5381
D,2053653,1.4941
D,2053658,1.5161
D,2053663,1.5161
D,2053668,1.5601
D,2053673,1.6040
D,2053678,1.5381
D,2053683,1.5601
D,2053688,1.5601
D,2053693,1.6040
D,2053698,1.5820
D,2053703,1.5381
D,2053708,1.6040
D,2053713,1.6040
D,2053718,1.6260
D,2053723,1.6260
D,2053728,1.5601
D,2053733,1.5601
D,2053738,1.6260
D,2053743,1.5601
D,2053748,1.5601
D,2053753,1.6040
D,2053758,1.5381
D,2053763,1.5820
D,2053768,1.5381
D,2053773,1.5820
D,2053778,1.5601
D,2053783,1.4722
D,2053788,1.4722
D,2053793,1.4282
D,2053798,1.5161
D,2053803,1.4722
D,2053808,1.4282
D,2053813,1.4722
D,2053818,1.3623
D,2053823,1.4062
D,2053828,1.3843
D,2053833,1.4062
D,2053838,1.2964
D,2053843,1.3623
D,2053848,1.3403
D,2053853,1.2744
D,2053858,1.2305
D,2053863,1.2305
D,2053868,1.2524
D,2053873,1.1865
D,2053878,1.1645
D,2053883,1.0986
D,2053888,1.1206
D,2053893,1.1645
D,2053898,1.0547
D,2053903,1.0547
D,2053908,0.9888
D,2053913,0.9448
D,2053918,0.9228
D,2053923,0.9228
D,2053928,0.9228
D,2053933,0.9009
D,2053938,0.8130
D,2053943,0.7910
D,2053948,0.6811
D,2053953,0.7690
D,2053958,0.6372
D,2053963,0.7251
D,2053968,0.5933
D,2053973,0.5933
D,2053978,0.5933
D,2053983,0.5054
D,2053988,0.5054
D,2053993,0.4834
D,2053998,0.4614
D,2054003,0.4834
D,2054008,0.3735
D,2054013,0.3516
D,2054018,0.2417
D,2054023,0.1758
D,2054028,0.2417
D,2054033,0.2637
D,2054038,0.1538
D,2054043,0.0879
D,2054048,0.0659
D,2054053,0.0879
D,2054058,0.0220
D,2054063,-0.0220
D,2054068,-0.1099
D,2054073,-0.0439
D,2054078,-0.1978
D,2054083,-0.1318
D,2054088,-0.1538
D,2054093,-0.1978
D,2054098,-0.2197
D,2054103,-0.3076
D,2054108,-0.3076
D,2054113,-0.2856
D,2054118,-0.3296
D,2054123,-0.3955
D,2054128,-0.3296
D,2054133,-0.4175
D,2054138,-0.5273
D,2054143,-0.5054
D,2054148,-0.6152
D,2054153,-0.6152
D,2054158,-0.5493
D,2054163,-0.5713
D,2054168,-0.6372
D,2054173,-0.6812
D,2054178,-0.7031
D,2054183,-0.7251
D,2054188,-0.7471
D,2054193,-0.7690
D,2054198,-0.8130
D,2054203,-0.8130
D,2054208,-0.8350
D,2054213,-0.8789
D,2054218,-0.8789
D,2054223,-0.9229
D,2054228,-0.9229
D,2054233,-0.9448
D,2054238,-1.0107
D,2054243,-0.9668
D,2054248,-1.0327
D,2054253,-1.0547
D,2054258,-1.0767
D,2054263,-1.0767
D,2054268,-1.0767
D,2054273,-1.0986
D,2054278,-1.0547
D,2054283,-1.0986
D,2054288,-1.0986
D,2054293,-1.0107
D,2054298,-1.1206
D,2054303,-1.1206
D,2054308,-1.0986
D,2054313,-1.1865
D,2054318,-1.1426
D,2054323,-1.0986
D,2054328,-1.1426
D,2054333,-1.1646
D,2054338,-1.2085
D,2054343,-1.1206
D,2054348,-1.2085
D,2054353,-1.2524
D,2054358,-1.1646
D,2054363,-1.1206
D,2054368,-1.1646
D,2054373,-1.1646
D,2054378,-1.1646
D,2054383,-1.1865
D,2054388,-1.1646
D,2054393,-1.0986
D,2054398,-1.0986
D,2054403,-1.0986
D,2054408,-1.0986
D,2054413,-1.1426
D,2054418,-1.0767
D,2054423,-1.0767
D,2054428,-1.0767
D,2054433,-1.0767
D,2054438,-1.0327
D,2054443,-1.0547
D,2054448,-1.0107
D,2054453,-1.0986
D,2054458,-0.9888
D,2054463,-1.0547
D,2054468,-1.0107
D,2054473,-0.9229
D,2054478,-0.9009
D,2054483,-0.9448
D,2054488,-0.9009
D,2054493,-0.8789
D,2054498,-0.9229
D,2054503,-0.8569
D,2054508,-0.8789
D,2054513,-0.8569
D,2054518,-0.8569
D,2054523,-0.8350
D,2054528,-0.7251
D,2054533,-0.7910
D,2054538,-0.7251
D,2054543,-0.7251
D,2054548,-0.7031
D,2054553,-0.6812
D,2054558,-0.7031
D,2054563,-0.5713
D,2054568,-0.6152
D,2054573,-0.5933
D,2054578,-0.6152
D,2054583,-0.5493
D,2054588,-0.5713
D,2054593,-0.5493
D,2054598,-0.4834
D,2054603,-0.4175
D,2054608,-0.4834
D,2054613,-0.3735
D,2054618,-0.3735
D,2054623,-0.3735
D,2054628,-0.3296
D,2054633,-0.2637
D,2054638,-0.2856
D,2054643,-0.2417
D,2054648,-0.2417
D,2054653,-0.1978
D,2054658,-0.1318
D,2054663,-0.1978
D,2054668,-0.1099
D,2054673,-0.1318
D,2054678,-0.0879
D,2054683,-0.0439
D,2054688,-0.0000
D,2054693,-0.0439
D,2054698,0.0220
D,2054703,0.0439
D,2054708,0.0659
D,2054713,0.0659
D,2054718,0.1978
D,2054723,0.1318
D,2054728,0.1538
D,2054733,0.1758
D,2054738,0.2197
D,2054743,0.2197
D,2054748,0.1758
D,2054753,0.2197
D,2054758,0.3076
D,2054763,0.3076
D,2054768,0.3296
D,2054773,0.3955
D,2054778,0.3955
D,2054783,0.4395
D,2054788,0.5054
D,2054793,0.3955
D,2054798,0.4395
D,2054803,0.6152
D,2054808,0.5713
D,2054813,0.5493
D,2054818,0.5933
D,2054823,0.6152
D,2054828,0.6592
D,2054833,0.6592
D,2054838,0.6372
D,2054843,0.6152
D,2054848,0.6592
D,2054853,0.6592
D,2054858,0.6592
D,2054863,0.7031
D,2054868,0.7251
D,2054873,0.7910
D,2054878,0.7471
D,2054883,0.7910
D,2054888,0.7690
D,2054893,0.7910
D,2054898,0.8130
D,2054903,0.7910
D,2054908,0.8569
D,2054913,0.8130
D,2054918,0.7910
D,2054923,0.7690
D,2054928,0.8350
D,2054933,0.9009
D,2054938,0.8789
D,2054943,0.9228
D,2054948,0.9448
D,2054953,0.8569
D,2054958,0.9009
D,2054963,0.9009
D,2054968,0.9009
D,2054973,0.9228
D,2054978,0.9448
D,2054983,0.8350
D,2054988,0.9009
D,2054993,0.8569
D,2054998,0.9448
D,2055003,0.9448
D,2055008,0.9448
D,2055013,0.9228
D,2055018,0.9009
D,2055023,0.8789
D,2055028,0.9448
D,2055033,0.9668
D,2055038,0.7910
D,2055043,0.8789
D,2055048,0.8789
D,2055053,0.8789
D,2055058,0.8350
D,2055063,0.8569
D,2055068,0.8130
D,2055073,0.8130
D,2055078,0.8350
D,2055083,0.8569
D,2055088,0.8130
D,2055093,0.8130
D,2055098,0.7690
D,2055103,0.7690
D,2055109,0.8130
D,2055114,0.7690
D,2055119,0.7471
D,2055124,0.7690
D,2055129,0.6811
D,2055134,0.6592
D,2055139,0.7471
D,2055144,0.6372
D,2055149,0.6372
D,2055154,0.6372
D,2055159,0.6592
D,2055164,0.6592
D,2055169,0.6152
D,2055174,0.5933
D,2055179,0.5713
D,2055184,0.5273
D,2055189,0.5273
D,2055194,0.5713
D,2055199,0.5273
D,2055204,0.5054
D,2055209,0.5054
D,2055214,0.5054
D,2055219,0.4395
D,2055224,0.3516
D,2055229,0.3955
D,2055234,0.3955
D,2055239,0.3735
D,2055244,0.3296
D,2055249,0.3296
D,2055254,0.3076
D,2055259,0.2856
D,2055264,0.2637
D,2055269,0.2856
D,2055274,0.2637
D,2055279,0.2197
D,2055284,0.2637
D,2055289,0.1538
D,2055294,0.2417
D,2055299,0.1538
D,2055304,0.0879
D,2055309,0.1538
D,2055314,0.1318
D,2055319,0.1318
D,2055324,0.0659
D,2055329,0.0659
D,2055334,-0.0000
D,2055339,0.0879
D,2055344,0.0879
D,2055349,-0.0000
D,2055354,-0.0220
D,2055359,-0.0439
D,2055364,-0.0220
D,2055369,-0.1318
D,2055374,-0.0879
D,2055379,-0.1318
D,2055384,-0.0879
D,2055389,-0.1758
D,2055394,-0.0879
D,2055399,-0.0879
D,2055404,-0.1318
D,2055409,-0.2197
D,2055414,-0.1978
D,2055419,-0.2197
D,2055424,-0.2197
D,2055429,-0.2856
D,2055434,-0.2637
D,2055439,-0.2856
D,2055444,-0.3296
D,2055449,-0.3516
D,2055454,-0.3735
D,2055459,-0.3296
D,2055464,-0.3735
D,2055469,-0.3955
D,2055474,-0.3516
D,2055479,-0.3735
D,2055484,-0.4614
D,2055489,-0.4614
D,2055494,-0.3516
D,2055499,-0.3955
D,2055504,-0.3955
D,2055509,-0.3955
D,2055514,-0.4834
D,2055519,-0.4614
D,2055524,-0.4834
D,2055529,-0.4834
D,2055534,-0.4834
D,2055539,-0.5493
D,2055544,-0.4834
D,2055549,-0.5273
D,2055554,-0.4395
D,2055559,-0.4834
D,2055564,-0.5273
D,2055569,-0.5713
D,2055574,-0.5273
D,2055579,-0.5713
D,2055584,-0.6152
D,2055589,-0.5054
D,2055594,-0.5713
D,2055599,-0.5713
D,2055604,-0.5054
D,2055609,-0.5273
D,2055614,-0.5493
D,2055619,-0.5273
D,2055624,-0.5054
D,2055629,-0.5933
D,2055634,-0.5493
D,2055639,-0.5493
D,2055644,-0.5713
D,2055649,-0.4834
D,2055654,-0.5273
D,2055659,-0.5933
D,2055664,-0.5713
D,2055669,-0.4614
D,2055674,-0.4834
D,2055679,-0.5273
D,2055684,-0.5273
D,2055689,-0.5273
D,2055694,-0.5054
D,2055699,-0.4614
D,2055704,-0.4614
D,2055709,-0.4834
D,2055714,-0.4395
D,2055719,-0.4395
D,2055724,-0.5054
D,2055729,-0.4395
D,2055734,-0.5054
D,2055739,-0.3955
D,2055744,-0.3955
D,2055749,-0.4175
D,2055754,-0.4175
D,2055759,-0.4175
D,2055764,-0.4175
D,2055769,-0.3516
D,2055774,-0.4175
D,2055779,-0.3296
D,2055784,-0.3516
D,2055789,-0.3296
D,2055794,-0.3735
D,2055799,-0.3955
D,2055804,-0.3076
D,2055809,-0.3076
D,2055814,-0.3076
D,2055819,-0.2197
D,2055824,-0.2417
D,2055829,-0.2417
D,2055834,-0.2417
D,2055839,-0.2197
D,2055844,-0.1978
D,2055849,-0.2417
D,2055854,-0.2197
D,2055859,-0.1758
D,2055864,-0.2637
D,2055869,-0.1538
D,2055874,-0.1758
D,2055879,-0.1099
D,2055884,-0.1538
D,2055889,-0.1538
D,2055894,-0.1318
D,2055899,-0.1099
D,2055904,-0.0659
D,2055909,-0.1099
D,2055914,-0.1099
D,2055919,-0.0000
D,2055924,-0.0439
D,2055929,-0.0659
D,2055934,-0.0439
D,2055939,0.0659
D,2055944,-0.0000
D,2055949,-0.0659
D,2055954,0.0220
D,2055959,0.0220
D,2055964,0.0439
D,2055969,0.0439
D,2055974,0.0879
D,2055979,0.0220
D,2055984,0.0439
D,2055989,0.1538
D,2055994,0.1099
D,2055999,0.0659
D,2056004,0.0659
D,2056009,0.1318
D,2056014,0.1318
D,2056019,0.0879
D,2056024,0.1099
D,2056029,0.1758
D,2056034,0.1538
D,2056039,0.1978
D,2056044,0.2417
D,2056049,0.1538
D,2056054,0.2197
D,2056059,0.2417
D,2056064,0.2856
D,2056069,0.2637
D,2056074,0.3076
D,2056079,0.2856
D,2056084,0.2856
D,2056089,0.2637
D,2056094,0.2197
D,2056099,0.1978
D,2056104,0.2417
D,2056109,0.3076
D,2056114,0.2637
D,2056119,0.2856
D,2056124,0.3296
D,2056129,0.3076
D,2056134,0.2417
D,2056139,0.2856
D,2056144,0.2637
D,2056149,0.3076
D,2056154,0.3296
D,2056159,0.3296
D,2056164,0.3076
D,2056169,0.2637
D,2056174,0.3955
D,2056179,0.3296
D,2056184,0.3296
D,2056189,0.3735
D,2056194,0.3516
D,2056199,0.3296
D,2056204,0.3296
D,2056209,0.3516
D,2056214,0.3076
D,2056219,0.3516
D,2056224,0.3516
D,2056229,0.3296
D,2056234,0.3296
D,2056239,0.3516
D,2056244,0.3735
D,2056249,0.4175
D,2056254,0.2417
D,2056259,0.3296
D,2056264,0.3296
D,2056269,0.3296
D,2056274,0.3296
D,2056279,0.3516
D,2056284,0.2856
D,2056289,0.3076
D,2056294,0.2637
D,2056299,0.2856
D,2056304,0.3076
D,2056309,0.3076
D,2056314,0.3296
D,2056319,0.2417
D,2056324,0.2856
D,2056329,0.2637
D,2056334,0.3076
D,2056339,0.3296
D,2056344,0.2856
D,2056349,0.1978
D,2056354,0.2856
D,2056359,0.2856
D,2056364,0.2856
D,2056369,0.2197
D,2056374,0.2417
D,2056379,0.2856
D,2056384,0.2856
D,2056389,0.1758
D,2056394,0.2417
D,2056399,0.1538
D,2056404,0.1978
D,2056409,0.1978
D,2056414,0.2417
D,2056419,0.1978
D,2056424,0.2197
D,2056429,0.1978
D,2056434,0.1758
D,2056439,0.2197
D,2056444,0.1538
D,2056449,0.1538
D,2056454,0.1758
D,2056459,0.1538
D,2056464,0.1318
D,2056469,0.1099
D,2056474,0.0879
D,2056479,0.1758
D,2056484,0.1318
D,2056489,0.0879
D,2056494,0.1318
D,2056499,0.0879
D,2056504,0.0879
D,2056509,0.1538
D,2056514,0.1758
D,2056519,0.0439
D,2056524,0.0439
D,2056529,0.0659
D,2056534,0.0659
D,2056539,0.0879
D,2056544,-0.0439
D,2056549,0.0659
D,2056554,0.0439
D,2056559,0.0879
D,2056564,0.1099
D,2056569,0.0879
D,2056574,0.0439
D,2056579,-0.0000
D,2056584,-0.0000
D,2056589,0.1099
D,2056594,0.0439
D,2056599,0.0659
D,2056604,0.1099
D,2056609,-0.0220
D,2056614,0.0439
D,2056619,-0.0000
D,2056624,0.0220
D,2056629,-0.0000
D,2056634,-0.0220
D,2056639,0.0659
D,2056644,-0.0000
D,2056649,-0.0000
D,2056654,-0.0439
D,2056659,-0.0220
D,2056664,-0.0439
D,2056669,-0.0220
D,2056674,-0.0000
D,2056679,-0.0000
D,2056684,-0.0659
D,2056689,0.0220
D,2056694,-0.0879
D,2056699,0.0220
D,2056704,-0.0439
D,2056709,-0.1099
D,2056714,-0.0439
D,2056719,-0.0659
D,2056724,-0.0439
D,2056729,-0.0439
D,2056734,-0.1099
D,2056739,-0.1099
D,2056744,-0.1099
D,2056749,0.0220
D,2056754,-0.0439
D,2056759,-0.0439
D,2056764,-0.0439
D,2056769,-0.1099
D,2056774,-0.0659
D,2056779,-0.1318
D,2056784,-0.1318
D,2056789,-0.0659
D,2056794,-0.0220
D,2056799,-0.0659
D,2056804,-0.1318
D,2056809,-0.1099
D,2056814,-0.0439
D,2056819,-0.0439
D,2056824,-0.0879
D,2056829,-0.0659
D,2056834,-0.1099
D,2056839,-0.0220
D,2056844,-0.0000
D,2056849,-0.0439
D,2056854,-0.0000
D,2056859,-0.1318
D,2056864,-0.0659
D,2056869,-0.0220
D,2056874,-0.0659
D,2056879,-0.0879
D,2056884,-0.0000
D,2056889,-0.0220
D,2056894,-0.0659
D,2056899,-0.1099
D,2056904,-0.1099
D,2056909,-0.0000
D,2056914,-0.0659
D,2056919,-0.0000
D,2056924,-0.0220
D,2056929,-0.0000
D,2056934,-0.0439
D,2056939,-0.0439
D,2056944,-0.0439
D,2056949,-0.0659
D,2056954,-0.1099
D,2056959,-0.0439
D,2056964,-0.0220
D,2056969,-0.0659
D,2056974,-0.0439
D,2056979,-0.0220
D,2056984,-0.0879
D,2056989,-0.1099
D,2056994,-0.0000
D,2056999,-0.0220
D,2057004,-0.0220
D,2057009,-0.0220
D,2057014,-0.0659
D,2057019,-0.0220
D,2057024,-0.0220
D,2057029,-0.0439
D,2057034,-0.0439
D,2057039,-0.0000
D,2057044,-0.0220
D,2057049,0.0220
D,2057054,-0.0220
D,2057059,0.0220
D,2057064,-0.0220
D,2057069,-0.0220
D,2057074,0.0439
D,2057079,-0.0439
D,2057084,0.0659
D,2057089,-0.0659
D,2057094,-0.0220
D,2057099,-0.0439
D,2057104,-0.0000
D,2057109,-0.0000
D,2057114,-0.0000
D,2057119,-0.0879
D,2057124,-0.0000
D,2057129,-0.0659
D,2057134,0.0220
D,2057139,-0.0000
D,2057144,0.0220
D,2057149,-0.1318
D,2057154,0.0659
D,2057159,-0.0220
D,2057164,-0.0220
D,2057169,-0.1099
D,2057174,0.0220
D,2057179,-0.0000
D,2057184,-0.0000
D,2057189,-0.0439
D,2057194,-0.0000
D,2057199,-0.0220
D,2057204,-0.0879
D,2057209,-0.0220
D,2057214,-0.0000
D,2057219,-0.0220
D,2057224,-0.0220
D,2057229,0.0220
D,2057234,0.0220
D,2057239,0.0439
D,2057244,0.0220
D,2057249,0.0439
D,2057254,0.0439
D,2057259,-0.0220
D,2057264,0.0220
D,2057269,0.0220
D,2057274,-0.0220
D,2057279,0.0220
D,2057284,-0.0220
D,2057289,-0.0439
D,2057294,0.0439
D,2057299,0.0220
D,2057304,-0.0879
D,2057309,-0.0220
D,2057314,-0.0439
D,2057319,0.0439
D,2057324,-0.0000
D,2057329,-0.0439
D,2057334,0.0220
D,2057339,0.0220
D,2057344,-0.0000
D,2057349,0.0220
D,2057354,-0.0439
D,2057359,0.0220
D,2057364,0.0220
D,2057369,0.0439
D,2057374,0.0439
D,2057379,-0.0879
D,2057384,-0.0000
D,2057389,-0.0000
D,2057394,-0.0220
D,2057399,0.0220
D,2057404,-0.0000
D,2057409,-0.0000
D,2057414,0.0659
D,2057419,-0.0659
D,2057424,-0.0659
D,2057429,-0.0220
D,2057434,-0.0220
D,2057439,-0.0439
D,2057444,0.0220
D,2057449,-0.0000
D,2057454,-0.0000
D,2057459,0.0220
D,2057464,-0.0000
D,2057469,0.0220
D,2057474,0.0439
D,2057479,0.0220
D,2057484,-0.0220
D,2057489,0.0220
D,2057494,0.0439
D,2057499,-0.0000
D,2057504,0.0220
D,2057509,-0.0000
D,2057514,-0.0220
D,2057519,-0.1099
D,2057524,0.0220
D,2057529,-0.0439
D,2057534,0.0439
D,2057539,-0.0220
D,2057544,0.0220
D,2057549,-0.0000
D,2057554,-0.0000
D,2057559,0.0879
D,2057564,-0.0220
D,2057569,-0.0220
D,2057574,-0.0220
D,2057579,0.0220
D,2057584,-0.0220
D,2057589,-0.0220
D,2057594,-0.0000
D,2057599,-0.0220
D,2057604,0.0439
D,2057609,-0.0000
D,2057614,-0.0659
D,2057619,0.0220
D,2057624,-0.0000
D,2057629,-0.0220
D,2057634,0.0220
D,2057639,-0.0439
D,2057644,0.0220
D,2057649,-0.0659
D,2057654,0.0439
D,2057659,-0.0220
D,2057664,0.0439
D,2057669,-0.0000
D,2057674,-0.0220
D,2057679,-0.0000
D,2057684,0.0220
D,2057689,0.0659
D,2057694,-0.0659
D,2057699,0.0220
D,2057704,0.0220
D,2057709,-0.0220
D,2057714,-0.0000
D,2057719,-0.0000
D,2057724,0.0439
D,2057729,-0.0000
D,2057734,-0.0000
D,2057739,-0.0220
D,2057744,-0.0439
D,2057749,-0.0220
D,2057754,-0.0220
D,2057759,-0.0000
D,2057764,-0.0000
D,2057769,-0.0220
D,2057774,-0.0439
D,2057779,0.0220
D,2057784,0.0659
D,2057789,-0.0000
D,2057794,-0.0000
D,2057799,0.0439
D,2057804,-0.0000
D,2057809,0.0220
D,2057814,-0.0220
D,2057819,-0.0000
D,2057824,0.0220
D,2057829,-0.0439
D,2057834,-0.0000
D,2057839,-0.0220
D,2057844,0.0220
D,2057849,-0.0000
D,2057854,-0.0000
D,2057859,-0.0000
D,2057864,-0.0220
D,2057869,-0.0659
D,2057874,-0.0220
D,2057879,-0.0439
D,2057884,-0.0000
D,2057889,0.0439
D,2057894,0.0439
D,2057899,-0.0659
D,2057904,-0.0879
D,2057909,0.0220
D,2057914,-0.0000
D,2057919,0.0439
D,2057924,0.0220
D,2057929,-0.0000
D,2057934,0.0439
D,2057939,-0.0659
D,2057944,-0.0439
D,2057949,0.0439
D,2057954,-0.0000
D,2057959,-0.0000
D,2057964,-0.0000
D,2057969,-0.0659
D,2057974,-0.0000
D,2057979,0.0879
D,2057984,0.0220
D,2057989,-0.0659
D,2057994,0.0659
D,2057999,0.0220
D,2058004,0.0220
D,2058009,-0.0000
D,2058014,-0.0220
D,2058019,-0.0000
D,2058024,-0.0000
D,2058029,-0.0220
D,2058034,0.0439
D,2058039,0.0220
D,2058044,-0.0220
D,2058049,0.0220
D,2058054,0.0220
D,2058059,-0.0220
D,2058064,-0.0220
D,2058069,-0.0000
D,2058074,-0.0000
D,2058079,0.0439
D,2058084,0.0659
D,2058089,-0.0000
D,2058094,0.0439
D,2058099,-0.0000
D,2058104,-0.0000
D,2058109,-0.0220
D,2058114,-0.0000
D,2058119,-0.0000
D,2058124,0.0659
D,2058129,-0.0220
D,2058134,0.0439
D,2058139,-0.0220
D,2058144,-0.0000
D,2058149,-0.0000
D,2058154,-0.0439
D,2058159,-0.0000
D,2058164,-0.0000
D,2058169,-0.0220
D,2058174,-0.0000
D,2058179,-0.0000
D,2058184,-0.0220
D,2058189,-0.0000
D,2058194,0.0220
D,2058199,0.0220
D,2058204,-0.0220
D,2058209,-0.0000
D,2058214,-0.0220
D,2058219,-0.0000
D,2058224,-0.0439
D,2058229,-0.0439
D,2058234,-0.0439
D,2058239,0.0220
D,2058244,-0.0220
D,2058249,0.0220
D,2058254,-0.0439
D,2058259,-0.0000
D,2058264,-0.0000
D,2058269,-0.0220
D,2058274,-0.0000
D,2058279,0.0439
D,2058284,-0.0220
D,2058289,-0.0220
D,2058294,0.0439
D,2058299,-0.0220
D,2058304,0.0220
D,2058309,-0.0439
D,2058314,-0.0659
D,2058319,0.0220
D,2058324,-0.0879
D,2058329,-0.0000
D,2058334,-0.0000
D,2058339,0.0879
D,2058344,0.0439
D,2058349,0.0439
D,2058354,-0.0000
D,2058359,-0.0439
D,2058364,0.0659
D,2058369,-0.0220
D,2058374,-0.0220
D,2058379,-0.0220
D,2058384,-0.0000
D,2058389,-0.0000
D,2058394,-0.0000
D,2058399,-0.0000
D,2058404,-0.0000
D,2058409,0.0220
D,2058414,-0.0220
D,2058419,-0.0220
D,2058424,0.0439
D,2058429,-0.0000
D,2058434,0.0220
D,2058439,-0.0000
D,2058444,-0.0220
D,2058449,-0.0000
D,2058454,0.0220
D,2058459,-0.0220
D,2058464,-0.0439
D,2058469,-0.0000
D,2058474,0.0439
D,2058479,-0.0220
D,2058484,-0.0220
D,2058489,0.0439
D,2058494,-0.0659
D,2058499,-0.0220
D,2058504,-0.0000
D,2058509,-0.0000
D,2058514,-0.0220
D,2058519,-0.0220
D,2058524,0.0220
D,2058529,-0.0659
D,2058534,0.0879
D,2058539,-0.0439
D,2058544,-0.0439
D,2058549,-0.0439
D,2058554,-0.0000
D,2058559,-0.0220
D,2058564,-0.0220
D,2058569,0.0220
D,2058574,-0.0000
D,2058579,-0.0879
D,2058584,-0.0220
D,2058589,-0.0000
D,2058594,0.0220
D,2058599,0.0220
D,2058604,0.0659
D,2058609,-0.0220
D,2058614,0.0439
D,2058619,-0.0000
D,2058624,0.0439
D,2058629,-0.0000
D,2058634,0.0439
D,2058639,-0.0000
D,2058644,-0.0000
D,2058649,0.0659
D,2058654,-0.0220
D,2058659,0.0220
D,2058664,-0.0220
D,2058669,-0.0000
D,2058674,-0.0220
D,2058679,-0.0220
D,2058684,-0.0220
D,2058689,-0.0000
D,2058694,-0.0000
D,2058699,-0.0000
D,2058704,-0.0000
D,2058709,0.0220
D,2058714,0.0220
D,2058719,-0.0220
D,2058724,-0.0000
D,2058729,0.0220
D,2058734,0.0220
D,2058739,0.0439
D,2058744,-0.0000
D,2058749,0.0220
D,2058754,-0.0220
D,2058759,0.0439
D,2058764,-0.0000
D,2058769,-0.0000
D,2058774,-0.0879
D,2058779,-0.0659
D,2058784,-0.0000
D,2058789,-0.0000
D,2058794,0.0879
D,2058799,-0.0659
D,2058804,-0.0000
D,2058809,-0.0659
D,2058814,-0.0000
D,2058819,0.0220
D,2058824,0.0439
D,2058829,0.0220
D,2058834,0.0220
D,2058839,0.0220
D,2058844,-0.0439
D,2058849,0.0439
D,2058854,-0.0439
D,2058859,-0.0000
D,2058864,-0.0000
D,2058869,-0.0000
D,2058874,-0.0220
D,2058879,-0.0439
D,2058884,-0.0000
D,2058889,0.0439
D,2058894,-0.0659
D,2058899,-0.0220
D,2058904,0.0439
D,2058909,0.0220
D,2058914,-0.0220
D,2058919,0.0220
D,2058924,-0.0659
D,2058929,-0.0000
D,2058934,-0.0000
D,2058939,-0.0659
D,2058944,-0.0220
D,2058949,0.0659
D,2058954,-0.0000
D,2058959,-0.0220
D,2058964,0.0220
D,2058969,0.0220
D,2058974,-0.0659
D,2058979,-0.0000
D,2058984,0.0220
D,2058989,0.0220
D,2058994,0.0220
D,2058999,-0.0000
D,2059004,-0.0000
D,2059009,-0.0879
D,2059014,-0.0220
D,2059019,-0.0439
D,2059024,-0.0439
D,2059029,-0.0659
D,2059034,0.0220
D,2059039,0.0220
D,2059044,-0.0000
D,2059049,-0.0000
D,2059054,0.0439
D,2059059,-0.0439
D,2059064,-0.0000
D,2059069,-0.0000
D,2059074,-0.0220
D,2059079,-0.0000
D,2059084,-0.0000
D,2059089,0.0220
D,2059094,-0.0000
D,2059099,0.0220
D,2059104,0.0220
D,2059109,0.0220
D,2059114,-0.0000
D,2059119,-0.0000
D,2059124,-0.0000
D,2059129,-0.0220
D,2059134,0.0220
D,2059139,-0.0220
D,2059144,-0.0439
D,2059149,0.0439
D,2059154,-0.0000
D,2059159,-0.0220
D,2059164,-0.0000
D,2059169,-0.0439
D,2059174,-0.0220
D,2059179,0.0220
D,2059184,-0.0439
D,2059189,-0.0439
D,2059194,-0.0220
D,2059199,-0.0659
D,2059204,-0.0000
D,2059209,0.0220
D,2059214,-0.0000
D,2059219,-0.0000
D,2059224,-0.0220
D,2059229,-0.0000
D,2059234,-0.0000
D,2059239,0.0220
D,2059244,-0.0000
D,2059249,-0.0000
D,2059254,-0.0000
D,2059259,-0.0220
D,2059264,-0.0439
D,2059269,-0.0000
D,2059274,0.0659
D,2059279,0.0220
D,2059284,0.0439
D,2059289,-0.0220
D,2059294,-0.0000
D,2059299,-0.0000
D,2059304,0.0220
D,2059309,0.0220
D,2059314,-0.0000
D,2059319,-0.0659
D,2059324,-0.0220
D,2059329,0.0220
D,2059334,0.0220
D,2059339,0.0439
D,2059344,-0.0000
D,2059349,-0.0000
D,2059354,0.0220
D,2059359,0.0220
D,2059364,-0.0220
D,2059369,-0.0220
D,2059374,0.0439
D,2059379,-0.0000
D,2059384,-0.0220
D,2059389,-0.0439
D,2059394,0.0659
D,2059399,-0.0000
D,2059404,-0.0439
D,2059409,0.0220
D,2059414,-0.0000
D,2059419,-0.0000
D,2059424,-0.0220
D,2059429,-0.0000
D,2059434,-0.0220
D,2059439,0.0220
D,2059444,0.0879
D,2059449,-0.0000
D,2059454,-0.0000
D,2059459,-0.0000
D,2059464,-0.0220
D,2059469,0.0439
D,2059474,-0.0000
D,2059479,-0.0220
D,2059484,-0.0220
D,2059489,-0.0220
D,2059494,-0.0000
D,2059499,0.0220
D,2059504,-0.0000
D,2059509,-0.0439
D,2059514,-0.0000
D,2059519,0.0220
D,2059524,0.0220
D,2059529,-0.0439
D,2059534,0.0439
D,2059539,0.0220
D,2059544,-0.0220
D,2059549,-0.0000
D,2059554,0.0439
D,2059559,0.0659
D,2059564,-0.0220
D,2059569,0.0439
D,2059574,-0.0000
D,2059579,-0.0220
D,2059584,-0.0000
D,2059589,0.0220
D,2059594,0.0659
D,2059599,-0.0000
D,2059604,-0.0000
D,2059609,-0.0000
D,2059614,-0.0000
D,2059619,-0.0000
D,2059624,-0.0220
D,2059629,0.0439
D,2059634,-0.0000
D,2059639,0.0220
D,2059644,-0.0439
D,2059649,0.0220
D,2059654,0.0220
D,2059659,-0.0439
D,2059664,0.0439
D,2059669,0.0220
D,2059674,0.0220
D,2059679,-0.0000
D,2059684,-0.0220
D,2059689,-0.0439
D,2059694,-0.0000
D,2059699,0.0220
D,2059704,0.0220
D,2059709,0.0439
D,2059714,0.0220
D,2059719,-0.0439
D,2059724,-0.0659
D,2059729,0.0439
D,2059734,-0.0439
D,2059739,-0.0220
D,2059744,-0.0000
D,2059749,0.0439
D,2059754,0.0220
D,2059759,0.0220
D,2059764,-0.0220
D,2059769,-0.0220
D,2059774,-0.0000
D,2059779,0.0439
D,2059784,-0.0439
D,2059789,0.0220
D,2059794,-0.0439
D,2059799,-0.0220
D,2059804,0.0220
D,2059809,-0.0220
D,2059814,-0.0000
D,2059819,-0.0220
D,2059824,0.0220
D,2059829,-0.0000
D,2059834,-0.0000
D,2059839,-0.0000
D,2059844,-0.0000
D,2059849,-0.0000
D,2059854,0.0439
D,2059859,-0.0000
D,2059864,-0.0000
D,2059869,-0.0000
D,2059874,-0.0439
D,2059879,-0.0000
D,2059884,0.0220
D,2059889,-0.0220
D,2059894,0.0439
D,2059899,0.0220
D,2059904,-0.0000
D,2059909,-0.0659
D,2059914,-0.0439
D,2059919,-0.0439
D,2059924,-0.0000
D,2059929,-0.0000
D,2059934,0.0439
D,2059939,-0.0000
D,2059944,-0.0439
D,2059949,0.0220
D,2059954,-0.0000
D,2059959,0.0220
D,2059964,0.0220
D,2059969,0.0439
D,2059974,-0.0439
D,2059979,0.0220
D,2059984,-0.0000
D,2059989,0.0220
D,2059994,0.0439
D,2059999,-0.0000
D,2060004,0.0220
D,2060009,-0.0220
D,2060014,0.0659
D,2060019,0.0439
D,2060024,-0.0220
D,2060029,-0.0439
D,2060034,0.0220
D,2060039,-0.0439
D,2060044,-0.0000
D,2060049,-0.0220
D,2060054,0.0220
D,2060059,-0.0439
D,2060064,0.0220
D,2060069,-0.0439
D,2060074,-0.0000
D,2060079,-0.0220
D,2060084,0.0659
D,2060089,0.0220
D,2060094,-0.0000
D,2060099,0.0220
D,2060104,-0.0000
D,2060109,0.0439
D,2060114,-0.0000
D,2060119,-0.0000
D,2060124,-0.0439
D,2060129,0.0439
D,2060134,0.0439
D,2060139,-0.0000
D,2060144,-0.0220
D,2060149,-0.0220
D,2060154,-0.0220
D,2060159,-0.0220
D,2060164,-0.0220
D,2060169,0.0220
D,2060174,0.0220
D,2060179,0.0220
D,2060184,0.0439
D,2060189,-0.0220
D,2060194,0.0439
D,2060199,0.0220
D,2060204,0.0439
D,2060209,-0.0220
D,2060214,-0.0000
D,2060219,-0.0220
D,2060224,0.0220
D,2060229,-0.0659
D,2060234,0.0220
D,2060239,-0.0220
D,2060244,-0.0220
D,2060249,-0.0659
D,2060254,-0.0220
D,2060259,-0.0879
D,2060264,-0.0000
D,2060269,0.0220
D,2060274,-0.0220
D,2060279,0.0439
D,2060284,-0.0000
E,0,STREAM_OFF
