E,0,HIP_LOCK
E,0,ZERO
E,0,STREAM_ON
D,815005,0.417,0.000,0.000,0,0
D,815010,0.417,0.000,0.000,0,0
D,815016,0.417,0.000,0.000,0,0
D,815021,0.417,0.000,0.000,0,0
D,815026,0.527,0.000,0.000,0,0
D,815032,0.417,0.000,0.000,0,0
D,815037,0.527,0.000,0.000,0,0
D,815042,0.483,0.000,0.000,0,0
D,815048,0.439,0.000,0.000,0,0
D,815053,0.439,0.000,0.000,0,0
D,815058,0.439,0.000,0.000,0,0
D,815064,0.461,0.000,0.000,0,0
D,815069,0.483,0.000,0.000,0,0
D,815074,0.527,0.000,0.000,0,0
D,815080,0.461,0.000,0.000,0,0
D,815085,0.505,0.000,0.000,0,0
D,815090,0.461,0.000,0.000,0,0
D,815096,0.439,0.000,0.000,0,0
D,815101,0.439,0.000,0.000,0,0
D,815106,0.439,0.000,0.000,0,0
D,815112,0.439,0.000,0.000,0,0
D,815117,0.461,0.000,0.000,0,0
D,815122,0.396,0.000,0.000,0,0
D,815128,0.417,0.000,0.000,0,0
D,815133,0.417,0.000,0.000,0,0
D,815138,0.417,0.000,0.000,0,0
D,815144,0.439,0.000,0.000,0,0
D,815149,0.483,0.000,0.000,0,0
D,815154,0.461,0.000,0.000,0,0
D,815160,0.505,0.000,0.000,0,0
D,815165,0.527,0.000,0.000,0,0
D,815170,0.483,0.000,0.000,0,0
D,815176,0.461,0.000,0.000,0,0
D,815181,0.439,0.000,0.000,0,0
D,815186,0.483,0.000,0.000,0,0
D,815192,0.483,0.000,0.000,0,0
D,815197,0.549,0.000,0.000,0,0
D,815202,0.505,0.000,0.000,0,0
D,815208,0.527,0.000,0.000,0,0
D,815213,0.461,0.000,0.000,0,0
D,815218,0.549,0.000,0.000,0,0
D,815224,0.483,0.000,0.000,0,0
D,815229,0.549,0.000,0.000,0,0
D,815235,0.527,0.000,0.000,0,0
D,815240,0.505,0.000,0.000,0,0
D,815245,0.505,0.000,0.000,0,0
D,815251,0.549,0.000,0.000,0,0
D,815256,0.527,0.000,0.000,0,0
D,815261,0.549,0.000,0.000,0,0
D,815267,0.527,0.000,0.000,0,0
D,815272,0.505,0.000,0.000,0,0
D,815277,0.571,0.000,0.000,0,0
D,815283,0.505,0.000,0.000,0,0
D,815288,0.549,0.000,0.000,0,0
D,815293,0.571,0.000,0.000,0,0
D,815299,0.571,0.000,0.000,0,0
D,815304,0.571,0.000,1462780.000,0,0
D,815309,0.615,0.000,-259.893,0,0
D,815315,0.615,0.000,-259.893,0,0
D,815320,0.615,0.000,-259.893,0,0
D,815325,0.593,0.000,-259.893,0,0
D,815331,0.593,0.000,-259.893,0,0
D,815336,0.615,0.000,-259.893,0,0
D,815341,0.593,0.000,0.176,0,0
D,815347,0.593,0.000,0.176,0,0
D,815352,0.615,0.000,0.176,0,0
D,815357,0.659,0.000,0.264,0,0
D,815363,0.593,0.000,0.176,0,0
D,815368,0.637,0.000,0.176,0,0
D,815373,0.593,0.000,0.176,0,0
D,815379,0.593,0.000,0.264,0,0
D,815384,0.615,0.000,0.176,0,0
D,815389,0.615,0.000,0.176,0,0
D,815395,0.615,0.000,0.264,0,0
D,815400,0.571,0.000,0.176,0,0
D,815406,0.615,0.000,0.176,0,0
D,815411,0.593,0.000,0.176,0,0
D,815416,0.615,0.000,0.176,0,0
D,815422,0.593,0.000,0.264,0,0
D,815427,0.659,0.000,0.264,0,0
D,815432,0.637,0.000,0.176,0,0
D,815438,0.681,0.000,0.264,0,0
D,815443,0.659,0.000,0.264,0,0
D,815448,0.615,0.000,0.176,0,0
D,815454,0.703,0.000,0.176,0,0
D,815459,0.571,0.000,0.176,0,0
D,815464,0.593,0.000,0.264,0,0
D,815470,0.659,0.000,0.176,0,0
D,815475,0.659,0.000,0.176,0,0
D,815480,0.615,0.000,0.176,0,0
D,815486,0.681,0.000,0.264,0,0
D,815491,0.703,0.000,0.176,0,0
D,815496,0.703,0.000,0.176,0,0
D,815502,0.681,0.000,0.176,0,0
D,815507,0.681,0.000,0.264,0,0
D,815512,0.725,0.000,0.264,0,0
D,815518,0.681,0.000,0.176,0,0
D,815523,0.637,0.000,0.176,0,0
D,815528,0.725,0.000,0.176,0,0
D,815534,0.703,0.000,0.176,0,0
D,815539,0.703,0.000,0.176,0,0
D,815544,0.681,0.000,0.176,0,0
D,815550,0.703,0.000,0.176,0,0
D,815555,0.703,0.000,0.176,0,0
D,815561,0.681,0.000,0.176,0,0
D,815566,0.747,0.000,0.176,0,0
D,815571,0.791,0.000,0.264,0,0
D,815577,0.703,0.000,0.176,0,0
D,815582,0.659,0.000,0.176,0,0
D,815587,0.703,0.000,0.176,0,0
D,815593,0.703,0.000,0.176,0,0
D,815598,0.725,0.000,0.176,0,0
D,815603,0.747,0.000,0.176,0,0
D,815609,0.681,0.000,0.176,0,0
D,815614,0.725,0.000,0.176,0,0
D,815619,0.747,0.000,0.264,0,0
D,815625,0.659,0.000,0.176,0,0
D,815630,0.791,0.000,0.176,0,0
D,815635,0.703,0.000,0.176,0,0
D,815641,0.769,0.000,0.176,0,0
D,815646,0.747,0.000,0.176,0,0
D,815651,0.769,0.000,0.176,0,0
D,815657,0.769,0.000,0.176,0,0
D,815662,0.769,0.000,0.176,0,0
D,815667,0.769,0.000,0.176,0,0
D,815673,0.835,0.000,0.176,0,0
D,815678,0.769,0.000,0.176,0,0
D,815683,0.835,0.000,0.176,0,0
D,815689,0.747,0.000,0.176,0,0
D,815694,0.835,0.000,0.176,0,0
D,815699,0.835,0.000,0.176,0,0
D,815705,0.769,0.000,0.176,0,0
D,815710,0.857,0.000,0.176,0,0
D,815716,0.813,0.000,0.264,0,0
D,815721,0.835,0.000,0.176,0,0
D,815726,0.857,0.000,0.176,0,0
D,815732,0.813,0.000,0.176,0,0
D,815737,0.813,0.000,0.176,0,0
D,815742,0.857,0.000,0.264,0,0
D,815748,0.813,0.000,0.176,0,0
D,815753,0.835,0.000,0.264,0,0
D,815758,0.879,0.000,0.176,0,0
D,815764,0.813,0.000,0.176,0,0
D,815769,0.923,0.000,0.176,0,0
D,815774,0.813,0.000,0.176,0,0
D,815780,0.879,0.000,0.176,0,0
D,815785,0.857,0.000,0.176,0,0
D,815790,0.879,0.000,0.176,0,0
D,815796,0.879,0.000,0.264,0,0
D,815801,0.945,0.000,0.176,0,0
D,815806,0.879,0.000,0.176,0,0
D,815812,0.945,0.000,0.176,0,0
D,815817,0.945,0.000,0.176,0,0
D,815822,0.967,0.000,0.176,0,0
D,815828,0.901,0.000,0.176,0,0
D,815833,0.923,0.000,0.176,0,0
D,815838,0.945,0.000,0.176,0,0
D,815844,0.923,0.000,0.176,0,0
D,815849,0.923,0.000,0.264,0,0
D,815854,0.901,0.000,0.176,0,0
D,815860,0.945,0.000,0.176,0,0
D,815865,0.835,0.000,0.176,0,0
D,815871,0.967,0.000,0.264,0,0
D,815876,0.989,0.000,0.176,0,0
D,815881,0.923,0.000,0.264,0,0
D,815887,0.967,0.000,0.176,0,0
D,815892,0.967,0.000,0.176,0,0
D,815897,0.945,0.000,0.176,0,0
D,815903,0.945,0.000,0.176,0,0
D,815908,0.923,0.000,0.176,0,0
D,815913,1.055,0.000,0.176,0,0
D,815919,1.033,0.000,0.176,0,0
D,815924,0.989,0.000,0.264,0,0
D,815929,1.011,0.000,0.176,0,0
D,815935,1.011,0.000,0.264,0,0
D,815940,1.055,0.000,0.176,0,0
D,815945,1.055,0.000,0.176,0,0
D,815951,1.055,0.000,0.176,0,0
D,815956,0.945,0.000,0.176,0,0
D,815961,0.989,0.000,0.264,0,0
D,815967,0.989,0.000,0.176,0,0
D,815972,0.967,0.000,0.176,0,0
D,815977,1.011,0.000,0.176,0,0
D,815983,1.033,0.000,0.176,0,0
D,815988,1.011,0.000,0.176,0,0
D,815993,0.989,0.000,0.176,0,0
D,815999,1.033,0.000,0.176,0,0
D,816004,0.945,0.000,0.176,0,0
D,816009,0.967,0.000,0.176,0,0
D,816015,0.989,0.000,0.264,0,0
D,816020,1.033,0.000,0.176,0,0
D,816026,1.011,0.000,0.264,0,0
D,816031,1.033,0.000,0.176,0,0
D,816036,1.033,0.000,0.176,0,0
D,816042,1.077,0.000,0.176,0,0
D,816047,1.011,0.000,0.176,0,0
D,816052,1.055,0.000,0.176,0,0
D,816058,1.077,0.000,0.176,0,0
D,816063,1.055,0.000,0.176,0,0
D,816068,1.077,0.000,0.264,0,0
D,816074,1.077,0.000,0.176,0,0
D,816079,1.033,0.000,0.176,0,0
D,816084,1.077,0.000,0.176,0,0
D,816090,1.033,0.000,0.176,0,0
D,816095,1.011,0.000,0.176,0,0
D,816100,1.033,0.000,0.264,0,0
D,816106,1.033,0.000,0.264,0,0
D,816111,1.033,0.000,0.176,0,0
D,816116,0.989,0.000,0.264,0,0
D,816122,1.011,0.000,0.176,0,0
D,816127,1.033,0.000,0.264,0,0
D,816132,1.055,0.000,0.176,0,0
D,816138,0.989,0.000,0.176,0,0
D,816143,1.033,0.000,0.176,0,0
D,816148,1.033,0.000,0.176,0,0
D,816154,1.033,0.000,0.176,0,0
D,816159,1.033,0.000,0.176,0,0
D,816164,1.033,0.000,0.176,0,0
D,816170,1.077,0.000,0.176,0,0
D,816175,1.033,0.000,0.176,0,0
D,816181,0.989,0.000,0.176,0,0
D,816186,1.055,0.000,0.176,0,0
D,816191,1.055,0.000,0.176,0,0
D,816197,1.077,0.000,0.264,0,0
D,816202,0.989,0.000,0.264,0,0
D,816207,1.011,0.000,0.264,0,0
D,816213,0.967,0.000,0.264,0,0
D,816218,1.055,0.000,0.176,0,0
D,816223,1.033,0.000,0.176,0,0
D,816229,1.011,0.000,0.176,0,0
D,816234,1.011,0.000,0.176,0,0
D,816239,1.099,0.000,0.176,0,0
D,816245,1.011,0.000,0.176,0,0
D,816250,0.989,0.000,0.176,0,0
D,816255,1.033,0.000,0.264,0,0
D,816261,0.989,0.000,0.176,0,0
D,816266,1.055,0.000,0.264,0,0
D,816271,1.011,0.000,0.176,0,0
D,816277,0.989,0.000,0.176,0,0
D,816282,0.989,0.000,0.264,0,0
D,816287,1.011,0.000,0.264,0,0
D,816293,1.011,0.000,0.176,0,0
D,816298,0.989,0.000,0.264,0,0
D,816303,0.923,0.000,0.176,0,0
D,816309,0.901,0.000,0.176,0,0
D,816314,0.923,0.000,0.264,0,0
D,816319,0.923,0.000,0.176,0,0
D,816325,0.857,0.000,0.264,0,0
D,816330,0.923,0.000,0.176,0,0
D,816335,0.989,0.000,0.176,0,0
D,816341,0.879,0.000,0.264,0,0
D,816346,0.901,0.000,0.264,0,0
D,816352,0.923,0.000,0.264,0,0
D,816357,0.857,0.000,0.176,0,0
D,816362,0.967,0.000,0.264,0,0
D,816368,0.945,0.000,0.176,0,0
D,816373,0.879,0.000,0.176,0,0
D,816378,0.879,0.000,0.176,0,0
D,816384,0.879,0.000,0.176,0,0
D,816389,0.857,0.000,0.176,0,0
D,816394,0.813,0.000,0.176,0,0
D,816400,0.813,0.000,0.176,0,0
D,816405,0.813,0.000,0.264,0,0
D,816410,0.857,0.000,0.176,0,0
D,816416,0.769,0.000,0.176,0,0
D,816421,0.791,0.000,0.176,0,0
D,816426,0.769,0.000,0.176,0,0
D,816432,0.791,0.000,0.176,0,0
D,816437,0.747,0.000,0.176,0,0
D,816442,0.725,0.000,0.176,0,0
D,816448,0.703,0.000,0.176,0,0
D,816453,0.769,0.000,0.176,0,0
D,816458,0.659,0.000,0.176,0,0
D,816464,0.659,0.000,0.176,0,0
D,816469,0.637,0.000,0.176,0,0
D,816474,0.681,0.000,0.176,0,0
D,816480,0.615,0.000,0.264,0,0
D,816485,0.549,0.000,0.176,0,0
D,816491,0.615,0.000,0.264,0,0
D,816496,0.549,0.000,0.264,0,0
D,816501,0.527,0.000,0.176,0,0
D,816507,0.505,0.000,0.176,0,0
D,816512,0.461,0.000,0.176,0,0
D,816517,0.417,0.000,0.176,0,0
D,816523,0.461,0.000,0.176,0,0
D,816528,0.417,0.000,0.176,0,0
D,816533,0.417,0.000,0.176,0,0
D,816539,0.396,0.000,0.176,0,0
D,816544,0.352,0.000,0.176,0,0
D,816549,0.308,0.000,0.264,0,0
D,816555,0.330,0.000,0.176,0,0
D,816560,0.330,0.000,0.176,0,0
D,816565,0.286,0.000,0.176,0,0
D,816571,0.264,0.000,0.264,0,0
D,816576,0.264,0.000,0.176,0,0
D,816581,0.286,0.000,0.176,0,0
D,816587,0.242,0.000,0.264,0,0
D,816592,0.286,0.000,0.264,0,0
D,816597,0.242,0.000,0.264,0,0
D,816603,0.220,0.000,0.176,0,0
D,816608,0.242,0.000,0.264,0,0
D,816613,0.220,0.000,0.176,0,0
D,816619,0.242,0.000,0.176,0,0
D,816624,0.110,0.000,0.176,0,0
D,816629,0.132,0.000,0.176,0,0
D,816635,0.110,0.000,0.264,0,0
D,816640,0.044,0.000,0.176,0,0
D,816645,0.000,0.000,0.176,0,0
D,816651,0.022,0.000,0.176,0,0
D,816656,-0.022,0.000,0.176,0,0
D,816662,-0.066,0.000,0.176,0,0
D,816667,0.000,0.000,0.176,0,0
D,816672,0.000,0.000,0.176,0,0
D,816678,-0.110,0.000,0.176,0,0
D,816683,-0.044,0.000,0.264,0,0
D,816688,-0.154,0.000,0.264,0,0
D,816694,-0.242,0.000,0.176,0,0
D,816699,-0.176,0.000,0.264,0,0
D,816704,-0.242,0.000,0.176,0,0
D,816710,-0.220,0.000,0.264,0,0
D,816715,-0.242,0.000,0.264,0,0
D,816720,-0.176,0.000,0.264,0,0
D,816726,-0.286,0.000,0.176,0,0
D,816731,-0.286,0.000,0.264,0,0
D,816736,-0.176,0.000,0.264,0,0
D,816742,-0.286,0.000,0.176,0,0
D,816747,-0.264,0.000,0.264,0,0
D,816752,-0.286,0.000,0.176,0,0
D,816758,-0.330,0.000,0.176,0,0
D,816763,-0.286,0.000,0.176,0,0
D,816768,-0.308,0.000,0.264,0,0
D,816774,-0.374,0.000,0.176,0,0
D,816779,-0.352,0.000,0.264,0,0
D,816784,-0.374,0.000,0.176,0,0
D,816790,-0.374,0.000,0.176,0,0
D,816795,-0.374,0.000,0.264,0,0
D,816800,-0.396,0.000,0.176,0,0
D,816806,-0.396,0.000,0.176,0,0
D,816811,-0.396,0.000,0.176,0,0
D,816817,-0.439,0.000,0.264,0,0
D,816822,-0.439,0.000,0.176,0,0
D,816827,-0.396,0.000,0.264,0,0
D,816833,-0.461,0.000,0.264,0,0
D,816838,-0.396,0.000,0.176,0,0
D,816843,-0.417,0.000,0.264,0,0
D,816849,-0.374,0.000,0.176,0,0
D,816854,-0.396,0.000,0.264,0,0
D,816859,-0.417,0.000,0.176,0,0
D,816865,-0.308,0.000,0.264,0,0
D,816870,-0.374,0.000,0.176,0,0
D,816875,-0.330,0.000,0.176,0,0
D,816881,-0.308,0.000,0.176,0,0
D,816886,-0.330,0.000,0.264,0,0
D,816891,-0.330,0.000,0.264,0,0
D,816897,-0.308,0.000,0.176,0,0
D,816902,-0.198,0.000,0.176,0,0
D,816907,-0.242,0.000,0.264,0,0
D,816913,-0.264,0.000,0.176,0,0
D,816918,-0.264,0.000,0.176,0,0
D,816923,-0.198,0.000,0.264,0,0
D,816929,-0.154,0.000,0.176,0,0
D,816934,-0.176,0.000,0.176,0,0
D,816939,-0.066,0.000,0.264,0,0
D,816945,-0.066,0.000,0.176,0,0
D,816950,-0.132,0.000,0.176,0,0
D,816955,-0.154,0.000,0.176,0,0
D,816961,-0.110,0.000,0.176,0,0
D,816966,-0.022,0.000,0.264,0,0
D,816972,0.022,0.000,0.176,0,0
D,816977,0.022,0.000,0.264,0,0
D,816982,0.044,0.000,0.176,0,0
D,816988,0.044,0.000,0.176,0,0
D,816993,0.154,0.000,0.264,0,0
D,816998,0.088,0.000,0.264,0,0
D,817004,0.132,0.000,0.264,0,0
D,817009,0.154,0.000,0.176,0,0
D,817014,0.198,0.000,0.176,0,0
D,817020,0.220,0.000,0.176,0,0
D,817025,0.242,0.000,0.264,0,0
D,817030,0.220,0.000,0.264,0,0
D,817036,0.308,0.000,0.264,0,0
D,817041,0.330,0.000,0.176,0,0
D,817046,0.352,0.000,0.264,0,0
D,817052,0.330,0.000,0.176,0,0
D,817057,0.352,0.000,0.264,0,0
D,817062,0.352,0.000,0.264,0,0
D,817068,0.396,0.000,0.264,0,0
D,817073,0.417,0.000,0.264,0,0
D,817078,0.439,0.000,0.264,0,0
D,817084,0.461,0.000,0.176,0,0
D,817089,0.505,0.000,0.176,0,0
D,817094,0.483,0.000,0.264,0,0
D,817100,0.549,0.000,0.176,0,0
D,817105,0.615,0.000,0.176,0,0
D,817110,0.505,0.000,0.264,0,0
D,817116,0.527,0.000,0.264,0,0
D,817121,0.615,0.000,0.264,0,0
D,817127,0.593,0.000,0.264,0,0
D,817132,0.593,0.000,0.264,0,0
D,817137,0.593,0.000,0.264,0,0
D,817143,0.637,0.000,0.264,0,0
D,817148,0.571,0.000,0.264,0,0
D,817153,0.659,0.000,0.176,0,0
D,817159,0.659,0.000,0.264,0,0
D,817164,0.637,0.000,0.176,0,0
D,817169,0.593,0.000,0.264,0,0
D,817175,0.659,0.000,0.176,0,0
D,817180,0.637,0.000,0.176,0,0
D,817185,0.703,0.000,0.176,0,0
D,817191,0.681,0.000,0.264,0,0
D,817196,0.703,0.000,0.264,0,0
D,817201,0.703,0.000,0.264,0,0
D,817207,0.747,0.000,0.176,0,0
D,817212,0.681,0.000,0.264,0,0
D,817217,0.703,0.000,0.176,0,0
D,817223,0.681,0.000,0.264,0,0
D,817228,0.769,0.000,0.264,0,0
D,817233,0.747,0.000,0.264,0,0
D,817239,0.813,0.000,0.264,0,0
D,817244,0.747,0.000,0.264,0,0
D,817249,0.769,0.000,0.264,0,0
D,817255,0.791,0.000,0.176,0,0
D,817260,0.813,0.000,0.264,0,0
D,817265,0.791,0.000,0.176,0,0
D,817271,0.769,0.000,0.264,0,0
D,817276,0.769,0.000,0.264,0,0
D,817282,0.725,0.000,0.264,0,0
D,817287,0.791,0.000,0.264,0,0
D,817292,0.835,0.000,0.264,0,0
D,817298,0.703,0.000,0.264,0,0
D,817303,0.725,0.000,0.264,0,0
D,817308,0.659,0.000,0.264,0,0
D,817314,0.703,0.000,0.264,0,0
D,817319,0.703,0.000,0.264,0,0
D,817324,0.659,0.000,0.176,0,0
D,817330,0.703,0.000,0.264,0,0
D,817335,0.637,0.000,0.176,0,0
D,817340,0.593,0.000,0.264,0,0
D,817346,0.549,0.000,0.264,0,0
D,817351,0.549,0.000,0.264,0,0
D,817356,0.593,0.000,0.176,0,0
D,817362,0.571,0.000,0.264,0,0
D,817367,0.527,0.000,0.264,0,0
D,817372,0.505,0.000,0.264,0,0
D,817378,0.505,0.000,0.176,0,0
D,817383,0.483,0.000,0.264,0,0
D,817388,0.396,0.000,0.264,0,0
D,817394,0.483,0.000,0.264,0,0
D,817399,0.439,0.000,0.264,0,0
D,817404,0.439,0.000,0.176,0,0
D,817410,0.374,0.000,0.264,0,0
D,817415,0.352,0.000,0.176,0,0
D,817420,0.417,0.000,0.264,0,0
D,817426,0.330,0.000,0.264,0,0
D,817431,0.264,0.000,0.264,0,0
D,817437,0.352,0.000,0.264,0,0
D,817442,0.242,0.000,0.264,0,0
D,817447,0.264,0.000,0.176,0,0
D,817453,0.242,0.000,0.176,0,0
D,817458,0.198,0.000,0.264,0,0
D,817463,0.198,0.000,0.264,0,0
D,817469,0.110,0.000,0.176,0,0
D,817474,0.154,0.000,0.264,0,0
D,817479,0.044,0.000,0.176,0,0
D,817485,0.088,0.000,0.176,0,0
D,817490,0.000,0.000,0.176,0,0
D,817495,0.000,0.000,0.264,0,0
D,817501,0.044,0.000,0.264,0,0
D,817506,0.000,0.000,0.264,0,0
D,817511,-0.044,0.000,0.264,0,0
D,817517,-0.110,0.000,0.264,0,0
D,817522,-0.154,0.000,0.264,0,0
D,817527,-0.198,0.000,0.264,0,0
D,817533,-0.176,0.000,0.176,0,0
D,817538,-0.198,0.000,0.176,0,0
D,817543,-0.220,0.000,0.264,0,0
D,817549,-0.220,0.000,0.264,0,0
D,817554,-0.308,0.000,0.264,0,0
D,817559,-0.308,0.000,0.176,0,0
D,817565,-0.308,0.000,0.176,0,0
D,817570,-0.352,0.000,0.264,0,0
D,817575,-0.330,0.000,0.264,0,0
D,817581,-0.374,0.000,0.264,0,0
D,817586,-0.417,0.000,0.264,0,0
D,817592,-0.417,0.000,0.264,0,0
D,817597,-0.483,0.000,0.264,0,0
D,817602,-0.505,0.000,0.264,0,0
D,817608,-0.549,0.000,0.264,0,0
D,817613,-0.527,0.000,0.176,0,0
D,817618,-0.571,0.000,0.264,0,0
D,817624,-0.505,0.000,0.264,0,0
D,817629,-0.571,0.000,0.176,0,0
D,817634,-0.593,0.000,0.264,0,0
D,817640,-0.615,0.000,0.264,0,0
D,817645,-0.637,0.000,0.264,0,0
D,817650,-0.659,0.000,0.264,0,0
D,817656,-0.703,0.000,0.264,0,0
D,817661,-0.703,0.000,0.176,0,0
D,817666,-0.615,0.000,0.264,0,0
D,817672,-0.791,0.000,0.264,0,0
D,817677,-0.747,0.000,0.264,0,0
D,817682,-0.791,0.000,0.264,0,0
D,817688,-0.835,0.000,0.264,0,0
D,817693,-0.769,0.000,0.176,0,0
D,817698,-0.879,0.000,0.264,0,0
D,817704,-0.857,0.000,0.264,0,0
D,817709,-0.901,0.000,0.264,0,0
D,817714,-0.923,0.000,0.176,0,0
D,817720,-0.967,0.000,0.264,0,0
D,817725,-0.989,0.000,0.176,0,0
D,817730,-1.077,0.000,0.264,0,0
D,817736,-1.033,0.000,0.264,0,0
D,817741,-1.077,0.000,0.264,0,0
D,817747,-1.033,0.000,0.176,0,0
D,817752,-1.121,0.000,0.264,0,0
D,817757,-1.121,0.000,0.264,0,0
D,817763,-1.165,0.000,0.264,0,0
D,817768,-1.165,0.000,0.264,0,0
D,817773,-1.187,0.000,0.264,0,0
D,817779,-1.252,0.000,0.264,0,0
D,817784,-1.318,0.000,0.264,0,0
D,817789,-1.340,0.000,0.176,0,0
D,817795,-1.406,0.000,0.264,0,0
D,817800,-1.318,0.000,0.264,0,0
D,817805,-1.450,0.000,0.264,0,0
D,817811,-1.472,0.000,0.264,0,0
D,817816,-1.516,0.000,0.264,0,0
D,817821,-1.494,0.000,0.264,0,0
D,817827,-1.516,0.000,0.264,0,0
D,817832,-1.604,0.000,0.264,0,0
D,817837,-1.604,0.000,0.176,0,0
D,817843,-1.648,0.000,0.264,0,0
D,817848,-1.692,0.000,0.264,0,0
D,817853,-1.758,0.000,0.264,0,0
D,817859,-1.692,0.000,0.264,0,0
D,817864,-1.758,0.000,0.264,0,0
D,817869,-1.824,0.000,0.264,0,0
D,817875,-1.824,0.000,0.264,0,0
D,817880,-1.868,0.000,0.264,0,0
D,817886,-1.934,0.000,0.264,0,0
D,817891,-1.912,0.000,0.264,0,0
D,817896,-1.956,0.000,0.264,0,0
D,817902,-2.000,0.000,0.264,0,0
D,817907,-2.065,0.000,0.264,0,0
D,817912,-2.087,0.000,0.264,0,0
D,817918,-2.109,0.000,0.264,0,0
D,817923,-2.197,0.000,0.264,0,0
D,817928,-2.263,0.000,0.264,0,0
D,817934,-2.175,0.000,0.264,0,0
D,817939,-2.263,0.000,0.264,0,0
D,817944,-2.285,0.000,0.264,0,0
D,817950,-2.373,0.000,0.264,0,0
D,817955,-2.373,0.000,0.264,0,0
D,817960,-2.395,0.000,0.264,0,0
D,817966,-2.439,0.000,0.264,0,0
D,817971,-2.549,0.000,0.264,0,0
D,817976,-2.549,0.000,0.264,0,0
D,817982,-2.593,0.000,0.264,0,0
D,817987,-2.571,0.000,0.264,0,0
D,817992,-2.637,0.000,0.264,0,0
D,817998,-2.659,0.000,0.264,0,0
D,818003,-2.681,0.000,0.264,0,0
D,818008,-2.681,0.000,0.264,0,0
D,818014,-2.725,0.000,0.264,0,0
D,818019,-2.725,0.000,0.264,0,0
D,818025,-2.769,0.000,0.264,0,0
D,818030,-2.791,0.000,0.264,0,0
D,818035,-2.769,0.000,0.264,0,0
D,818041,-2.769,0.000,0.264,0,0
D,818046,-2.791,0.000,0.264,0,0
D,818051,-2.791,0.000,0.264,0,0
D,818057,-2.813,0.000,0.264,0,0
D,818062,-2.813,0.000,0.264,0,0
D,818067,-2.856,0.000,0.264,0,0
D,818073,-2.856,0.000,0.264,0,0
D,818078,-2.922,0.000,0.264,0,0
D,818083,-2.834,0.000,0.264,0,0
D,818089,-2.856,0.000,0.264,0,0
D,818094,-2.922,0.000,0.264,0,0
D,818099,-2.922,0.000,0.264,0,0
D,818105,-2.922,0.000,0.264,0,0
D,818110,-2.878,0.000,0.264,0,0
D,818115,-2.966,0.000,0.264,0,0
D,818121,-2.966,0.000,0.264,0,0
D,818126,-2.922,0.000,0.264,0,0
D,818131,-2.966,0.000,0.264,0,0
D,818137,-3.010,0.000,0.264,0,0
D,818142,-3.032,0.000,0.264,0,0
D,818147,-2.966,0.000,0.264,0,0
D,818153,-3.098,0.000,0.264,0,0
D,818158,-3.076,0.000,0.264,0,0
D,818164,-3.142,0.000,0.264,0,0
D,818169,-3.142,0.000,0.264,0,0
D,818174,-3.142,0.000,0.264,0,0
D,818180,-3.076,0.000,0.264,0,0
D,818185,-3.120,0.000,0.264,0,0
D,818190,-3.076,0.000,0.264,0,0
D,818196,-3.142,0.000,0.264,0,0
D,818201,-3.164,0.000,0.264,0,0
D,818206,-3.098,0.000,0.264,0,0
D,818212,-3.164,0.000,0.264,0,0
D,818217,-3.120,0.000,0.264,0,0
D,818222,-3.186,0.000,0.264,0,0
D,818228,-3.186,0.000,0.264,0,0
D,818233,-3.164,0.000,0.264,0,0
D,818238,-3.142,0.000,0.264,0,0
D,818244,-3.098,0.000,0.264,0,0
D,818249,-3.164,0.000,0.264,0,0
D,818254,-3.164,0.000,0.264,0,0
D,818260,-3.164,0.000,0.264,0,0
D,818265,-3.120,0.000,0.264,0,0
D,818270,-3.076,0.000,0.264,0,0
D,818276,-3.120,0.000,0.264,0,0
D,818281,-2.988,0.000,0.264,0,0
D,818286,-3.076,0.000,0.264,0,0
D,818292,-3.010,0.000,0.264,0,0
D,818297,-3.076,0.000,0.264,0,0
D,818303,-3.010,0.000,0.264,0,0
D,818308,-2.988,0.000,0.264,0,0
D,818313,-2.988,0.000,0.264,0,0
D,818319,-3.010,0.000,0.264,0,0
D,818324,-2.900,0.000,0.264,0,0
D,818329,-2.878,0.000,0.264,0,0
D,818335,-2.900,0.000,0.264,0,0
D,818340,-2.878,0.000,0.264,0,0
D,818345,-2.922,0.000,0.264,0,0
D,818351,-2.769,0.000,0.264,0,0
D,818356,-2.856,0.000,0.264,0,0
D,818361,-2.813,0.000,0.264,0,0
D,818367,-2.791,0.000,0.264,0,0
D,818372,-2.725,0.000,0.264,0,0
D,818377,-2.725,0.000,0.264,0,0
D,818383,-2.681,0.000,0.264,0,0
D,818388,-2.703,0.000,0.264,0,0
D,818393,-2.703,0.000,0.264,0,0
D,818399,-2.659,0.000,0.264,0,0
D,818404,-2.703,0.000,0.264,0,0
D,818409,-2.681,0.000,0.264,0,0
D,818415,-2.659,0.000,0.264,0,0
D,818420,-2.615,0.000,0.264,0,0
D,818425,-2.681,0.000,0.264,0,0
D,818431,-2.637,0.000,0.264,0,0
D,818436,-2.681,0.000,0.264,0,0
D,818441,-2.659,0.000,0.264,0,0
D,818447,-2.637,0.000,0.264,0,0
D,818452,-2.637,0.000,0.264,0,0
D,818458,-2.637,0.000,0.264,0,0
D,818463,-2.571,0.000,0.264,0,0
D,818468,-2.681,0.000,0.264,0,0
D,818474,-2.593,0.000,0.264,0,0
D,818479,-2.637,0.000,0.264,0,0
D,818484,-2.659,0.000,0.264,0,0
D,818490,-2.593,0.000,0.264,0,0
D,818495,-2.549,0.000,0.264,0,0
D,818500,-2.637,0.000,0.264,0,0
D,818506,-2.637,0.000,0.264,0,0
D,818511,-2.637,0.000,0.264,0,0
D,818516,-2.703,0.000,0.352,0,0
D,818522,-2.659,0.000,0.352,0,0
D,818527,-2.681,0.000,0.352,0,0
D,818532,-2.681,0.000,0.352,0,0
D,818538,-2.659,0.000,0.352,0,0
D,818543,-2.637,0.000,0.352,0,0
D,818548,-2.637,0.000,0.352,0,0
D,818554,-2.659,0.000,0.352,0,0
D,818559,-2.747,0.000,0.352,0,0
D,818564,-2.725,0.000,0.352,0,0
D,818570,-2.725,0.000,0.352,0,0
D,818575,-2.747,0.000,0.352,0,0
D,818580,-2.747,0.000,0.352,0,0
D,818586,-2.856,0.000,0.264,0,0
D,818591,-2.769,0.000,0.352,0,0
D,818597,-2.834,0.000,0.352,0,0
D,818602,-2.922,0.000,0.264,0,0
D,818607,-2.922,0.000,0.352,0,0
D,818613,-2.966,0.000,0.352,0,0
D,818618,-3.054,0.000,0.352,0,0
D,818623,-3.076,0.000,0.352,0,0
D,818629,-3.032,0.000,0.352,0,0
D,818634,-3.120,0.000,0.352,0,0
D,818639,-3.120,0.000,0.352,0,0
D,818645,-3.164,0.000,0.352,0,0
D,818650,-3.164,0.000,0.352,0,0
D,818655,-3.296,0.000,0.352,0,0
D,818661,-3.274,0.000,0.352,0,0
D,818666,-3.340,0.000,0.352,0,0
D,818671,-3.450,0.000,0.352,0,0
D,818677,-3.472,0.000,0.352,0,0
D,818682,-3.494,0.000,0.352,0,0
D,818687,-3.538,0.000,0.264,0,0
D,818693,-3.582,0.000,0.352,0,0
D,818698,-3.691,0.000,0.352,0,0
D,818703,-3.757,0.000,0.352,0,0
D,818709,-3.801,0.000,0.352,0,0
D,818714,-3.845,0.000,0.352,0,0
D,818719,-3.977,0.000,0.352,0,0
D,818725,-4.065,0.000,0.352,0,0
D,818730,-4.021,0.000,0.352,0,0
D,818736,-4.131,0.000,0.352,0,0
D,818741,-4.175,0.000,0.352,0,0
D,818746,-4.241,0.000,0.352,0,0
D,818752,-4.307,0.000,0.352,0,0
D,818757,-4.307,0.000,0.352,0,0
D,818762,-4.373,0.000,0.352,0,0
D,818768,-4.373,0.000,0.264,0,0
D,818773,-4.460,0.000,0.352,0,0
D,818778,-4.526,0.000,0.352,0,0
D,818784,-4.592,0.000,0.352,0,0
D,818789,-4.570,0.000,0.352,0,0
D,818794,-4.658,0.000,0.352,0,0
D,818800,-4.614,0.000,0.352,0,0
D,818805,-4.658,0.000,0.352,0,0
D,818810,-4.680,0.000,0.352,0,0
D,818816,-4.790,0.000,0.352,0,0
D,818821,-4.790,0.000,0.352,0,0
D,818826,-4.900,0.000,0.352,0,0
D,818832,-4.944,0.000,0.352,0,0
D,818837,-4.944,0.000,0.352,0,0
D,818842,-4.988,0.000,0.352,0,0
D,818848,-4.988,0.000,0.352,0,0
D,818853,-5.076,0.000,0.352,0,0
D,818858,-5.142,0.000,0.352,0,0
D,818864,-5.229,0.000,0.352,0,0
D,818869,-5.120,0.000,0.352,0,0
D,818875,-5.208,0.000,0.352,0,0
D,818880,-5.251,0.000,0.352,0,0
D,818885,-5.317,0.000,0.352,0,0
D,818891,-5.361,0.000,0.352,0,0
D,818896,-5.449,0.000,0.352,0,0
D,818901,-5.471,0.000,0.352,0,0
D,818907,-5.427,0.000,0.352,0,0
D,818912,-5.515,0.000,0.352,0,0
D,818917,-5.515,0.000,0.352,0,0
D,818923,-5.537,0.000,0.352,0,0
D,818928,-5.537,0.000,0.352,0,0
D,818933,-5.581,0.000,0.352,0,0
D,818939,-5.603,0.000,0.352,0,0
D,818944,-5.603,0.000,0.352,0,0
D,818949,-5.669,0.000,0.352,0,0
D,818955,-5.603,0.000,0.352,0,0
D,818960,-5.625,0.000,0.352,0,0
D,818965,-5.647,0.000,0.352,0,0
D,818971,-5.669,0.000,0.352,0,0
D,818976,-5.647,0.000,0.352,0,0
D,818981,-5.647,0.000,0.352,0,0
D,818987,-5.691,0.000,0.352,0,0
D,818992,-5.625,0.000,0.352,0,0
D,818997,-5.581,0.000,0.352,0,0
D,819003,-5.581,0.000,0.352,0,0
D,819008,-5.603,0.000,0.352,0,0
D,819013,-5.603,0.000,0.352,0,0
D,819019,-5.625,0.000,0.352,0,0
D,819024,-5.603,0.000,0.352,0,0
D,819030,-5.559,0.000,0.352,0,0
D,819035,-5.537,0.000,0.352,0,0
D,819040,-5.493,0.000,0.352,0,0
D,819046,-5.515,0.000,0.352,0,0
D,819051,-5.427,0.000,0.352,0,0
D,819056,-5.427,0.000,0.352,0,0
D,819062,-5.449,0.000,0.439,0,0
D,819067,-5.361,0.000,0.352,0,0
D,819072,-5.471,0.000,0.439,0,0
D,819078,-5.405,0.000,0.439,0,0
D,819083,-5.427,0.000,0.352,0,0
D,819088,-5.361,0.000,0.439,0,0
D,819094,-5.427,0.000,0.439,0,0
D,819099,-5.339,0.000,0.439,0,0
D,819104,-5.361,0.000,0.439,0,0
D,819110,-5.295,0.000,0.439,0,0
D,819115,-5.317,0.000,0.439,0,0
D,819120,-5.361,0.000,0.439,0,0
D,819126,-5.405,0.000,0.439,0,0
D,819131,-5.383,0.000,0.439,0,0
D,819136,-5.339,0.000,0.439,0,0
D,819142,-5.383,0.000,0.439,0,0
D,819147,-5.427,0.000,0.439,0,0
D,819152,-5.317,0.000,0.439,0,0
D,819158,-5.339,0.000,0.439,0,0
D,819163,-5.361,0.000,0.439,0,0
D,819169,-5.317,0.000,0.439,0,0
D,819174,-5.383,0.000,0.439,0,0
D,819179,-5.383,0.000,0.439,0,0
D,819185,-5.383,0.000,0.439,0,0
D,819190,-5.339,0.000,0.439,0,0
D,819195,-5.317,0.000,0.439,0,0
D,819201,-5.361,0.000,0.439,0,0
D,819206,-5.273,0.000,0.439,0,0
D,819211,-5.317,0.000,0.439,0,0
D,819217,-5.295,0.000,0.439,0,0
D,819222,-5.339,0.000,0.439,0,0
D,819227,-5.229,0.000,0.439,0,0
D,819233,-5.186,0.000,0.439,0,0
D,819238,-5.229,0.000,0.439,0,0
D,819243,-5.120,0.000,0.439,0,0
D,819249,-5.142,0.000,0.439,0,0
D,819254,-5.142,0.000,0.439,0,0
D,819259,-5.032,0.000,0.439,0,0
D,819265,-4.988,0.000,0.439,0,0
D,819270,-4.966,0.000,0.439,0,0
D,819275,-4.900,0.000,0.439,0,0
D,819281,-4.878,0.000,0.439,0,0
D,819286,-4.834,0.000,0.439,0,0
D,819291,-4.724,0.000,0.439,0,0
D,819297,-4.702,0.000,0.439,0,0
D,819302,-4.680,0.000,0.439,0,0
D,819308,-4.592,0.000,0.439,0,0
D,819313,-4.548,0.000,0.439,0,0
D,819318,-4.460,0.000,0.439,0,0
D,819324,-4.482,0.000,0.439,0,0
D,819329,-4.438,0.000,0.439,0,0
D,819334,-4.219,0.000,0.439,0,0
D,819340,-4.219,0.000,0.439,0,0
D,819345,-4.175,0.000,0.439,0,0
D,819350,-4.087,0.000,0.439,0,0
D,819356,-4.153,0.000,0.439,0,0
D,819361,-4.043,0.000,0.439,0,0
D,819366,-3.977,0.000,0.439,0,0
D,819372,-3.933,0.000,0.439,0,0
D,819377,-3.933,0.000,0.439,0,0
D,819382,-3.845,0.000,0.439,0,0
D,819388,-3.757,0.000,0.439,0,0
D,819393,-3.735,0.000,0.439,0,0
D,819398,-3.713,0.000,0.439,0,0
D,819404,-3.647,0.000,0.439,0,0
D,819409,-3.625,0.000,0.439,0,0
D,819414,-3.560,0.000,0.439,0,0
D,819420,-3.538,0.000,0.439,0,0
D,819425,-3.450,0.000,0.439,0,0
D,819430,-3.450,0.000,0.439,0,0
D,819436,-3.340,0.000,0.439,0,0
D,819441,-3.340,0.000,0.439,0,0
D,819447,-3.318,0.000,0.439,0,0
D,819452,-3.340,0.000,0.439,0,0
D,819457,-3.186,0.000,0.439,0,0
D,819463,-3.230,0.000,0.439,0,0
D,819468,-3.186,0.000,0.439,0,0
D,819473,-3.186,0.000,0.352,0,0
D,819479,-3.076,0.000,0.439,0,0
D,819484,-3.098,0.000,0.439,0,0
D,819489,-3.120,0.000,0.439,0,0
D,819495,-3.054,0.000,0.439,0,0
D,819500,-3.032,0.000,0.439,0,0
D,819505,-3.054,0.000,0.439,0,0
D,819511,-2.944,0.000,0.439,0,0
D,819516,-2.966,0.000,0.439,0,0
D,819521,-3.032,0.000,0.439,0,0
D,819527,-2.944,0.000,0.439,0,0
D,819532,-2.856,0.000,0.439,0,0
D,819537,-2.856,0.000,0.439,0,0
D,819543,-2.900,0.000,0.439,0,0
D,819548,-2.791,0.000,0.439,0,0
D,819553,-2.834,0.000,0.439,0,0
D,819559,-2.856,0.000,0.439,0,0
D,819564,-2.813,0.000,0.439,0,0
D,819569,-2.769,0.000,0.439,0,0
D,819575,-2.834,0.000,0.439,0,0
D,819580,-2.747,0.000,0.439,0,0
D,819586,-2.769,0.000,0.439,0,0
D,819591,-2.791,0.000,0.439,0,0
D,819596,-2.703,0.000,0.439,0,0
D,819602,-2.615,0.000,0.439,0,0
D,819607,-2.593,0.000,0.439,0,0
D,819612,-2.637,0.000,0.439,0,0
D,819618,-2.659,0.000,0.439,0,0
D,819623,-2.659,0.000,0.439,0,0
D,819628,-2.703,0.000,0.439,0,0
D,819634,-2.615,0.000,0.439,0,0
D,819639,-2.681,0.000,0.439,0,0
D,819644,-2.615,0.000,0.439,0,0
D,819650,-2.681,0.000,0.439,0,0
D,819655,-2.703,0.000,0.439,0,0
D,819660,-2.637,0.000,0.439,0,0
D,819666,-2.637,0.000,0.439,0,0
D,819671,-2.681,0.000,0.439,0,0
D,819676,-2.681,0.000,0.439,0,0
D,819682,-2.725,0.000,0.439,0,0
D,819687,-2.725,0.000,0.439,0,0
D,819692,-2.747,0.000,0.439,0,0
D,819698,-2.813,0.000,0.439,0,0
D,819703,-2.813,0.000,0.439,0,0
D,819708,-2.856,0.000,0.439,0,0
D,819714,-2.834,0.000,0.439,0,0
D,819719,-2.878,0.000,0.439,0,0
D,819725,-2.878,0.000,0.439,0,0
D,819730,-2.944,0.000,0.439,0,0
D,819735,-3.010,0.000,0.439,0,0
D,819741,-3.032,0.000,0.439,0,0
D,819746,-3.010,0.000,0.439,0,0
D,819751,-3.032,0.000,0.439,0,0
D,819757,-3.164,0.000,0.439,0,0
D,819762,-3.164,0.000,0.439,0,0
D,819767,-3.230,0.000,0.439,0,0
D,819773,-3.252,0.000,0.439,0,0
D,819778,-3.274,0.000,0.439,0,0
D,819783,-3.318,0.000,0.439,0,0
D,819789,-3.340,0.000,0.439,0,0
D,819794,-3.428,0.000,0.439,0,0
D,819799,-3.428,0.000,0.439,0,0
D,819805,-3.472,0.000,0.352,0,0
D,819810,-3.582,0.000,0.439,0,0
D,819815,-3.472,0.000,0.439,0,0
D,819821,-3.516,0.000,0.439,0,0
D,819826,-3.516,0.000,0.439,0,0
D,819831,-3.516,0.000,0.439,0,0
D,819837,-3.582,0.000,0.439,0,0
D,819842,-3.516,0.000,0.439,0,0
D,819847,-3.604,0.000,0.439,0,0
D,819853,-3.582,0.000,0.439,0,0
D,819858,-3.538,0.000,0.439,0,0
D,819864,-3.582,0.000,0.439,0,0
D,819869,-3.604,0.000,0.439,0,0
D,819874,-3.538,0.000,0.439,0,0
D,819880,-3.560,0.000,0.439,0,0
D,819885,-3.538,0.000,0.439,0,0
D,819890,-3.494,0.000,0.439,0,0
D,819896,-3.472,0.000,0.439,0,0
D,819901,-3.494,0.000,0.439,0,0
D,819906,-3.472,0.000,0.439,0,0
D,819912,-3.516,0.000,0.439,0,0
D,819917,-3.450,0.000,0.439,0,0
D,819922,-3.406,0.000,0.439,0,0
D,819928,-3.318,0.000,0.439,0,0
D,819933,-3.340,0.000,0.352,0,0
D,819938,-3.384,0.000,0.439,0,0
D,819944,-3.362,0.000,0.439,0,0
D,819949,-3.340,0.000,0.439,0,0
D,819954,-3.318,0.000,0.439,0,0
D,819960,-3.340,0.000,0.352,0,0
D,819965,-3.274,0.000,0.439,0,0
D,819970,-3.252,0.000,0.439,0,0
D,819976,-3.230,0.000,0.439,0,0
D,819981,-3.230,0.000,0.439,0,0
D,819986,-3.296,0.000,0.439,0,0
D,819992,-3.296,0.000,0.439,0,0
D,819997,-3.230,0.000,0.439,0,0
D,820003,-3.230,0.000,0.439,0,0
D,820008,-3.252,0.000,0.439,0,0
D,820013,-3.274,0.000,0.439,0,0
D,820019,-3.274,0.000,0.439,0,0
D,820024,-3.230,0.000,0.439,0,0
D,820029,-3.296,0.000,0.439,0,0
D,820035,-3.230,0.000,0.439,0,0
D,820040,-3.186,0.000,0.439,0,0
D,820045,-3.208,0.000,0.439,0,0
D,820051,-3.230,0.000,0.439,0,0
D,820056,-3.164,0.000,0.439,0,0
D,820061,-3.164,0.000,0.439,0,0
D,820067,-3.142,0.000,0.439,0,0
D,820072,-3.076,0.000,0.439,0,0
D,820077,-3.120,0.000,0.439,0,0
D,820083,-3.142,0.000,0.439,0,0
D,820088,-3.120,0.000,0.439,0,0
D,820093,-3.010,0.000,0.439,0,0
D,820099,-3.032,0.000,0.439,0,0
D,820104,-2.988,0.000,0.439,0,0
D,820109,-3.032,0.000,0.439,0,0
D,820115,-3.010,0.000,0.352,0,0
D,820120,-2.944,0.000,0.439,0,0
D,820125,-2.834,0.000,0.439,0,0
D,820131,-2.900,0.000,0.439,0,0
D,820136,-2.834,0.000,0.439,0,0
D,820141,-2.725,0.000,0.439,0,0
D,820147,-2.747,0.000,0.439,0,0
D,820152,-2.725,0.000,0.439,0,0
D,820158,-2.659,0.000,0.439,0,0
D,820163,-2.615,0.000,0.439,0,0
D,820168,-2.593,0.000,0.439,0,0
D,820174,-2.483,0.000,0.439,0,0
D,820179,-2.483,0.000,0.439,0,0
D,820184,-2.483,0.000,0.439,0,0
D,820190,-2.461,0.000,0.439,0,0
D,820195,-2.461,0.000,0.439,0,0
D,820200,-2.395,0.000,0.439,0,0
D,820206,-2.417,0.000,0.439,0,0
D,820211,-2.329,0.000,0.439,0,0
D,820216,-2.307,0.000,0.439,0,0
D,820222,-2.263,0.000,0.439,0,0
D,820227,-2.263,0.000,0.439,0,0
D,820232,-2.241,0.000,0.439,0,0
D,820238,-2.241,0.000,0.439,0,0
D,820243,-2.241,0.000,0.352,0,0
D,820248,-2.109,0.000,0.439,0,0
D,820254,-2.131,0.000,0.439,0,0
D,820259,-2.175,0.000,0.352,0,0
D,820264,-2.153,0.000,0.439,0,0
D,820270,-2.197,0.000,0.439,0,0
D,820275,-2.219,0.000,0.439,0,0
D,820280,-2.175,0.000,0.439,0,0
D,820286,-2.197,0.000,0.439,0,0
D,820291,-2.197,0.000,0.352,0,0
D,820297,-2.241,0.000,0.439,0,0
D,820302,-2.285,0.000,0.439,0,0
D,820307,-2.263,0.000,0.439,0,0
D,820313,-2.285,0.000,0.439,0,0
D,820318,-2.351,0.000,0.439,0,0
D,820323,-2.307,0.000,0.439,0,0
D,820329,-2.395,0.000,0.439,0,0
D,820334,-2.417,0.000,0.439,0,0
D,820339,-2.461,0.000,0.439,0,0
D,820345,-2.439,0.000,0.439,0,0
D,820350,-2.505,0.000,0.439,0,0
D,820355,-2.505,0.000,0.439,0,0
D,820361,-2.549,0.000,0.439,0,0
D,820366,-2.549,0.000,0.439,0,0
D,820371,-2.659,0.000,0.439,0,0
D,820377,-2.593,0.000,0.439,0,0
D,820382,-2.659,0.000,0.439,0,0
D,820387,-2.637,0.000,0.439,0,0
D,820393,-2.725,0.000,0.439,0,0
D,820398,-2.681,0.000,0.439,0,0
D,820403,-2.725,0.000,0.439,0,0
D,820409,-2.769,0.000,0.439,0,0
D,820414,-2.725,0.000,0.439,0,0
D,820420,-2.769,0.000,0.439,0,0
D,820425,-2.747,0.000,0.439,0,0
D,820430,-2.878,0.000,0.439,0,0
D,820436,-2.813,0.000,0.439,0,0
D,820441,-2.725,0.000,0.439,0,0
D,820446,-2.834,0.000,0.439,0,0
D,820452,-2.856,0.000,0.439,0,0
D,820457,-2.769,0.000,0.439,0,0
D,820462,-2.834,0.000,0.439,0,0
D,820468,-2.813,0.000,0.439,0,0
D,820473,-2.791,0.000,0.439,0,0
D,820478,-2.769,0.000,0.439,0,0
D,820484,-2.791,0.000,0.439,0,0
D,820489,-2.769,0.000,0.439,0,0
D,820494,-2.813,0.000,0.439,0,0
D,820500,-2.813,0.000,0.439,0,0
D,820505,-2.856,0.000,0.439,0,0
D,820510,-2.878,0.000,0.439,0,0
D,820516,-2.856,0.000,0.439,0,0
D,820521,-2.900,0.000,0.439,0,0
D,820526,-2.922,0.000,0.439,0,0
D,820532,-2.922,0.000,0.439,0,0
D,820537,-2.988,0.000,0.439,0,0
D,820542,-2.988,0.000,0.352,0,0
D,820548,-3.032,0.000,0.439,0,0
D,820553,-3.098,0.000,0.439,0,0
D,820558,-3.098,0.000,0.439,0,0
D,820564,-3.164,0.000,0.439,0,0
D,820569,-3.208,0.000,0.439,0,0
D,820575,-3.186,0.000,0.352,0,0
D,820580,-3.274,0.000,0.439,0,0
D,820585,-3.384,0.000,0.352,0,0
D,820591,-3.318,0.000,0.439,0,0
D,820596,-3.406,0.000,0.439,0,0
D,820601,-3.450,0.000,0.439,0,0
D,820607,-3.494,0.000,0.352,0,0
D,820612,-3.582,0.000,0.439,0,0
D,820617,-3.560,0.000,0.439,0,0
D,820623,-3.604,0.000,0.352,0,0
D,820628,-3.647,0.000,0.439,0,0
D,820633,-3.647,0.000,0.352,0,0
D,820639,-3.669,0.000,0.439,0,0
D,820644,-3.713,0.000,0.439,0,0
D,820649,-3.801,0.000,0.439,0,0
D,820655,-3.801,0.000,0.439,0,0
D,820660,-3.779,0.000,0.352,0,0
D,820665,-3.845,0.000,0.352,0,0
D,820671,-3.889,0.000,0.439,0,0
D,820676,-3.867,0.000,0.439,0,0
D,820681,-3.889,0.000,0.439,0,0
D,820687,-3.911,0.000,0.439,0,0
D,820692,-3.889,0.000,0.439,0,0
D,820697,-3.867,0.000,0.439,0,0
D,820703,-3.889,0.000,0.439,0,0
D,820708,-3.867,0.000,0.439,0,0
D,820714,-3.889,0.000,0.439,0,0
D,820719,-3.933,0.000,0.439,0,0
D,820724,-3.911,0.000,0.439,0,0
D,820730,-3.845,0.000,0.439,0,0
D,820735,-3.823,0.000,0.439,0,0
D,820740,-3.867,0.000,0.439,0,0
D,820746,-3.779,0.000,0.439,0,0
D,820751,-3.801,0.000,0.439,0,0
D,820756,-3.801,0.000,0.439,0,0
D,820762,-3.823,0.000,0.439,0,0
D,820767,-3.867,0.000,0.439,0,0
D,820772,-3.911,0.000,0.439,0,0
D,820778,-3.867,0.000,0.352,0,0
D,820783,-3.933,0.000,0.439,0,0
D,820788,-3.933,0.000,0.439,0,0
D,820794,-3.867,0.000,0.439,0,0
D,820799,-3.955,0.000,0.439,0,0
D,820804,-3.933,0.000,0.439,0,0
D,820810,-3.867,0.000,0.439,0,0
D,820815,-3.955,0.000,0.439,0,0
D,820820,-3.955,0.000,0.439,0,0
D,820826,-3.955,0.000,0.439,0,0
D,820831,-3.955,0.000,0.439,0,0
D,820836,-3.977,0.000,0.439,0,0
D,820842,-3.977,0.000,0.352,0,0
D,820847,-3.977,0.000,0.439,0,0
D,820853,-3.977,0.000,0.439,0,0
D,820858,-4.021,0.000,0.439,0,0
D,820863,-4.021,0.000,0.439,0,0
D,820869,-4.065,0.000,0.439,0,0
D,820874,-4.043,0.000,0.352,0,0
D,820879,-4.065,0.000,0.439,0,0
D,820885,-4.065,0.000,0.439,0,0
D,820890,-4.021,0.000,0.439,0,0
D,820895,-4.087,0.000,0.439,0,0
D,820901,-4.087,0.000,0.439,0,0
D,820906,-4.065,0.000,0.352,0,0
D,820911,-4.065,0.000,0.439,0,0
D,820917,-4.043,0.000,0.439,0,0
D,820922,-4.021,0.000,0.439,0,0
D,820927,-4.021,0.000,0.439,0,0
D,820933,-3.999,0.000,0.439,0,0
D,820938,-3.977,0.000,0.439,0,0
D,820943,-3.955,0.000,0.439,0,0
D,820949,-3.911,0.000,0.352,0,0
D,820954,-3.889,0.000,0.352,0,0
D,820959,-3.911,0.000,0.439,0,0
D,820965,-3.823,0.000,0.352,0,0
D,820970,-3.867,0.000,0.439,0,0
D,820975,-3.757,0.000,0.439,0,0
D,820981,-3.669,0.000,0.439,0,0
D,820986,-3.669,0.000,0.439,0,0
D,820992,-3.604,0.022,0.439,0,0
D,820997,-3.582,0.000,0.439,0,0
D,821002,-3.516,0.022,0.439,0,0
D,821008,-3.516,0.022,0.352,0,0
D,821013,-3.450,0.022,0.439,0,0
D,821018,-3.340,0.022,0.439,0,0
D,821024,-3.362,0.022,0.439,0,0
D,821029,-3.274,0.022,0.439,0,0
D,821034,-3.230,0.022,0.439,0,0
D,821040,-3.164,0.022,0.439,0,0
D,821045,-3.142,0.022,0.439,0,0
D,821050,-3.098,0.022,0.439,0,0
D,821056,-3.032,0.022,0.439,0,0
D,821061,-3.054,0.022,0.439,0,0
D,821066,-3.010,0.022,0.439,0,0
D,821072,-2.922,0.022,0.439,0,0
D,821077,-2.878,0.022,0.439,0,0
D,821082,-2.813,0.022,0.439,0,0
D,821088,-2.834,0.022,0.352,0,0
D,821093,-2.813,0.022,0.439,0,0
D,821098,-2.747,0.022,0.439,0,0
D,821104,-2.725,0.022,0.439,0,0
D,821109,-2.725,0.022,0.439,0,0
D,821115,-2.681,0.022,0.439,0,0
D,821120,-2.637,0.022,0.439,0,0
D,821125,-2.615,0.022,0.352,0,0
D,821131,-2.593,0.022,0.439,0,0
D,821136,-2.571,0.022,0.352,0,0
D,821141,-2.505,0.022,0.439,0,0
D,821147,-2.505,0.022,0.439,0,0
D,821152,-2.395,0.022,0.352,0,0
D,821157,-2.417,0.000,0.439,0,0
D,821163,-2.351,0.000,0.352,0,0
D,821168,-2.395,0.000,0.439,0,0
D,821173,-2.285,0.000,0.439,0,0
D,821179,-2.219,0.000,0.439,0,0
D,821184,-2.153,0.000,0.439,0,0
D,821189,-2.131,0.000,0.439,0,0
D,821195,-2.065,0.000,0.439,0,0
D,821200,-2.043,0.000,0.439,0,0
D,821205,-2.000,0.000,0.439,0,0
D,821211,-1.890,0.000,0.352,0,0
D,821216,-1.824,0.000,0.439,0,0
D,821221,-1.890,-179.978,0.439,0,0
D,821227,-1.780,-179.978,0.439,0,0
D,821232,-7.822,120.059,0.439,0,0
D,821238,-7.690,-119.993,0.439,0,0
D,821243,-1.648,-11.602,0.352,0,0
D,821248,-46.538,-92.900,0.439,0,0
D,821254,-7.163,-119.993,0.439,0,0
D,821259,-1.494,-46.450,0.439,0,0
D,821264,-7.119,-119.993,0.439,0,0
D,821270,-1.318,0.000,0.439,0,0
D,821275,-1.252,0.000,0.352,0,0
D,821280,-1.274,0.000,0.439,0,0
D,821286,-1.165,0.000,0.439,0,0
D,821291,-1.121,0.000,0.439,0,0
D,821296,-1.055,0.000,0.439,0,0
D,821302,-1.033,0.000,0.352,0,0
D,821307,-1.011,0.000,0.439,0,0
D,821312,-0.967,0.000,0.439,0,0
D,821318,-0.945,0.000,0.439,0,0
D,821323,-0.945,0.000,0.439,0,0
D,821328,-0.901,0.000,0.439,0,0
D,821334,-0.923,0.000,0.352,0,0
D,821339,-0.879,0.000,0.439,0,0
D,821344,-0.835,0.000,0.439,0,0
D,821350,-0.901,0.000,0.439,0,0
D,821355,-0.813,0.000,0.352,0,0
D,821361,-0.857,0.000,0.439,0,0
D,821366,-0.879,0.000,0.439,0,0
D,821371,-0.879,0.000,0.439,0,0
D,821377,-0.835,0.000,0.352,0,0
D,821382,-0.813,0.000,0.352,0,0
D,821387,-0.813,0.000,0.439,0,0
D,821393,-0.901,0.000,0.439,0,0
D,821398,-0.857,0.000,0.439,0,0
D,821403,-0.901,0.000,0.439,0,0
D,821409,-0.923,0.000,0.439,0,0
D,821414,-0.901,0.000,0.352,0,0
D,821419,-0.923,0.000,0.439,0,0
D,821425,-0.879,0.000,0.439,0,0
D,821430,-0.989,0.000,0.439,0,0
D,821435,-1.033,0.000,0.352,0,0
D,821441,-1.033,0.000,0.439,0,0
D,821446,-1.033,0.000,0.439,0,0
D,821451,-1.099,0.000,0.439,0,0
D,821457,-1.077,0.000,0.439,0,0
D,821462,-1.033,0.000,0.439,0,0
D,821467,-1.121,0.000,0.439,0,0
D,821473,-1.143,0.000,0.439,0,0
D,821478,-1.143,0.000,0.352,0,0
D,821483,-1.230,0.000,0.439,0,0
D,821489,-1.165,0.000,0.439,0,0
D,821494,-1.230,0.000,0.439,0,0
D,821500,-1.187,0.000,0.439,0,0
D,821505,-1.252,0.000,0.439,0,0
D,821510,-1.252,0.000,0.439,0,0
D,821516,-1.296,0.000,0.439,0,0
D,821521,-1.252,0.000,0.439,0,0
D,821526,-1.318,0.000,0.352,0,0
D,821532,-1.274,0.000,0.439,0,0
D,821537,-1.340,0.000,0.439,0,0
D,821542,-1.340,0.000,0.352,0,0
D,821548,-1.362,0.000,0.439,0,0
D,821553,-1.406,0.000,0.439,0,0
D,821558,-1.428,0.000,0.439,0,0
D,821564,-1.472,0.000,0.439,0,0
D,821569,-1.494,0.000,0.352,0,0
D,821574,-1.494,0.000,0.439,0,0
D,821580,-1.560,0.000,0.439,0,0
D,821585,-1.626,0.000,0.439,0,0
D,821590,-1.604,0.000,0.439,0,0
D,821596,-1.692,0.000,0.439,0,0
D,821601,-1.626,0.000,0.439,0,0
D,821606,-1.714,0.000,0.352,0,0
D,821612,-1.692,0.000,0.439,0,0
D,821617,-1.758,0.000,0.439,0,0
D,821622,-1.824,0.000,0.439,0,0
D,821628,-1.824,0.000,0.439,0,0
D,821633,-1.890,0.000,0.439,0,0
D,821638,-1.956,0.000,0.439,0,0
D,821644,-1.956,0.000,0.439,0,0
D,821649,-2.000,0.000,0.439,0,0
D,821655,-2.043,0.000,0.439,0,0
D,821660,-2.131,0.000,0.439,0,0
D,821665,-2.131,0.000,0.439,0,0
D,821671,-2.153,0.000,0.439,0,0
D,821676,-2.175,0.000,0.352,0,0
D,821681,129.155,117.773,0.352,0,0
D,821687,-4.175,-29.993,0.439,0,0
D,821692,131.177,-46.450,0.439,0,0
D,821697,-2.395,0.000,0.352,0,0
D,821703,-5.361,-46.450,0.439,0,0
D,821708,-2.527,0.000,0.439,0,0
D,821713,177.385,88.813,0.439,0,0
D,821719,130.759,-0.154,0.352,0,0
D,821724,-49.131,-94.746,0.439,0,0
D,821729,129.441,102.876,0.439,0,0
D,821735,132.187,-0.132,0.439,0,0
D,821740,-47.856,51.438,0.352,0,0
D,821745,-2.944,-0.132,0.439,0,0
D,821751,-2.922,102.876,0.352,0,0
D,821756,-48.010,51.460,0.352,0,0
D,821761,-3.076,-179.978,0.439,0,0
D,821767,-3.054,0.000,0.439,0,0
D,821772,-3.032,-135.659,0.439,0,0
D,821778,-3.120,0.000,0.439,0,0
D,821783,-3.186,0.000,0.439,0,0
D,821788,-3.252,0.022,0.352,0,0
D,821794,-3.318,-0.154,0.439,0,0
D,821799,-3.340,0.022,0.439,0,0
D,821804,-3.318,0.000,0.439,0,0
D,821810,-3.384,0.022,0.439,0,0
D,821815,-3.340,0.000,0.439,0,0
D,821820,-3.362,0.000,0.439,0,0
D,821826,-3.340,0.022,0.439,0,0
D,821831,-3.406,-5.603,0.352,0,0
D,821836,-3.428,-2.791,0.439,0,0
D,821842,-3.428,-11.228,0.439,0,0
D,821847,-3.494,0.000,0.439,0,0
D,821852,-3.516,0.022,0.352,0,0
D,821858,-3.494,0.000,0.439,0,0
D,821863,-3.516,0.022,0.352,0,0
D,821868,-3.494,0.176,0.439,0,0
D,821874,-3.494,-0.154,0.439,0,0
D,821879,-3.494,-0.154,0.352,0,0
D,821884,-3.538,0.022,0.439,0,0
D,821890,-3.582,0.088,0.439,0,0
D,821895,-3.604,2.813,0.439,0,0
D,821901,-3.625,0.022,0.439,0,0
D,821906,-3.604,0.000,0.439,0,0
D,821911,-3.647,1.406,0.439,0,0
D,821917,-3.691,0.022,0.439,0,0
D,821922,-3.669,1.384,0.439,0,0
D,821927,-3.647,0.000,0.439,0,0
D,821933,-3.713,0.000,0.439,0,0
D,821938,-3.713,0.022,0.439,0,0
D,821943,-3.735,0.000,0.439,0,0
D,821949,-3.801,0.000,0.352,0,0
D,821954,-3.757,0.000,0.439,0,0
D,821959,-3.735,0.000,0.439,0,0
D,821965,-3.801,0.000,0.439,0,0
D,821970,-3.735,0.000,0.439,0,0
D,821975,-3.779,0.000,0.439,0,0
D,821981,-3.757,0.000,0.439,0,0
D,821986,-3.801,0.000,0.439,0,0
D,821991,-3.801,0.000,0.439,0,0
D,821997,-3.823,0.000,0.439,0,0
D,822002,-3.823,0.000,0.439,0,0
D,822007,-3.845,0.000,0.439,0,0
D,822013,-3.867,0.000,0.439,0,0
D,822018,-3.867,0.000,0.352,0,0
D,822024,-3.867,0.000,0.439,0,0
D,822029,-3.867,0.000,0.439,0,0
D,822034,-3.867,0.000,0.439,0,0
D,822040,-3.889,0.000,0.439,0,0
D,822045,-3.911,0.000,0.439,0,0
D,822050,-3.845,0.000,0.439,0,0
D,822056,-3.889,0.000,0.439,0,0
D,822061,-3.867,0.000,0.439,0,0
D,822066,-3.889,0.000,0.439,0,0
D,822072,-3.867,0.000,0.439,0,0
D,822077,-3.889,0.000,0.439,0,0
D,822082,-3.823,0.000,0.439,0,0
D,822088,-3.867,0.000,0.439,0,0
D,822093,-3.867,0.000,0.439,0,0
D,822098,-3.845,0.000,0.439,0,0
D,822104,-3.889,0.000,0.439,0,0
D,822109,-3.845,0.000,0.439,0,0
D,822114,-3.889,0.000,0.439,0,0
D,822120,-3.889,0.000,0.352,0,0
D,822125,-3.779,0.000,0.439,0,0
D,822130,-3.823,0.000,0.439,0,0
D,822136,-3.823,0.000,0.439,0,0
D,822141,-3.757,0.000,0.352,0,0
D,822146,-3.757,0.000,0.439,0,0
D,822152,-3.801,0.000,0.439,0,0
D,822157,-3.801,0.000,0.439,0,0
D,822162,-3.757,0.000,0.439,0,0
D,822168,-3.779,0.000,0.439,0,0
D,822173,-3.867,0.000,0.439,0,0
D,822179,-3.757,0.000,0.439,0,0
D,822184,-3.757,0.000,0.439,0,0
D,822189,-3.735,0.000,0.439,0,0
D,822195,-3.779,0.000,0.439,0,0
D,822200,-3.801,0.000,0.439,0,0
D,822205,-3.669,0.000,0.439,0,0
D,822211,-3.713,0.000,0.439,0,0
D,822216,-3.669,0.000,0.439,0,0
D,822221,-3.669,0.000,0.439,0,0
D,822227,-3.625,0.000,0.439,0,0
D,822232,-3.669,0.000,0.439,0,0
D,822237,-3.647,0.000,0.439,0,0
D,822243,-3.647,0.000,0.439,0,0
D,822248,-3.560,0.000,0.439,0,0
D,822253,-3.538,0.000,0.439,0,0
D,822259,-3.516,0.000,0.439,0,0
D,822264,-3.538,0.000,0.439,0,0
D,822269,-3.472,0.000,0.439,0,0
D,822275,-3.450,0.000,0.439,0,0
D,822280,-3.406,0.000,0.439,0,0
D,822285,-3.494,0.000,0.439,0,0
D,822291,-3.340,0.000,0.439,0,0
D,822296,-3.362,0.000,0.439,0,0
D,822302,-3.296,0.000,0.439,0,0
D,822307,-3.296,0.000,0.352,0,0
D,822312,-3.230,0.000,0.439,0,0
D,822318,-3.208,0.000,0.439,0,0
D,822323,-3.208,0.000,0.439,0,0
D,822328,-3.186,0.000,0.439,0,0
D,822334,-3.142,0.000,0.439,0,0
D,822339,-3.120,0.000,0.439,0,0
D,822344,-3.098,0.000,0.439,0,0
D,822350,-3.098,0.000,0.439,0,0
D,822355,-3.010,0.000,0.439,0,0
D,822360,-3.076,0.000,0.439,0,0
D,822366,-2.922,0.000,0.439,0,0
D,822371,-2.966,0.000,0.352,0,0
D,822376,-2.856,0.000,0.439,0,0
D,822382,-2.813,0.000,0.439,0,0
D,822387,-2.813,0.000,0.439,0,0
D,822392,-2.703,0.000,0.439,0,0
D,822398,-2.681,0.000,0.352,0,0
D,822403,-2.593,0.000,0.439,0,0
D,822408,-2.615,0.000,0.439,0,0
D,822414,-2.593,0.000,0.439,0,0
D,822419,-2.571,0.000,0.439,0,0
D,822424,-2.505,0.000,0.439,0,0
D,822430,-2.483,0.000,0.439,0,0
D,822435,-2.483,0.000,0.439,0,0
D,822441,-2.483,0.000,0.439,0,0
D,822446,-2.439,0.000,0.439,0,0
D,822451,-2.395,0.000,0.352,0,0
D,822457,-2.417,0.000,0.439,0,0
D,822462,-2.373,0.000,0.439,0,0
D,822467,-2.439,0.000,0.439,0,0
D,822473,-2.351,0.000,0.439,0,0
D,822478,-2.307,0.000,0.439,0,0
D,822483,-2.263,0.000,0.439,0,0
D,822489,-2.263,0.000,0.439,0,0
D,822494,-2.263,0.000,0.439,0,0
D,822499,-2.241,0.000,0.439,0,0
D,822505,-2.197,0.000,0.439,0,0
D,822510,-2.241,0.000,0.439,0,0
D,822515,-2.263,0.000,0.439,0,0
D,822521,-2.175,0.000,0.439,0,0
D,822526,-2.197,0.000,0.439,0,0
D,822531,-2.197,0.000,0.439,0,0
D,822537,-2.087,0.000,0.352,0,0
D,822542,-2.131,0.000,0.439,0,0
D,822547,-2.087,0.000,0.439,0,0
D,822553,-2.109,0.000,0.439,0,0
D,822558,-2.087,0.000,0.439,0,0
D,822563,-2.021,0.000,0.439,0,0
D,822569,-2.065,0.000,0.439,0,0
D,822574,-2.087,0.000,0.439,0,0
D,822580,-2.021,0.000,0.439,0,0
D,822585,-2.043,0.000,0.439,0,0
D,822590,-2.043,0.000,0.439,0,0
D,822596,-2.000,0.000,0.439,0,0
D,822601,-2.065,0.000,0.439,0,0
D,822606,-2.021,0.000,0.439,0,0
D,822612,-2.021,0.000,0.439,0,0
D,822617,-2.021,0.000,0.439,0,0
D,822622,-2.043,0.000,0.439,0,0
D,822628,-2.043,0.000,0.439,0,0
D,822633,-1.956,0.000,0.439,0,0
D,822638,-2.087,0.000,0.439,0,0
D,822644,-2.065,0.000,0.439,0,0
D,822649,-2.065,0.000,0.439,0,0
D,822654,-2.087,0.000,0.439,0,0
D,822660,-2.087,0.000,0.439,0,0
D,822665,-2.153,0.000,0.439,0,0
D,822670,-2.109,0.000,0.439,0,0
D,822676,-2.175,0.000,0.439,0,0
D,822681,-2.197,0.000,0.439,0,0
D,822686,-2.263,0.000,0.352,0,0
D,822692,-2.285,0.000,0.439,0,0
D,822697,-2.329,0.000,0.439,0,0
D,822702,-2.439,0.000,0.439,0,0
D,822708,-2.351,0.000,0.352,0,0
D,822713,-2.439,0.000,0.439,0,0
D,822718,-2.549,0.000,0.439,0,0
D,822724,-2.593,0.000,0.352,0,0
D,822729,-2.593,0.000,0.439,0,0
D,822735,-2.615,0.000,0.439,0,0
D,822740,-2.681,0.000,0.439,0,0
D,822745,-2.725,0.000,0.439,0,0
D,822751,-2.791,0.000,0.439,0,0
D,822756,-2.856,0.000,0.439,0,0
D,822761,-2.900,0.000,0.439,0,0
D,822767,-3.010,0.000,0.439,0,0
D,822772,-3.032,0.000,0.439,0,0
D,822777,-3.054,0.000,0.439,0,0
D,822783,-3.010,0.000,0.439,0,0
D,822788,-3.142,0.000,0.439,0,0
D,822793,-3.230,0.000,0.352,0,0
D,822799,-3.208,0.000,0.439,0,0
D,822804,-3.186,0.000,0.439,0,0
D,822809,-3.340,0.000,0.439,0,0
D,822815,-3.406,0.000,0.439,0,0
D,822820,-3.450,0.000,0.439,0,0
D,822825,-3.516,0.000,0.439,0,0
D,822831,-3.560,0.000,0.439,0,0
D,822836,-3.582,0.000,0.439,0,0
D,822841,-3.647,0.000,0.439,0,0
D,822847,-3.691,0.000,0.439,0,0
D,822852,-3.757,0.000,0.439,0,0
D,822857,-3.823,0.000,0.439,0,0
D,822863,-3.867,0.000,0.439,0,0
D,822868,-3.933,0.000,0.439,0,0
D,822874,-3.933,0.000,0.439,0,0
D,822879,-4.021,0.000,0.439,0,0
D,822884,-4.043,0.000,0.439,0,0
D,822890,-4.087,0.000,0.439,0,0
D,822895,-4.087,0.000,0.439,0,0
D,822900,-4.087,0.000,0.439,0,0
D,822906,-4.197,0.000,0.439,0,0
D,822911,-4.197,0.000,0.439,0,0
D,822916,-4.263,0.000,0.439,0,0
D,822922,-4.153,0.000,0.439,0,0
D,822927,-4.241,0.000,0.439,0,0
D,822932,-4.285,0.000,0.439,0,0
D,822938,-4.307,0.000,0.439,0,0
D,822943,-4.241,0.000,0.439,0,0
D,822948,-4.307,0.000,0.439,0,0
D,822954,-4.197,0.000,0.439,0,0
D,822959,-4.263,0.000,0.439,0,0
D,822964,-4.219,0.000,0.439,0,0
D,822970,-4.219,0.000,0.439,0,0
D,822975,-4.241,0.000,0.439,0,0
D,822980,-4.219,0.000,0.439,0,0
D,822986,-4.263,0.000,0.439,0,0
D,822991,-4.285,0.000,0.439,0,0
D,822996,-4.307,0.000,0.439,0,0
D,823002,-4.285,0.000,0.439,0,0
D,823007,-4.285,0.000,0.439,0,0
D,823012,-4.241,0.000,0.352,0,0
D,823018,-4.351,0.000,0.439,0,0
D,823023,-4.307,0.000,0.439,0,0
D,823029,-4.307,0.000,0.439,0,0
D,823034,-4.307,0.000,0.439,0,0
D,823039,-4.219,0.000,0.439,0,0
D,823045,-4.175,0.000,0.439,0,0
D,823050,-4.087,0.000,0.439,0,0
D,823055,-4.043,0.000,0.439,0,0
D,823061,-4.109,0.000,0.439,0,0
D,823066,-4.109,0.000,0.439,0,0
D,823071,-3.999,0.000,0.439,0,0
D,823077,-3.933,0.000,0.439,0,0
D,823082,-3.911,0.000,0.439,0,0
D,823087,-3.889,0.000,0.439,0,0
D,823093,-3.867,0.000,0.439,0,0
D,823098,-3.845,0.000,0.439,0,0
D,823103,-3.779,0.000,0.439,0,0
D,823109,-3.691,0.000,0.352,0,0
D,823114,-3.647,0.000,0.439,0,0
D,823119,-3.604,0.000,0.439,0,0
D,823125,-3.450,0.000,0.439,0,0
D,823130,-3.516,0.000,0.439,0,0
D,823135,-3.384,0.000,0.439,0,0
D,823141,-3.296,0.000,0.439,0,0
D,823146,-3.274,0.000,0.439,0,0
D,823151,-3.186,0.000,0.439,0,0
D,823157,-3.164,0.000,0.439,0,0
D,823162,-3.076,0.000,0.439,0,0
D,823168,-3.032,0.000,0.439,0,0
D,823173,-2.922,0.000,0.439,0,0
D,823178,-2.944,0.000,0.439,0,0
D,823184,-2.856,0.000,0.439,0,0
D,823189,-2.791,0.000,0.439,0,0
D,823194,-2.659,0.000,0.439,0,0
D,823200,-2.571,0.000,0.439,0,0
D,823205,-2.527,0.000,0.439,0,0
D,823210,-2.527,0.000,0.439,0,0
D,823216,-2.461,0.000,0.439,0,0
D,823221,-2.373,0.000,0.439,0,0
D,823226,-2.417,0.000,0.352,0,0
D,823232,-2.219,0.000,0.439,0,0
D,823237,-2.219,0.000,0.439,0,0
D,823242,-2.131,0.000,0.439,0,0
D,823248,-2.087,0.000,0.439,0,0
D,823253,-2.021,0.000,0.439,0,0
D,823258,-1.978,0.000,0.439,0,0
D,823264,-1.934,0.000,0.439,0,0
D,823269,-1.846,0.000,0.439,0,0
D,823274,-1.780,0.000,0.439,0,0
D,823280,-1.692,0.000,0.439,0,0
D,823285,-1.626,0.000,0.439,0,0
D,823290,-1.538,0.000,0.439,0,0
D,823296,-1.494,0.000,0.439,0,0
D,823301,-1.428,0.000,0.439,0,0
D,823307,-1.362,0.000,0.439,0,0
D,823312,-1.274,0.000,0.439,0,0
D,823317,-1.230,0.000,0.439,0,0
D,823323,-1.165,0.000,0.439,0,0
D,823328,-1.099,0.000,0.439,0,0
D,823333,-1.055,0.000,0.352,0,0
D,823339,-0.967,0.000,0.439,0,0
D,823344,-0.901,0.000,0.439,0,0
D,823349,-0.769,0.000,0.439,0,0
D,823355,-0.747,0.000,0.439,0,0
D,823360,-0.681,0.000,0.439,0,0
D,823365,-0.615,0.000,0.352,0,0
D,823371,-0.593,0.000,0.439,0,0
D,823376,-0.483,0.000,0.439,0,0
D,823381,-0.439,0.000,0.439,0,0
D,823387,-0.396,0.000,0.439,0,0
D,823392,-0.330,0.000,0.439,0,0
D,823397,-0.308,0.000,0.352,0,0
D,823403,-0.220,0.000,0.439,0,0
D,823408,-0.088,0.000,0.439,0,0
D,823413,-0.044,0.000,0.439,0,0
D,823419,-0.088,0.000,0.439,0,0
D,823424,0.022,0.000,0.439,0,0
D,823429,0.088,0.000,0.439,0,0
D,823435,0.132,0.000,0.439,0,0
D,823440,0.154,0.000,0.439,0,0
D,823445,0.286,0.000,0.439,0,0
D,823451,0.352,0.000,0.439,0,0
D,823456,0.374,0.000,0.439,0,0
D,823462,0.439,0.000,0.352,0,0
D,823467,0.483,0.000,0.439,0,0
D,823472,0.571,0.000,0.439,0,0
D,823478,0.571,0.000,0.439,0,0
D,823483,0.725,0.000,0.439,0,0
D,823488,0.703,0.000,0.439,0,0
D,823494,0.725,0.000,0.439,0,0
D,823499,0.835,0.000,0.439,0,0
D,823504,0.857,0.000,0.352,0,0
D,823510,0.879,0.000,0.439,0,0
D,823515,0.945,0.000,0.352,0,0
D,823520,0.901,0.000,0.439,0,0
D,823526,1.055,0.000,0.352,0,0
D,823531,1.077,0.000,0.352,0,0
D,823536,1.143,0.000,0.352,0,0
D,823542,1.143,0.000,0.352,0,0
D,823547,1.121,0.000,0.439,0,0
D,823552,1.187,0.000,0.439,0,0
D,823558,1.187,0.000,0.352,0,0
D,823563,1.296,0.000,0.352,0,0
D,823568,1.318,0.000,0.439,0,0
D,823574,1.318,0.000,0.352,0,0
D,823579,1.318,0.000,0.352,0,0
D,823584,1.406,0.000,0.439,0,0
D,823590,1.450,0.000,0.439,0,0
D,823595,1.406,0.000,0.352,0,0
D,823601,1.450,0.000,0.352,0,0
D,823606,1.450,0.000,0.439,0,0
D,823611,1.472,0.000,0.352,0,0
D,823617,1.472,0.000,0.352,0,0
D,823622,1.428,0.000,0.352,0,0
D,823627,1.450,0.000,0.352,0,0
D,823633,1.472,0.000,0.352,0,0
D,823638,1.472,0.000,0.352,0,0
D,823643,1.406,0.000,0.352,0,0
D,823649,1.494,0.000,0.439,0,0
D,823654,1.428,0.000,0.352,0,0
D,823659,1.428,0.000,0.352,0,0
D,823665,1.450,0.000,0.352,0,0
D,823670,1.406,0.000,0.439,0,0
D,823675,1.428,0.000,0.352,0,0
D,823681,1.384,0.000,0.439,0,0
D,823686,1.406,0.000,0.352,0,0
D,823691,1.318,0.000,0.352,0,0
D,823697,1.340,0.000,0.352,0,0
D,823702,1.340,0.000,0.352,0,0
D,823707,1.296,0.000,0.352,0,0
D,823713,1.208,0.000,0.352,0,0
D,823718,1.165,0.000,0.439,0,0
D,823723,1.143,0.000,0.352,0,0
D,823729,1.143,0.000,0.352,0,0
D,823734,1.121,0.000,0.352,0,0
D,823739,1.055,0.000,0.352,0,0
D,823745,0.989,0.000,0.352,0,0
D,823750,0.945,0.000,0.352,0,0
D,823755,0.901,0.000,0.352,0,0
D,823761,0.835,0.000,0.352,0,0
D,823766,0.791,0.000,0.352,0,0
D,823772,0.769,0.000,0.352,0,0
D,823777,0.725,0.000,0.352,0,0
D,823782,0.681,0.000,0.352,0,0
D,823788,0.637,0.000,0.352,0,0
D,823793,0.681,0.000,0.352,0,0
D,823798,0.527,0.000,0.352,0,0
D,823804,0.527,0.000,0.439,0,0
D,823809,0.417,0.000,0.352,0,0
D,823814,0.374,0.000,0.352,0,0
D,823820,0.352,0.000,0.352,0,0
D,823825,0.264,0.000,0.352,0,0
D,823830,0.308,0.000,0.352,0,0
D,823836,0.220,0.000,0.352,0,0
D,823841,0.110,0.000,0.352,0,0
D,823846,0.066,0.000,0.352,0,0
D,823852,-0.022,0.000,0.352,0,0
D,823857,-0.022,0.000,0.352,0,0
D,823862,-0.066,0.000,0.352,0,0
D,823868,-0.132,0.000,0.352,0,0
D,823873,-0.242,0.000,0.352,0,0
D,823878,-0.264,0.000,0.352,0,0
D,823884,-0.308,0.000,0.352,0,0
D,823889,-0.352,0.000,0.352,0,0
D,823894,-0.396,0.000,0.352,0,0
D,823900,-0.505,0.000,0.352,0,0
D,823905,-0.461,0.000,0.352,0,0
D,823911,-0.593,0.000,0.352,0,0
D,823916,-0.659,0.000,0.352,0,0
D,823921,-0.637,0.000,0.352,0,0
D,823927,-0.703,0.000,0.352,0,0
D,823932,-0.703,0.000,0.352,0,0
D,823937,-0.857,0.000,0.352,0,0
D,823943,-0.901,0.000,0.352,0,0
D,823948,-0.967,0.000,0.352,0,0
D,823953,-0.967,0.000,0.352,0,0
D,823959,-1.011,0.000,0.352,0,0
D,823964,-1.077,0.000,0.352,0,0
D,823969,-1.165,0.000,0.352,0,0
D,823975,-1.187,0.000,0.352,0,0
D,823980,-1.187,0.000,0.352,0,0
D,823985,-1.230,0.000,0.352,0,0
D,823991,-1.252,0.000,0.352,0,0
D,823996,-1.296,0.000,0.352,0,0
D,824001,-1.340,0.000,0.352,0,0
D,824007,-1.362,0.000,0.352,0,0
D,824012,-1.428,0.000,0.352,0,0
D,824017,-1.472,0.000,0.352,0,0
D,824023,-1.428,0.000,0.352,0,0
D,824028,-1.560,0.000,0.352,0,0
D,824033,-1.560,0.000,0.352,0,0
D,824039,-1.494,0.000,0.352,0,0
D,824044,-1.582,0.000,0.352,0,0
D,824050,-1.582,0.000,0.352,0,0
D,824055,-1.648,0.000,0.352,0,0
D,824060,-1.692,0.000,0.352,0,0
D,824066,-1.670,0.000,0.352,0,0
D,824071,-1.736,0.000,0.352,0,0
D,824076,-1.736,0.000,0.352,0,0
D,824082,-1.758,0.000,0.352,0,0
D,824087,-1.714,0.000,0.352,0,0
D,824092,-1.736,0.000,0.352,0,0
D,824098,-1.714,0.000,0.352,0,0
D,824103,-1.714,0.000,0.439,0,0
D,824108,-1.736,0.000,0.352,0,0
D,824114,-1.758,0.000,0.352,0,0
D,824119,-1.736,0.000,0.352,0,0
D,824124,-1.736,0.000,0.352,0,0
D,824130,-1.802,0.000,0.352,0,0
D,824135,-1.780,0.000,0.352,0,0
D,824140,-1.846,0.000,0.352,0,0
D,824146,-1.824,0.000,0.352,0,0
D,824151,-1.736,0.000,0.352,0,0
D,824156,-1.780,0.000,0.352,0,0
D,824162,-1.758,0.000,0.352,0,0
D,824167,-1.758,0.000,0.439,0,0
D,824172,-1.736,0.000,0.352,0,0
D,824178,-1.758,0.000,0.352,0,0
D,824183,-1.758,0.000,0.352,0,0
D,824189,-1.736,0.000,0.352,0,0
D,824194,-1.736,0.000,0.352,0,0
D,824199,-1.626,0.000,0.352,0,0
D,824205,-1.648,0.000,0.352,0,0
D,824210,-1.604,0.000,0.352,0,0
D,824215,-1.582,0.000,0.352,0,0
D,824221,-1.560,0.000,0.352,0,0
D,824226,-1.538,0.000,0.352,0,0
D,824231,-1.516,0.000,0.352,0,0
D,824237,-1.428,0.000,0.352,0,0
D,824242,-1.516,0.000,0.352,0,0
D,824247,-1.406,0.000,0.352,0,0
D,824253,-1.384,0.000,0.352,0,0
D,824258,-1.362,0.000,0.352,0,0
D,824263,-1.296,0.000,0.352,0,0
D,824269,-1.296,0.000,0.352,0,0
D,824274,-1.187,0.000,0.352,0,0
D,824279,-1.165,0.000,0.352,0,0
D,824285,-1.143,0.000,0.352,0,0
D,824290,-1.121,0.000,0.352,0,0
D,824295,-1.055,0.000,0.352,0,0
D,824301,-1.055,0.000,0.352,0,0
D,824306,-0.967,0.000,0.352,0,0
D,824311,-0.967,0.000,0.439,0,0
D,824317,-0.967,0.000,0.352,0,0
D,824322,-0.857,0.000,0.439,0,0
D,824328,-0.769,0.000,0.352,0,0
D,824333,-0.725,0.000,0.439,0,0
D,824338,-0.769,0.000,0.352,0,0
D,824344,-0.637,0.000,0.352,0,0
D,824349,-0.659,0.000,0.352,0,0
D,824354,-0.527,0.000,0.352,0,0
D,824360,-0.549,0.000,0.352,0,0
D,824365,-0.527,0.000,0.352,0,0
D,824370,-0.374,0.000,0.352,0,0
D,824376,-0.330,0.000,0.352,0,0
D,824381,-0.286,0.000,0.352,0,0
D,824386,-0.242,0.000,0.352,0,0
D,824392,-0.264,0.000,0.352,0,0
D,824397,-0.198,0.000,0.352,0,0
D,824402,-0.154,0.000,0.352,0,0
D,824408,-0.066,0.000,0.352,0,0
D,824413,-0.022,0.000,0.352,0,0
D,824418,0.066,0.000,0.352,0,0
D,824424,0.110,0.000,0.352,0,0
D,824429,0.176,0.000,0.352,0,0
D,824434,0.176,0.000,0.352,0,0
D,824440,0.264,0.000,0.352,0,0
D,824445,0.330,0.000,0.352,0,0
D,824450,0.308,0.000,0.352,0,0
D,824456,0.374,0.000,0.352,0,0
D,824461,0.374,0.000,0.352,0,0
D,824466,0.417,0.000,0.352,0,0
D,824472,0.461,0.000,0.352,0,0
D,824477,0.527,0.000,0.352,0,0
D,824483,0.615,0.000,0.352,0,0
D,824488,0.703,0.000,0.352,0,0
D,824493,0.681,0.000,0.352,0,0
D,824499,0.725,0.000,0.352,0,0
D,824504,0.769,0.000,0.352,0,0
D,824509,0.791,0.000,0.352,0,0
D,824515,0.791,0.000,0.352,0,0
D,824520,0.901,0.000,0.352,0,0
D,824525,0.857,0.000,0.352,0,0
D,824531,0.923,0.000,0.352,0,0
D,824536,0.967,0.000,0.352,0,0
D,824541,0.923,0.000,0.352,0,0
D,824547,0.923,0.000,0.352,0,0
D,824552,1.033,0.000,0.352,0,0
D,824557,0.989,0.000,0.352,0,0
D,824563,1.165,0.000,0.439,0,0
D,824568,1.143,0.000,0.352,0,0
D,824573,1.143,0.000,0.352,0,0
D,824579,1.187,0.000,0.352,0,0
D,824584,1.143,0.000,0.352,0,0
D,824589,1.187,0.000,0.352,0,0
D,824595,1.252,0.000,0.352,0,0
D,824600,1.208,0.000,0.352,0,0
D,824605,1.252,0.000,0.352,0,0
D,824611,1.318,0.000,0.352,0,0
D,824616,1.274,0.000,0.352,0,0
D,824622,1.340,0.000,0.352,0,0
D,824627,1.274,0.000,0.352,0,0
D,824632,1.318,0.000,0.352,0,0
D,824638,1.252,0.000,0.352,0,0
D,824643,1.340,0.000,0.352,0,0
D,824648,1.274,0.000,0.352,0,0
D,824654,1.318,0.000,0.352,0,0
D,824659,1.274,0.000,0.352,0,0
D,824664,1.230,0.000,0.352,0,0
D,824670,1.274,0.000,0.352,0,0
D,824675,1.296,0.000,0.352,0,0
D,824680,1.296,0.000,0.352,0,0
D,824686,1.296,0.000,0.352,0,0
D,824691,1.230,0.000,0.352,0,0
D,824696,1.208,0.000,0.352,0,0
D,824702,1.252,0.000,0.352,0,0
D,824707,1.252,0.000,0.352,0,0
D,824712,1.187,0.000,0.352,0,0
D,824718,1.121,0.000,0.352,0,0
D,824723,1.187,0.000,0.352,0,0
D,824728,1.121,0.000,0.352,0,0
D,824734,1.099,0.000,0.352,0,0
D,824739,1.099,0.000,0.352,0,0
D,824744,1.077,0.000,0.352,0,0
D,824750,1.099,0.000,0.352,0,0
D,824755,1.077,0.000,0.352,0,0
D,824760,0.967,0.000,0.352,0,0
D,824766,0.967,0.000,0.352,0,0
D,824771,1.033,0.000,0.352,0,0
D,824777,0.901,0.000,0.352,0,0
D,824782,0.945,0.000,0.352,0,0
D,824787,0.901,0.000,0.352,0,0
D,824793,0.879,0.000,0.352,0,0
D,824798,0.857,0.000,0.352,0,0
D,824803,0.791,0.000,0.352,0,0
D,824809,0.747,0.000,0.352,0,0
D,824814,0.725,0.000,0.352,0,0
D,824819,0.637,0.000,0.352,0,0
D,824825,0.659,0.000,0.352,0,0
D,824830,0.637,0.000,0.352,0,0
D,824835,0.549,0.000,0.352,0,0
D,824841,0.571,0.000,0.352,0,0
D,824846,0.461,0.000,0.264,0,0
D,824851,0.396,0.000,0.352,0,0
D,824857,0.352,0.000,0.352,0,0
D,824862,0.264,0.000,0.352,0,0
D,824867,0.242,0.000,0.352,0,0
D,824873,0.198,0.000,0.352,0,0
D,824878,0.132,0.000,0.352,0,0
D,824883,0.110,0.000,0.352,0,0
D,824889,0.088,0.000,0.352,0,0
D,824894,0.088,0.000,0.352,0,0
D,824899,0.044,0.000,0.264,0,0
D,824905,0.044,0.000,0.352,0,0
D,824910,-0.110,0.000,0.352,0,0
D,824915,-0.154,0.000,0.352,0,0
D,824921,-0.154,0.000,0.352,0,0
D,824926,-0.220,0.000,0.352,0,0
D,824932,-0.242,0.000,0.352,0,0
D,824937,-0.374,0.000,0.352,0,0
D,824942,-0.417,0.000,0.264,0,0
D,824948,-0.396,0.000,0.264,0,0
D,824953,-0.461,0.000,0.264,0,0
D,824958,-0.505,0.000,0.264,0,0
D,824964,-0.571,0.000,0.352,0,0
D,824969,-0.593,0.000,0.264,0,0
D,824974,-0.703,0.000,0.264,0,0
D,824980,-0.659,0.000,0.264,0,0
D,824985,-0.769,0.000,0.352,0,0
D,824990,-0.813,0.000,0.264,0,0
D,824996,-0.813,0.000,0.352,0,0
D,825001,-0.857,0.000,0.264,0,0
D,825006,-0.901,0.000,0.264,0,0
D,825012,-0.945,0.000,0.352,0,0
D,825017,-0.989,0.000,0.264,0,0
D,825022,-0.967,0.000,0.352,0,0
D,825028,-1.099,0.000,0.264,0,0
D,825033,-1.165,0.000,0.264,0,0
D,825038,-1.143,0.000,0.352,0,0
D,825044,-1.143,0.000,0.352,0,0
D,825049,-1.187,0.000,0.264,0,0
D,825054,-1.296,0.000,0.352,0,0
D,825060,-1.296,0.000,0.264,0,0
D,825065,-1.340,0.000,0.264,0,0
D,825070,-1.362,0.000,0.264,0,0
D,825076,-1.384,0.000,0.264,0,0
D,825081,-1.428,0.000,0.352,0,0
D,825087,-1.450,0.000,0.264,0,0
D,825092,-1.428,0.000,0.264,0,0
D,825097,-1.472,0.000,0.264,0,0
D,825103,-1.472,0.000,0.264,0,0
D,825108,-1.494,0.000,0.264,0,0
D,825113,-1.494,0.000,0.264,0,0
D,825119,-1.560,0.000,0.352,0,0
D,825124,-1.538,0.000,0.352,0,0
D,825129,-1.582,0.000,0.264,0,0
D,825135,-1.516,0.000,0.264,0,0
D,825140,-1.604,0.000,0.264,0,0
D,825145,-1.604,0.000,0.264,0,0
D,825151,-1.626,0.000,0.264,0,0
D,825156,-1.670,0.000,0.264,0,0
D,825161,-1.626,0.000,0.264,0,0
D,825167,-1.648,0.000,0.264,0,0
D,825172,-1.604,0.000,0.264,0,0
D,825177,-1.670,0.000,0.264,0,0
D,825183,-1.626,0.000,0.352,0,0
D,825188,-1.626,0.000,0.264,0,0
D,825193,-1.626,0.000,0.264,0,0
D,825199,-1.648,0.000,0.264,0,0
D,825204,-1.648,0.000,0.352,0,0
D,825209,-1.692,0.000,0.264,0,0
D,825215,-1.670,0.000,0.264,0,0
D,825220,-1.582,0.000,0.352,0,0
D,825226,-1.560,0.000,0.264,0,0
D,825231,-1.648,0.000,0.264,0,0
D,825236,-1.560,0.000,0.264,0,0
D,825242,-1.538,0.000,0.264,0,0
D,825247,-1.604,0.000,0.264,0,0
D,825252,-1.516,0.000,0.352,0,0
D,825258,-1.538,0.000,0.264,0,0
D,825263,-1.560,0.000,0.264,0,0
D,825268,-1.428,0.000,0.264,0,0
D,825274,-1.472,0.000,0.264,0,0
D,825279,-1.406,0.000,0.264,0,0
D,825284,-1.384,0.000,0.264,0,0
D,825290,-1.362,0.000,0.264,0,0
D,825295,-1.384,0.000,0.264,0,0
D,825300,-1.318,0.000,0.264,0,0
D,825306,-1.318,0.000,0.264,0,0
D,825311,-1.340,0.000,0.264,0,0
D,825316,-1.296,0.000,0.352,0,0
D,825322,-1.252,0.000,0.264,0,0
D,825327,-1.165,0.000,0.264,0,0
D,825332,-1.165,0.000,0.264,0,0
D,825338,-1.099,0.000,0.352,0,0
D,825343,-1.055,0.000,0.264,0,0
D,825348,-1.055,0.000,0.264,0,0
D,825354,-0.989,0.000,0.264,0,0
D,825359,-0.989,0.000,0.352,0,0
D,825365,-0.945,0.000,0.352,0,0
D,825370,-0.923,0.000,0.264,0,0
D,825375,-0.967,0.000,0.264,0,0
D,825381,-0.857,0.000,0.264,0,0
D,825386,-0.857,0.000,0.264,0,0
D,825391,-0.791,0.000,0.264,0,0
D,825397,-0.703,0.000,0.264,0,0
D,825402,-0.659,0.000,0.264,0,0
D,825407,-0.593,0.000,0.264,0,0
D,825413,-0.615,0.000,0.264,0,0
D,825418,-0.571,0.000,0.264,0,0
D,825423,-0.549,0.000,0.264,0,0
D,825429,-0.527,0.000,0.264,0,0
D,825434,-0.461,0.000,0.264,0,0
D,825439,-0.417,0.000,0.264,0,0
D,825445,-0.374,0.000,0.264,0,0
D,825450,-0.330,0.000,0.264,0,0
D,825455,-0.286,0.000,0.264,0,0
D,825461,-0.176,0.000,0.352,0,0
D,825466,-0.198,0.000,0.264,0,0
D,825471,-0.176,0.000,0.264,0,0
D,825477,-0.110,0.000,0.264,0,0
D,825482,-0.066,0.000,0.352,0,0
D,825487,-0.066,0.000,0.264,0,0
D,825493,-0.022,0.000,0.352,0,0
D,825498,0.044,0.000,0.264,0,0
D,825504,0.066,0.000,0.352,0,0
D,825509,0.110,0.000,0.264,0,0
D,825514,0.154,0.000,0.352,0,0
D,825520,0.198,0.000,0.264,0,0
D,825525,0.264,0.000,0.352,0,0
D,825530,0.198,0.000,0.264,0,0
D,825536,0.286,0.000,0.264,0,0
D,825541,0.330,0.000,0.264,0,0
D,825546,0.396,0.000,0.352,0,0
D,825552,0.439,0.000,0.264,0,0
D,825557,0.396,0.000,0.264,0,0
D,825562,0.396,0.000,0.264,0,0
D,825568,0.527,0.000,0.264,0,0
D,825573,0.527,0.000,0.264,0,0
D,825578,0.593,0.000,0.264,0,0
D,825584,0.571,0.000,0.352,0,0
D,825589,0.615,0.000,0.264,0,0
D,825594,0.659,0.000,0.264,0,0
D,825600,0.681,0.000,0.264,0,0
D,825605,0.659,0.000,0.264,0,0
D,825610,0.681,0.000,0.264,0,0
D,825616,0.703,0.000,0.264,0,0
D,825621,0.725,0.000,0.264,0,0
D,825626,0.747,0.000,0.264,0,0
D,825632,0.747,0.000,0.264,0,0
D,825637,0.813,0.000,0.352,0,0
D,825642,0.791,0.000,0.352,0,0
D,825648,0.791,0.000,0.264,0,0
D,825653,0.813,0.000,0.264,0,0
D,825658,0.769,0.000,0.264,0,0
D,825664,0.879,0.000,0.352,0,0
D,825669,0.835,0.000,0.264,0,0
D,825675,0.857,0.000,0.352,0,0
D,825680,0.835,0.000,0.264,0,0
D,825685,0.857,0.000,0.352,0,0
D,825691,0.769,0.000,0.264,0,0
D,825696,0.835,0.000,0.264,0,0
D,825701,0.857,0.000,0.264,0,0
D,825707,0.813,0.000,0.264,0,0
D,825712,0.769,0.000,0.264,0,0
D,825717,0.813,0.000,0.264,0,0
D,825723,0.813,0.000,0.264,0,0
D,825728,0.725,0.000,0.264,0,0
D,825733,0.813,0.000,0.264,0,0
D,825739,0.813,0.000,0.352,0,0
D,825744,0.769,0.000,0.352,0,0
D,825749,0.725,0.000,0.352,0,0
D,825755,0.725,0.000,0.264,0,0
D,825760,0.703,0.000,0.352,0,0
D,825765,0.681,0.000,0.264,0,0
D,825771,0.703,0.000,0.352,0,0
D,825776,0.637,0.000,0.264,0,0
D,825781,0.527,0.000,0.264,0,0
D,825787,0.571,0.000,0.264,0,0
D,825792,0.505,0.000,0.352,0,0
D,825797,0.483,0.000,0.352,0,0
D,825803,0.527,0.000,0.264,0,0
D,825808,0.439,0.000,0.264,0,0
D,825813,0.417,0.000,0.264,0,0
D,825819,0.417,0.000,0.264,0,0
D,825824,0.417,0.000,0.264,0,0
D,825830,0.374,0.000,0.264,0,0
D,825835,0.396,0.000,0.264,0,0
D,825840,0.330,0.000,0.264,0,0
D,825846,0.286,0.000,0.264,0,0
D,825851,0.308,0.000,0.264,0,0
D,825856,0.308,0.000,0.352,0,0
D,825862,0.220,0.000,0.264,0,0
D,825867,0.154,0.000,0.264,0,0
D,825872,0.088,0.000,0.264,0,0
D,825878,0.110,0.000,0.264,0,0
D,825883,0.066,0.000,0.352,0,0
D,825888,0.022,0.000,0.264,0,0
D,825894,0.022,0.000,0.264,0,0
D,825899,0.000,0.000,0.264,0,0
D,825904,-0.066,0.000,0.264,0,0
D,825910,-0.110,0.000,0.264,0,0
D,825915,-0.154,0.000,0.264,0,0
D,825920,-0.198,0.000,0.264,0,0
D,825926,-0.154,0.000,0.264,0,0
D,825931,-0.242,0.000,0.264,0,0
D,825936,-0.286,0.000,0.264,0,0
D,825942,-0.308,0.000,0.264,0,0
D,825947,-0.308,0.000,0.352,0,0
D,825952,-0.417,0.000,0.264,0,0
D,825958,-0.417,0.000,0.264,0,0
D,825963,-0.461,0.000,0.264,0,0
D,825968,-0.461,0.000,0.264,0,0
D,825974,-0.505,0.000,0.264,0,0
D,825979,-0.549,0.000,0.264,0,0
D,825984,-0.593,0.000,0.264,0,0
D,825990,-0.615,0.000,0.264,0,0
D,825995,-0.637,0.000,0.264,0,0
D,826001,-0.703,0.000,0.264,0,0
D,826006,-0.725,0.000,0.264,0,0
D,826011,-0.725,0.000,0.264,0,0
D,826017,-0.791,0.000,0.352,0,0
D,826022,-0.791,0.000,0.264,0,0
D,826027,-0.813,0.000,0.264,0,0
D,826033,-0.835,0.000,0.264,0,0
D,826038,-0.989,0.000,0.264,0,0
D,826043,-0.945,0.000,0.264,0,0
D,826049,-0.967,0.000,0.264,0,0
D,826054,-0.967,0.000,0.264,0,0
D,826059,-0.989,0.000,0.352,0,0
D,826065,-1.033,0.000,0.264,0,0
D,826070,-1.077,0.000,0.352,0,0
D,826075,-1.121,0.000,0.264,0,0
D,826081,-1.055,0.000,0.264,0,0
D,826086,-1.099,0.000,0.264,0,0
D,826091,-1.143,0.000,0.264,0,0
D,826097,-1.208,0.000,0.264,0,0
D,826102,-1.165,0.000,0.352,0,0
D,826107,-1.187,0.000,0.352,0,0
D,826113,-1.230,0.000,0.264,0,0
D,826118,-1.230,0.000,0.264,0,0
D,826123,-1.274,0.000,0.264,0,0
D,826129,-1.296,0.000,0.264,0,0
D,826134,-1.340,0.000,0.352,0,0
D,826140,-1.274,0.000,0.264,0,0
D,826145,-1.362,0.000,0.264,0,0
D,826150,-1.384,0.000,0.352,0,0
D,826156,-1.406,0.000,0.264,0,0
D,826161,-1.340,0.000,0.264,0,0
D,826166,-1.428,0.000,0.264,0,0
D,826172,-1.428,0.000,0.264,0,0
D,826177,-1.516,0.000,0.264,0,0
D,826182,-1.450,0.000,0.264,0,0
D,826188,-1.406,0.000,0.264,0,0
D,826193,-1.384,0.000,0.352,0,0
D,826198,-1.406,0.000,0.264,0,0
D,826204,-1.384,0.000,0.264,0,0
D,826209,-1.428,0.000,0.264,0,0
D,826214,-1.450,0.000,0.264,0,0
D,826220,-1.450,0.000,0.352,0,0
D,826225,-1.384,0.000,0.264,0,0
D,826230,-1.428,0.000,0.264,0,0
D,826236,-1.450,0.000,0.264,0,0
D,826241,-1.428,0.000,0.264,0,0
D,826246,-1.406,0.000,0.264,0,0
D,826252,-1.406,0.000,0.264,0,0
D,826257,-1.384,0.000,0.264,0,0
D,826262,-1.406,0.000,0.264,0,0
D,826268,-1.384,0.000,0.352,0,0
D,826273,-1.384,0.000,0.264,0,0
D,826279,-1.318,0.000,0.264,0,0
D,826284,-1.384,0.000,0.264,0,0
D,826289,-1.318,0.000,0.264,0,0
D,826295,-1.362,0.000,0.264,0,0
D,826300,-1.340,0.000,0.352,0,0
D,826305,-1.274,0.000,0.264,0,0
D,826311,-1.296,0.000,0.264,0,0
D,826316,-1.296,0.000,0.264,0,0
D,826321,-1.296,0.000,0.264,0,0
D,826327,-1.318,0.000,0.264,0,0
D,826332,-1.187,0.000,0.264,0,0
D,826337,-1.165,0.000,0.264,0,0
D,826343,-1.187,0.000,0.264,0,0
D,826348,-1.165,0.000,0.264,0,0
D,826353,-1.165,0.000,0.264,0,0
D,826359,-1.121,0.000,0.264,0,0
D,826364,-1.077,0.000,0.264,0,0
D,826369,-1.099,0.000,0.264,0,0
D,826375,-1.011,0.000,0.264,0,0
D,826380,-1.011,0.000,0.264,0,0
D,826385,-1.011,0.000,0.264,0,0
D,826391,-1.055,0.000,0.352,0,0
D,826396,-0.989,0.000,0.264,0,0
D,826401,-0.945,0.000,0.264,0,0
D,826407,-0.901,0.000,0.264,0,0
D,826412,-0.835,0.000,0.264,0,0
D,826418,-0.813,0.000,0.264,0,0
D,826423,-0.857,0.000,0.352,0,0
D,826428,-0.791,0.000,0.264,0,0
D,826434,-0.769,0.000,0.264,0,0
D,826439,-0.769,0.000,0.264,0,0
D,826444,-0.747,0.000,0.264,0,0
D,826450,-0.703,0.000,0.264,0,0
D,826455,-0.703,0.000,0.264,0,0
D,826460,-0.725,0.000,0.264,0,0
D,826466,-0.615,0.000,0.264,0,0
D,826471,-0.659,0.000,0.352,0,0
D,826476,-0.593,0.000,0.352,0,0
D,826482,-0.549,0.000,0.264,0,0
D,826487,-0.483,0.000,0.264,0,0
D,826492,-0.571,0.000,0.264,0,0
D,826498,-0.439,0.000,0.264,0,0
D,826503,-0.461,0.000,0.264,0,0
D,826508,-0.461,0.000,0.264,0,0
D,826514,-0.417,0.000,0.264,0,0
D,826519,-0.352,0.000,0.264,0,0
D,826524,-0.396,0.000,0.352,0,0
D,826530,-0.330,0.000,0.264,0,0
D,826535,-0.286,0.000,0.264,0,0
D,826540,-0.308,0.000,0.264,0,0
D,826546,-0.286,0.000,0.264,0,0
D,826551,-0.264,0.000,0.264,0,0
D,826556,-0.198,0.000,0.264,0,0
D,826562,-0.198,0.000,0.264,0,0
D,826567,-0.176,0.000,0.264,0,0
D,826573,-0.264,0.000,0.264,0,0
D,826578,-0.088,0.000,0.264,0,0
D,826583,-0.176,0.000,0.264,0,0
D,826589,-0.110,0.000,0.264,0,0
D,826594,-0.110,0.000,0.264,0,0
D,826599,-0.088,0.000,0.264,0,0
D,826605,-0.088,0.000,0.264,0,0
D,826610,0.000,0.000,0.264,0,0
D,826615,-0.066,0.000,0.264,0,0
D,826621,0.000,0.000,0.264,0,0
D,826626,0.000,0.000,0.264,0,0
D,826631,0.000,0.000,0.264,0,0
D,826637,0.044,0.000,0.264,0,0
D,826642,0.066,0.000,0.264,0,0
D,826647,0.110,0.000,0.264,0,0
D,826653,0.088,0.000,0.264,0,0
D,826658,0.088,0.000,0.264,0,0
D,826663,0.198,0.000,0.264,0,0
D,826669,0.088,0.000,0.264,0,0
D,826674,0.088,0.000,0.352,0,0
D,826679,0.088,0.000,0.264,0,0
D,826685,0.176,0.000,0.352,0,0
D,826690,0.132,0.000,0.264,0,0
D,826695,0.110,0.000,0.264,0,0
D,826701,0.110,0.000,0.264,0,0
D,826706,0.044,0.000,0.352,0,0
D,826711,0.044,0.000,0.352,0,0
D,826717,0.066,0.000,0.264,0,0
D,826722,0.132,0.000,0.264,0,0
D,826728,0.066,0.000,0.264,0,0
D,826733,0.088,0.000,0.264,0,0
D,826738,0.110,0.000,0.264,0,0
D,826744,0.110,0.000,0.264,0,0
D,826749,0.088,0.000,0.352,0,0
D,826754,0.066,0.000,0.264,0,0
D,826760,0.066,0.000,0.264,0,0
D,826765,0.066,0.000,0.264,0,0
D,826770,0.066,0.000,0.264,0,0
D,826776,0.000,0.000,0.264,0,0
D,826781,0.044,0.000,0.264,0,0
D,826786,0.066,0.000,0.264,0,0
D,826792,0.044,0.000,0.264,0,0
D,826797,-0.022,0.000,0.264,0,0
D,826802,-0.066,0.000,0.264,0,0
D,826808,-0.022,0.000,0.264,0,0
D,826813,-0.110,0.000,0.264,0,0
D,826818,-0.110,0.000,0.264,0,0
D,826824,-0.154,0.000,0.264,0,0
D,826829,-0.088,0.000,0.264,0,0
D,826834,-0.132,0.000,0.264,0,0
D,826840,-0.176,0.000,0.264,0,0
D,826845,-0.132,0.000,0.264,0,0
D,826850,-0.176,0.000,0.264,0,0
D,826856,-0.176,0.000,0.264,0,0
D,826861,-0.242,0.000,0.264,0,0
D,826866,-0.220,0.000,0.264,0,0
D,826872,-0.264,0.000,0.352,0,0
D,826877,-0.286,0.000,0.264,0,0
D,826882,-0.330,0.000,0.264,0,0
D,826888,-0.352,0.000,0.264,0,0
D,826893,-0.352,0.000,0.264,0,0
D,826899,-0.374,0.000,0.264,0,0
D,826904,-0.396,0.000,0.264,0,0
D,826909,-0.352,0.000,0.264,0,0
D,826915,-0.396,0.000,0.264,0,0
D,826920,-0.439,0.000,0.352,0,0
D,826925,-0.461,0.000,0.264,0,0
D,826931,-0.527,0.000,0.264,0,0
D,826936,-0.549,0.000,0.264,0,0
D,826941,-0.593,0.000,0.264,0,0
D,826947,-0.527,0.000,0.264,0,0
D,826952,-0.549,0.000,0.264,0,0
D,826957,-0.659,0.000,0.264,0,0
D,826963,-0.659,0.000,0.264,0,0
D,826968,-0.615,0.000,0.264,0,0
D,826973,-0.659,0.000,0.352,0,0
D,826979,-0.747,0.000,0.264,0,0
D,826984,-0.681,0.000,0.352,0,0
D,826989,-0.769,0.000,0.264,0,0
D,826995,-0.791,0.000,0.264,0,0
D,827000,-0.769,0.000,0.264,0,0
D,827005,-0.835,0.000,0.264,0,0
D,827011,-0.857,0.000,0.264,0,0
D,827016,-0.879,0.000,0.264,0,0
D,827021,-0.967,0.000,0.264,0,0
D,827027,-0.923,0.000,0.264,0,0
D,827032,-0.923,0.000,0.352,0,0
D,827038,-0.989,0.000,0.264,0,0
D,827043,-1.011,0.000,0.264,0,0
D,827048,-0.989,0.000,0.264,0,0
D,827054,-0.989,0.000,0.264,0,0
D,827059,-1.011,0.000,0.264,0,0
D,827064,-1.033,0.000,0.264,0,0
D,827070,-1.077,0.000,0.264,0,0
D,827075,-1.033,0.000,0.264,0,0
D,827080,-1.121,0.000,0.264,0,0
D,827086,-1.099,0.000,0.264,0,0
D,827091,-1.208,0.000,0.264,0,0
D,827096,-1.121,0.000,0.264,0,0
D,827102,-1.208,0.000,0.264,0,0
D,827107,-1.143,0.000,0.352,0,0
D,827112,-1.187,0.000,0.264,0,0
D,827118,-1.208,0.000,0.264,0,0
D,827123,-1.274,0.000,0.264,0,0
D,827128,-1.208,0.000,0.264,0,0
D,827134,-1.252,0.000,0.264,0,0
D,827139,-1.252,0.000,0.352,0,0
D,827144,-1.252,0.000,0.264,0,0
D,827150,-1.296,0.000,0.352,0,0
D,827155,-1.296,0.000,0.264,0,0
D,827160,-1.296,0.000,0.264,0,0
D,827166,-1.318,0.000,0.264,0,0
D,827171,-1.340,0.000,0.352,0,0
D,827177,-1.296,0.000,0.264,0,0
D,827182,-1.296,0.000,0.264,0,0
D,827187,-1.384,0.000,0.264,0,0
D,827193,-1.296,0.000,0.264,0,0
D,827198,-1.296,0.000,0.264,0,0
D,827203,-1.340,0.000,0.264,0,0
D,827209,-1.340,0.000,0.264,0,0
D,827214,-1.362,0.000,0.264,0,0
D,827219,-1.340,0.000,0.352,0,0
D,827225,-1.318,0.000,0.352,0,0
D,827230,-1.340,0.000,0.264,0,0
D,827235,-1.340,0.000,0.264,0,0
D,827241,-1.340,0.000,0.264,0,0
D,827246,-1.340,0.000,0.264,0,0
D,827251,-1.340,0.000,0.264,0,0
D,827257,-1.340,0.000,0.264,0,0
D,827262,-1.318,0.000,0.264,0,0
D,827267,-1.296,0.000,0.264,0,0
D,827273,-1.296,0.000,0.264,0,0
D,827278,-1.252,0.000,0.264,0,0
D,827283,-1.340,0.000,0.264,0,0
D,827289,-1.296,0.000,0.264,0,0
D,827294,-1.274,0.000,0.264,0,0
D,827299,-1.318,0.000,0.264,0,0
D,827305,-1.296,0.000,0.264,0,0
D,827310,-1.296,0.000,0.264,0,0
D,827316,-1.296,0.000,0.264,0,0
D,827321,-1.318,0.000,0.264,0,0
D,827326,-1.252,0.000,0.264,0,0
D,827332,-1.296,0.000,0.264,0,0
D,827337,-1.187,0.000,0.264,0,0
D,827342,-1.208,0.000,0.264,0,0
D,827348,-1.208,0.000,0.264,0,0
D,827353,-1.187,0.000,0.352,0,0
D,827358,-1.230,0.000,0.352,0,0
D,827364,-1.165,0.000,0.264,0,0
D,827369,-1.165,0.000,0.264,0,0
D,827374,-1.143,0.000,0.264,0,0
D,827380,-1.033,0.000,0.264,0,0
D,827385,-1.121,0.000,0.352,0,0
D,827390,-1.121,0.000,0.264,0,0
D,827396,-1.077,0.000,0.264,0,0
D,827401,-1.055,0.000,0.352,0,0
D,827406,-1.099,0.000,0.264,0,0
D,827412,-1.033,0.000,0.264,0,0
D,827417,-1.055,0.000,0.352,0,0
D,827422,-1.055,0.000,0.264,0,0
D,827428,-1.033,0.000,0.352,0,0
D,827433,-1.033,0.000,0.264,0,0
D,827438,-0.989,0.000,0.264,0,0
D,827444,-0.989,0.000,0.264,0,0
D,827449,-0.989,0.000,0.264,0,0
D,827455,-0.879,0.000,0.352,0,0
D,827460,-0.923,0.000,0.352,0,0
D,827465,-0.923,0.000,0.264,0,0
D,827471,-0.945,0.000,0.264,0,0
D,827476,-0.857,0.000,0.264,0,0
D,827481,-0.879,0.000,0.264,0,0
D,827487,-0.857,0.000,0.352,0,0
D,827492,-0.835,0.000,0.264,0,0
D,827497,-0.813,0.000,0.264,0,0
D,827503,-0.813,0.000,0.264,0,0
D,827508,-0.791,0.000,0.264,0,0
D,827513,-0.747,0.000,0.264,0,0
D,827519,-0.703,0.000,0.264,0,0
D,827524,-0.813,0.000,0.264,0,0
D,827529,-0.747,0.000,0.352,0,0
D,827535,-0.703,0.000,0.264,0,0
D,827540,-0.659,0.000,0.352,0,0
D,827545,-0.703,0.000,0.264,0,0
D,827551,-0.703,0.000,0.264,0,0
D,827556,-0.681,0.000,0.352,0,0
D,827561,-0.681,0.000,0.352,0,0
D,827567,-0.615,0.000,0.264,0,0
D,827572,-0.571,0.000,0.264,0,0
D,827577,-0.549,0.000,0.264,0,0
D,827583,-0.549,0.000,0.264,0,0
D,827588,-0.615,0.000,0.264,0,0
D,827593,-0.527,0.000,0.264,0,0
D,827599,-0.483,0.000,0.264,0,0
D,827604,-0.549,0.000,0.352,0,0
D,827610,-0.505,0.000,0.264,0,0
D,827615,-0.505,0.000,0.264,0,0
D,827620,-0.505,0.000,0.264,0,0
D,827626,-0.505,0.000,0.352,0,0
D,827631,-0.505,0.000,0.264,0,0
D,827636,-0.461,0.000,0.264,0,0
D,827642,-0.527,0.000,0.352,0,0
D,827647,-0.417,0.000,0.352,0,0
D,827652,-0.461,0.000,0.264,0,0
D,827658,-0.439,0.000,0.264,0,0
D,827663,-0.417,0.000,0.264,0,0
D,827668,-0.417,0.000,0.264,0,0
D,827674,-0.396,0.000,0.352,0,0
D,827679,-0.396,0.000,0.352,0,0
D,827684,-0.439,0.000,0.352,0,0
D,827690,-0.417,0.000,0.352,0,0
D,827695,-0.439,0.000,0.352,0,0
D,827700,-0.374,0.000,0.352,0,0
D,827706,-0.330,0.000,0.264,0,0
D,827711,-0.439,0.000,0.264,0,0
D,827716,-0.417,0.000,0.264,0,0
D,827722,-0.417,0.000,0.264,0,0
D,827727,-0.417,0.000,0.264,0,0
D,827732,-0.374,0.000,0.264,0,0
D,827738,-0.417,0.000,0.264,0,0
D,827743,-0.396,0.000,0.264,0,0
D,827749,-0.374,0.000,0.264,0,0
D,827754,-0.396,0.000,0.352,0,0
D,827759,-0.439,0.000,0.264,0,0
D,827765,-0.374,0.000,0.352,0,0
D,827770,-0.417,0.000,0.264,0,0
D,827775,-0.483,0.000,0.352,0,0
D,827781,-0.439,0.000,0.264,0,0
D,827786,-0.417,0.000,0.264,0,0
D,827791,-0.439,0.000,0.264,0,0
D,827797,-0.483,0.000,0.264,0,0
D,827802,-0.505,0.000,0.264,0,0
D,827807,-0.417,0.000,0.264,0,0
D,827813,-0.374,0.000,0.264,0,0
D,827818,-0.505,0.000,0.264,0,0
D,827823,-0.461,0.000,0.264,0,0
D,827829,-0.417,0.000,0.264,0,0
D,827834,-0.483,0.000,0.264,0,0
D,827839,-0.483,0.000,0.352,0,0
D,827845,-0.505,0.000,0.352,0,0
D,827850,-0.483,0.000,0.264,0,0
D,827855,-0.483,0.000,0.264,0,0
D,827861,-0.571,0.000,0.264,0,0
D,827866,-0.549,0.000,0.352,0,0
D,827871,-0.615,0.000,0.264,0,0
D,827877,-0.549,0.000,0.264,0,0
D,827882,-0.527,0.000,0.264,0,0
D,827888,-0.571,0.000,0.264,0,0
D,827893,-0.527,0.000,0.264,0,0
D,827898,-0.615,0.000,0.264,0,0
D,827904,-0.571,0.000,0.264,0,0
D,827909,-0.527,0.000,0.264,0,0
D,827914,-0.615,0.000,0.352,0,0
D,827920,-0.615,0.000,0.264,0,0
D,827925,-0.593,0.000,0.264,0,0
D,827930,-0.681,0.000,0.264,0,0
D,827936,-0.681,0.000,0.352,0,0
D,827941,-0.637,0.000,0.264,0,0
D,827946,-0.681,0.000,0.264,0,0
D,827952,-0.703,0.000,0.264,0,0
D,827957,-0.703,0.000,0.264,0,0
D,827962,-0.681,0.000,0.264,0,0
D,827968,-0.791,0.000,0.352,0,0
D,827973,-0.703,0.000,0.264,0,0
D,827978,-0.791,0.000,0.264,0,0
D,827984,-0.703,0.000,0.264,0,0
D,827989,-0.703,0.000,0.264,0,0
D,827994,-0.813,0.000,0.352,0,0
D,828000,-0.813,0.000,0.264,0,0
D,828005,-0.813,0.000,0.264,0,0
D,828010,-0.879,0.000,0.264,0,0
D,828016,-0.813,0.000,0.264,0,0
D,828021,-0.879,0.000,0.264,0,0
D,828026,-0.879,0.000,0.352,0,0
D,828032,-0.835,0.000,0.264,0,0
D,828037,-0.923,0.000,0.264,0,0
D,828043,-0.857,0.000,0.264,0,0
D,828048,-0.879,0.000,0.264,0,0
D,828053,-0.835,0.000,0.352,0,0
D,828059,-0.967,0.000,0.264,0,0
D,828064,-0.879,0.000,0.264,0,0
D,828069,-0.901,0.000,0.352,0,0
D,828075,-0.967,0.000,0.264,0,0
D,828080,-0.989,0.000,0.264,0,0
D,828085,-0.945,0.000,0.264,0,0
D,828091,-0.945,0.000,0.264,0,0
D,828096,-0.967,0.000,0.264,0,0
D,828101,-1.011,0.000,0.264,0,0
D,828107,-0.989,0.000,0.264,0,0
D,828112,-1.011,0.000,0.352,0,0
D,828117,-1.033,0.000,0.264,0,0
D,828123,-1.011,0.000,0.264,0,0
D,828128,-0.967,0.000,0.264,0,0
D,828133,-1.011,0.000,0.264,0,0
D,828139,-0.967,0.000,0.264,0,0
D,828144,-0.989,0.000,0.352,0,0
D,828149,-0.989,0.000,0.264,0,0
D,828155,-0.989,0.000,0.352,0,0
D,828160,-1.033,0.000,0.264,0,0
D,828165,-0.989,0.000,0.264,0,0
D,828171,-1.033,0.000,0.264,0,0
D,828176,-0.989,0.000,0.264,0,0
D,828182,-1.055,0.000,0.264,0,0
D,828187,-1.077,0.000,0.264,0,0
D,828192,-0.989,0.000,0.352,0,0
D,828198,-1.011,0.000,0.264,0,0
D,828203,-0.989,0.000,0.352,0,0
D,828208,-1.011,0.000,0.352,0,0
D,828214,-1.033,0.000,0.264,0,0
D,828219,-1.011,0.000,0.264,0,0
D,828224,-1.055,0.000,0.264,0,0
D,828230,-1.033,0.000,0.264,0,0
D,828235,-1.011,0.000,0.264,0,0
D,828240,-1.055,0.000,0.352,0,0
D,828246,-1.011,0.000,0.264,0,0
D,828251,-0.989,0.000,0.352,0,0
D,828256,-1.033,0.000,0.352,0,0
D,828262,-1.011,0.000,0.264,0,0
D,828267,-0.945,0.000,0.264,0,0
D,828272,-0.989,0.000,0.264,0,0
D,828278,-1.011,0.000,0.264,0,0
D,828283,-0.989,0.000,0.264,0,0
D,828288,-1.011,0.000,0.264,0,0
D,828294,-1.011,0.000,0.264,0,0
D,828299,-1.011,0.000,0.264,0,0
D,828304,-0.967,0.000,0.264,0,0
D,828310,-0.945,0.000,0.264,0,0
D,828315,-0.901,0.000,0.352,0,0
D,828320,-0.967,0.000,0.264,0,0
D,828326,-0.923,0.000,0.264,0,0
D,828331,-0.989,0.000,0.352,0,0
D,828337,-0.923,0.000,0.264,0,0
D,828342,-0.879,0.000,0.264,0,0
D,828347,-0.945,0.000,0.264,0,0
D,828353,-0.967,0.000,0.264,0,0
D,828358,-0.945,0.000,0.264,0,0
D,828363,-0.879,0.000,0.264,0,0
D,828369,-0.901,0.000,0.264,0,0
D,828374,-0.857,0.000,0.264,0,0
D,828379,-0.901,0.000,0.264,0,0
D,828385,-0.901,0.000,0.264,0,0
D,828390,-0.901,0.000,0.264,0,0
D,828395,-0.857,0.000,0.264,0,0
D,828401,-0.835,0.000,0.264,0,0
D,828406,-0.835,0.000,0.264,0,0
D,828411,-0.791,0.000,0.352,0,0
D,828417,-0.791,0.000,0.264,0,0
D,828422,-0.725,0.000,0.264,0,0
D,828427,-0.791,0.000,0.352,0,0
D,828433,-0.835,0.000,0.264,0,0
D,828438,-0.813,0.000,0.352,0,0
D,828443,-0.835,0.000,0.352,0,0
D,828449,-0.747,0.000,0.264,0,0
D,828454,-0.747,0.000,0.264,0,0
D,828459,-0.857,0.000,0.264,0,0
D,828465,-0.791,0.000,0.352,0,0
D,828470,-0.725,0.000,0.264,0,0
D,828476,-0.769,0.000,0.264,0,0
D,828481,-0.681,0.000,0.264,0,0
D,828486,-0.725,0.000,0.264,0,0
D,828492,-0.725,0.000,0.264,0,0
D,828497,-0.725,0.000,0.264,0,0
D,828502,-0.681,0.000,0.352,0,0
D,828508,-0.703,0.000,0.264,0,0
D,828513,-0.659,0.000,0.264,0,0
D,828518,-0.615,0.000,0.264,0,0
D,828524,-0.637,0.000,0.264,0,0
D,828529,-0.615,0.000,0.264,0,0
D,828534,-0.659,0.000,0.264,0,0
D,828540,-0.571,0.000,0.352,0,0
D,828545,-0.593,0.000,0.264,0,0
D,828550,-0.593,0.000,0.264,0,0
D,828556,-0.615,0.000,0.352,0,0
D,828561,-0.593,0.000,0.264,0,0
D,828566,-0.527,0.000,0.352,0,0
D,828572,-0.571,0.000,0.264,0,0
D,828577,-0.549,0.000,0.264,0,0
D,828582,-0.527,0.000,0.264,0,0
D,828588,-0.527,0.000,0.264,0,0
D,828593,-0.527,0.000,0.264,0,0
D,828598,-0.505,0.000,0.264,0,0
D,828604,-0.505,0.000,0.264,0,0
D,828609,-0.549,0.000,0.264,0,0
D,828615,-0.505,0.000,0.352,0,0
D,828620,-0.505,0.000,0.264,0,0
D,828625,-0.571,0.000,0.264,0,0
D,828631,-0.505,0.000,0.264,0,0
D,828636,-0.527,0.000,0.264,0,0
D,828641,-0.527,0.000,0.264,0,0
D,828647,-0.549,0.000,0.264,0,0
D,828652,-0.483,0.000,0.264,0,0
D,828657,-0.505,0.000,0.264,0,0
D,828663,-0.527,0.000,0.264,0,0
D,828668,-0.461,0.000,0.264,0,0
D,828673,-0.439,0.000,0.264,0,0
D,828679,-0.417,0.000,0.352,0,0
D,828684,-0.417,0.000,0.264,0,0
D,828689,-0.396,0.000,0.264,0,0
D,828695,-0.417,0.000,0.264,0,0
D,828700,-0.396,0.000,0.264,0,0
D,828705,-0.417,0.000,0.264,0,0
D,828711,-0.374,0.000,0.264,0,0
D,828716,-0.417,0.000,0.352,0,0
D,828721,-0.439,0.000,0.264,0,0
D,828727,-0.417,0.000,0.264,0,0
D,828732,-0.396,0.000,0.352,0,0
D,828737,-0.417,0.000,0.264,0,0
D,828743,-0.374,0.000,0.264,0,0
D,828748,-0.396,0.000,0.264,0,0
D,828754,-0.439,0.000,0.264,0,0
D,828759,-0.396,0.000,0.264,0,0
D,828764,-0.396,0.000,0.264,0,0
D,828770,-0.417,0.000,0.352,0,0
D,828775,-0.352,0.000,0.264,0,0
D,828780,-0.396,0.000,0.264,0,0
D,828786,-0.417,0.000,0.264,0,0
D,828791,-0.374,0.000,0.264,0,0
D,828796,-0.330,0.000,0.264,0,0
D,828802,-0.439,0.000,0.264,0,0
D,828807,-0.308,0.000,0.264,0,0
D,828812,-0.308,0.000,0.264,0,0
D,828818,-0.374,0.000,0.264,0,0
D,828823,-0.417,0.000,0.264,0,0
D,828828,-0.352,0.000,0.264,0,0
D,828834,-0.330,0.000,0.264,0,0
D,828839,-0.374,0.000,0.264,0,0
D,828844,-0.417,0.000,0.264,0,0
D,828850,-0.396,0.000,0.352,0,0
D,828855,-0.352,0.000,0.264,0,0
D,828860,-0.396,0.000,0.264,0,0
D,828866,-0.417,0.000,0.264,0,0
D,828871,-0.374,0.000,0.264,0,0
D,828876,-0.483,0.000,0.264,0,0
D,828882,-0.417,0.000,0.264,0,0
D,828887,-0.461,0.000,0.352,0,0
D,828892,-0.417,0.000,0.264,0,0
D,828898,-0.461,0.000,0.264,0,0
D,828903,-0.417,0.000,0.352,0,0
D,828909,-0.527,0.000,0.264,0,0
D,828914,-0.483,0.000,0.264,0,0
D,828919,-0.483,0.000,0.264,0,0
D,828925,-0.417,0.000,0.264,0,0
D,828930,-0.505,0.000,0.264,0,0
D,828935,-0.483,0.000,0.352,0,0
D,828941,-0.439,0.000,0.264,0,0
D,828946,-0.549,0.000,0.264,0,0
D,828951,-0.527,0.000,0.352,0,0
D,828957,-0.527,0.000,0.352,0,0
D,828962,-0.527,0.000,0.264,0,0
D,828967,-0.549,0.000,0.264,0,0
D,828973,-0.527,0.000,0.264,0,0
D,828978,-0.549,0.000,0.264,0,0
D,828983,-0.549,0.000,0.264,0,0
D,828989,-0.527,0.000,0.352,0,0
D,828994,-0.593,0.000,0.264,0,0
D,828999,-0.549,0.000,0.264,0,0
D,829005,-0.483,0.000,0.352,0,0
D,829010,-0.593,0.000,0.264,0,0
D,829015,-0.571,0.000,0.264,0,0
D,829021,-0.571,0.000,0.264,0,0
D,829026,-0.571,0.000,0.352,0,0
D,829031,-0.593,0.000,0.264,0,0
D,829037,-0.615,0.000,0.264,0,0
D,829042,-0.659,0.000,0.352,0,0
D,829048,-0.681,0.000,0.264,0,0
D,829053,-0.681,0.000,0.264,0,0
D,829058,-0.703,0.000,0.352,0,0
D,829064,-0.637,0.000,0.264,0,0
D,829069,-0.725,0.000,0.264,0,0
D,829074,-0.703,0.000,0.264,0,0
D,829080,-0.725,0.000,0.264,0,0
D,829085,-0.725,0.000,0.352,0,0
D,829090,-0.747,0.000,0.264,0,0
D,829096,-0.769,0.000,0.264,0,0
D,829101,-0.769,0.000,0.264,0,0
D,829106,-0.769,0.000,0.352,0,0
D,829112,-0.769,0.000,0.264,0,0
D,829117,-0.725,0.000,0.264,0,0
D,829122,-0.725,0.000,0.352,0,0
D,829128,-0.791,0.000,0.264,0,0
D,829133,-0.813,0.000,0.264,0,0
D,829138,-0.747,0.000,0.264,0,0
D,829144,-0.813,0.000,0.264,0,0
D,829149,-0.813,0.000,0.264,0,0
D,829154,-0.791,0.000,0.264,0,0
D,829160,-0.813,0.000,0.264,0,0
D,829165,-0.813,0.000,0.264,0,0
D,829170,-0.813,0.000,0.264,0,0
D,829176,-0.813,0.000,0.264,0,0
D,829181,-0.813,0.000,0.264,0,0
D,829186,-0.835,0.000,0.264,0,0
D,829192,-0.901,0.000,0.352,0,0
D,829197,-0.813,0.000,0.264,0,0
D,829203,-0.813,0.000,0.264,0,0
D,829208,-0.813,0.000,0.264,0,0
D,829213,-0.857,0.000,0.352,0,0
E,829216,MARK
D,829219,-0.835,0.000,0.264,0,0
D,829224,-0.879,0.000,0.264,0,0
D,829229,-0.857,0.000,0.264,0,0
D,829235,-0.879,0.000,0.264,0,0
D,829240,-0.857,0.000,0.264,0,0
D,829245,-0.901,0.000,0.264,0,0
D,829251,-0.835,0.000,0.264,0,0
D,829256,-0.857,0.000,0.264,0,0
D,829261,-0.835,0.000,0.264,0,0
D,829267,-0.879,0.000,0.264,0,0
D,829272,-0.835,0.000,0.264,0,0
D,829277,-0.857,0.000,0.264,0,0
D,829283,-0.879,0.000,0.264,0,0
D,829288,-0.857,0.000,0.264,0,0
D,829293,-0.857,0.000,0.264,0,0
D,829299,-0.813,0.000,0.264,0,0
D,829304,-0.857,0.000,0.352,0,0
D,829309,-0.879,0.000,0.264,0,0
D,829315,-0.901,0.000,0.264,0,0
D,829320,-0.857,0.000,0.264,0,0
D,829325,-0.835,0.000,0.264,0,0
D,829331,-0.813,0.000,0.352,0,0
D,829336,-0.791,0.000,0.264,0,0
D,829342,-0.857,0.000,0.264,0,0
D,829347,-0.813,0.000,0.264,0,0
D,829352,-0.835,0.000,0.352,0,0
D,829358,-0.747,0.000,0.352,0,0
D,829363,-0.857,0.000,0.264,0,0
D,829368,-0.879,0.000,0.264,0,0
D,829374,-0.857,0.000,0.352,0,0
D,829379,-0.857,0.000,0.264,0,0
D,829384,-0.835,0.000,0.352,0,0
D,829390,-0.791,0.000,0.264,0,0
D,829395,-0.879,0.000,0.352,0,0
D,829400,-0.835,0.000,0.264,0,0
D,829406,-0.857,0.000,0.264,0,0
D,829411,-0.857,0.000,0.264,0,0
D,829416,-0.791,0.000,0.352,0,0
D,829422,-0.791,0.000,0.264,0,0
D,829427,-0.769,0.000,0.352,0,0
D,829432,-0.769,0.000,0.264,0,0
D,829438,-0.769,0.000,0.264,0,0
D,829443,-0.813,0.000,0.264,0,0
D,829448,-0.703,0.000,0.264,0,0
D,829454,-0.813,0.000,0.264,0,0
D,829459,-0.747,0.000,0.264,0,0
D,829464,-0.813,0.000,0.264,0,0
D,829470,-0.725,0.000,0.264,0,0
D,829475,-0.659,0.000,0.352,0,0
D,829481,-0.725,0.000,0.264,0,0
D,829486,-0.703,0.000,0.264,0,0
D,829491,-0.747,0.000,0.264,0,0
D,829497,-0.769,0.000,0.264,0,0
D,829502,-0.681,0.000,0.264,0,0
D,829507,-0.725,0.000,0.264,0,0
D,829513,-0.659,0.000,0.264,0,0
D,829518,-0.703,0.000,0.352,0,0
D,829523,-0.747,0.000,0.264,0,0
D,829529,-0.747,0.000,0.264,0,0
D,829534,-0.703,0.000,0.264,0,0
D,829539,-0.747,0.000,0.264,0,0
D,829545,-0.703,0.000,0.264,0,0
D,829550,-0.747,0.000,0.264,0,0
D,829555,-0.681,0.000,0.264,0,0
D,829561,-0.681,0.000,0.264,0,0
D,829566,-0.703,0.000,0.264,0,0
D,829571,-0.659,0.000,0.264,0,0
D,829577,-0.725,0.000,0.352,0,0
D,829582,-0.659,0.000,0.264,0,0
D,829587,-0.703,0.000,0.264,0,0
D,829593,-0.725,0.000,0.352,0,0
D,829598,-0.681,0.000,0.264,0,0
D,829603,-0.659,0.000,0.264,0,0
D,829609,-0.703,0.000,0.264,0,0
D,829614,-0.615,0.000,0.264,0,0
D,829619,-0.703,0.000,0.264,0,0
D,829625,-0.769,0.000,0.264,0,0
D,829630,-0.681,0.000,0.264,0,0
D,829636,-0.725,0.000,0.264,0,0
D,829641,-0.681,0.000,0.264,0,0
D,829646,-0.813,0.000,0.264,0,0
D,829652,-0.747,0.000,0.264,0,0
D,829657,-0.725,0.000,0.264,0,0
D,829662,-0.813,0.000,0.264,0,0
D,829668,-0.769,0.000,0.264,0,0
D,829673,-0.747,0.000,0.352,0,0
D,829678,-0.769,0.000,0.264,0,0
D,829684,-0.747,0.000,0.264,0,0
D,829689,-0.769,0.000,0.264,0,0
D,829694,-0.813,0.000,0.264,0,0
D,829700,-0.791,0.000,0.264,0,0
D,829705,-0.901,0.000,0.264,0,0
D,829710,-0.813,0.000,0.264,0,0
D,829716,-0.857,0.000,0.264,0,0
D,829721,-0.835,0.000,0.264,0,0
D,829726,-0.791,0.000,0.352,0,0
D,829732,-0.835,0.000,0.264,0,0
D,829737,-0.879,0.000,0.264,0,0
D,829742,-0.879,0.000,0.264,0,0
D,829748,-0.901,0.000,0.264,0,0
D,829753,-0.901,0.000,0.264,0,0
D,829758,-0.879,0.000,0.264,0,0
D,829764,-0.989,0.000,0.264,0,0
D,829769,-0.945,0.000,0.264,0,0
D,829774,-0.945,0.000,0.264,0,0
D,829780,-0.945,0.000,0.264,0,0
D,829785,-0.989,0.000,0.264,0,0
D,829791,-0.989,0.000,0.264,0,0
D,829796,-0.945,0.000,0.264,0,0
D,829801,-0.967,0.000,0.352,0,0
D,829807,-1.011,0.000,0.264,0,0
D,829812,-1.033,0.000,0.264,0,0
D,829817,-0.989,0.000,0.264,0,0
D,829823,-1.055,0.000,0.264,0,0
D,829828,-1.033,0.000,0.264,0,0
D,829833,-1.033,0.000,0.352,0,0
D,829839,-1.011,0.000,0.264,0,0
D,829844,-1.077,0.000,0.264,0,0
D,829849,-1.011,0.000,0.352,0,0
D,829855,-1.011,0.000,0.264,0,0
D,829860,-1.033,0.000,0.264,0,0
D,829865,-1.121,0.000,0.264,0,0
D,829871,-1.011,0.000,0.264,0,0
D,829876,-1.143,0.000,0.264,0,0
D,829881,-1.077,0.000,0.352,0,0
D,829887,-1.099,0.000,0.264,0,0
D,829892,-1.165,0.000,0.352,0,0
D,829897,-1.077,0.000,0.264,0,0
D,829903,-1.187,0.000,0.352,0,0
D,829908,-1.143,0.000,0.264,0,0
D,829913,-1.143,0.000,0.264,0,0
D,829919,-1.143,0.000,0.264,0,0
D,829924,-1.252,0.000,0.264,0,0
D,829930,-1.208,0.000,0.352,0,0
D,829935,-1.208,0.000,0.264,0,0
D,829940,-1.230,0.000,0.264,0,0
D,829946,-1.252,0.000,0.352,0,0
D,829951,-1.230,0.000,0.264,0,0
D,829956,-1.230,0.000,0.352,0,0
D,829962,-1.165,0.000,0.264,0,0
D,829967,-1.274,0.000,0.352,0,0
D,829972,-1.252,0.000,0.352,0,0
D,829978,-1.230,0.000,0.264,0,0
D,829983,-1.252,0.000,0.264,0,0
D,829988,-1.252,0.000,0.264,0,0
D,829994,-1.340,0.000,0.264,0,0
D,829999,-1.274,0.000,0.264,0,0
D,830004,-1.318,0.000,0.264,0,0
D,830010,-1.340,0.000,0.352,0,0
D,830015,-1.340,0.000,0.264,0,0
D,830020,-1.296,0.000,0.352,0,0
D,830026,-1.296,0.000,0.264,0,0
D,830031,-1.340,0.000,0.264,0,0
D,830036,-1.472,0.000,0.264,0,0
D,830042,-1.428,0.000,0.352,0,0
D,830047,-1.406,0.000,0.264,0,0
D,830052,-1.494,0.000,0.264,0,0
D,830058,-1.406,0.000,0.264,0,0
D,830063,-1.428,0.000,0.264,0,0
D,830069,-1.406,0.000,0.264,0,0
D,830074,-1.472,0.000,0.264,0,0
D,830079,-1.450,0.000,0.264,0,0
D,830085,-1.472,0.000,0.352,0,0
D,830090,-1.384,0.000,0.264,0,0
D,830095,-1.494,0.000,0.264,0,0
D,830101,-1.472,0.000,0.264,0,0
D,830106,-1.494,0.000,0.264,0,0
D,830111,-1.472,0.000,0.264,0,0
D,830117,-1.516,0.000,0.264,0,0
D,830122,-1.516,0.000,0.264,0,0
D,830127,-1.538,0.000,0.264,0,0
D,830133,-1.604,0.000,0.352,0,0
D,830138,-1.560,0.000,0.264,0,0
D,830143,-1.538,0.000,0.264,0,0
D,830149,-1.560,0.000,0.264,0,0
D,830154,-1.582,0.000,0.264,0,0
D,830159,-1.582,0.000,0.264,0,0
D,830165,-1.604,0.000,0.264,0,0
D,830170,-1.670,0.000,0.264,0,0
D,830175,-1.604,0.000,0.352,0,0
D,830181,-1.648,0.000,0.264,0,0
D,830186,-1.648,0.000,0.264,0,0
D,830191,-1.692,0.000,0.264,0,0
D,830197,-1.648,0.000,0.264,0,0
D,830202,-1.604,0.000,0.352,0,0
D,830208,-1.736,0.000,0.264,0,0
D,830213,-1.670,0.000,0.264,0,0
D,830218,-1.670,0.000,0.264,0,0
D,830224,-1.736,0.000,0.264,0,0
D,830229,-1.692,0.000,0.264,0,0
D,830234,-1.692,0.000,0.264,0,0
D,830240,-1.648,0.000,0.264,0,0
D,830245,-1.692,0.000,0.352,0,0
D,830250,-1.714,0.000,0.264,0,0
D,830256,-1.736,0.000,0.264,0,0
D,830261,-1.758,0.000,0.352,0,0
D,830266,-1.758,0.000,0.264,0,0
D,830272,-1.780,0.000,0.264,0,0
D,830277,-1.802,0.000,0.264,0,0
D,830282,-1.824,0.000,0.352,0,0
D,830288,-1.802,0.000,0.352,0,0
D,830293,-1.736,0.000,0.264,0,0
D,830298,-1.802,0.000,0.264,0,0
D,830304,-1.912,0.000,0.264,0,0
D,830309,-1.846,0.000,0.264,0,0
D,830314,-1.890,0.000,0.264,0,0
D,830320,-1.868,0.000,0.352,0,0
D,830325,-1.802,0.000,0.264,0,0
D,830330,-1.802,0.000,0.264,0,0
D,830336,-1.934,0.000,0.264,0,0
D,830341,-1.868,0.000,0.352,0,0
D,830347,-2.000,0.000,0.264,0,0
D,830352,-1.912,0.000,0.352,0,0
D,830357,-1.934,0.000,0.264,0,0
D,830363,-1.934,0.000,0.264,0,0
D,830368,-1.934,0.000,0.352,0,0
D,830373,-1.912,0.000,0.352,0,0
D,830379,-1.934,0.000,0.352,0,0
D,830384,-1.868,0.000,0.352,0,0
D,830389,-1.890,0.000,0.352,0,0
D,830395,-1.890,0.000,0.352,0,0
D,830400,-1.868,0.000,0.352,0,0
D,830405,-1.978,0.000,0.352,0,0
D,830411,-1.934,0.000,0.352,0,0
D,830416,-1.890,0.000,0.264,0,0
D,830421,-1.912,0.000,0.264,0,0
D,830427,-1.846,0.000,0.352,0,0
D,830432,-1.978,0.000,0.264,0,0
D,830437,-1.846,0.000,0.264,0,0
D,830443,-1.846,0.000,0.264,0,0
D,830448,-1.956,0.000,0.264,0,0
D,830453,-1.912,0.000,0.352,0,0
D,830459,-1.890,0.000,0.352,0,0
D,830464,-1.912,0.000,0.352,0,0
D,830469,-1.868,0.000,0.264,0,0
D,830475,-1.868,0.000,0.352,0,0
D,830480,-1.802,0.000,0.352,0,0
D,830486,-1.890,0.000,0.352,0,0
D,830491,-1.868,0.000,0.352,0,0
D,830496,-1.802,0.000,0.264,0,0
D,830502,-1.824,0.000,0.264,0,0
D,830507,-1.824,0.000,0.352,0,0
D,830512,-1.758,0.000,0.264,0,0
D,830518,-1.846,0.000,0.352,0,0
D,830523,-1.802,0.000,0.352,0,0
D,830528,-1.846,0.000,0.352,0,0
D,830534,-1.868,0.000,0.352,0,0
D,830539,-1.758,0.000,0.264,0,0
D,830544,-1.758,0.000,0.352,0,0
D,830550,-1.780,0.000,0.352,0,0
D,830555,-1.736,0.000,0.264,0,0
D,830560,-1.714,0.000,0.352,0,0
D,830566,-1.780,0.000,0.264,0,0
D,830571,-1.758,0.000,0.264,0,0
D,830576,-1.824,0.000,0.264,0,0
D,830582,-1.692,0.000,0.352,0,0
D,830587,-1.714,0.000,0.264,0,0
D,830592,-1.714,0.000,0.352,0,0
D,830598,-1.692,0.000,0.352,0,0
D,830603,-1.714,0.000,0.352,0,0
D,830608,-1.714,0.000,0.352,0,0
D,830614,-1.692,0.000,0.352,0,0
D,830619,-1.648,0.000,0.352,0,0
D,830625,-1.692,0.000,0.264,0,0
D,830630,-1.670,0.000,0.264,0,0
D,830635,-1.626,0.000,0.352,0,0
D,830641,-1.648,0.000,0.352,0,0
D,830646,-1.582,0.000,0.352,0,0
D,830651,-1.626,0.000,0.352,0,0
D,830657,-1.626,0.000,0.264,0,0
D,830662,-1.648,0.000,0.352,0,0
D,830667,-1.582,0.000,0.352,0,0
D,830673,-1.626,0.000,0.352,0,0
D,830678,-1.604,0.000,0.352,0,0
D,830683,-1.626,0.000,0.352,0,0
D,830689,-1.604,0.000,0.264,0,0
D,830694,-1.582,0.000,0.264,0,0
D,830699,-1.582,0.000,0.352,0,0
D,830705,-1.560,0.000,0.352,0,0
D,830710,-1.560,0.000,0.264,0,0
D,830715,-1.560,0.000,0.352,0,0
D,830721,-1.538,0.000,0.352,0,0
D,830726,-1.582,0.000,0.352,0,0
D,830731,-1.560,0.000,0.264,0,0
D,830737,-1.582,0.000,0.264,0,0
D,830742,-1.538,0.000,0.352,0,0
D,830747,-1.494,0.000,0.352,0,0
D,830753,-1.538,0.000,0.352,0,0
D,830758,-1.560,0.000,0.352,0,0
D,830764,-1.516,0.000,0.264,0,0
D,830769,-1.516,0.000,0.352,0,0
D,830774,-1.472,0.000,0.352,0,0
D,830780,-1.516,0.000,0.352,0,0
D,830785,-1.494,0.000,0.352,0,0
D,830790,-1.494,0.000,0.352,0,0
D,830796,-1.494,0.000,0.352,0,0
D,830801,-1.516,0.000,0.264,0,0
D,830806,-1.494,0.000,0.352,0,0
D,830812,-1.450,0.000,0.352,0,0
D,830817,-1.450,0.000,0.352,0,0
D,830822,-1.516,0.000,0.352,0,0
D,830828,-1.472,0.000,0.352,0,0
D,830833,-1.538,0.000,0.352,0,0
D,830838,-1.472,0.000,0.264,0,0
D,830844,-1.450,0.000,0.352,0,0
D,830849,-1.428,0.000,0.352,0,0
D,830854,-1.472,0.000,0.352,0,0
D,830860,-1.428,0.000,0.264,0,0
D,830865,-1.406,0.000,0.264,0,0
D,830870,-1.450,0.000,0.264,0,0
D,830876,-1.494,0.000,0.352,0,0
D,830881,-1.472,0.000,0.264,0,0
D,830886,-1.450,0.000,0.352,0,0
D,830892,-1.428,0.000,0.352,0,0
D,830897,-1.450,0.000,0.352,0,0
D,830902,-1.494,0.000,0.352,0,0
D,830908,-1.516,0.000,0.264,0,0
D,830913,-1.538,0.000,0.352,0,0
D,830919,-1.428,0.000,0.352,0,0
D,830924,-1.406,0.000,0.352,0,0
D,830929,-1.428,0.000,0.352,0,0
D,830935,-1.384,0.000,0.352,0,0
D,830940,-1.472,0.000,0.352,0,0
D,830945,-1.406,0.000,0.352,0,0
D,830951,-1.516,0.000,0.264,0,0
D,830956,-1.428,0.000,0.352,0,0
D,830961,-1.516,0.000,0.352,0,0
D,830967,-1.538,0.000,0.352,0,0
D,830972,-1.516,0.000,0.352,0,0
D,830977,-1.516,0.000,0.352,0,0
D,830983,-1.472,0.000,0.352,0,0
D,830988,-1.494,0.000,0.352,0,0
D,830993,-1.450,0.000,0.264,0,0
D,830999,-1.560,0.000,0.264,0,0
D,831004,-1.538,0.000,0.352,0,0
D,831009,-1.516,0.000,0.352,0,0
D,831015,-1.516,0.000,0.352,0,0
D,831020,-1.494,0.000,0.352,0,0
D,831025,-1.516,0.000,0.264,0,0
D,831031,-1.494,0.000,0.352,0,0
D,831036,-1.538,0.000,0.352,0,0
D,831041,-1.560,0.000,0.352,0,0
D,831047,-1.516,0.000,0.264,0,0
D,831052,-1.516,0.000,0.352,0,0
D,831058,-1.538,0.000,0.352,0,0
D,831063,-1.582,0.000,0.352,0,0
D,831068,-1.516,0.000,0.264,0,0
D,831074,-1.494,0.000,0.264,0,0
D,831079,-1.582,0.000,0.352,0,0
D,831084,-1.560,0.000,0.352,0,0
D,831090,-1.538,0.000,0.352,0,0
D,831095,-1.560,0.000,0.352,0,0
D,831100,-1.648,0.000,0.264,0,0
D,831106,-1.560,0.000,0.352,0,0
D,831111,-1.648,0.000,0.352,0,0
D,831116,-1.626,0.000,0.352,0,0
D,831122,-1.604,0.000,0.352,0,0
D,831127,-1.604,0.000,0.352,0,0
D,831132,-1.582,0.000,0.352,0,0
D,831138,-1.670,0.000,0.352,0,0
D,831143,-1.648,0.000,0.264,0,0
D,831148,-1.670,0.000,0.264,0,0
D,831154,-1.670,0.000,0.264,0,0
D,831159,-1.692,0.000,0.352,0,0
D,831164,-1.714,0.000,0.352,0,0
D,831170,-1.714,0.000,0.352,0,0
D,831175,-1.670,0.000,0.264,0,0
D,831180,-1.714,0.000,0.352,0,0
D,831186,-1.758,0.000,0.264,0,0
D,831191,-1.648,0.000,0.352,0,0
D,831196,-1.736,0.000,0.352,0,0
D,831202,-1.692,0.000,0.352,0,0
D,831207,-1.692,0.000,0.264,0,0
D,831213,-1.714,0.000,0.352,0,0
D,831218,-1.758,0.000,0.352,0,0
D,831223,-1.736,0.000,0.352,0,0
D,831229,-1.736,0.000,0.352,0,0
D,831234,-1.758,0.000,0.352,0,0
D,831239,-1.736,0.000,0.352,0,0
D,831245,-1.780,0.000,0.264,0,0
D,831250,-1.824,0.000,0.352,0,0
D,831255,-1.824,0.000,0.264,0,0
D,831261,-1.736,0.000,0.352,0,0
D,831266,-1.714,0.000,0.264,0,0
D,831271,-1.736,0.000,0.352,0,0
D,831277,-1.758,0.000,0.352,0,0
D,831282,-1.802,0.000,0.264,0,0
D,831287,-1.780,0.000,0.352,0,0
D,831293,-1.802,0.000,0.352,0,0
D,831298,-1.802,0.000,0.352,0,0
D,831303,-1.846,0.000,0.264,0,0
D,831309,-1.736,0.000,0.264,0,0
D,831314,-1.802,0.000,0.352,0,0
D,831319,-1.780,0.000,0.352,0,0
D,831325,-1.824,0.000,0.352,0,0
D,831330,-1.934,0.000,0.352,0,0
D,831335,-1.802,0.000,0.264,0,0
D,831341,-1.846,0.000,0.352,0,0
D,831346,-1.890,0.000,0.352,0,0
D,831352,-1.824,0.000,0.264,0,0
D,831357,-1.802,0.000,0.352,0,0
D,831362,-1.802,0.000,0.352,0,0
D,831368,-1.868,0.000,0.352,0,0
D,831373,-1.802,0.000,0.352,0,0
D,831378,-1.890,0.000,0.352,0,0
D,831384,-1.868,0.000,0.264,0,0
D,831389,-1.846,0.000,0.352,0,0
D,831394,-1.846,0.000,0.352,0,0
D,831400,-1.846,0.000,0.264,0,0
D,831405,-1.846,0.000,0.352,0,0
D,831410,-1.824,0.000,0.352,0,0
D,831416,-1.824,0.000,0.352,0,0
D,831421,-1.802,0.000,0.352,0,0
D,831426,-1.824,0.000,0.352,0,0
D,831432,-1.824,0.000,0.352,0,0
D,831437,-1.890,0.000,0.352,0,0
D,831442,-1.802,0.000,0.264,0,0
D,831448,-1.868,0.000,0.352,0,0
D,831453,-1.868,0.000,0.264,0,0
D,831458,-1.890,0.000,0.352,0,0
D,831464,-1.868,0.000,0.352,0,0
D,831469,-1.824,0.000,0.352,0,0
D,831474,-1.912,0.000,0.352,0,0
D,831480,-1.868,0.000,0.352,0,0
D,831485,-1.868,0.000,0.352,0,0
D,831491,-1.824,0.000,0.352,0,0
D,831496,-1.890,0.000,0.352,0,0
D,831501,-1.868,0.000,0.264,0,0
D,831507,-1.846,0.000,0.264,0,0
D,831512,-1.868,0.000,0.352,0,0
D,831517,-1.846,0.000,0.352,0,0
D,831523,-1.890,0.000,0.352,0,0
D,831528,-1.846,0.000,0.352,0,0
D,831533,-1.846,0.000,0.352,0,0
D,831539,-1.934,0.000,0.264,0,0
D,831544,-1.846,0.000,0.264,0,0
D,831549,-1.868,0.000,0.352,0,0
D,831555,-1.868,0.000,0.352,0,0
D,831560,-1.846,0.000,0.352,0,0
D,831565,-1.846,0.000,0.352,0,0
D,831571,-1.890,0.000,0.352,0,0
D,831576,-1.868,0.000,0.352,0,0
D,831581,-1.824,0.000,0.352,0,0
D,831587,-1.890,0.000,0.264,0,0
D,831592,-1.912,0.000,0.352,0,0
D,831597,-1.912,0.000,0.352,0,0
D,831603,-1.846,0.000,0.352,0,0
D,831608,-1.802,0.000,0.352,0,0
D,831613,-1.912,0.000,0.352,0,0
D,831619,-1.802,0.000,0.352,0,0
D,831624,-1.824,0.000,0.264,0,0
D,831630,-1.890,0.000,0.352,0,0
D,831635,-1.868,0.000,0.352,0,0
D,831640,-1.934,0.000,0.352,0,0
D,831646,-1.780,0.000,0.352,0,0
D,831651,-1.802,0.000,0.264,0,0
D,831656,-1.824,0.000,0.352,0,0
D,831662,-1.824,0.000,0.352,0,0
D,831667,-1.802,0.000,0.352,0,0
D,831672,-1.802,0.000,0.352,0,0
D,831678,-1.846,0.000,0.264,0,0
D,831683,-1.824,0.000,0.352,0,0
D,831688,-1.758,0.000,0.352,0,0
D,831694,-1.780,0.000,0.352,0,0
D,831699,-1.802,0.000,0.352,0,0
D,831704,-1.846,0.000,0.352,0,0
D,831710,-1.780,0.000,0.352,0,0
D,831715,-1.846,0.000,0.352,0,0
D,831720,-1.802,0.000,0.264,0,0
D,831726,-1.780,0.000,0.352,0,0
D,831731,-1.780,0.000,0.352,0,0
D,831736,-1.802,0.000,0.352,0,0
D,831742,-1.714,0.000,0.352,0,0
D,831747,-1.802,0.000,0.352,0,0
D,831752,-1.824,0.000,0.352,0,0
D,831758,-1.758,0.000,0.352,0,0
D,831763,-1.780,0.000,0.352,0,0
D,831769,-1.780,0.000,0.352,0,0
D,831774,-1.714,0.000,0.352,0,0
D,831779,-1.736,0.000,0.352,0,0
D,831785,-1.670,0.000,0.352,0,0
D,831790,-1.714,0.000,0.352,0,0
D,831795,-1.670,0.000,0.352,0,0
D,831801,-1.736,0.000,0.352,0,0
D,831806,-1.714,0.000,0.352,0,0
D,831811,-1.648,0.000,0.264,0,0
D,831817,-1.714,0.000,0.352,0,0
D,831822,-1.648,0.000,0.352,0,0
D,831827,-1.714,0.000,0.352,0,0
D,831833,-1.670,0.000,0.352,0,0
D,831838,-1.714,0.000,0.352,0,0
D,831843,-1.670,0.000,0.352,0,0
D,831849,-1.648,0.000,0.352,0,0
D,831854,-1.604,0.000,0.352,0,0
D,831859,-1.626,0.000,0.352,0,0
D,831865,-1.626,0.000,0.352,0,0
D,831870,-1.626,0.000,0.352,0,0
D,831875,-1.626,0.000,0.352,0,0
D,831881,-1.670,0.000,0.352,0,0
D,831886,-1.648,0.000,0.352,0,0
D,831891,-1.670,0.000,0.352,0,0
D,831897,-1.626,0.000,0.352,0,0
D,831902,-1.560,0.000,0.264,0,0
D,831908,-1.692,0.000,0.352,0,0
D,831913,-1.560,0.000,0.352,0,0
D,831918,-1.626,0.000,0.352,0,0
D,831924,-1.626,0.000,0.352,0,0
D,831929,-1.604,0.000,0.352,0,0
D,831934,-1.538,0.000,0.352,0,0
D,831940,-1.538,0.000,0.264,0,0
D,831945,-1.648,0.000,0.352,0,0
D,831950,-1.626,0.000,0.352,0,0
D,831956,-1.626,0.000,0.352,0,0
D,831961,-1.604,0.000,0.352,0,0
D,831966,-1.648,0.000,0.352,0,0
D,831972,-1.648,0.000,0.264,0,0
D,831977,-1.582,0.000,0.352,0,0
D,831982,-1.494,0.000,0.352,0,0
D,831988,-1.604,0.000,0.352,0,0
D,831993,-1.538,0.000,0.352,0,0
D,831998,-1.604,0.000,0.352,0,0
D,832004,-1.538,0.000,0.352,0,0
D,832009,-1.604,0.000,0.352,0,0
D,832014,-1.538,0.000,0.352,0,0
D,832020,-1.560,0.000,0.352,0,0
D,832025,-1.516,0.000,0.352,0,0
D,832030,-1.538,0.000,0.352,0,0
D,832036,-1.494,0.000,0.352,0,0
D,832041,-1.604,0.000,0.352,0,0
D,832047,-1.494,0.000,0.352,0,0
D,832052,-1.516,0.000,0.352,0,0
D,832057,-1.516,0.000,0.352,0,0
D,832063,-1.450,0.000,0.352,0,0
D,832068,-1.472,0.000,0.352,0,0
D,832073,-1.428,0.000,0.352,0,0
D,832079,-1.472,0.000,0.352,0,0
D,832084,-1.516,0.000,0.352,0,0
D,832089,-1.472,0.000,0.352,0,0
D,832095,-1.450,0.000,0.352,0,0
D,832100,-1.494,0.000,0.352,0,0
D,832105,-1.428,0.000,0.352,0,0
D,832111,-1.450,0.000,0.352,0,0
D,832116,-1.406,0.000,0.352,0,0
D,832121,-1.472,0.000,0.352,0,0
D,832127,-1.428,0.000,0.352,0,0
D,832132,-1.406,0.000,0.352,0,0
D,832137,-1.450,0.000,0.352,0,0
D,832143,-1.450,0.000,0.352,0,0
D,832148,-1.428,0.000,0.352,0,0
D,832153,-1.428,0.000,0.352,0,0
D,832159,-1.428,0.000,0.352,0,0
D,832164,-1.428,0.000,0.352,0,0
D,832169,-1.494,0.000,0.352,0,0
D,832175,-1.384,0.000,0.352,0,0
D,832180,-1.340,0.000,0.352,0,0
D,832185,-1.318,0.000,0.352,0,0
D,832191,-1.362,0.000,0.352,0,0
D,832196,-1.340,0.000,0.352,0,0
D,832202,-1.318,0.000,0.352,0,0
D,832207,-1.340,0.000,0.352,0,0
D,832212,-1.340,0.000,0.352,0,0
D,832218,-1.340,0.000,0.352,0,0
D,832223,-1.296,0.000,0.352,0,0
D,832228,-1.296,0.000,0.352,0,0
D,832234,-1.208,0.000,0.352,0,0
D,832239,-1.340,0.000,0.352,0,0
D,832244,-1.318,0.000,0.352,0,0
D,832250,-1.274,0.000,0.352,0,0
D,832255,-1.318,0.000,0.352,0,0
D,832260,-1.340,0.000,0.352,0,0
D,832266,-1.252,0.000,0.352,0,0
D,832271,-1.340,0.000,0.352,0,0
D,832276,-1.340,0.000,0.352,0,0
D,832282,-1.274,0.000,0.352,0,0
D,832287,-1.340,0.000,0.352,0,0
D,832292,-1.362,0.000,0.352,0,0
D,832298,-1.340,0.000,0.352,0,0
D,832303,-1.384,0.000,0.352,0,0
D,832308,-1.340,0.000,0.352,0,0
D,832314,-1.274,0.000,0.352,0,0
D,832319,-1.318,0.000,0.352,0,0
D,832324,-1.274,0.000,0.352,0,0
D,832330,-1.318,0.000,0.352,0,0
D,832335,-1.274,0.000,0.352,0,0
D,832341,-1.252,0.000,0.352,0,0
D,832346,-1.230,0.000,0.352,0,0
D,832351,-1.274,0.000,0.352,0,0
D,832357,-1.230,0.000,0.352,0,0
D,832362,-1.274,0.000,0.352,0,0
D,832367,-1.252,0.000,0.352,0,0
D,832373,-1.274,0.000,0.352,0,0
D,832378,-1.362,0.000,0.352,0,0
D,832383,-1.252,0.000,0.352,0,0
D,832389,-1.252,0.000,0.352,0,0
D,832394,-1.274,0.000,0.352,0,0
D,832399,-1.230,0.000,0.352,0,0
D,832405,-1.208,0.000,0.352,0,0
D,832410,-1.187,0.000,0.352,0,0
D,832415,-1.252,0.000,0.352,0,0
D,832421,-1.296,0.000,0.352,0,0
D,832426,-1.165,0.000,0.352,0,0
D,832431,-1.165,0.000,0.352,0,0
D,832437,-1.187,0.000,0.352,0,0
D,832442,-1.187,0.000,0.352,0,0
D,832447,-1.187,0.000,0.352,0,0
D,832453,-1.187,0.000,0.352,0,0
D,832458,-1.165,0.000,0.352,0,0
D,832463,-1.143,0.000,0.352,0,0
D,832469,-1.187,0.000,0.352,0,0
D,832474,-1.165,0.000,0.352,0,0
D,832480,-1.143,0.000,0.352,0,0
D,832485,-1.143,0.000,0.352,0,0
D,832490,-1.187,0.000,0.352,0,0
D,832496,-1.099,0.000,0.352,0,0
D,832501,-1.121,0.000,0.264,0,0
D,832506,-1.099,0.000,0.352,0,0
D,832512,-1.055,0.000,0.352,0,0
D,832517,-1.099,0.000,0.352,0,0
D,832522,-1.033,0.000,0.352,0,0
D,832528,-0.989,0.000,0.352,0,0
D,832533,-1.011,0.000,0.352,0,0
D,832538,-1.033,0.000,0.352,0,0
D,832544,-1.055,0.000,0.352,0,0
D,832549,-1.011,0.000,0.352,0,0
D,832554,-1.011,0.000,0.352,0,0
D,832560,-1.011,0.000,0.352,0,0
D,832565,-0.945,0.000,0.352,0,0
D,832570,-0.901,0.000,0.352,0,0
D,832576,-0.945,0.000,0.352,0,0
D,832581,-0.923,0.000,0.352,0,0
D,832586,-0.923,0.000,0.352,0,0
D,832592,-0.901,0.000,0.352,0,0
D,832597,-0.879,0.000,0.352,0,0
D,832602,-0.879,0.000,0.352,0,0
D,832608,-0.901,0.000,0.352,0,0
D,832613,-0.835,0.000,0.352,0,0
D,832619,-0.879,0.000,0.352,0,0
D,832624,-0.835,0.000,0.352,0,0
D,832629,-0.791,0.000,0.352,0,0
D,832635,-0.835,0.000,0.352,0,0
D,832640,-0.769,0.000,0.264,0,0
D,832645,-0.747,0.000,0.352,0,0
D,832651,-0.725,0.000,0.352,0,0
D,832656,-0.725,0.000,0.352,0,0
D,832661,-0.703,0.000,0.352,0,0
D,832667,-0.681,0.000,0.352,0,0
D,832672,-0.593,0.000,0.352,0,0
D,832677,-0.615,0.000,0.352,0,0
D,832683,-0.549,0.000,0.352,0,0
D,832688,-0.637,0.000,0.352,0,0
D,832693,-0.549,0.000,0.352,0,0
D,832699,-0.483,0.000,0.264,0,0
D,832704,-0.417,0.000,0.352,0,0
D,832709,-0.396,0.000,0.352,0,0
D,832715,-0.352,0.000,0.352,0,0
D,832720,-0.330,0.000,0.352,0,0
D,832725,-0.286,0.000,0.352,0,0
D,832731,-0.242,0.000,0.352,0,0
D,832736,-0.242,0.000,0.352,0,0
D,832741,-0.154,0.000,0.352,0,0
D,832747,-0.154,0.000,0.352,0,0
D,832752,-0.198,0.000,0.352,0,0
D,832758,-0.066,0.000,0.352,0,0
D,832763,-0.088,0.000,0.352,0,0
D,832768,-0.088,0.000,0.352,0,0
D,832774,-0.044,0.000,0.352,0,0
D,832779,-0.110,0.000,0.352,0,0
D,832784,-0.066,0.000,0.264,0,0
D,832790,0.000,0.000,0.352,0,0
D,832795,0.110,0.000,0.352,0,0
D,832800,0.154,0.000,0.352,0,0
D,832806,0.220,0.000,0.352,0,0
D,832811,0.198,0.000,0.352,0,0
D,832816,0.264,0.000,0.352,0,0
D,832822,0.286,0.000,0.352,0,0
D,832827,0.330,0.000,0.352,0,0
D,832832,0.374,0.000,0.352,0,0
D,832838,0.439,0.000,0.352,0,0
D,832843,0.549,0.000,0.352,0,0
D,832848,0.527,0.000,0.352,0,0
D,832854,0.593,0.000,0.352,0,0
D,832859,0.549,0.000,0.352,0,0
D,832864,0.659,0.000,0.352,0,0
D,832870,0.747,0.000,0.352,0,0
D,832875,0.725,0.000,0.352,0,0
D,832880,0.681,0.000,0.352,0,0
D,832886,0.769,0.000,0.352,0,0
D,832891,0.835,0.000,0.352,0,0
D,832896,0.901,0.000,0.352,0,0
D,832902,0.901,0.000,0.352,0,0
D,832907,0.989,0.000,0.352,0,0
D,832912,1.033,0.000,0.352,0,0
D,832918,1.165,0.000,0.352,0,0
D,832923,1.143,0.000,0.352,0,0
D,832929,1.165,0.000,0.352,0,0
D,832934,1.208,0.000,0.352,0,0
D,832939,1.318,0.000,0.352,0,0
D,832945,1.296,0.000,0.352,0,0
D,832950,1.362,0.000,0.352,0,0
D,832955,1.428,0.000,0.352,0,0
D,832961,1.494,0.000,0.352,0,0
D,832966,1.516,0.000,0.352,0,0
D,832971,1.604,0.000,0.352,0,0
D,832977,1.692,0.000,0.352,0,0
D,832982,1.758,0.000,0.352,0,0
D,832987,1.824,0.000,0.352,0,0
D,832993,1.846,0.000,0.352,0,0
D,832998,1.912,0.000,0.352,0,0
D,833003,1.978,0.000,0.352,0,0
D,833009,1.978,0.000,0.352,0,0
D,833014,2.109,0.000,0.352,0,0
D,833019,2.175,0.000,0.352,0,0
D,833025,2.263,0.000,0.352,0,0
D,833030,2.285,0.000,0.352,0,0
D,833035,2.395,0.000,0.352,0,0
D,833041,2.395,0.000,0.352,0,0
D,833046,2.395,0.000,0.352,0,0
D,833051,2.571,0.000,0.352,0,0
D,833057,2.681,0.000,0.352,0,0
D,833062,2.659,0.000,0.352,0,0
D,833067,2.791,0.000,0.352,0,0
D,833073,2.878,0.000,0.352,0,0
D,833078,2.922,0.000,0.352,0,0
D,833084,3.010,0.000,0.352,0,0
D,833089,3.098,0.000,0.352,0,0
D,833094,3.230,0.000,0.352,0,0
D,833100,3.296,0.000,0.352,0,0
D,833105,3.362,0.000,0.352,0,0
D,833110,3.428,0.000,0.352,0,0
D,833116,3.472,0.000,0.352,0,0
D,833121,3.691,0.000,0.352,0,0
D,833126,3.691,0.000,0.352,0,0
D,833132,3.867,0.000,0.352,0,0
D,833137,3.977,0.000,0.352,0,0
D,833142,4.043,0.000,0.352,0,0
D,833148,4.109,0.000,0.352,0,0
D,833153,4.197,0.000,0.352,0,0
D,833158,4.395,0.000,0.352,0,0
D,833164,4.395,0.000,0.352,0,0
D,833169,4.570,0.000,0.352,0,0
D,833174,4.680,0.000,0.352,0,0
D,833180,4.768,0.000,0.352,0,0
D,833185,4.878,0.000,0.352,0,0
D,833190,5.032,0.000,0.352,0,0
D,833196,5.164,0.000,0.352,0,0
D,833201,5.251,0.000,0.352,0,0
D,833206,5.449,0.000,0.352,0,0
D,833212,5.537,0.000,0.352,0,0
D,833217,5.713,0.000,0.352,0,0
D,833223,5.867,0.000,0.352,0,0
D,833228,5.955,0.000,0.352,0,0
D,833233,6.174,0.000,0.352,0,0
D,833239,6.240,0.000,0.352,0,0
D,833244,6.438,0.000,0.352,0,0
D,833249,6.592,0.000,0.352,0,0
D,833255,6.768,0.000,0.352,0,0
D,833260,7.009,0.000,0.352,0,0
D,833265,7.119,0.000,0.352,0,0
D,833271,7.361,0.000,0.352,0,0
D,833276,7.493,0.000,0.352,0,0
D,833281,7.690,0.000,0.352,0,0
D,833287,7.866,0.000,0.352,0,0
D,833292,8.086,0.000,0.352,0,0
D,833297,8.328,0.000,0.352,0,0
D,833303,8.481,0.000,0.264,0,0
D,833308,8.745,0.000,0.264,0,0
D,833313,8.965,0.000,0.352,0,0
D,833319,9.250,0.000,0.352,0,0
D,833324,9.470,0.000,0.352,0,0
D,833329,9.712,0.000,0.352,0,0
D,833335,9.932,0.000,0.352,0,0
D,833340,10.261,0.000,0.352,0,0
D,833345,10.503,0.000,0.352,0,0
D,833351,10.811,0.000,0.352,0,0
D,833356,11.052,0.000,0.352,0,0
D,833361,11.294,0.000,0.352,0,0
D,833367,11.667,0.000,0.352,0,0
D,833372,12.085,0.000,0.264,0,0
D,833378,12.502,0.000,0.352,0,0
D,833383,12.876,0.000,0.352,0,0
D,833388,13.228,0.000,0.352,0,0
D,833394,13.469,0.000,0.352,0,0
D,833399,13.623,0.000,0.352,0,0
D,833404,13.689,0.000,0.352,0,0
D,833410,13.711,0.000,0.352,0,0
D,833415,13.711,0.000,0.352,0,0
D,833420,13.733,0.000,0.352,0,0
D,833426,13.887,0.000,0.352,0,0
D,833431,13.997,0.000,0.352,0,0
D,833436,14.216,0.000,0.352,0,0
D,833442,14.414,0.000,0.352,0,0
D,833447,14.546,0.000,0.352,0,0
D,833452,14.766,0.000,0.352,0,0
D,833458,14.941,0.000,0.352,0,0
D,833463,15.183,0.000,0.352,0,0
D,833468,15.337,0.000,0.352,0,0
D,833474,15.601,0.000,0.352,0,0
D,833479,15.776,0.000,0.352,0,0
D,833484,15.952,0.000,0.352,0,0
D,833490,16.106,0.000,0.352,0,0
D,833495,16.194,0.000,0.352,0,0
D,833500,16.458,0.000,0.352,0,0
D,833506,16.633,0.000,0.352,0,0
D,833511,16.677,0.000,0.352,0,0
D,833517,16.853,0.000,0.352,0,0
D,833522,16.875,0.000,0.352,0,0
D,833527,17.029,0.000,0.352,0,0
D,833533,17.051,0.000,0.352,0,0
D,833538,17.117,0.000,0.352,0,0
D,833543,17.183,0.000,0.352,0,0
D,833549,17.227,0.000,0.352,0,0
D,833554,17.271,0.000,0.264,0,0
D,833559,17.314,0.000,0.264,0,0
D,833565,17.271,0.000,0.264,0,0
D,833570,17.314,0.000,0.352,0,0
D,833575,17.271,0.000,0.264,0,0
D,833581,17.249,0.000,0.264,0,0
D,833586,17.161,0.000,0.264,0,0
D,833591,17.227,0.000,0.352,0,0
D,833597,17.183,0.000,0.352,0,0
D,833602,17.139,0.000,0.264,0,0
D,833607,17.183,0.000,0.264,0,0
D,833613,17.095,0.000,0.264,0,0
D,833618,17.029,0.000,0.264,0,0
D,833623,17.007,0.000,0.264,0,0
D,833629,16.941,0.000,0.264,0,0
D,833634,16.919,0.000,0.264,0,0
D,833639,16.831,0.000,0.264,0,0
D,833645,16.743,0.000,0.264,0,0
D,833650,16.721,0.000,0.176,0,0
D,833656,16.633,0.000,0.176,0,0
D,833661,16.436,0.000,0.176,0,0
D,833666,16.370,0.000,0.176,0,0
D,833672,16.326,0.000,0.176,0,0
D,833677,16.194,0.000,0.176,0,0
D,833682,16.084,0.000,0.176,0,0
D,833688,15.974,0.000,0.176,0,0
D,833693,15.842,0.000,0.176,0,0
D,833698,15.667,0.000,0.176,0,0
D,833704,15.601,0.000,0.088,0,0
D,833709,15.469,0.000,0.000,0,0
D,833714,15.337,0.000,-0.176,0,0
D,833720,15.139,0.000,-0.352,0,0
D,833725,15.029,0.000,-0.615,0,0
D,833730,14.875,0.000,-0.791,0,0
D,833736,14.744,0.000,-0.967,0,0
D,833741,14.546,0.000,-1.143,0,0
D,833746,14.414,0.000,-1.143,0,0
D,833752,14.238,0.000,-1.055,0,0
D,833757,14.106,0.000,-0.879,0,0
D,833762,13.975,0.000,-0.791,0,0
D,833768,13.799,0.000,-0.703,0,0
D,833773,13.601,0.000,-0.527,0,0
D,833778,13.513,0.000,-0.527,0,0
D,833784,13.337,0.000,-0.439,0,0
D,833789,13.228,0.000,-0.352,0,0
D,833794,13.030,0.000,-0.352,0,0
D,833800,12.942,0.000,-0.352,0,0
D,833805,12.788,0.000,-0.439,0,0
D,833811,12.612,0.000,-0.439,0,0
D,833816,12.480,0.000,-0.439,0,0
D,833821,12.349,0.000,-0.527,0,0
D,833827,12.173,0.000,-0.527,0,0
D,833832,12.019,0.000,-0.615,0,0
D,833837,11.931,0.000,-0.615,0,0
D,833843,11.733,0.000,-0.615,0,0
D,833848,11.733,0.000,-0.615,0,0
D,833853,11.602,0.000,-0.615,0,0
D,833859,11.382,0.000,-0.615,0,0
D,833864,11.338,0.000,-0.615,0,0
D,833869,11.228,0.000,-0.615,0,0
D,833875,11.096,0.000,-0.615,0,0
D,833880,10.986,0.000,-0.615,0,0
D,833885,10.876,0.000,-0.615,0,0
D,833891,10.789,0.000,-0.615,0,0
D,833896,10.723,0.000,-0.615,0,0
D,833901,10.591,0.000,-0.615,0,0
D,833907,10.481,0.000,-0.615,0,0
D,833912,10.415,0.000,-0.615,0,0
D,833917,10.305,0.000,-0.615,0,0
D,833923,10.173,0.000,-0.615,0,0
D,833928,10.129,0.000,-0.615,0,0
D,833933,9.954,0.000,-0.615,0,0
D,833939,9.910,0.000,-0.615,0,0
D,833944,9.778,0.000,-0.615,0,0
D,833949,9.778,0.000,-0.615,0,0
D,833955,9.712,0.000,-0.615,0,0
D,833960,9.646,0.000,-0.615,0,0
D,833966,9.580,0.000,-0.615,0,0
D,833971,9.558,0.000,-0.615,0,0
D,833976,9.448,0.000,-0.615,0,0
D,833982,9.316,0.000,-0.615,0,0
D,833987,9.272,0.000,-0.615,0,0
D,833992,9.229,0.000,-0.615,0,0
D,833998,9.163,0.000,-0.615,0,0
D,834003,9.141,0.000,-0.615,0,0
D,834008,9.031,0.000,-0.615,0,0
D,834014,9.075,0.000,-0.615,0,0
D,834019,8.987,0.000,-0.615,0,0
D,834024,8.987,0.000,-0.615,0,0
D,834030,8.921,0.000,-0.615,0,0
D,834035,8.877,0.000,-0.615,0,0
D,834040,8.833,0.000,-0.615,0,0
D,834046,8.811,0.000,-0.615,0,0
D,834051,8.745,0.000,-0.615,0,0
D,834056,8.635,0.000,-0.615,0,0
D,834062,8.657,0.000,-0.615,0,0
D,834067,8.613,0.000,-0.615,0,0
D,834072,8.591,0.000,-0.615,0,0
D,834078,8.569,0.000,-0.615,0,0
D,834083,8.525,0.000,-0.615,0,0
D,834089,8.503,0.000,-0.615,0,0
D,834094,8.459,0.000,-0.615,0,0
D,834099,8.416,0.000,-0.615,0,0
D,834105,8.416,0.000,-0.615,0,0
D,834110,8.438,0.000,-0.615,0,0
D,834115,8.350,0.000,-0.615,0,0
D,834121,8.372,0.000,-0.615,0,0
D,834126,8.306,0.000,-0.615,0,0
D,834131,8.328,0.000,-0.615,0,0
D,834137,8.262,0.000,-0.615,0,0
D,834142,8.240,0.000,-0.615,0,0
D,834147,8.328,0.000,-0.615,0,0
D,834153,8.240,0.000,-0.615,0,0
D,834158,8.240,0.000,-0.615,0,0
D,834163,8.328,0.000,-0.615,0,0
D,834169,8.306,0.000,-0.615,0,0
D,834174,8.284,0.000,-0.615,0,0
D,834179,8.284,0.000,-0.615,0,0
D,834185,8.262,0.000,-0.615,0,0
D,834190,8.262,0.000,-0.615,0,0
D,834195,8.350,0.000,-0.615,0,0
D,834201,8.262,0.000,-0.615,0,0
D,834206,8.262,0.000,-0.527,0,0
D,834211,8.306,0.000,-0.615,0,0
D,834217,8.350,0.000,-0.615,0,0
D,834222,8.350,0.000,-0.615,0,0
D,834227,8.394,0.000,-0.615,0,0
D,834233,8.416,0.000,-0.615,0,0
D,834238,8.394,0.000,-0.615,0,0
D,834244,8.416,0.000,-0.615,0,0
D,834249,8.459,0.000,-0.615,0,0
D,834254,8.481,0.000,-0.615,0,0
D,834260,8.481,0.000,-0.615,0,0
D,834265,8.481,0.000,-0.615,0,0
D,834270,8.547,0.000,-0.615,0,0
D,834276,8.569,0.000,-0.615,0,0
D,834281,8.591,0.000,-0.615,0,0
D,834286,8.525,0.000,-0.615,0,0
D,834292,8.701,0.000,-0.615,0,0
D,834297,8.679,0.000,-0.615,0,0
D,834302,8.745,0.000,-0.615,0,0
D,834308,8.723,0.000,-0.615,0,0
D,834313,8.723,0.000,-0.615,0,0
D,834318,8.723,0.000,-0.615,0,0
D,834324,8.833,0.000,-0.615,0,0
D,834329,8.789,0.000,-0.615,0,0
D,834334,8.811,0.000,-0.615,0,0
D,834340,8.811,0.000,-0.615,0,0
D,834345,8.921,0.000,-0.615,0,0
D,834350,8.899,0.000,-0.615,0,0
D,834356,8.943,0.000,-0.615,0,0
D,834361,8.943,0.000,-0.615,0,0
D,834366,8.943,0.000,-0.615,0,0
D,834372,9.009,0.000,-0.615,0,0
D,834377,9.053,0.000,-0.615,0,0
D,834383,9.075,0.000,-0.615,0,0
D,834388,9.141,0.000,-0.615,0,0
D,834393,9.075,0.000,-0.615,0,0
D,834399,9.119,0.000,-0.615,0,0
D,834404,9.185,0.000,-0.615,0,0
D,834409,9.207,0.000,-0.615,0,0
D,834415,9.250,0.000,-0.615,0,0
D,834420,9.207,0.000,-0.615,0,0
D,834425,9.338,0.000,-0.615,0,0
D,834431,9.426,0.000,-0.615,0,0
D,834436,9.382,0.000,-0.615,0,0
D,834441,9.404,0.000,-0.615,0,0
D,834447,9.448,0.000,-0.615,0,0
D,834452,9.470,0.000,-0.615,0,0
D,834457,9.558,0.000,-0.615,0,0
D,834463,9.514,0.000,-0.615,0,0
D,834468,9.514,0.000,-0.615,0,0
D,834473,9.602,0.000,-0.615,0,0
D,834479,9.646,0.000,-0.615,0,0
D,834484,9.690,0.000,-0.615,0,0
D,834489,9.668,0.000,-0.615,0,0
D,834495,9.690,0.000,-0.615,0,0
D,834500,9.734,0.000,-0.615,0,0
D,834505,9.712,0.000,-0.615,0,0
D,834511,9.800,0.000,-0.615,0,0
D,834516,9.866,0.000,-0.615,0,0
D,834522,9.800,0.000,-0.615,0,0
D,834527,9.866,0.000,-0.615,0,0
D,834532,9.866,0.000,-0.615,0,0
D,834538,9.998,0.000,-0.615,0,0
D,834543,9.998,0.000,-0.615,0,0
D,834548,9.954,0.000,-0.615,0,0
D,834554,10.020,0.000,-0.615,0,0
D,834559,10.020,0.000,-0.615,0,0
D,834564,10.085,0.000,-0.615,0,0
D,834570,9.998,0.000,-0.615,0,0
D,834575,10.063,0.000,-0.615,0,0
D,834580,10.107,0.000,-0.615,0,0
D,834586,10.063,0.000,-0.615,0,0
D,834591,10.107,0.000,-0.615,0,0
D,834596,10.107,0.000,-0.615,0,0
D,834602,10.151,0.000,-0.615,0,0
D,834607,10.151,0.000,-0.615,0,0
D,834612,10.173,0.000,-0.615,0,0
D,834618,10.195,0.000,-0.615,0,0
D,834623,10.063,0.000,-0.615,0,0
D,834628,10.173,0.000,-0.615,0,0
D,834634,10.173,0.000,-0.615,0,0
D,834639,10.173,0.000,-0.615,0,0
D,834644,10.151,0.000,-0.615,0,0
D,834650,10.129,0.000,-0.615,0,0
D,834655,10.107,0.000,-0.615,0,0
D,834661,10.151,0.000,-0.615,0,0
D,834666,10.129,0.000,-0.527,0,0
D,834671,10.217,0.000,-0.615,0,0
D,834677,10.151,0.000,-0.615,0,0
D,834682,10.151,0.000,-0.615,0,0
D,834687,10.151,0.000,-0.615,0,0
D,834693,10.129,0.000,-0.615,0,0
D,834698,9.712,0.022,-0.615,0,0
D,834703,10.085,0.000,-0.615,0,0
D,834709,10.129,0.000,-0.615,0,0
D,834714,10.151,-179.978,-0.615,0,0
D,834719,-7.866,78.772,-0.527,0,0
D,834725,145.107,0.000,-0.615,0,0
D,834730,10.085,0.000,-0.615,0,0
D,834735,-52.866,-44.978,-0.615,0,0
D,834741,-169.915,0.000,-0.615,0,0
D,834746,10.107,0.000,-0.615,0,0
D,834751,10.063,-179.978,-0.615,0,0
D,834757,-7.866,78.772,-0.615,0,0
D,834762,9.976,0.000,-0.615,0,0
D,834767,10.020,0.000,-0.615,0,0
D,834773,-52.866,-44.978,-0.615,0,0
D,834778,10.042,0.000,-0.615,0,0
D,834784,10.020,0.000,-0.615,0,0
D,834789,-52.866,-44.978,-0.615,0,0
D,834794,9.976,0.000,-0.615,0,0
D,834800,9.976,0.000,-0.615,0,0
D,834805,-35.969,-89.978,-0.615,0,0
D,834810,9.888,0.000,-0.615,0,0
D,834816,9.844,0.000,-0.615,0,0
D,834821,9.932,-179.978,-0.615,0,0
D,834826,9.822,0.000,-0.615,0,0
D,834832,9.844,0.000,-0.615,0,0
D,834837,9.844,0.000,-0.615,0,0
D,834842,9.800,0.000,-0.615,0,0
D,834848,9.756,0.000,-0.615,0,0
D,834853,9.778,0.000,-0.615,0,0
D,834858,9.756,0.000,-0.615,0,0
D,834864,9.778,0.000,-0.615,0,0
D,834869,9.624,0.000,-0.615,0,0
D,834874,9.690,0.000,-0.615,0,0
D,834880,9.712,0.000,-0.615,0,0
D,834885,9.580,0.000,-0.615,0,0
D,834890,9.624,0.000,-0.615,0,0
D,834896,9.602,0.000,-0.615,0,0
D,834901,9.580,0.000,-0.615,0,0
D,834906,9.558,0.000,-0.615,0,0
D,834912,9.492,0.000,-0.615,0,0
D,834917,9.514,0.000,-0.615,0,0
D,834923,9.470,0.000,-0.615,0,0
D,834928,9.404,0.000,-0.615,0,0
D,834933,9.426,0.000,-0.615,0,0
D,834939,9.404,0.000,-0.615,0,0
D,834944,9.382,0.000,-0.615,0,0
D,834949,9.382,0.000,-0.615,0,0
D,834955,9.382,-44.978,-0.615,0,0
D,834960,9.316,0.000,-0.615,0,0
D,834965,9.316,0.000,-0.615,0,0
D,834971,9.229,-89.978,-0.615,0,0
D,834976,9.272,0.000,-0.615,0,0
D,834981,9.250,0.000,-0.615,0,0
D,834987,9.207,0.352,-0.615,0,0
D,834992,9.207,0.000,-0.615,0,0
D,834997,9.229,0.000,-0.615,0,0
D,835003,9.207,0.000,-0.615,0,0
D,835008,9.163,0.000,-0.615,0,0
D,835013,9.163,0.000,-0.615,0,0
D,835019,9.163,0.000,-0.615,0,0
D,835024,9.185,0.000,-0.615,0,0
D,835029,9.119,0.000,-0.615,0,0
D,835035,9.053,0.000,-0.615,0,0
D,835040,9.097,0.000,-0.615,0,0
D,835045,9.119,0.000,-0.615,0,0
D,835051,9.075,0.000,-0.615,0,0
D,835056,9.075,0.000,-0.615,0,0
D,835062,9.053,0.000,-0.615,0,0
D,835067,9.053,0.000,-0.615,0,0
D,835072,9.053,0.000,-0.615,0,0
D,835078,9.075,0.000,-0.615,0,0
D,835083,9.031,0.000,-0.615,0,0
D,835088,9.119,0.000,-0.615,0,0
D,835094,9.075,0.000,-0.615,0,0
D,835099,9.031,0.000,-0.615,0,0
D,835104,9.097,0.000,-0.615,0,0
D,835110,9.119,0.000,-0.615,0,0
D,835115,9.097,0.000,-0.615,0,0
D,835120,9.141,0.000,-0.615,0,0
D,835126,9.075,0.000,-0.615,0,0
D,835131,9.075,0.000,-0.615,0,0
D,835136,9.141,0.000,-0.615,0,0
D,835142,9.119,0.000,-0.615,0,0
D,835147,9.141,0.000,-0.615,0,0
D,835152,9.163,0.000,-0.615,0,0
D,835158,9.229,0.000,-0.615,0,0
D,835163,9.185,0.000,-0.615,0,0
D,835168,9.207,0.000,-0.615,0,0
D,835174,9.207,0.000,-0.615,0,0
D,835179,9.229,0.000,-0.615,0,0
D,835184,9.229,0.000,-0.615,0,0
D,835190,9.229,0.000,-0.615,0,0
D,835195,9.229,0.000,-0.615,0,0
D,835201,9.229,0.000,-0.615,0,0
D,835206,9.294,0.000,-0.615,0,0
D,835211,9.294,0.000,-0.615,0,0
D,835217,9.338,0.000,-0.615,0,0
D,835222,9.338,0.000,-0.615,0,0
D,835227,9.360,0.000,-0.615,0,0
D,835233,9.382,0.000,-0.615,0,0
D,835238,9.404,0.000,-0.615,0,0
D,835243,9.470,0.000,-0.615,0,0
D,835249,9.426,0.000,-0.615,0,0
D,835254,9.426,0.000,-0.615,0,0
D,835259,9.470,0.000,-0.615,0,0
D,835265,9.514,0.000,-0.615,0,0
D,835270,9.492,0.000,-0.615,0,0
D,835275,9.580,0.000,-0.615,0,0
D,835281,9.536,0.000,-0.615,0,0
D,835286,9.580,0.000,-0.615,0,0
D,835291,9.536,0.000,-0.615,0,0
D,835297,9.580,0.000,-0.615,0,0
D,835302,9.514,0.000,-0.615,0,0
D,835307,9.646,0.000,-0.615,0,0
D,835313,9.602,0.000,-0.615,0,0
D,835318,9.536,0.000,-0.615,0,0
D,835323,9.646,0.000,-0.615,0,0
D,835329,9.668,0.000,-0.615,0,0
D,835334,9.668,0.000,-0.615,0,0
D,835339,9.712,0.000,-0.615,0,0
D,835345,9.690,0.000,-0.615,0,0
D,835350,9.756,0.000,-0.615,0,0
D,835356,9.734,0.000,-0.615,0,0
D,835361,9.800,0.000,-0.615,0,0
D,835366,9.756,0.000,-0.615,0,0
D,835372,9.734,0.000,-0.615,0,0
D,835377,9.734,0.000,-0.615,0,0
D,835382,9.734,0.000,-0.615,0,0
D,835388,9.756,0.000,-0.615,0,0
D,835393,9.756,0.000,-0.615,0,0
D,835398,9.800,0.000,-0.615,0,0
D,835404,9.778,0.000,-0.615,0,0
D,835409,9.778,0.000,-0.615,0,0
D,835414,9.756,0.000,-0.615,0,0
D,835420,9.822,0.000,-0.615,0,0
D,835425,9.822,0.000,-0.615,0,0
D,835430,9.844,0.000,-0.615,0,0
D,835436,9.822,0.000,-0.615,0,0
D,835441,9.822,0.000,-0.615,0,0
D,835446,9.822,0.000,-0.615,0,0
D,835452,9.800,0.000,-0.615,0,0
D,835457,9.822,0.000,-0.615,0,0
D,835462,9.778,0.000,-0.615,0,0
D,835468,9.800,0.000,-0.615,0,0
D,835473,9.844,0.000,-0.615,0,0
D,835478,9.822,0.000,-0.615,0,0
D,835484,9.778,0.000,-0.615,0,0
D,835489,9.822,0.000,-0.615,0,0
D,835495,9.800,0.000,-0.615,0,0
D,835500,9.778,0.000,-0.615,0,0
D,835505,9.822,0.000,-0.615,0,0
D,835511,9.822,0.000,-0.615,0,0
D,835516,9.800,0.000,-0.615,0,0
D,835521,9.778,0.000,-0.615,0,0
D,835527,9.844,0.000,-0.615,0,0
D,835532,9.800,0.000,-0.615,0,0
D,835537,9.778,0.000,-0.615,0,0
D,835543,9.800,0.000,-0.615,0,0
D,835548,9.800,0.000,-0.615,0,0
D,835553,9.800,0.000,-0.615,0,0
D,835559,9.690,0.000,-0.615,0,0
D,835564,9.712,0.000,-0.615,0,0
D,835569,9.668,0.000,-0.615,0,0
D,835575,9.690,0.000,-0.615,0,0
D,835580,9.756,0.000,-0.615,0,0
D,835585,9.690,0.000,-0.615,0,0
D,835591,9.668,0.000,-0.615,0,0
D,835596,9.690,0.000,-0.615,0,0
D,835601,9.712,0.000,-0.615,0,0
D,835607,9.580,0.000,-0.615,0,0
D,835612,9.624,0.000,-0.615,0,0
D,835617,9.602,0.000,-0.615,0,0
D,835623,9.580,0.000,-0.615,0,0
D,835628,9.558,0.000,-0.615,0,0
D,835634,9.558,0.000,-0.615,0,0
D,835639,9.448,0.000,-0.615,0,0
D,835644,9.470,0.000,-0.615,0,0
D,835650,9.448,0.000,-0.615,0,0
D,835655,9.470,0.000,-0.615,0,0
D,835660,9.382,0.000,-0.615,0,0
D,835666,9.360,0.000,-0.615,0,0
D,835671,9.250,0.000,-0.615,0,0
D,835676,9.229,0.000,-0.615,0,0
D,835682,9.250,0.000,-0.615,0,0
D,835687,9.119,0.000,-0.615,0,0
D,835692,9.119,0.000,-0.615,0,0
D,835698,9.053,0.000,-0.615,0,0
D,835703,8.987,0.000,-0.615,0,0
D,835708,8.921,0.000,-0.615,0,0
D,835714,8.833,0.000,-0.615,0,0
D,835719,8.877,0.000,-0.615,0,0
D,835724,8.723,0.000,-0.615,0,0
D,835730,8.723,0.000,-0.615,0,0
D,835735,8.613,0.000,-0.615,0,0
D,835740,8.547,0.000,-0.615,0,0
D,835746,8.416,0.000,-0.615,0,0
D,835751,8.284,0.000,-0.615,0,0
D,835756,8.262,0.000,-0.615,0,0
D,835762,8.130,0.000,-0.615,0,0
D,835767,7.998,0.000,-0.615,0,0
D,835773,7.954,0.000,-0.615,0,0
D,835778,7.822,0.000,-0.615,0,0
D,835783,7.712,0.000,-0.615,0,0
D,835789,7.625,0.000,-0.615,0,0
D,835794,7.493,0.000,-0.615,0,0
D,835799,7.317,0.000,-0.615,0,0
D,835805,7.207,0.000,-0.615,0,0
D,835810,7.075,0.000,-0.615,0,0
D,835815,6.921,0.000,-0.615,0,0
D,835821,6.702,0.000,-0.615,0,0
D,835826,6.680,0.000,-0.615,0,0
D,835831,6.416,0.000,-0.615,0,0
D,835837,6.284,0.000,-0.615,0,0
D,835842,6.130,0.000,-0.615,0,0
D,835847,5.933,0.000,-0.615,0,0
D,835853,5.845,0.000,-0.615,0,0
D,835858,5.581,0.000,-0.615,0,0
D,835863,5.449,0.000,-0.615,0,0
D,835869,5.317,0.000,-0.615,0,0
D,835874,5.076,0.000,-0.615,0,0
D,835879,4.900,0.000,-0.615,0,0
D,835885,4.746,0.000,-0.615,0,0
D,835890,4.504,0.000,-0.615,0,0
D,835895,4.351,0.000,-0.615,0,0
D,835901,4.087,0.000,-0.615,0,0
D,835906,3.977,0.000,-0.615,0,0
D,835911,3.823,0.000,-0.615,0,0
D,835917,3.647,0.000,-0.615,0,0
D,835922,3.384,0.000,-0.615,0,0
D,835928,3.230,0.000,-0.615,0,0
D,835933,3.010,0.000,-0.615,0,0
D,835938,2.834,0.000,-0.615,0,0
D,835944,2.659,0.000,-0.615,0,0
D,835949,2.439,0.000,-0.615,0,0
D,835954,0.571,0.000,-0.615,0,0
D,835960,2.109,0.000,-0.615,0,0
D,835965,1.846,0.000,-0.615,0,0
D,835970,1.780,0.000,-0.615,0,0
D,835976,1.516,0.000,-0.615,0,0
D,835981,1.450,0.000,-0.615,0,0
D,835986,1.230,0.000,-0.615,0,0
D,835992,1.055,0.000,-0.615,0,0
D,835997,0.879,0.000,-0.615,0,0
D,836002,0.769,0.000,-0.615,0,0
D,836008,0.549,0.000,-0.615,0,0
D,836013,0.439,0.000,-0.615,0,0
D,836018,0.286,0.000,-0.615,0,0
D,836024,0.198,0.000,-0.615,0,0
D,836029,0.000,0.000,-0.615,0,0
D,836034,-0.154,0.000,-0.615,0,0
D,836040,-0.374,0.000,-0.615,0,0
D,836045,-0.461,0.000,-0.615,0,0
D,836050,-0.637,0.000,-0.615,0,0
D,836056,-0.747,0.000,-0.615,0,0
D,836061,-0.835,0.000,-0.615,0,0
D,836067,-1.011,0.000,-0.527,0,0
D,836072,-1.099,0.000,-0.615,0,0
D,836077,-1.296,0.000,-0.615,0,0
D,836083,-1.362,0.000,-0.615,0,0
D,836088,-1.472,0.000,-0.615,0,0
D,836093,-1.604,0.000,-0.615,0,0
D,836099,-1.648,0.000,-0.615,0,0
D,836104,-1.780,0.000,-0.615,0,0
D,836109,-1.846,0.000,-0.615,0,0
D,836115,-2.043,0.000,-0.615,0,0
D,836120,-2.131,0.000,-0.615,0,0
D,836125,-2.175,0.000,-0.615,0,0
D,836131,-2.197,0.000,-0.615,0,0
D,836136,-2.307,0.000,-0.615,0,0
D,836141,-2.461,0.000,-0.615,0,0
D,836147,-2.571,0.000,-0.615,0,0
D,836152,-2.681,0.000,-0.615,0,0
D,836157,-2.856,0.000,-0.615,0,0
D,836163,-2.900,0.000,-0.615,0,0
D,836168,-2.988,0.000,-0.615,0,0
D,836173,-3.098,0.000,-0.615,0,0
D,836179,-3.120,0.000,-0.615,0,0
D,836184,-3.208,0.000,-0.615,0,0
D,836190,-3.274,0.000,-0.615,0,0
D,836195,-3.340,0.000,-0.615,0,0
D,836200,-3.340,0.000,-0.615,0,0
D,836206,-3.384,0.000,-0.615,0,0
D,836211,-3.450,0.000,-0.615,0,0
D,836216,-3.472,0.000,-0.615,0,0
D,836222,-3.538,0.000,-0.615,0,0
D,836227,-3.582,0.000,-0.615,0,0
D,836232,-3.560,0.000,-0.615,0,0
D,836238,-3.669,0.000,-0.615,0,0
D,836243,-3.647,0.000,-0.615,0,0
D,836248,-3.647,0.000,-0.615,0,0
D,836254,-3.691,0.000,-0.615,0,0
D,836259,-3.691,0.000,-0.615,0,0
D,836264,-3.779,0.000,-0.615,0,0
D,836270,-3.779,0.000,-0.615,0,0
D,836275,-3.757,0.000,-0.615,0,0
D,836280,-3.779,0.000,-0.527,0,0
D,836286,-3.735,0.000,-0.615,0,0
D,836291,-3.757,0.000,-0.615,0,0
D,836296,-3.779,-179.978,-0.527,0,0
D,836302,131.177,0.154,-0.615,0,0
D,836307,-3.823,-89.978,-0.615,0,0
D,836312,-3.669,0.000,-0.527,0,0
D,836318,-3.625,0.000,-0.527,0,0
D,836323,-3.669,0.022,-0.527,0,0
D,836329,-3.604,0.000,-0.527,0,0
D,836334,-3.625,0.000,-0.527,0,0
D,836339,-3.582,0.000,-0.527,0,0
D,836345,-3.472,0.000,-0.527,0,0
D,836350,-3.428,0.000,-0.527,0,0
D,836355,-3.340,0.000,-0.527,0,0
D,836361,-3.274,0.000,-0.527,0,0
D,836366,-3.164,0.000,-0.527,0,0
D,836371,-3.120,0.000,-0.527,0,0
D,836377,-3.054,0.000,-0.527,0,0
D,836382,-2.834,0.000,-0.527,0,0
D,836387,-2.747,0.000,-0.527,0,0
D,836393,-2.615,0.000,-0.527,0,0
D,836398,-2.571,0.000,-0.527,0,0
D,836403,-2.439,0.000,-0.527,0,0
D,836409,-2.351,0.000,-0.527,0,0
D,836414,-2.153,0.000,-0.527,0,0
D,836419,-2.175,0.000,-0.527,0,0
D,836425,-1.978,0.000,-0.439,0,0
D,836430,-1.868,0.000,-0.439,0,0
D,836435,-1.802,0.000,-0.439,0,0
D,836441,-1.692,0.000,-0.439,0,0
D,836446,-1.494,0.000,-0.439,0,0
D,836451,-1.406,0.000,-0.439,0,0
D,836457,-1.274,0.000,-0.439,0,0
D,836462,-1.165,0.000,-0.439,0,0
D,836468,-1.011,0.000,-0.439,0,0
D,836473,-0.813,0.000,-0.439,0,0
D,836478,-0.703,0.000,-0.439,0,0
D,836484,-0.593,0.000,-0.439,0,0
D,836489,-0.461,0.000,-0.439,0,0
D,836494,-0.286,0.000,-0.352,0,0
D,836500,-0.110,0.000,-0.352,0,0
D,836505,-0.022,0.000,-0.352,0,0
D,836510,0.154,0.000,-0.352,0,0
D,836516,0.220,0.000,-0.352,0,0
D,836521,0.308,0.000,-0.352,0,0
D,836526,0.483,0.000,-0.264,0,0
D,836532,0.659,0.000,-0.264,0,0
D,836537,0.725,0.000,-0.264,0,0
D,836542,0.879,0.000,-0.264,0,0
D,836548,0.989,0.000,-0.264,0,0
D,836553,1.143,0.000,-0.264,0,0
D,836558,1.274,0.000,-0.264,0,0
D,836564,1.340,0.000,-0.264,0,0
D,836569,1.516,0.000,-0.264,0,0
D,836574,1.648,0.000,-0.176,0,0
D,836580,1.736,0.000,-0.176,0,0
D,836585,1.846,0.000,-0.264,0,0
D,836590,1.868,0.000,-0.176,0,0
D,836596,1.978,0.000,-0.176,0,0
D,836601,2.043,0.000,-0.176,0,0
D,836607,2.197,0.000,-0.176,0,0
D,836612,2.373,0.000,-0.176,0,0
D,836617,2.395,0.000,-0.176,0,0
D,836623,2.549,0.000,-0.088,0,0
D,836628,2.637,0.000,0.000,0,0
D,836633,2.703,0.000,0.000,0,0
D,836639,2.813,0.000,0.088,0,0
D,836644,2.813,0.000,0.088,0,0
D,836649,2.944,0.000,0.088,0,0
D,836655,2.988,0.000,0.176,0,0
D,836660,3.054,0.000,0.176,0,0
D,836665,3.098,0.000,0.176,0,0
D,836671,3.120,0.000,0.264,0,0
D,836676,3.252,0.000,0.264,0,0
D,836681,3.252,0.000,0.264,0,0
D,836687,3.318,0.000,0.352,0,0
D,836692,3.340,0.000,0.352,0,0
D,836697,3.406,0.000,0.352,0,0
D,836703,3.384,0.000,0.352,0,0
D,836708,3.494,0.000,0.264,0,0
D,836713,3.494,0.000,0.352,0,0
D,836719,3.494,0.000,0.352,0,0
D,836724,3.560,0.000,0.264,0,0
D,836729,3.516,0.000,0.264,0,0
D,836735,3.560,0.000,0.264,0,0
D,836740,3.560,0.000,0.352,0,0
D,836746,3.538,0.000,0.264,0,0
D,836751,3.604,0.000,0.264,0,0
D,836756,3.604,0.000,0.264,0,0
D,836762,3.538,0.000,0.264,0,0
D,836767,3.582,0.000,0.264,0,0
D,836772,3.516,0.000,0.264,0,0
D,836778,3.494,0.000,0.264,0,0
D,836783,3.472,0.000,0.264,0,0
D,836788,3.450,0.000,0.264,0,0
D,836794,3.406,0.000,0.264,0,0
D,836799,3.384,0.000,0.264,0,0
D,836804,3.318,0.000,0.264,0,0
D,836810,3.274,0.000,0.264,0,0
D,836815,3.186,0.000,0.264,0,0
D,836820,3.098,0.000,0.264,0,0
D,836826,3.054,0.000,0.264,0,0
D,836831,3.032,0.000,0.264,0,0
D,836836,2.944,0.000,0.264,0,0
D,836842,2.900,0.000,0.264,0,0
D,836847,2.769,0.000,0.352,0,0
D,836852,2.769,0.000,0.264,0,0
D,836858,2.659,0.000,0.264,0,0
D,836863,2.549,0.000,0.264,0,0
D,836868,2.527,0.000,0.264,0,0
D,836874,2.373,0.000,0.264,0,0
D,836879,2.263,0.000,0.264,0,0
D,836884,2.219,0.000,0.264,0,0
D,836890,2.109,0.000,0.264,0,0
D,836895,1.934,0.000,0.264,0,0
D,836901,1.934,0.000,0.264,0,0
D,836906,1.758,0.000,0.264,0,0
D,836911,1.670,0.000,0.264,0,0
D,836917,1.560,0.000,0.264,0,0
D,836922,1.406,0.000,0.264,0,0
D,836927,1.406,0.000,0.264,0,0
D,836933,1.296,0.000,0.264,0,0
D,836938,1.099,0.000,0.264,0,0
D,836943,1.055,0.000,0.264,0,0
D,836949,0.901,0.000,0.264,0,0
D,836954,0.769,0.000,0.264,0,0
D,836959,0.681,0.000,0.264,0,0
D,836965,0.505,0.000,0.264,0,0
D,836970,0.461,0.000,0.264,0,0
D,836975,0.352,0.000,0.264,0,0
D,836981,0.176,0.000,0.264,0,0
D,836986,0.066,0.000,0.264,0,0
D,836991,0.000,0.000,0.264,0,0
D,836997,-0.198,0.000,0.264,0,0
D,837002,-0.330,0.000,0.264,0,0
D,837007,-0.417,0.000,0.264,0,0
D,837013,-0.527,0.000,0.264,0,0
D,837018,-0.637,0.000,0.264,0,0
D,837023,-0.813,0.000,0.264,0,0
D,837029,-0.857,0.000,0.264,0,0
D,837034,-0.923,0.000,0.264,0,0
D,837039,-1.099,0.000,0.264,0,0
D,837045,-1.187,0.000,0.264,0,0
D,837050,-1.318,0.000,0.264,0,0
D,837056,-1.406,0.000,0.264,0,0
D,837061,-1.516,0.000,0.264,0,0
D,837066,-1.648,0.000,0.264,0,0
D,837072,-1.736,0.000,0.264,0,0
D,837077,-1.824,0.000,0.264,0,0
D,837082,-1.890,0.000,0.264,0,0
D,837088,-2.021,0.000,0.264,0,0
D,837093,-2.087,0.000,0.264,0,0
D,837098,-2.197,0.000,0.264,0,0
D,837104,-2.285,0.000,0.264,0,0
D,837109,-2.351,0.000,0.264,0,0
D,837114,-2.439,0.000,0.264,0,0
D,837120,-2.571,0.000,0.264,0,0
D,837125,-2.659,0.000,0.264,0,0
D,837130,-2.834,0.000,0.264,0,0
D,837136,-2.791,0.000,0.264,0,0
D,837141,-2.856,0.000,0.264,0,0
D,837146,-2.966,0.000,0.264,0,0
D,837152,-3.054,0.000,0.264,0,0
D,837157,-3.142,0.000,0.264,0,0
D,837162,-3.164,0.000,0.264,0,0
D,837168,-3.208,0.000,0.264,0,0
D,837173,-3.340,0.000,0.264,0,0
D,837178,-3.384,0.000,0.264,0,0
D,837184,-3.450,0.000,0.264,0,0
D,837189,-3.450,0.000,0.264,0,0
D,837195,-3.538,0.000,0.264,0,0
D,837200,-3.538,0.000,0.264,0,0
D,837205,-3.604,0.000,0.264,0,0
D,837211,-3.669,0.000,0.264,0,0
D,837216,-3.669,0.000,0.264,0,0
D,837221,-3.669,0.000,0.264,0,0
D,837227,-3.823,0.000,0.264,0,0
D,837232,-3.845,0.000,0.264,0,0
D,837237,-3.823,0.000,0.264,0,0
D,837243,-3.845,0.000,0.264,0,0
D,837248,-3.889,0.000,0.264,0,0
D,837253,-3.867,0.000,0.264,0,0
D,837259,-3.823,0.000,0.264,0,0
D,837264,-3.955,0.000,0.264,0,0
D,837269,-3.845,0.000,0.264,0,0
D,837275,-3.867,0.000,0.264,0,0
D,837280,-3.911,0.000,0.264,0,0
D,837285,-3.867,0.000,0.264,0,0
D,837291,-3.801,0.000,0.264,0,0
D,837296,-3.823,0.000,0.264,0,0
D,837301,-3.867,0.000,0.264,0,0
D,837307,-3.801,0.000,0.264,0,0
D,837312,-3.779,0.000,0.264,0,0
D,837317,-3.735,0.000,0.264,0,0
D,837323,-3.757,0.000,0.264,0,0
D,837328,-3.691,0.000,0.264,0,0
D,837333,-3.757,0.000,0.264,0,0
D,837339,-3.560,0.000,0.264,0,0
D,837344,-3.604,0.000,0.264,0,0
D,837350,-3.538,0.000,0.264,0,0
D,837355,-3.516,0.000,0.264,0,0
D,837360,-3.450,0.000,0.264,0,0
D,837366,-3.450,0.000,0.264,0,0
D,837371,-3.406,0.000,0.264,0,0
D,837376,-3.340,0.000,0.264,0,0
D,837382,-3.274,0.000,0.264,0,0
D,837387,-3.208,0.000,0.264,0,0
D,837392,-3.098,0.000,0.264,0,0
D,837398,-3.054,0.000,0.264,0,0
D,837403,-3.010,0.000,0.264,0,0
D,837408,-2.988,0.000,0.264,0,0
D,837414,-2.813,0.000,0.264,0,0
D,837419,-2.834,0.000,0.264,0,0
D,837424,-2.681,0.000,0.264,0,0
D,837430,-2.681,0.000,0.264,0,0
D,837435,-2.549,0.000,0.264,0,0
D,837440,-2.483,0.000,0.264,0,0
D,837446,-2.483,0.000,0.264,0,0
D,837451,-2.373,0.000,0.264,0,0
D,837456,-2.263,0.000,0.264,0,0
D,837462,-2.175,0.000,0.264,0,0
D,837467,-2.153,0.000,0.264,0,0
D,837472,-2.065,0.000,0.264,0,0
D,837478,-1.978,0.000,0.264,0,0
D,837483,-1.890,0.000,0.264,0,0
D,837489,-1.736,0.000,0.264,0,0
D,837494,-1.758,0.000,0.264,0,0
D,837499,-1.714,0.000,0.264,0,0
D,837505,-1.538,0.000,0.264,0,0
D,837510,-1.428,0.000,0.264,0,0
D,837515,-1.428,0.000,0.264,0,0
D,837521,-1.362,0.000,0.264,0,0
D,837526,-1.230,0.000,0.264,0,0
D,837531,-1.143,0.000,0.264,0,0
D,837537,-1.121,0.000,0.264,0,0
D,837542,-1.011,0.000,0.264,0,0
D,837547,-0.879,0.000,0.264,0,0
D,837553,-0.857,0.000,0.264,0,0
D,837558,-0.703,0.000,0.264,0,0
D,837563,-0.703,0.000,0.264,0,0
D,837569,-0.615,0.000,0.264,0,0
D,837574,-0.461,0.000,0.264,0,0
D,837579,-0.549,0.000,0.264,0,0
D,837585,-0.374,0.000,0.264,0,0
D,837590,-0.286,0.000,0.264,0,0
D,837595,-0.264,0.000,0.264,0,0
D,837601,-0.154,0.000,0.264,0,0
D,837606,-0.088,0.000,0.264,0,0
D,837611,-0.044,0.000,0.264,0,0
D,837617,0.022,0.000,0.264,0,0
D,837622,0.088,0.000,0.264,0,0
D,837628,0.132,0.000,0.264,0,0
D,837633,0.242,0.000,0.264,0,0
D,837638,0.286,0.000,0.264,0,0
D,837644,0.396,0.000,0.264,0,0
D,837649,0.417,0.000,0.264,0,0
D,837654,0.527,0.000,0.264,0,0
D,837660,0.527,0.000,0.264,0,0
D,837665,0.571,0.000,0.264,0,0
D,837670,0.615,0.000,0.264,0,0
D,837676,0.747,0.000,0.264,0,0
D,837681,0.769,0.000,0.264,0,0
D,837686,0.769,0.000,0.264,0,0
D,837692,0.835,0.000,0.264,0,0
D,837697,0.901,0.000,0.264,0,0
D,837702,1.011,0.000,0.264,0,0
D,837708,0.967,0.000,0.264,0,0
D,837713,1.011,0.000,0.264,0,0
D,837718,1.099,0.000,0.264,0,0
D,837724,1.055,0.000,0.264,0,0
D,837729,1.099,0.000,0.264,0,0
D,837734,1.165,0.000,0.264,0,0
D,837740,1.187,0.000,0.264,0,0
D,837745,1.208,0.000,0.264,0,0
D,837750,1.230,0.000,0.264,0,0
D,837756,1.230,0.000,0.264,0,0
D,837761,1.296,0.000,0.264,0,0
D,837766,1.340,0.000,0.264,0,0
D,837772,1.252,0.000,0.264,0,0
D,837777,1.296,0.000,0.264,0,0
D,837783,1.318,0.000,0.264,0,0
D,837788,1.296,0.000,0.264,0,0
D,837793,1.274,0.000,0.264,0,0
D,837799,1.296,0.000,0.264,0,0
D,837804,1.274,0.000,0.264,0,0
D,837809,1.296,0.000,0.264,0,0
D,837815,1.274,0.000,0.264,0,0
D,837820,1.296,0.000,0.264,0,0
D,837825,1.274,0.000,0.264,0,0
D,837831,1.274,0.000,0.264,0,0
D,837836,1.252,0.000,0.264,0,0
D,837841,1.318,0.000,0.264,0,0
D,837847,1.296,0.000,0.264,0,0
D,837852,1.230,0.000,0.264,0,0
D,837857,1.187,0.000,0.264,0,0
D,837863,1.187,0.000,0.264,0,0
D,837868,1.143,0.000,0.264,0,0
D,837873,1.099,0.000,0.264,0,0
D,837879,1.011,0.000,0.264,0,0
D,837884,1.033,0.000,0.264,0,0
D,837889,1.033,0.000,0.264,0,0
D,837895,0.989,0.000,0.264,0,0
D,837900,0.967,0.000,0.264,0,0
D,837905,0.923,0.000,0.264,0,0
D,837911,0.945,0.000,0.264,0,0
D,837916,0.813,0.000,0.264,0,0
D,837921,0.857,0.000,0.264,0,0
D,837927,0.791,0.000,0.264,0,0
D,837932,0.747,0.000,0.264,0,0
D,837938,0.681,0.000,0.264,0,0
D,837943,0.615,0.000,0.264,0,0
D,837948,0.637,0.000,0.264,0,0
D,837954,0.505,0.000,0.264,0,0
D,837959,0.461,0.000,0.264,0,0
D,837964,0.461,0.000,0.264,0,0
D,837970,0.374,0.000,0.264,0,0
D,837975,0.330,0.000,0.264,0,0
D,837980,0.330,0.000,0.264,0,0
D,837986,0.242,0.000,0.264,0,0
D,837991,0.198,0.000,0.264,0,0
D,837996,0.066,0.000,0.264,0,0
D,838002,0.022,0.000,0.264,0,0
D,838007,0.088,0.000,0.264,0,0
D,838012,0.000,0.000,0.264,0,0
D,838018,-0.066,0.000,0.264,0,0
D,838023,-0.088,0.000,0.264,0,0
D,838028,-0.154,0.000,0.264,0,0
D,838034,-0.242,0.000,0.264,0,0
D,838039,-0.220,0.000,0.264,0,0
D,838044,-0.308,0.000,0.264,0,0
D,838050,-0.352,0.000,0.264,0,0
D,838055,-0.439,0.000,0.264,0,0
D,838060,-0.483,0.000,0.264,0,0
D,838066,-0.527,0.000,0.264,0,0
D,838071,-0.571,0.000,0.264,0,0
D,838076,-0.637,0.000,0.264,0,0
D,838082,-0.681,0.000,0.264,0,0
D,838087,-0.703,0.000,0.264,0,0
D,838093,-0.747,0.000,0.264,0,0
D,838098,-0.791,0.000,0.264,0,0
D,838103,-0.857,0.000,0.264,0,0
D,838109,-0.835,0.000,0.264,0,0
D,838114,-0.879,0.000,0.264,0,0
D,838119,-1.011,0.000,0.264,0,0
D,838125,-0.989,0.000,0.264,0,0
D,838130,-1.121,0.000,0.264,0,0
D,838135,-1.187,0.000,0.264,0,0
D,838141,-1.165,0.000,0.264,0,0
D,838146,-1.230,0.000,0.264,0,0
D,838151,-1.252,0.000,0.264,0,0
D,838157,-1.296,0.000,0.264,0,0
D,838162,-1.318,0.000,0.264,0,0
D,838167,-1.384,0.000,0.264,0,0
D,838173,-1.406,0.000,0.264,0,0
D,838178,-1.428,0.000,0.264,0,0
D,838183,-1.472,0.000,0.264,0,0
D,838189,-1.516,0.000,0.264,0,0
D,838194,-1.538,0.000,0.264,0,0
D,838199,-1.538,0.000,0.264,0,0
D,838205,-1.538,0.000,0.264,0,0
D,838210,-1.648,0.000,0.264,0,0
D,838215,-1.582,0.000,0.264,0,0
D,838221,-1.670,0.000,0.264,0,0
D,838226,-1.670,0.000,0.264,0,0
D,838232,-1.670,0.000,0.352,0,0
D,838237,-1.692,0.000,0.264,0,0
D,838242,-1.758,0.000,0.264,0,0
D,838248,-1.824,0.000,0.264,0,0
D,838253,-1.714,0.000,0.264,0,0
D,838258,-1.736,0.000,0.264,0,0
D,838264,-1.714,0.000,0.264,0,0
D,838269,-1.714,0.000,0.264,0,0
D,838274,-1.802,0.000,0.264,0,0
D,838280,-1.780,0.000,0.264,0,0
D,838285,-1.780,0.000,0.264,0,0
D,838290,-1.780,0.000,0.264,0,0
D,838296,-1.758,0.000,0.264,0,0
D,838301,-1.758,0.000,0.264,0,0
D,838306,-1.736,0.000,0.264,0,0
D,838312,-1.758,0.000,0.264,0,0
D,838317,-1.758,0.000,0.264,0,0
D,838322,-1.758,0.000,0.264,0,0
D,838328,-1.736,0.000,0.264,0,0
D,838333,-1.846,0.000,0.264,0,0
D,838338,-1.692,0.000,0.264,0,0
D,838344,-1.736,0.000,0.264,0,0
D,838349,-1.780,0.000,0.264,0,0
D,838354,-1.736,0.000,0.264,0,0
D,838360,-1.714,0.000,0.264,0,0
D,838365,-1.714,0.000,0.264,0,0
D,838370,-1.670,0.000,0.264,0,0
D,838376,-1.648,0.000,0.264,0,0
D,838381,-1.604,0.000,0.264,0,0
D,838387,-1.648,0.000,0.264,0,0
D,838392,-1.582,0.000,0.264,0,0
D,838397,-1.648,0.000,0.264,0,0
D,838403,-1.560,0.000,0.264,0,0
D,838408,-1.582,0.000,0.264,0,0
D,838413,-1.582,0.000,0.264,0,0
D,838419,-1.494,0.000,0.264,0,0
D,838424,-1.494,0.000,0.264,0,0
D,838429,-1.384,0.000,0.264,0,0
D,838435,-1.362,0.000,0.264,0,0
D,838440,-1.384,0.000,0.264,0,0
D,838445,-1.340,0.000,0.264,0,0
D,838451,-1.340,0.000,0.264,0,0
D,838456,-1.274,0.000,0.264,0,0
D,838461,-1.187,0.000,0.264,0,0
D,838467,-1.230,0.000,0.264,0,0
D,838472,-1.165,0.000,0.264,0,0
D,838477,-1.165,0.000,0.264,0,0
D,838483,-1.187,0.000,0.264,0,0
D,838488,-1.099,0.000,0.264,0,0
D,838493,-1.121,0.000,0.264,0,0
D,838499,-1.011,0.000,0.264,0,0
D,838504,-0.967,0.000,0.352,0,0
D,838509,-0.967,0.000,0.264,0,0
D,838515,-0.923,0.000,0.264,0,0
D,838520,-0.813,0.000,0.264,0,0
D,838526,-0.813,0.000,0.264,0,0
D,838531,-0.681,0.000,0.264,0,0
D,838536,-0.725,0.000,0.264,0,0
D,838542,-0.659,0.000,0.264,0,0
D,838547,-0.659,0.000,0.264,0,0
D,838552,-0.593,0.000,0.264,0,0
D,838558,-0.527,0.000,0.264,0,0
D,838563,-0.527,0.000,0.264,0,0
D,838568,-0.417,0.000,0.264,0,0
D,838574,-0.439,0.000,0.264,0,0
D,838579,-0.396,0.000,0.264,0,0
D,838584,-0.417,0.000,0.264,0,0
D,838590,-0.286,0.000,0.264,0,0
D,838595,-0.308,0.000,0.264,0,0
D,838600,-0.220,0.000,0.264,0,0
D,838606,-0.132,0.000,0.264,0,0
D,838611,-0.132,0.000,0.264,0,0
D,838616,-0.110,0.000,0.264,0,0
D,838622,-0.088,0.000,0.264,0,0
D,838627,-0.044,0.000,0.264,0,0
D,838632,-0.022,0.000,0.264,0,0
D,838638,0.000,0.000,0.264,0,0
D,838643,0.066,0.000,0.264,0,0
D,838648,0.110,0.000,0.264,0,0
D,838654,0.066,0.000,0.264,0,0
D,838659,0.088,0.000,0.264,0,0
D,838664,0.154,0.000,0.264,0,0
D,838670,0.198,0.000,0.264,0,0
D,838675,0.264,0.000,0.264,0,0
D,838681,0.242,0.000,0.264,0,0
D,838686,0.242,0.000,0.264,0,0
D,838691,0.308,0.000,0.264,0,0
D,838697,0.352,0.000,0.264,0,0
D,838702,0.330,0.000,0.264,0,0
D,838707,0.396,0.000,0.264,0,0
D,838713,0.417,0.000,0.264,0,0
D,838718,0.439,0.000,0.264,0,0
D,838723,0.461,0.000,0.264,0,0
D,838729,0.527,0.000,0.264,0,0
D,838734,0.505,0.000,0.264,0,0
D,838739,0.527,0.000,0.264,0,0
D,838745,0.527,0.000,0.264,0,0
D,838750,0.593,0.000,0.264,0,0
D,838755,0.615,0.000,0.264,0,0
D,838761,0.637,0.000,0.264,0,0
D,838766,0.571,0.000,0.264,0,0
D,838771,0.637,0.000,0.264,0,0
D,838777,0.681,0.000,0.264,0,0
D,838782,0.681,0.000,0.264,0,0
D,838787,0.681,0.000,0.264,0,0
D,838793,0.725,0.000,0.264,0,0
D,838798,0.681,0.000,0.264,0,0
D,838803,0.747,0.000,0.264,0,0
D,838809,0.681,0.000,0.264,0,0
D,838814,0.747,0.000,0.264,0,0
D,838819,0.769,0.000,0.264,0,0
D,838825,0.769,0.000,0.264,0,0
D,838830,0.791,0.000,0.264,0,0
D,838836,0.747,0.000,0.264,0,0
D,838841,0.769,0.000,0.264,0,0
D,838846,0.791,0.000,0.264,0,0
D,838852,0.791,0.000,0.264,0,0
D,838857,0.769,0.000,0.264,0,0
D,838862,0.791,0.000,0.264,0,0
D,838868,0.747,0.000,0.264,0,0
D,838873,0.769,0.000,0.264,0,0
D,838878,0.769,0.000,0.264,0,0
D,838884,0.725,0.000,0.264,0,0
D,838889,0.791,0.000,0.264,0,0
D,838894,0.747,0.000,0.264,0,0
D,838900,0.747,0.000,0.264,0,0
D,838905,0.747,0.000,0.264,0,0
D,838910,0.681,0.000,0.264,0,0
D,838916,0.703,0.000,0.264,0,0
D,838921,0.703,0.000,0.264,0,0
D,838926,0.703,0.000,0.264,0,0
D,838932,0.615,0.000,0.264,0,0
D,838937,0.659,0.000,0.264,0,0
D,838942,0.659,0.000,0.264,0,0
D,838948,0.593,0.000,0.264,0,0
D,838953,0.571,0.000,0.264,0,0
D,838958,0.593,0.000,0.264,0,0
D,838964,0.571,0.000,0.264,0,0
D,838969,0.483,0.000,0.264,0,0
D,838974,0.505,0.000,0.264,0,0
D,838980,0.439,0.000,0.264,0,0
D,838985,0.417,0.000,0.264,0,0
D,838991,0.461,0.000,0.264,0,0
D,838996,0.396,0.000,0.264,0,0
D,839001,0.374,0.000,0.264,0,0
D,839007,0.374,0.000,0.264,0,0
D,839012,0.352,0.000,0.264,0,0
D,839017,0.286,0.000,0.264,0,0
D,839023,0.264,0.000,0.264,0,0
D,839028,0.198,0.000,0.264,0,0
D,839033,0.220,0.000,0.264,0,0
D,839039,0.220,0.000,0.264,0,0
D,839044,0.110,0.000,0.264,0,0
D,839049,0.132,0.000,0.264,0,0
D,839055,0.132,0.000,0.264,0,0
D,839060,0.066,0.000,0.264,0,0
D,839065,0.088,0.000,0.264,0,0
D,839071,-0.022,0.000,0.264,0,0
D,839076,0.000,0.000,0.264,0,0
D,839081,-0.066,0.000,0.264,0,0
D,839087,-0.154,0.000,0.264,0,0
D,839092,-0.132,0.000,0.264,0,0
D,839097,-0.132,0.000,0.264,0,0
D,839103,-0.154,0.000,0.264,0,0
D,839108,-0.176,0.000,0.264,0,0
D,839113,-0.198,0.000,0.264,0,0
D,839119,-0.220,0.000,0.264,0,0
D,839124,-0.286,0.000,0.264,0,0
D,839129,-0.308,0.000,0.264,0,0
D,839135,-0.330,0.000,0.264,0,0
D,839140,-0.396,0.000,0.264,0,0
D,839146,-0.417,0.000,0.264,0,0
D,839151,-0.439,0.000,0.264,0,0
D,839156,-0.439,0.000,0.264,0,0
D,839162,-0.396,0.000,0.264,0,0
D,839167,-0.505,0.000,0.264,0,0
D,839172,-0.527,0.000,0.264,0,0
D,839178,-0.527,0.000,0.264,0,0
D,839183,-0.571,0.000,0.264,0,0
D,839188,-0.571,0.000,0.264,0,0
D,839194,-0.615,0.000,0.264,0,0
D,839199,-0.637,0.000,0.264,0,0
D,839204,-0.681,0.000,0.264,0,0
D,839210,-0.703,0.000,0.264,0,0
D,839215,-0.725,0.000,0.264,0,0
D,839220,-0.747,0.000,0.264,0,0
D,839226,-0.725,0.000,0.264,0,0
D,839231,-0.813,0.000,0.264,0,0
D,839236,-0.791,0.000,0.264,0,0
D,839242,-0.835,0.000,0.264,0,0
D,839247,-0.879,0.000,0.264,0,0
D,839252,-0.879,0.000,0.264,0,0
D,839258,-0.857,0.000,0.264,0,0
D,839263,-0.901,0.000,0.264,0,0
D,839269,-0.857,0.000,0.264,0,0
D,839274,-0.923,0.000,0.264,0,0
D,839279,-0.945,0.000,0.264,0,0
D,839285,-0.901,0.000,0.264,0,0
D,839290,-0.945,0.000,0.264,0,0
D,839295,-0.967,0.000,0.264,0,0
D,839301,-0.945,0.000,0.264,0,0
D,839306,-1.033,0.000,0.264,0,0
D,839311,-1.011,0.000,0.264,0,0
D,839317,-1.011,0.000,0.264,0,0
D,839322,-1.055,0.000,0.264,0,0
D,839327,-0.967,0.000,0.264,0,0
D,839333,-1.011,0.000,0.264,0,0
D,839338,-1.033,0.000,0.264,0,0
D,839343,-1.011,0.000,0.264,0,0
D,839349,-1.011,0.000,0.264,0,0
D,839354,-1.033,0.000,0.264,0,0
D,839359,-1.033,0.000,0.264,0,0
D,839365,-0.989,0.000,0.264,0,0
D,839370,-0.989,0.000,0.264,0,0
D,839375,-1.033,0.000,0.264,0,0
D,839381,-1.011,0.000,0.264,0,0
D,839386,-1.033,0.000,0.264,0,0
D,839391,-0.967,0.000,0.264,0,0
D,839397,-0.945,0.000,0.264,0,0
D,839402,-0.945,0.000,0.264,0,0
D,839408,-0.923,0.000,0.264,0,0
D,839413,-0.879,0.000,0.264,0,0
D,839418,-0.901,0.000,0.264,0,0
D,839424,-0.879,0.000,0.264,0,0
D,839429,-0.857,0.000,0.264,0,0
D,839434,-0.857,0.000,0.264,0,0
D,839440,-0.901,0.000,0.264,0,0
D,839445,-0.879,0.000,0.264,0,0
D,839450,-0.879,0.000,0.264,0,0
D,839456,-0.835,0.000,0.264,0,0
D,839461,-0.791,0.000,0.264,0,0
D,839466,-0.769,0.000,0.264,0,0
D,839472,-0.747,0.000,0.264,0,0
D,839477,-0.659,0.000,0.264,0,0
D,839482,-0.725,0.000,0.264,0,0
D,839488,-0.725,0.000,0.264,0,0
D,839493,-0.747,0.000,0.264,0,0
D,839498,-0.703,0.000,0.264,0,0
D,839504,-0.659,0.000,0.264,0,0
D,839509,-0.593,0.000,0.264,0,0
D,839514,-0.637,0.000,0.264,0,0
D,839520,-0.571,0.000,0.264,0,0
D,839525,-0.527,0.000,0.264,0,0
D,839530,-0.549,0.000,0.264,0,0
D,839536,-0.461,0.000,0.264,0,0
D,839541,-0.461,0.000,0.264,0,0
D,839546,-0.461,0.000,0.264,0,0
D,839552,-0.417,0.000,0.264,0,0
D,839557,-0.396,0.000,0.264,0,0
D,839563,-0.352,0.000,0.264,0,0
D,839568,-0.352,0.000,0.264,0,0
D,839573,-0.220,0.000,0.264,0,0
D,839579,-0.352,0.000,0.264,0,0
D,839584,-0.264,0.000,0.264,0,0
D,839589,-0.220,0.000,0.264,0,0
D,839595,-0.176,0.000,0.264,0,0
D,839600,-0.198,0.000,0.264,0,0
D,839605,-0.198,0.000,0.264,0,0
D,839611,-0.154,0.000,0.264,0,0
D,839616,-0.066,0.000,0.264,0,0
D,839621,-0.110,0.000,0.264,0,0
D,839627,-0.066,0.000,0.264,0,0
D,839632,0.044,0.000,0.264,0,0
D,839637,0.000,0.000,0.264,0,0
D,839643,-0.044,0.000,0.264,0,0
D,839648,0.066,0.000,0.264,0,0
D,839653,0.066,0.000,0.264,0,0
D,839659,0.066,0.000,0.264,0,0
D,839664,0.066,0.000,0.264,0,0
D,839669,0.154,0.000,0.264,0,0
D,839675,0.132,0.000,0.264,0,0
D,839680,0.198,0.000,0.264,0,0
D,839685,0.110,0.000,0.264,0,0
D,839691,0.132,0.000,0.264,0,0
D,839696,0.220,0.000,0.264,0,0
D,839701,0.264,0.000,0.264,0,0
D,839707,0.198,0.000,0.264,0,0
D,839712,0.352,0.000,0.264,0,0
D,839718,0.286,0.000,0.264,0,0
D,839723,0.286,0.000,0.264,0,0
D,839728,0.308,0.000,0.264,0,0
D,839734,0.330,0.000,0.264,0,0
D,839739,0.264,0.000,0.264,0,0
D,839744,0.330,0.000,0.264,0,0
D,839750,0.352,0.000,0.264,0,0
D,839755,0.417,0.000,0.264,0,0
D,839760,0.374,0.000,0.264,0,0
D,839766,0.330,0.000,0.264,0,0
D,839771,0.374,0.000,0.264,0,0
D,839776,0.461,0.000,0.264,0,0
D,839782,0.374,0.000,0.264,0,0
D,839787,0.417,0.000,0.264,0,0
D,839792,0.374,0.000,0.264,0,0
D,839798,0.417,0.000,0.264,0,0
D,839803,0.439,0.000,0.264,0,0
D,839808,0.396,0.000,0.264,0,0
D,839814,0.352,0.000,0.264,0,0
D,839819,0.352,0.000,0.264,0,0
D,839824,0.417,0.000,0.264,0,0
D,839830,0.417,0.000,0.264,0,0
D,839835,0.396,0.000,0.264,0,0
D,839840,0.330,0.000,0.264,0,0
D,839846,0.417,0.000,0.264,0,0
D,839851,0.330,0.000,0.264,0,0
D,839856,0.374,0.000,0.264,0,0
D,839862,0.396,0.000,0.264,0,0
D,839867,0.374,0.000,0.264,0,0
D,839873,0.396,0.000,0.264,0,0
D,839878,0.417,0.000,0.264,0,0
D,839883,0.374,0.000,0.264,0,0
D,839889,0.396,0.000,0.264,0,0
D,839894,0.396,0.000,0.264,0,0
D,839899,0.308,0.000,0.264,0,0
D,839905,0.352,0.000,0.264,0,0
D,839910,0.374,0.000,0.264,0,0
D,839915,0.330,0.000,0.264,0,0
D,839921,0.308,0.000,0.264,0,0
D,839926,0.308,0.000,0.264,0,0
D,839931,0.242,0.000,0.264,0,0
D,839937,0.308,0.000,0.264,0,0
D,839942,0.242,0.000,0.264,0,0
D,839947,0.264,0.000,0.264,0,0
D,839953,0.220,0.000,0.264,0,0
D,839958,0.220,0.000,0.264,0,0
D,839963,0.198,0.000,0.264,0,0
D,839969,0.176,0.000,0.264,0,0
D,839974,0.088,0.000,0.264,0,0
D,839979,0.132,0.000,0.264,0,0
D,839985,0.110,0.000,0.264,0,0
D,839990,0.088,0.000,0.264,0,0
D,839995,0.110,0.000,0.264,0,0
D,840001,0.088,0.000,0.264,0,0
D,840006,0.132,0.000,0.264,0,0
D,840011,0.066,0.000,0.264,0,0
D,840017,-0.022,0.000,0.264,0,0
D,840022,0.088,0.000,0.264,0,0
D,840028,0.000,0.000,0.264,0,0
D,840033,0.022,0.000,0.264,0,0
D,840038,-0.110,0.000,0.264,0,0
D,840044,-0.088,0.000,0.264,0,0
D,840049,-0.132,0.000,0.264,0,0
D,840054,-0.088,0.000,0.264,0,0
D,840060,-0.088,0.000,0.264,0,0
D,840065,-0.088,0.000,0.264,0,0
D,840070,-0.132,0.000,0.264,0,0
D,840076,-0.132,0.000,0.264,0,0
D,840081,-0.110,0.000,0.264,0,0
D,840086,-0.264,0.000,0.264,0,0
D,840092,-0.242,0.000,0.264,0,0
D,840097,-0.198,0.000,0.264,0,0
D,840102,-0.220,0.000,0.264,0,0
D,840108,-0.264,0.000,0.264,0,0
D,840113,-0.286,0.000,0.264,0,0
D,840118,-0.330,0.000,0.264,0,0
D,840124,-0.374,0.000,0.264,0,0
D,840129,-0.308,0.000,0.264,0,0
D,840134,-0.352,0.000,0.264,0,0
D,840140,-0.352,0.000,0.264,0,0
D,840145,-0.396,0.000,0.264,0,0
D,840150,-0.396,0.000,0.264,0,0
D,840156,-0.396,0.000,0.264,0,0
D,840161,-0.483,0.000,0.264,0,0
D,840166,-0.439,0.000,0.264,0,0
D,840172,-0.505,0.000,0.264,0,0
D,840177,-0.527,0.000,0.264,0,0
D,840183,-0.439,0.000,0.264,0,0
D,840188,-0.549,0.000,0.264,0,0
D,840193,-0.527,0.000,0.264,0,0
D,840199,-0.549,0.000,0.264,0,0
D,840204,-0.505,0.000,0.264,0,0
D,840209,-0.593,0.000,0.264,0,0
D,840215,-0.549,0.000,0.264,0,0
D,840220,-0.549,0.000,0.264,0,0
D,840225,-0.659,0.000,0.264,0,0
D,840231,-0.593,0.000,0.352,0,0
D,840236,-0.637,0.000,0.264,0,0
D,840241,-0.637,0.000,0.264,0,0
D,840247,-0.593,0.000,0.264,0,0
D,840252,-0.637,0.000,0.264,0,0
D,840257,-0.637,0.000,0.264,0,0
D,840263,-0.637,0.000,0.264,0,0
D,840268,-0.681,0.000,0.264,0,0
D,840273,-0.637,0.000,0.264,0,0
D,840279,-0.703,0.000,0.264,0,0
D,840284,-0.637,0.000,0.264,0,0
D,840289,-0.659,0.000,0.264,0,0
D,840295,-0.659,0.000,0.264,0,0
D,840300,-0.659,0.000,0.264,0,0
D,840305,-0.681,0.000,0.264,0,0
D,840311,-0.703,0.000,0.264,0,0
D,840316,-0.703,0.000,0.264,0,0
D,840321,-0.637,0.000,0.264,0,0
D,840327,-0.703,0.000,0.264,0,0
D,840332,-0.615,0.000,0.264,0,0
D,840338,-0.703,0.000,0.264,0,0
D,840343,-0.703,0.000,0.264,0,0
D,840348,-0.637,0.000,0.264,0,0
D,840354,-0.659,0.000,0.264,0,0
D,840359,-0.615,0.000,0.264,0,0
D,840364,-0.681,0.000,0.264,0,0
D,840370,-0.593,0.000,0.264,0,0
D,840375,-0.571,0.000,0.264,0,0
D,840380,-0.615,0.000,0.264,0,0
D,840386,-0.615,0.000,0.264,0,0
D,840391,-0.615,0.000,0.264,0,0
D,840396,-0.593,0.000,0.264,0,0
D,840402,-0.659,0.000,0.264,0,0
D,840407,-0.593,0.000,0.264,0,0
D,840412,-0.593,0.000,0.264,0,0
D,840418,-0.571,0.000,0.264,0,0
D,840423,-0.571,0.000,0.264,0,0
D,840428,-0.527,0.000,0.264,0,0
D,840434,-0.593,0.000,0.264,0,0
D,840439,-0.571,0.000,0.264,0,0
D,840444,-0.527,0.000,0.264,0,0
D,840450,-0.571,0.000,0.264,0,0
D,840455,-0.439,0.000,0.264,0,0
D,840460,-0.483,0.000,0.264,0,0
D,840466,-0.505,0.000,0.264,0,0
D,840471,-0.396,0.000,0.264,0,0
D,840477,-0.417,0.000,0.264,0,0
D,840482,-0.461,0.000,0.264,0,0
D,840487,-0.417,0.000,0.264,0,0
D,840493,-0.461,0.000,0.264,0,0
D,840498,-0.396,0.000,0.264,0,0
D,840503,-0.352,0.000,0.264,0,0
D,840509,-0.352,0.000,0.264,0,0
D,840514,-0.286,0.000,0.264,0,0
D,840519,-0.286,0.000,0.264,0,0
D,840525,-0.286,0.000,0.264,0,0
D,840530,-0.286,0.000,0.264,0,0
D,840535,-0.264,0.000,0.264,0,0
D,840541,-0.242,0.000,0.264,0,0
D,840546,-0.264,0.000,0.264,0,0
D,840551,-0.132,0.000,0.264,0,0
D,840557,-0.176,0.000,0.264,0,0
D,840562,-0.154,0.000,0.264,0,0
D,840567,-0.132,0.000,0.264,0,0
D,840573,-0.088,0.000,0.264,0,0
D,840578,-0.154,0.000,0.264,0,0
D,840583,-0.088,0.000,0.264,0,0
D,840589,-0.022,0.000,0.264,0,0
D,840594,0.022,0.000,0.264,0,0
D,840599,-0.022,0.000,0.264,0,0
D,840605,0.066,0.000,0.264,0,0
D,840610,0.044,0.000,0.264,0,0
D,840615,0.044,0.000,0.264,0,0
D,840621,0.066,0.000,0.264,0,0
D,840626,0.088,0.000,0.264,0,0
D,840632,0.154,0.000,0.264,0,0
D,840637,0.176,0.000,0.264,0,0
D,840642,0.154,0.000,0.264,0,0
D,840648,0.176,0.000,0.264,0,0
D,840653,0.220,0.000,0.264,0,0
D,840658,0.242,0.000,0.264,0,0
D,840664,0.286,0.000,0.264,0,0
D,840669,0.264,0.000,0.264,0,0
D,840674,0.308,0.000,0.264,0,0
D,840680,0.308,0.000,0.264,0,0
D,840685,0.374,0.000,0.264,0,0
D,840690,0.352,0.000,0.264,0,0
D,840696,0.286,0.000,0.264,0,0
D,840701,0.374,0.000,0.264,0,0
D,840706,0.439,0.000,0.264,0,0
D,840712,0.417,0.000,0.264,0,0
D,840717,0.483,0.000,0.264,0,0
D,840722,0.461,0.000,0.264,0,0
D,840728,0.505,0.000,0.264,0,0
D,840733,0.483,0.000,0.264,0,0
D,840738,0.527,0.000,0.264,0,0
D,840744,0.549,0.000,0.264,0,0
D,840749,0.527,0.000,0.264,0,0
D,840754,0.615,0.000,0.264,0,0
D,840760,0.571,0.000,0.264,0,0
D,840765,0.593,0.000,0.264,0,0
D,840770,0.615,0.000,0.264,0,0
D,840776,0.659,0.000,0.264,0,0
D,840781,0.593,0.000,0.264,0,0
D,840786,0.615,0.000,0.264,0,0
D,840792,0.659,0.000,0.264,0,0
D,840797,0.725,0.000,0.264,0,0
D,840803,0.703,0.000,0.264,0,0
D,840808,0.681,0.000,0.264,0,0
D,840813,0.681,0.000,0.264,0,0
D,840819,0.659,0.000,0.264,0,0
D,840824,0.681,0.000,0.264,0,0
D,840829,0.681,0.000,0.264,0,0
D,840835,0.703,0.000,0.264,0,0
D,840840,0.725,0.000,0.264,0,0
D,840845,0.725,0.000,0.264,0,0
D,840851,0.769,0.000,0.264,0,0
D,840856,0.747,0.000,0.264,0,0
D,840861,0.769,0.000,0.264,0,0
D,840867,0.747,0.000,0.264,0,0
D,840872,0.835,0.000,0.264,0,0
D,840877,0.769,0.000,0.264,0,0
D,840883,0.791,0.000,0.264,0,0
D,840888,0.769,0.000,0.264,0,0
D,840893,0.813,0.000,0.264,0,0
D,840899,0.747,0.000,0.264,0,0
D,840904,0.747,0.000,0.264,0,0
D,840909,0.747,0.000,0.352,0,0
D,840915,0.747,0.000,0.352,0,0
D,840920,0.747,0.000,0.264,0,0
D,840925,0.703,0.000,0.264,0,0
D,840931,0.725,0.000,0.264,0,0
D,840936,0.703,0.000,0.264,0,0
D,840941,0.681,0.000,0.264,0,0
D,840947,0.725,0.000,0.264,0,0
D,840952,0.681,0.000,0.264,0,0
D,840958,0.593,0.000,0.264,0,0
D,840963,0.659,0.000,0.264,0,0
D,840968,0.681,0.000,0.264,0,0
D,840974,0.703,0.000,0.264,0,0
D,840979,0.615,0.000,0.264,0,0
D,840984,0.681,0.000,0.264,0,0
D,840990,0.637,0.000,0.264,0,0
D,840995,0.593,0.000,0.264,0,0
D,841000,0.593,0.000,0.264,0,0
D,841006,0.527,0.000,0.264,0,0
D,841011,0.571,0.000,0.264,0,0
D,841016,0.571,0.000,0.264,0,0
D,841022,0.571,0.000,0.264,0,0
D,841027,0.527,0.000,0.264,0,0
D,841032,0.461,0.000,0.264,0,0
D,841038,0.527,0.000,0.264,0,0
D,841043,0.483,0.000,0.264,0,0
D,841048,0.396,0.000,0.264,0,0
D,841054,0.439,0.000,0.264,0,0
D,841059,0.461,0.000,0.264,0,0
D,841064,0.439,0.000,0.264,0,0
D,841070,0.374,0.000,0.264,0,0
D,841075,0.396,0.000,0.264,0,0
D,841080,0.374,0.000,0.264,0,0
D,841086,0.352,0.000,0.264,0,0
D,841091,0.352,0.000,0.264,0,0
D,841096,0.330,0.000,0.264,0,0
D,841102,0.286,0.000,0.264,0,0
D,841107,0.330,0.000,0.264,0,0
D,841113,0.286,0.000,0.264,0,0
D,841118,0.242,0.000,0.264,0,0
D,841123,0.220,0.000,0.264,0,0
D,841129,0.242,0.000,0.264,0,0
D,841134,0.220,0.000,0.264,0,0
D,841139,0.220,0.000,0.264,0,0
D,841145,0.154,0.000,0.264,0,0
D,841150,0.176,0.000,0.264,0,0
D,841155,0.132,0.000,0.264,0,0
D,841161,0.154,0.000,0.264,0,0
D,841166,0.154,0.000,0.264,0,0
D,841171,0.132,0.000,0.264,0,0
D,841177,0.066,0.000,0.264,0,0
D,841182,0.088,0.000,0.264,0,0
D,841187,0.088,0.000,0.264,0,0
D,841193,0.044,0.000,0.264,0,0
D,841198,0.066,0.000,0.264,0,0
D,841203,0.066,0.000,0.264,0,0
D,841209,-0.022,0.000,0.264,0,0
D,841214,0.000,0.000,0.264,0,0
D,841219,0.044,0.000,0.264,0,0
D,841225,-0.022,0.000,0.264,0,0
D,841230,0.044,0.000,0.264,0,0
D,841235,0.022,0.000,0.264,0,0
D,841241,-0.044,0.000,0.264,0,0
D,841246,0.022,0.000,0.264,0,0
D,841251,0.022,0.000,0.264,0,0
D,841257,0.044,0.000,0.264,0,0
D,841262,-0.022,0.000,0.264,0,0
D,841268,0.022,0.000,0.264,0,0
D,841273,-0.022,0.000,0.264,0,0
D,841278,0.000,0.000,0.264,0,0
D,841284,-0.022,0.000,0.264,0,0
D,841289,-0.044,0.000,0.264,0,0
D,841294,-0.022,0.000,0.264,0,0
D,841300,0.000,0.000,0.264,0,0
D,841305,0.000,0.000,0.264,0,0
D,841310,-0.022,0.000,0.264,0,0
D,841316,0.022,0.000,0.264,0,0
D,841321,-0.066,0.000,0.264,0,0
D,841326,0.022,0.000,0.264,0,0
D,841332,-0.066,0.000,0.264,0,0
D,841337,-0.066,0.000,0.264,0,0
D,841342,0.022,0.000,0.264,0,0
D,841348,0.000,0.000,0.264,0,0
D,841353,-0.022,0.000,0.264,0,0
D,841358,-0.022,0.000,0.264,0,0
D,841364,-0.044,0.000,0.264,0,0
D,841369,-0.066,0.000,0.264,0,0
D,841374,0.000,0.000,0.264,0,0
D,841380,0.000,0.000,0.264,0,0
D,841385,-0.022,0.000,0.264,0,0
D,841390,0.022,0.000,0.264,0,0
D,841396,0.044,0.000,0.264,0,0
D,841401,0.022,0.000,0.264,0,0
D,841406,0.044,0.000,0.264,0,0
D,841412,0.044,0.000,0.264,0,0
D,841417,0.088,0.000,0.264,0,0
D,841422,0.110,0.000,0.264,0,0
D,841428,0.044,0.000,0.264,0,0
D,841433,0.066,0.000,0.264,0,0
D,841439,0.110,0.000,0.264,0,0
D,841444,0.088,0.000,0.264,0,0
D,841449,0.066,0.000,0.264,0,0
D,841455,0.110,0.000,0.264,0,0
D,841460,0.132,0.000,0.264,0,0
D,841465,0.110,0.000,0.264,0,0
D,841471,0.110,0.000,0.264,0,0
D,841476,0.176,0.000,0.176,0,0
D,841481,0.154,0.000,0.264,0,0
D,841487,0.132,0.000,0.264,0,0
D,841492,0.154,0.000,0.264,0,0
D,841497,0.132,0.000,0.264,0,0
D,841503,0.176,0.000,0.264,0,0
D,841508,0.198,0.000,0.264,0,0
D,841513,0.220,0.000,0.264,0,0
D,841519,0.242,0.000,0.264,0,0
D,841524,0.286,0.000,0.264,0,0
D,841529,0.264,0.000,0.264,0,0
D,841535,0.286,0.000,0.264,0,0
D,841540,0.308,0.000,0.264,0,0
D,841545,0.264,0.000,0.264,0,0
D,841551,0.286,0.000,0.264,0,0
D,841556,0.330,0.000,0.264,0,0
D,841561,0.308,0.000,0.264,0,0
D,841567,0.396,0.000,0.264,0,0
D,841572,0.330,0.000,0.264,0,0
D,841577,0.374,0.000,0.264,0,0
D,841583,0.352,0.000,0.264,0,0
D,841588,0.461,0.000,0.264,0,0
D,841594,0.374,0.000,0.264,0,0
D,841599,0.417,0.000,0.264,0,0
D,841604,0.417,0.000,0.264,0,0
D,841610,0.439,0.000,0.264,0,0
D,841615,0.417,0.000,0.264,0,0
D,841620,0.417,0.000,0.264,0,0
D,841626,0.439,0.000,0.264,0,0
D,841631,0.417,0.000,0.264,0,0
D,841636,0.483,0.000,0.264,0,0
D,841642,0.461,0.000,0.264,0,0
D,841647,0.461,0.000,0.264,0,0
D,841652,0.549,0.000,0.264,0,0
D,841658,0.571,0.000,0.264,0,0
D,841663,0.505,0.000,0.264,0,0
D,841668,0.549,0.000,0.264,0,0
D,841674,0.527,0.000,0.264,0,0
D,841679,0.527,0.000,0.264,0,0
D,841684,0.571,0.000,0.264,0,0
D,841690,0.637,0.000,0.264,0,0
D,841695,0.615,0.000,0.264,0,0
D,841700,0.505,0.000,0.264,0,0
D,841706,0.527,0.000,0.264,0,0
D,841711,0.593,0.000,0.264,0,0
D,841716,0.637,0.000,0.264,0,0
D,841722,0.571,0.000,0.264,0,0
D,841727,0.637,0.000,0.264,0,0
D,841732,0.615,0.000,0.264,0,0
D,841738,0.615,0.000,0.264,0,0
D,841743,0.637,0.000,0.264,0,0
D,841749,0.615,0.000,0.264,0,0
D,841754,0.703,0.000,0.264,0,0
D,841759,0.637,0.000,0.264,0,0
D,841765,0.637,0.000,0.264,0,0
D,841770,0.747,0.000,0.264,0,0
D,841775,0.659,0.000,0.264,0,0
D,841781,0.703,0.000,0.264,0,0
D,841786,0.681,0.000,0.264,0,0
D,841791,0.703,0.000,0.264,0,0
D,841797,0.659,0.000,0.264,0,0
D,841802,0.681,0.000,0.264,0,0
D,841807,0.637,0.000,0.264,0,0
D,841813,0.725,0.000,0.264,0,0
D,841818,0.659,0.000,0.264,0,0
D,841823,0.681,0.000,0.264,0,0
D,841829,0.681,0.000,0.264,0,0
D,841834,0.725,0.000,0.264,0,0
D,841839,0.703,0.000,0.264,0,0
D,841845,0.725,0.000,0.264,0,0
D,841850,0.703,0.000,0.264,0,0
D,841855,0.703,0.000,0.352,0,0
D,841861,0.681,0.000,0.264,0,0
D,841866,0.703,0.000,0.264,0,0
D,841871,0.725,0.000,0.264,0,0
D,841877,0.791,0.000,0.264,0,0
D,841882,0.747,0.000,0.264,0,0
D,841887,0.681,0.000,0.264,0,0
D,841893,0.659,0.000,0.264,0,0
D,841898,0.725,0.000,0.264,0,0
D,841904,0.747,0.000,0.264,0,0
D,841909,0.659,0.000,0.264,0,0
D,841914,0.681,0.000,0.264,0,0
D,841920,0.769,0.000,0.264,0,0
D,841925,0.659,0.000,0.264,0,0
D,841930,0.681,0.000,0.264,0,0
D,841936,0.747,0.000,0.264,0,0
D,841941,0.681,0.000,0.264,0,0
D,841946,0.725,0.000,0.264,0,0
D,841952,0.681,0.000,0.264,0,0
D,841957,0.703,0.000,0.264,0,0
D,841962,0.637,0.000,0.264,0,0
D,841968,0.747,0.000,0.264,0,0
D,841973,0.615,0.000,0.264,0,0
D,841978,0.681,0.000,0.264,0,0
D,841984,0.659,0.000,0.264,0,0
D,841989,0.659,0.000,0.264,0,0
D,841994,0.703,0.000,0.264,0,0
D,842000,0.593,0.000,0.264,0,0
D,842005,0.681,0.000,0.264,0,0
D,842010,0.659,0.000,0.264,0,0
D,842016,0.615,0.000,0.264,0,0
D,842021,0.637,0.000,0.264,0,0
D,842026,0.571,0.000,0.264,0,0
D,842032,0.637,0.000,0.264,0,0
D,842037,0.615,0.000,0.264,0,0
D,842042,0.593,0.000,0.264,0,0
D,842048,0.571,0.000,0.264,0,0
D,842053,0.549,0.000,0.264,0,0
D,842059,0.549,0.000,0.264,0,0
D,842064,0.637,0.000,0.264,0,0
D,842069,0.549,0.000,0.264,0,0
D,842075,0.549,0.000,0.264,0,0
D,842080,0.549,0.000,0.264,0,0
D,842085,0.527,0.000,0.264,0,0
D,842091,0.549,0.000,0.264,0,0
D,842096,0.549,0.000,0.264,0,0
D,842101,0.527,0.000,0.264,0,0
D,842107,0.549,0.000,0.264,0,0
D,842112,0.549,0.000,0.264,0,0
D,842117,0.549,0.000,0.264,0,0
D,842123,0.461,0.000,0.264,0,0
D,842128,0.483,0.000,0.264,0,0
D,842133,0.461,0.000,0.264,0,0
D,842139,0.439,0.000,0.264,0,0
D,842144,0.439,0.000,0.264,0,0
D,842149,0.461,0.000,0.264,0,0
D,842155,0.461,0.000,0.264,0,0
D,842160,0.439,0.000,0.264,0,0
D,842165,0.439,0.000,0.264,0,0
D,842171,0.352,0.000,0.264,0,0
D,842176,0.374,0.000,0.264,0,0
D,842181,0.417,0.000,0.264,0,0
D,842187,0.374,0.000,0.264,0,0
D,842192,0.352,0.000,0.264,0,0
D,842197,0.439,0.000,0.264,0,0
D,842203,0.330,0.000,0.264,0,0
D,842208,0.330,0.000,0.264,0,0
D,842213,0.308,0.000,0.264,0,0
D,842219,0.374,0.000,0.264,0,0
D,842224,0.330,0.000,0.264,0,0
D,842230,0.286,0.000,0.264,0,0
D,842235,0.308,0.000,0.264,0,0
D,842240,0.352,0.000,0.264,0,0
D,842246,0.308,0.000,0.264,0,0
D,842251,0.330,0.000,0.264,0,0
D,842256,0.352,0.000,0.264,0,0
D,842262,0.286,0.000,0.264,0,0
D,842267,0.352,0.000,0.264,0,0
D,842272,0.308,0.000,0.264,0,0
D,842278,0.330,0.000,0.264,0,0
D,842283,0.286,0.000,0.264,0,0
D,842288,0.286,0.000,0.264,0,0
D,842294,0.308,0.000,0.264,0,0
D,842299,0.308,0.000,0.264,0,0
D,842304,0.352,0.000,0.264,0,0
D,842310,0.330,0.000,0.264,0,0
D,842315,0.286,0.000,0.264,0,0
D,842320,0.286,0.000,0.264,0,0
D,842326,0.264,0.000,0.264,0,0
D,842331,0.330,0.000,0.264,0,0
D,842336,0.352,0.000,0.264,0,0
D,842342,0.286,0.000,0.264,0,0
D,842347,0.286,0.000,0.264,0,0
D,842352,0.308,0.000,0.264,0,0
D,842358,0.286,0.000,0.264,0,0
D,842363,0.264,0.000,0.264,0,0
D,842368,0.352,0.000,0.264,0,0
D,842374,0.308,0.000,0.264,0,0
D,842379,0.286,0.000,0.264,0,0
D,842385,0.330,0.000,0.264,0,0
D,842390,0.308,0.000,0.264,0,0
D,842395,0.286,0.000,0.264,0,0
D,842401,0.264,0.000,0.264,0,0
D,842406,0.330,0.000,0.264,0,0
D,842411,0.352,0.000,0.264,0,0
D,842417,0.352,0.000,0.264,0,0
D,842422,0.352,0.000,0.264,0,0
D,842427,0.352,0.000,0.264,0,0
D,842433,0.308,0.000,0.264,0,0
D,842438,0.330,0.000,0.264,0,0
D,842443,0.396,0.000,0.264,0,0
D,842449,0.330,0.000,0.264,0,0
D,842454,0.374,0.000,0.264,0,0
D,842459,0.396,0.000,0.264,0,0
D,842465,0.396,0.000,0.264,0,0
D,842470,0.396,0.000,0.264,0,0
D,842475,0.374,0.000,0.264,0,0
D,842481,0.417,0.000,0.264,0,0
D,842486,0.417,0.000,0.264,0,0
D,842491,0.417,0.000,0.264,0,0
D,842497,0.483,0.000,0.264,0,0
D,842502,0.439,0.000,0.264,0,0
D,842507,0.417,0.000,0.264,0,0
D,842513,0.417,0.000,0.264,0,0
D,842518,0.417,0.000,0.264,0,0
D,842523,0.374,0.000,0.264,0,0
D,842529,0.417,0.000,0.264,0,0
D,842534,0.374,0.000,0.264,0,0
D,842540,0.461,0.000,0.264,0,0
D,842545,0.439,0.000,0.264,0,0
D,842550,0.483,0.000,0.264,0,0
D,842556,0.417,0.000,0.264,0,0
D,842561,0.505,0.000,0.264,0,0
D,842566,0.483,0.000,0.264,0,0
D,842572,0.417,0.000,0.264,0,0
D,842577,0.483,0.000,0.264,0,0
D,842582,0.483,0.000,0.264,0,0
D,842588,0.461,0.000,0.264,0,0
D,842593,0.439,0.000,0.264,0,0
D,842598,0.483,0.000,0.264,0,0
D,842604,0.527,0.000,0.264,0,0
D,842609,0.439,0.000,0.264,0,0
D,842614,0.439,0.000,0.264,0,0
D,842620,0.483,0.000,0.264,0,0
D,842625,0.549,0.000,0.264,0,0
D,842630,0.483,0.000,0.264,0,0
D,842636,0.505,0.000,0.264,0,0
D,842641,0.527,0.000,0.264,0,0
D,842646,0.483,0.000,0.264,0,0
D,842652,0.527,0.000,0.264,0,0
D,842657,0.549,0.000,0.264,0,0
D,842662,0.549,0.000,0.264,0,0
D,842668,0.527,0.000,0.264,0,0
D,842673,0.505,0.000,0.264,0,0
D,842678,0.527,0.000,0.264,0,0
D,842684,0.483,0.000,0.264,0,0
D,842689,0.483,0.000,0.264,0,0
D,842695,0.571,0.000,0.264,0,0
D,842700,0.527,0.000,0.264,0,0
D,842705,0.505,0.000,0.264,0,0
D,842711,0.527,0.000,0.264,0,0
D,842716,0.461,0.000,0.264,0,0
D,842721,0.505,0.000,0.264,0,0
D,842727,0.483,0.000,0.264,0,0
D,842732,0.549,0.000,0.264,0,0
D,842737,0.571,0.000,0.352,0,0
D,842743,0.527,0.000,0.264,0,0
D,842748,0.549,0.000,0.264,0,0
D,842753,0.505,0.000,0.264,0,0
D,842759,0.505,0.000,0.264,0,0
D,842764,0.571,0.000,0.264,0,0
D,842769,0.505,0.000,0.264,0,0
D,842775,0.527,0.000,0.264,0,0
D,842780,0.615,0.000,0.264,0,0
D,842785,0.527,0.000,0.264,0,0
D,842791,0.549,0.000,0.264,0,0
D,842796,0.527,0.000,0.264,0,0
D,842801,0.571,0.000,0.264,0,0
D,842807,0.637,0.000,0.264,0,0
D,842812,0.571,0.000,0.264,0,0
D,842817,0.549,0.000,0.264,0,0
D,842823,0.571,0.000,0.264,0,0
D,842828,0.505,0.000,0.264,0,0
D,842833,0.571,0.000,0.264,0,0
D,842839,0.549,0.000,0.264,0,0
D,842844,0.593,0.000,0.264,0,0
D,842850,0.571,0.000,0.264,0,0
D,842855,0.593,0.000,0.264,0,0
D,842860,0.615,0.000,0.264,0,0
D,842866,0.527,0.000,0.264,0,0
D,842871,0.615,0.000,0.264,0,0
D,842876,0.527,0.000,0.264,0,0
D,842882,0.527,0.000,0.264,0,0
D,842887,0.549,0.000,0.264,0,0
D,842892,0.571,0.000,0.264,0,0
D,842898,0.571,0.000,0.264,0,0
D,842903,0.659,0.000,0.264,0,0
D,842908,0.593,0.000,0.264,0,0
D,842914,0.681,0.000,0.264,0,0
D,842919,0.593,0.000,0.264,0,0
D,842924,0.593,0.000,0.264,0,0
D,842930,0.593,0.000,0.264,0,0
D,842935,0.571,0.000,0.264,0,0
D,842940,0.571,0.000,0.264,0,0
D,842946,0.637,0.000,0.264,0,0
D,842951,0.549,0.000,0.264,0,0
D,842956,0.527,0.000,0.264,0,0
D,842962,0.637,0.000,0.264,0,0
D,842967,0.659,0.000,0.264,0,0
D,842972,0.615,0.000,0.264,0,0
D,842978,0.637,0.000,0.264,0,0
D,842983,0.659,0.000,0.264,0,0
D,842988,0.593,0.000,0.264,0,0
D,842994,0.659,0.000,0.264,0,0
D,842999,0.571,0.000,0.264,0,0
D,843005,0.659,0.000,0.264,0,0
D,843010,0.637,0.000,0.264,0,0
D,843015,0.659,0.000,0.264,0,0
D,843021,0.659,0.000,0.264,0,0
D,843026,0.659,0.000,0.264,0,0
D,843031,0.681,0.000,0.264,0,0
D,843037,0.659,0.000,0.264,0,0
D,843042,0.615,0.000,0.264,0,0
D,843047,0.659,0.000,0.264,0,0
D,843053,0.659,0.000,0.264,0,0
D,843058,0.637,0.000,0.264,0,0
D,843063,0.637,0.000,0.264,0,0
D,843069,0.703,0.000,0.264,0,0
D,843074,0.747,0.000,0.264,0,0
D,843079,0.637,0.000,0.264,0,0
D,843085,0.615,0.000,0.264,0,0
D,843090,0.637,0.000,0.264,0,0
D,843095,0.637,0.000,0.264,0,0
D,843101,0.703,0.000,0.264,0,0
D,843106,0.681,0.000,0.264,0,0
D,843111,0.593,0.000,0.264,0,0
D,843117,0.637,0.000,0.264,0,0
D,843122,0.681,0.000,0.264,0,0
D,843127,0.637,0.000,0.264,0,0
D,843133,0.637,0.000,0.264,0,0
D,843138,0.637,0.000,0.264,0,0
D,843143,0.593,0.000,0.264,0,0
D,843149,0.637,0.000,0.264,0,0
D,843154,0.615,0.000,0.264,0,0
D,843160,0.659,0.000,0.264,0,0
D,843165,0.637,0.000,0.264,0,0
D,843170,0.659,0.000,0.264,0,0
D,843176,0.659,0.000,0.264,0,0
D,843181,0.593,0.000,0.264,0,0
D,843186,0.637,0.000,0.264,0,0
D,843192,0.703,0.000,0.264,0,0
D,843197,0.637,0.000,0.264,0,0
D,843202,0.659,0.000,0.264,0,0
D,843208,0.615,0.000,0.264,0,0
D,843213,0.615,0.000,0.264,0,0
D,843218,0.637,0.000,0.264,0,0
D,843224,0.637,0.000,0.264,0,0
D,843229,0.659,0.000,0.264,0,0
D,843234,0.637,0.000,0.264,0,0
D,843240,0.571,0.000,0.264,0,0
D,843245,0.637,0.000,0.264,0,0
D,843250,0.681,0.000,0.264,0,0
D,843256,0.637,0.000,0.264,0,0
D,843261,0.637,0.000,0.264,0,0
D,843266,0.593,0.000,0.264,0,0
D,843272,0.593,0.000,0.264,0,0
D,843277,0.659,0.000,0.264,0,0
D,843282,0.637,0.000,0.264,0,0
D,843288,0.593,0.000,0.264,0,0
D,843293,0.593,0.000,0.264,0,0
D,843298,0.615,0.000,0.264,0,0
D,843304,0.615,0.000,0.264,0,0
D,843309,0.593,0.000,0.264,0,0
D,843314,0.659,0.000,0.264,0,0
D,843320,0.593,0.000,0.264,0,0
D,843325,0.637,0.000,0.264,0,0
D,843331,0.593,0.000,0.264,0,0
D,843336,0.593,0.000,0.264,0,0
D,843341,0.549,0.000,0.264,0,0
D,843347,0.615,0.000,0.264,0,0
D,843352,0.637,0.000,0.264,0,0
D,843357,0.593,0.000,0.264,0,0
D,843363,0.615,0.000,0.264,0,0
D,843368,0.571,0.000,0.264,0,0
D,843373,0.593,0.000,0.264,0,0
D,843379,0.571,0.000,0.264,0,0
D,843384,0.549,0.000,0.264,0,0
D,843389,0.637,0.000,0.264,0,0
D,843395,0.549,0.000,0.264,0,0
D,843400,0.571,0.000,0.264,0,0
E,843405,MARK
D,843405,0.615,0.000,0.264,0,0
D,843411,0.593,0.000,0.264,0,0
D,843416,0.615,0.000,0.264,0,0
D,843421,0.571,0.000,0.264,0,0
D,843427,0.527,0.000,0.264,0,0
D,843432,0.549,0.000,0.264,0,0
D,843437,0.571,0.000,0.264,0,0
D,843443,0.527,0.000,0.264,0,0
D,843448,0.549,0.000,0.264,0,0
D,843453,0.527,0.000,0.264,0,0
D,843459,0.549,0.000,0.264,0,0
D,843464,0.483,0.000,0.264,0,0
D,843469,0.527,0.000,0.264,0,0
D,843475,0.505,0.000,0.264,0,0
D,843480,0.571,0.000,0.264,0,0
D,843486,0.505,0.000,0.264,0,0
D,843491,0.505,0.000,0.264,0,0
D,843496,0.527,0.000,0.264,0,0
D,843502,0.483,0.000,0.264,0,0
D,843507,0.549,0.000,0.264,0,0
D,843512,0.549,0.000,0.264,0,0
D,843518,0.461,0.000,0.264,0,0
D,843523,0.527,0.000,0.264,0,0
D,843528,0.549,0.000,0.264,0,0
D,843534,0.483,0.000,0.264,0,0
D,843539,0.505,0.000,0.264,0,0
D,843544,0.483,0.000,0.264,0,0
D,843550,0.461,0.000,0.264,0,0
D,843555,0.461,0.000,0.264,0,0
D,843560,0.571,0.000,0.264,0,0
D,843566,0.527,0.000,0.264,0,0
D,843571,0.527,0.000,0.264,0,0
D,843576,0.527,0.000,0.264,0,0
D,843582,0.527,0.000,0.264,0,0
D,843587,0.549,0.000,0.264,0,0
D,843592,0.505,0.000,0.264,0,0
D,843598,0.527,0.000,0.264,0,0
D,843603,0.615,0.000,0.264,0,0
D,843608,0.505,0.000,0.264,0,0
D,843614,0.505,0.000,0.264,0,0
D,843619,0.527,0.000,0.264,0,0
D,843624,0.571,0.000,0.264,0,0
D,843630,0.549,0.000,0.264,0,0
D,843635,0.549,0.000,0.264,0,0
D,843641,0.527,0.000,0.264,0,0
D,843646,0.571,0.000,0.264,0,0
D,843651,0.527,0.000,0.264,0,0
D,843657,0.549,0.000,0.264,0,0
D,843662,0.637,0.000,0.264,0,0
D,843667,0.527,0.000,0.264,0,0
D,843673,0.593,0.000,0.264,0,0
D,843678,0.593,0.000,0.264,0,0
D,843683,0.615,0.000,0.264,0,0
D,843689,0.659,0.000,0.264,0,0
D,843694,0.593,0.000,0.264,0,0
D,843699,0.549,0.000,0.264,0,0
D,843705,0.615,0.000,0.264,0,0
D,843710,0.615,0.000,0.264,0,0
D,843715,0.659,0.000,0.264,0,0
D,843721,0.593,0.000,0.264,0,0
D,843726,0.637,0.000,0.352,0,0
D,843731,0.593,0.000,0.264,0,0
D,843737,0.615,0.000,0.264,0,0
D,843742,0.615,0.000,0.264,0,0
D,843747,0.659,0.000,0.264,0,0
D,843753,0.659,0.000,0.264,0,0
D,843758,0.659,0.000,0.264,0,0
D,843763,0.725,0.000,0.264,0,0
D,843769,0.659,0.000,0.264,0,0
D,843774,0.659,0.000,0.264,0,0
D,843779,0.615,0.000,0.264,0,0
D,843785,0.637,0.000,0.264,0,0
D,843790,0.659,0.000,0.264,0,0
D,843795,0.615,0.000,0.264,0,0
D,843801,0.725,0.000,0.264,0,0
D,843806,0.681,0.000,0.264,0,0
D,843812,0.637,0.000,0.264,0,0
D,843817,0.659,0.000,0.264,0,0
D,843822,0.637,0.000,0.264,0,0
D,843828,0.681,0.000,0.264,0,0
D,843833,0.703,0.000,0.264,0,0
D,843838,0.637,0.000,0.264,0,0
D,843844,0.703,0.000,0.264,0,0
D,843849,0.659,0.000,0.264,0,0
D,843854,0.747,0.000,0.264,0,0
D,843860,0.681,0.000,0.264,0,0
D,843865,0.615,0.000,0.264,0,0
D,843870,0.637,0.000,0.264,0,0
D,843876,0.615,0.000,0.264,0,0
D,843881,0.637,0.000,0.264,0,0
D,843886,0.703,0.000,0.264,0,0
D,843892,0.725,0.000,0.264,0,0
D,843897,0.615,0.000,0.264,0,0
D,843902,0.681,0.000,0.264,0,0
D,843908,0.637,0.000,0.264,0,0
D,843913,0.681,0.000,0.264,0,0
D,843918,0.681,0.000,0.264,0,0
D,843924,0.703,0.000,0.264,0,0
D,843929,0.659,0.000,0.264,0,0
D,843934,0.747,0.000,0.264,0,0
D,843940,0.681,0.000,0.264,0,0
D,843945,0.703,0.000,0.264,0,0
D,843950,0.637,0.000,0.264,0,0
D,843956,0.703,0.000,0.264,0,0
D,843961,0.703,0.000,0.264,0,0
D,843967,0.659,0.000,0.264,0,0
D,843972,0.725,0.000,0.264,0,0
D,843977,0.747,0.000,0.264,0,0
D,843983,0.659,0.000,0.264,0,0
D,843988,0.659,0.000,0.264,0,0
D,843993,0.725,0.000,0.264,0,0
D,843999,0.681,0.000,0.264,0,0
D,844004,0.725,0.000,0.264,0,0
D,844009,0.681,0.000,0.264,0,0
D,844015,0.703,0.000,0.264,0,0
D,844020,0.747,0.000,0.264,0,0
D,844025,0.703,0.000,0.264,0,0
D,844031,0.703,0.000,0.264,0,0
D,844036,0.681,0.000,0.264,0,0
D,844041,0.703,0.000,0.264,0,0
D,844047,0.659,0.000,0.352,0,0
D,844052,0.703,0.000,0.264,0,0
D,844057,0.659,0.000,0.264,0,0
D,844063,0.769,0.000,0.264,0,0
D,844068,0.703,0.000,0.264,0,0
D,844073,0.637,0.000,0.264,0,0
D,844079,0.659,0.000,0.264,0,0
D,844084,0.659,0.000,0.264,0,0
D,844089,0.659,0.000,0.264,0,0
D,844095,0.747,0.000,0.264,0,0
D,844100,0.681,0.000,0.264,0,0
D,844105,0.659,0.000,0.264,0,0
D,844111,0.703,0.000,0.264,0,0
D,844116,0.681,0.000,0.264,0,0
D,844122,0.637,0.000,0.264,0,0
D,844127,0.593,0.000,0.264,0,0
D,844132,0.703,0.000,0.264,0,0
D,844138,0.615,0.000,0.264,0,0
D,844143,0.615,0.000,0.264,0,0
D,844148,0.637,0.000,0.264,0,0
D,844154,0.637,0.000,0.264,0,0
D,844159,0.659,0.000,0.264,0,0
D,844164,0.593,0.000,0.264,0,0
D,844170,0.659,0.000,0.264,0,0
D,844175,0.593,0.000,0.264,0,0
D,844180,0.637,0.000,0.264,0,0
D,844186,0.571,0.000,0.264,0,0
D,844191,0.615,0.000,0.264,0,0
D,844196,0.527,0.000,0.264,0,0
D,844202,0.549,0.000,0.264,0,0
D,844207,0.593,0.000,0.264,0,0
D,844212,0.527,0.000,0.264,0,0
D,844218,0.527,0.000,0.264,0,0
D,844223,0.549,0.000,0.264,0,0
D,844228,0.505,0.000,0.352,0,0
D,844234,0.549,0.000,0.264,0,0
D,844239,0.527,0.000,0.264,0,0
D,844244,0.527,0.000,0.264,0,0
D,844250,0.527,0.000,0.264,0,0
D,844255,0.505,0.000,0.264,0,0
D,844261,0.549,0.000,0.264,0,0
D,844266,0.527,0.000,0.264,0,0
D,844271,0.527,0.000,0.264,0,0
D,844277,0.527,0.000,0.264,0,0
D,844282,0.483,0.000,0.264,0,0
D,844287,0.483,0.000,0.264,0,0
D,844293,0.571,0.000,0.264,0,0
D,844298,0.483,0.000,0.264,0,0
D,844303,0.483,0.000,0.264,0,0
D,844309,0.505,0.000,0.264,0,0
D,844314,0.527,0.000,0.264,0,0
D,844319,0.483,0.000,0.264,0,0
D,844325,0.505,0.000,0.264,0,0
D,844330,0.483,0.000,0.264,0,0
D,844335,0.439,0.000,0.264,0,0
D,844341,0.483,0.000,0.352,0,0
D,844346,0.483,0.000,0.264,0,0
D,844351,0.439,0.000,0.264,0,0
D,844357,0.505,0.000,0.264,0,0
D,844362,0.461,0.000,0.264,0,0
D,844367,0.461,0.000,0.264,0,0
D,844373,0.527,0.000,0.264,0,0
D,844378,0.527,0.000,0.264,0,0
D,844383,0.483,0.000,0.264,0,0
D,844389,0.483,0.000,0.264,0,0
D,844394,0.527,0.000,0.264,0,0
D,844399,0.505,0.000,0.264,0,0
D,844405,0.505,0.000,0.264,0,0
D,844410,0.483,0.000,0.264,0,0
D,844416,0.549,0.000,0.264,0,0
D,844421,0.505,0.000,0.264,0,0
D,844426,0.483,0.000,0.264,0,0
D,844432,0.527,0.000,0.264,0,0
D,844437,0.461,0.000,0.264,0,0
D,844442,0.461,0.000,0.264,0,0
D,844448,0.505,0.000,0.264,0,0
D,844453,0.439,0.000,0.264,0,0
D,844458,0.505,0.000,0.264,0,0
D,844464,0.461,0.000,0.264,0,0
D,844469,0.461,0.000,0.264,0,0
D,844474,0.527,0.000,0.264,0,0
D,844480,0.527,0.000,0.264,0,0
D,844485,0.483,0.000,0.264,0,0
D,844490,0.483,0.000,0.264,0,0
D,844496,0.483,0.000,0.264,0,0
D,844501,0.527,0.000,0.264,0,0
D,844506,0.461,0.000,0.264,0,0
D,844512,0.527,0.000,0.264,0,0
D,844517,0.483,0.000,0.264,0,0
D,844522,0.483,0.000,0.264,0,0
D,844528,0.549,0.000,0.264,0,0
D,844533,0.549,0.000,0.264,0,0
D,844538,0.461,0.000,0.264,0,0
D,844544,0.483,0.000,0.264,0,0
D,844549,0.439,0.000,0.264,0,0
D,844554,0.461,0.000,0.264,0,0
D,844560,0.417,0.000,0.264,0,0
D,844565,0.461,0.000,0.264,0,0
D,844571,0.417,0.000,0.264,0,0
D,844576,0.374,0.000,0.264,0,0
D,844581,0.396,0.000,0.264,0,0
D,844587,0.352,0.000,0.264,0,0
D,844592,0.330,0.000,0.264,0,0
D,844597,0.352,0.000,0.264,0,0
D,844603,0.308,0.000,0.264,0,0
D,844608,0.242,0.000,0.264,0,0
D,844613,0.330,0.000,0.264,0,0
D,844619,0.264,0.000,0.264,0,0
D,844624,0.220,0.000,0.264,0,0
D,844629,0.242,0.000,0.264,0,0
D,844635,0.242,0.000,0.264,0,0
D,844640,0.220,0.000,0.264,0,0
D,844645,0.220,0.000,0.264,0,0
D,844651,0.154,0.000,0.264,0,0
D,844656,0.176,0.000,0.264,0,0
D,844661,0.132,0.000,0.264,0,0
D,844667,0.220,0.000,0.264,0,0
D,844672,0.088,0.000,0.264,0,0
D,844677,0.154,0.000,0.264,0,0
D,844683,0.088,0.000,0.264,0,0
D,844688,0.110,0.000,0.264,0,0
D,844693,0.088,0.000,0.264,0,0
D,844699,0.088,0.000,0.264,0,0
D,844704,0.044,0.000,0.264,0,0
D,844709,-0.022,0.000,0.264,0,0
D,844715,0.000,0.000,0.264,0,0
D,844720,0.022,0.000,0.264,0,0
D,844726,0.000,0.000,0.264,0,0
D,844731,-0.110,0.000,0.264,0,0
D,844736,-0.066,0.000,0.264,0,0
D,844742,-0.088,0.000,0.264,0,0
D,844747,-0.110,0.000,0.264,0,0
D,844752,-0.132,0.000,0.264,0,0
D,844758,-0.088,0.000,0.264,0,0
D,844763,-0.242,0.000,0.264,0,0
D,844768,-0.198,0.000,0.264,0,0
D,844774,-0.220,0.000,0.264,0,0
D,844779,-0.176,0.000,0.264,0,0
D,844784,-0.154,0.000,0.264,0,0
D,844790,-0.220,0.000,0.264,0,0
D,844795,-0.264,0.000,0.264,0,0
D,844800,-0.264,0.000,0.264,0,0
D,844806,-0.220,0.000,0.264,0,0
D,844811,-0.308,0.000,0.264,0,0
D,844816,-0.352,0.000,0.264,0,0
D,844822,-0.330,0.000,0.264,0,0
D,844827,-0.264,0.000,0.264,0,0
D,844832,-0.396,0.000,0.264,0,0
D,844838,-0.417,0.000,0.264,0,0
D,844843,-0.483,0.000,0.264,0,0
D,844848,-0.417,0.000,0.264,0,0
D,844854,-0.461,0.000,0.264,0,0
D,844859,-0.417,0.000,0.264,0,0
D,844864,-0.417,0.000,0.264,0,0
D,844870,-0.439,0.000,0.264,0,0
D,844875,-0.374,0.000,0.264,0,0
D,844881,-0.439,0.000,0.264,0,0
D,844886,-0.352,0.000,0.264,0,0
D,844891,-0.374,0.000,0.264,0,0
D,844897,-0.330,0.000,0.264,0,0
D,844902,-0.330,0.000,0.264,0,0
D,844907,-0.308,0.000,0.264,0,0
D,844913,-0.286,0.000,0.264,0,0
D,844918,-0.330,0.000,0.264,0,0
D,844923,-0.264,0.000,0.264,0,0
D,844929,-0.308,0.000,0.264,0,0
D,844934,-0.264,0.000,0.264,0,0
D,844939,-0.198,0.000,0.264,0,0
D,844945,-0.242,0.000,0.264,0,0
D,844950,-0.286,0.000,0.264,0,0
D,844955,-0.198,0.000,0.264,0,0
D,844961,-0.286,0.000,0.264,0,0
D,844966,-0.242,0.000,0.264,0,0
D,844971,-0.220,0.000,0.264,0,0
D,844977,-0.220,0.000,0.264,0,0
D,844982,-0.198,0.000,0.264,0,0
D,844987,-0.242,0.000,0.264,0,0
D,844993,-0.132,0.000,0.264,0,0
D,844998,-0.176,0.000,0.264,0,0
D,845003,-0.110,0.000,0.352,0,0
D,845009,-0.198,0.000,0.264,0,0
D,845014,-0.176,0.000,0.264,0,0
D,845020,-0.088,0.000,0.264,0,0
D,845025,-0.154,0.000,0.264,0,0
D,845030,-0.220,0.000,0.264,0,0
D,845036,-0.198,0.000,0.264,0,0
D,845041,-0.198,0.000,0.264,0,0
D,845046,-0.220,0.000,0.264,0,0
D,845052,-0.132,0.000,0.264,0,0
D,845057,-0.198,0.000,0.264,0,0
D,845062,-0.088,0.000,0.264,0,0
D,845068,-0.176,0.000,0.264,0,0
D,845073,-0.176,0.000,0.264,0,0
D,845078,-0.176,0.000,0.264,0,0
D,845084,-0.088,0.000,0.264,0,0
D,845089,-0.110,0.000,0.264,0,0
D,845094,-0.044,0.000,0.264,0,0
D,845100,-0.088,0.000,0.264,0,0
D,845105,-0.088,0.000,0.264,0,0
D,845110,-0.110,0.000,0.264,0,0
D,845116,-0.110,0.000,0.264,0,0
D,845121,-0.088,0.000,0.264,0,0
D,845126,-0.088,0.000,0.264,0,0
D,845132,-0.044,0.000,0.264,0,0
D,845137,-0.110,0.000,0.264,0,0
D,845142,-0.044,0.000,0.264,0,0
D,845148,0.000,0.000,0.264,0,0
D,845153,-0.022,0.000,0.264,0,0
D,845158,-0.022,0.000,0.264,0,0
D,845164,-0.066,0.000,0.264,0,0
D,845169,-0.022,0.000,0.264,0,0
D,845175,0.022,0.000,0.264,0,0
D,845180,0.066,0.000,0.264,0,0
D,845185,0.044,0.000,0.352,0,0
D,845191,0.044,0.000,0.264,0,0
D,845196,0.022,0.000,0.264,0,0
D,845201,0.044,0.000,0.352,0,0
D,845207,0.022,0.000,0.352,0,0
D,845212,0.044,0.000,0.352,0,0
D,845217,0.044,0.000,0.352,0,0
D,845223,0.022,0.000,0.352,0,0
D,845228,0.110,0.000,0.352,0,0
D,845233,0.110,0.000,0.352,0,0
D,845239,0.088,0.000,0.352,0,0
D,845244,0.132,0.000,0.352,0,0
D,845249,0.132,0.000,0.352,0,0
D,845255,0.154,0.000,0.352,0,0
D,845260,0.132,0.000,0.352,0,0
D,845265,0.154,0.000,0.352,0,0
D,845271,0.176,0.000,0.352,0,0
D,845276,0.176,0.000,0.352,0,0
D,845281,0.242,0.000,0.352,0,0
D,845287,0.242,0.000,0.352,0,0
D,845292,0.176,0.000,0.352,0,0
D,845297,0.176,0.000,0.352,0,0
D,845303,0.154,0.000,0.352,0,0
D,845308,0.198,0.000,0.352,0,0
D,845313,0.242,0.000,0.352,0,0
D,845319,0.220,0.000,0.352,0,0
D,845324,0.220,0.000,0.352,0,0
D,845330,0.132,0.000,0.352,0,0
D,845335,0.066,0.000,0.264,0,0
D,845340,0.176,0.000,0.352,0,0
D,845346,0.132,0.000,0.352,0,0
D,845351,0.176,0.000,0.352,0,0
D,845356,0.154,0.000,0.352,0,0
D,845362,0.066,0.000,0.352,0,0
D,845367,0.088,0.000,0.352,0,0
D,845372,0.154,0.000,0.352,0,0
D,845378,0.176,0.000,0.264,0,0
D,845383,0.176,0.000,0.352,0,0
D,845388,0.066,0.000,0.352,0,0
D,845394,0.110,0.000,0.352,0,0
D,845399,0.110,0.000,0.352,0,0
D,845404,0.066,0.000,0.352,0,0
D,845410,0.132,0.000,0.352,0,0
D,845415,0.088,0.000,0.352,0,0
D,845420,0.154,0.000,0.352,0,0
D,845426,0.132,0.000,0.352,0,0
D,845431,0.176,0.000,0.352,0,0
D,845436,0.154,0.000,0.352,0,0
D,845442,0.110,0.000,0.352,0,0
D,845447,0.088,0.000,0.352,0,0
D,845452,0.088,0.000,0.352,0,0
D,845458,0.198,0.000,0.352,0,0
D,845463,0.154,0.000,0.352,0,0
D,845468,0.110,0.000,0.352,0,0
D,845474,0.154,0.000,0.352,0,0
D,845479,0.110,0.000,0.352,0,0
D,845484,0.110,0.000,0.352,0,0
D,845490,0.110,0.000,0.352,0,0
D,845495,0.198,0.000,0.352,0,0
D,845501,0.198,0.000,0.352,0,0
D,845506,0.242,0.000,0.352,0,0
D,845511,0.176,0.000,0.352,0,0
D,845517,0.220,0.000,0.352,0,0
D,845522,0.242,0.000,0.352,0,0
D,845527,0.154,0.000,0.352,0,0
D,845533,0.154,0.000,0.352,0,0
D,845538,0.110,0.000,0.352,0,0
D,845543,0.088,0.000,0.352,0,0
D,845549,0.066,0.000,0.352,0,0
D,845554,0.110,0.000,0.352,0,0
D,845559,0.110,0.000,0.352,0,0
D,845565,0.088,0.000,0.352,0,0
D,845570,0.066,0.000,0.352,0,0
D,845575,0.066,0.000,0.264,0,0
D,845581,0.000,0.000,0.352,0,0
D,845586,0.044,0.000,0.352,0,0
D,845591,0.088,0.000,0.352,0,0
D,845597,0.000,0.000,0.352,0,0
D,845602,-0.022,0.000,0.352,0,0
D,845607,0.000,0.000,0.352,0,0
D,845613,-0.044,0.000,0.352,0,0
D,845618,-0.044,0.000,0.352,0,0
D,845623,0.000,0.000,0.352,0,0
D,845629,-0.044,0.000,0.264,0,0
D,845634,-0.044,0.000,0.352,0,0
D,845639,-0.110,0.000,0.352,0,0
D,845645,-0.066,0.000,0.352,0,0
D,845650,-0.132,0.000,0.352,0,0
D,845655,-0.132,0.000,0.352,0,0
D,845661,-0.110,0.000,0.352,0,0
D,845666,-0.132,0.000,0.352,0,0
D,845672,-0.220,0.000,0.352,0,0
D,845677,-0.176,0.000,0.352,0,0
D,845682,-0.242,0.000,0.352,0,0
D,845688,-0.220,0.000,0.352,0,0
D,845693,-0.176,0.000,0.352,0,0
D,845698,-0.264,0.000,0.352,0,0
D,845704,-0.242,0.000,0.352,0,0
D,845709,-0.264,0.000,0.352,0,0
D,845714,-0.286,0.000,0.352,0,0
D,845720,-0.308,0.000,0.352,0,0
D,845725,-0.220,0.000,0.352,0,0
D,845730,-0.308,0.000,0.352,0,0
D,845736,-0.374,0.000,0.352,0,0
D,845741,-0.352,0.000,0.352,0,0
D,845746,-0.352,0.000,0.352,0,0
D,845752,-0.374,0.000,0.352,0,0
D,845757,-0.352,0.000,0.352,0,0
D,845762,-0.396,0.000,0.352,0,0
D,845768,-0.396,0.000,0.352,0,0
D,845773,-0.396,0.000,0.352,0,0
D,845778,-0.439,0.000,0.352,0,0
D,845784,-0.417,0.000,0.352,0,0
D,845789,-0.396,0.000,0.352,0,0
D,845794,-0.549,0.000,0.352,0,0
D,845800,-0.527,0.000,0.352,0,0
D,845805,-0.527,0.000,0.352,0,0
D,845811,-0.549,0.000,0.352,0,0
D,845816,-0.549,0.000,0.352,0,0
D,845821,-0.571,0.000,0.352,0,0
D,845827,-0.571,0.000,0.352,0,0
D,845832,-0.571,0.000,0.352,0,0
D,845837,-0.637,0.000,0.352,0,0
D,845843,-0.615,0.000,0.352,0,0
D,845848,-0.637,0.000,0.352,0,0
D,845853,-0.615,0.000,0.264,0,0
D,845859,-0.659,0.000,0.352,0,0
D,845864,-0.659,0.000,0.352,0,0
D,845869,-0.703,0.000,0.264,0,0
D,845875,-0.703,0.000,0.352,0,0
D,845880,-0.747,0.000,0.352,0,0
D,845885,-0.769,0.000,0.352,0,0
D,845891,-0.791,0.000,0.352,0,0
D,845896,-0.813,0.000,0.352,0,0
D,845901,-0.747,0.000,0.352,0,0
D,845907,-0.769,0.000,0.352,0,0
D,845912,-0.769,0.000,0.352,0,0
D,845917,-0.813,0.000,0.352,0,0
D,845923,-0.813,0.000,0.352,0,0
D,845928,-0.857,0.000,0.352,0,0
D,845933,-0.747,0.000,0.352,0,0
D,845939,-0.769,0.000,0.352,0,0
D,845944,-0.879,0.000,0.352,0,0
D,845950,-0.813,0.000,0.352,0,0
D,845955,-0.879,0.000,0.352,0,0
D,845960,-0.857,0.000,0.352,0,0
D,845966,-0.923,0.000,0.352,0,0
D,845971,-0.901,0.000,0.352,0,0
D,845976,-0.901,0.000,0.352,0,0
D,845982,-0.967,0.000,0.352,0,0
D,845987,-0.989,0.000,0.352,0,0
D,845992,-0.989,0.000,0.352,0,0
D,845998,-0.989,0.000,0.352,0,0
D,846003,-0.989,0.000,0.352,0,0
D,846008,-1.055,0.000,0.352,0,0
D,846014,-1.055,0.000,0.352,0,0
D,846019,-1.055,0.000,0.352,0,0
D,846024,-1.121,0.000,0.352,0,0
D,846030,-1.099,0.000,0.352,0,0
D,846035,-1.077,0.000,0.352,0,0
D,846040,-1.187,0.000,0.352,0,0
D,846046,-1.165,0.000,0.352,0,0
D,846051,-1.143,0.000,0.352,0,0
D,846056,-1.208,0.000,0.352,0,0
D,846062,-1.187,0.000,0.352,0,0
D,846067,-1.230,0.000,0.352,0,0
D,846072,-1.121,0.000,0.352,0,0
D,846078,-1.187,0.000,0.352,0,0
D,846083,-1.252,0.000,0.352,0,0
D,846089,-1.296,0.000,0.352,0,0
D,846094,-1.274,0.000,0.352,0,0
D,846099,-1.318,0.000,0.352,0,0
D,846105,-1.384,0.000,0.352,0,0
D,846110,-1.406,0.000,0.352,0,0
D,846115,-1.406,0.000,0.352,0,0
D,846121,-1.450,0.000,0.352,0,0
D,846126,-1.494,0.000,0.352,0,0
D,846131,-1.582,0.000,0.352,0,0
D,846137,-1.582,0.000,0.352,0,0
D,846142,-1.670,0.000,0.352,0,0
D,846147,-1.714,0.000,0.264,0,0
D,846153,-1.714,0.000,0.352,0,0
D,846158,-1.736,0.000,0.352,0,0
D,846163,-1.802,0.000,0.352,0,0
D,846169,-1.846,0.000,0.352,0,0
D,846174,-1.956,0.000,0.352,0,0
D,846179,-1.934,0.000,0.352,0,0
D,846185,-1.956,0.000,0.352,0,0
D,846190,-2.065,0.000,0.352,0,0
D,846195,-2.153,0.000,0.352,0,0
D,846201,-2.197,0.000,0.352,0,0
D,846206,-2.219,0.000,0.352,0,0
D,846211,-2.351,0.000,0.352,0,0
D,846217,-2.461,0.000,0.352,0,0
D,846222,-2.461,0.000,0.352,0,0
D,846228,-2.527,0.000,0.352,0,0
D,846233,-2.637,0.000,0.352,0,0
D,846238,-2.747,0.000,0.352,0,0
D,846244,-2.791,0.000,0.352,0,0
D,846249,-2.900,0.000,0.352,0,0
D,846254,-3.010,0.000,0.352,0,0
D,846260,-3.186,0.000,0.352,0,0
D,846265,-3.230,0.000,0.352,0,0
D,846270,-3.384,0.000,0.352,0,0
D,846276,-3.494,0.000,0.352,0,0
D,846281,-3.604,0.000,0.352,0,0
D,846286,-3.779,0.000,0.352,0,0
D,846292,-3.823,0.000,0.352,0,0
D,846297,-3.977,0.000,0.352,0,0
D,846302,-4.153,0.000,0.352,0,0
D,846308,-4.285,0.000,0.352,0,0
D,846313,-4.373,0.000,0.352,0,0
D,846318,-4.570,0.000,0.352,0,0
D,846324,-4.746,0.000,0.352,0,0
D,846329,-4.900,0.000,0.352,0,0
D,846334,-5.098,0.000,0.352,0,0
D,846340,-5.229,0.000,0.352,0,0
D,846345,-5.449,0.000,0.352,0,0
D,846350,-5.669,0.000,0.352,0,0
D,846356,-5.779,0.000,0.352,0,0
D,846361,-5.977,0.000,0.352,0,0
D,846367,-6.218,0.000,0.352,0,0
D,846372,-6.504,0.000,0.352,0,0
D,846377,-6.614,0.000,0.352,0,0
D,846383,-6.877,0.000,0.352,0,0
D,846388,-7.141,0.000,0.352,0,0
D,846393,-7.383,0.000,0.352,0,0
D,846399,-7.537,0.000,0.352,0,0
D,846404,-7.888,0.000,0.264,0,0
D,846409,-8.130,0.000,0.352,0,0
D,846415,-8.416,0.000,0.352,0,0
D,846420,-8.723,0.000,0.352,0,0
D,846425,-8.899,0.000,0.352,0,0
D,846431,-9.185,0.000,0.352,0,0
D,846436,-9.536,0.000,0.352,0,0
D,846441,-9.822,0.000,0.352,0,0
D,846447,-10.107,0.000,0.352,0,0
D,846452,-10.437,0.000,0.352,0,0
D,846457,-10.723,0.000,0.352,0,0
D,846463,-11.074,0.000,0.352,0,0
D,846468,-11.360,0.000,0.352,0,0
D,846473,-11.733,0.000,0.352,0,0
D,846479,-12.085,0.000,0.352,0,0
D,846484,-12.349,0.000,0.352,0,0
D,846489,-12.634,0.000,0.352,0,0
D,846495,-12.832,0.000,0.352,0,0
D,846500,-13.008,0.000,0.352,0,0
D,846505,-13.074,0.000,0.352,0,0
D,846511,-13.184,0.000,0.352,0,0
D,846516,-13.469,0.000,0.352,0,0
D,846522,-13.689,0.000,0.352,0,0
D,846527,-13.997,0.000,0.352,0,0
D,846532,-14.260,0.000,0.352,0,0
D,846538,-14.524,0.000,0.352,0,0
D,846543,-14.766,0.000,0.352,0,0
D,846548,-15.051,0.000,0.352,0,0
D,846554,-15.249,0.000,0.352,0,0
D,846559,-15.513,0.000,0.352,0,0
D,846564,-15.842,0.000,0.352,0,0
D,846570,-16.194,0.000,0.352,0,0
D,846575,-16.414,0.000,0.352,0,0
D,846580,-16.567,0.000,0.352,0,0
D,846586,-16.721,0.000,0.352,0,0
D,846591,-16.831,0.000,0.352,0,0
D,846596,-16.897,0.000,0.352,0,0
D,846602,-16.963,0.000,0.352,0,0
D,846607,-17.051,0.000,0.352,0,0
D,846612,-17.117,0.000,0.352,0,0
D,846618,-17.249,0.000,0.352,0,0
D,846623,-17.292,0.000,0.352,0,0
D,846628,-17.358,0.000,0.352,0,0
D,846634,-17.468,0.000,0.352,0,0
D,846639,-17.490,0.000,0.352,0,0
D,846645,-17.644,0.000,0.352,0,0
D,846650,-17.710,0.000,0.352,0,0
D,846655,-17.776,0.000,0.352,0,0
D,846661,-17.754,0.000,0.352,0,0
D,846666,-17.842,0.000,0.352,0,0
D,846671,-17.842,0.000,0.352,0,0
D,846677,-17.776,0.000,0.352,0,0
D,846682,-17.820,0.000,0.352,0,0
D,846687,-17.842,0.000,0.352,0,0
D,846693,-17.864,0.000,0.352,0,0
D,846698,-17.820,0.000,0.352,0,0
D,846703,-17.754,0.000,0.352,0,0
D,846709,-17.820,0.000,0.352,0,0
D,846714,-17.732,0.000,0.439,0,0
D,846719,-17.732,0.000,0.439,0,0
D,846725,-17.754,0.000,0.439,0,0
D,846730,-17.622,0.000,0.352,0,0
D,846735,-17.600,0.000,0.352,0,0
D,846741,-17.490,0.000,0.352,0,0
D,846746,-17.468,0.000,0.352,0,0
D,846751,-17.468,0.000,0.352,0,0
D,846757,-17.314,0.000,0.439,0,0
D,846762,-17.336,0.000,0.352,0,0
D,846767,-17.183,0.000,0.352,0,0
D,846773,-17.117,0.000,0.439,0,0
D,846778,-17.007,0.000,0.352,0,0
D,846783,-16.941,0.000,0.439,0,0
D,846789,-16.809,0.000,0.439,0,0
D,846794,-16.743,0.000,0.439,0,0
D,846800,-16.589,0.000,0.352,0,0
D,846805,-16.589,0.000,0.439,0,0
D,846810,-16.479,0.000,0.439,0,0
D,846816,-16.370,0.000,0.352,0,0
D,846821,-16.348,0.000,0.352,0,0
D,846826,-16.106,0.000,0.439,0,0
D,846832,-16.062,0.000,0.439,0,0
D,846837,-15.974,0.000,0.615,0,0
D,846842,-15.798,0.000,0.703,0,0
D,846848,-15.688,0.000,0.703,0,0
D,846853,-15.513,0.000,0.791,0,0
D,846858,-15.447,0.000,0.791,0,0
D,846864,-15.315,0.000,0.791,0,0
D,846869,-15.249,0.000,0.703,0,0
D,846874,-15.095,0.000,0.703,0,0
D,846880,-14.985,0.000,0.615,0,0
D,846885,-14.854,0.000,0.615,0,0
D,846890,-14.766,0.000,0.527,0,0
D,846896,-14.700,0.000,0.527,0,0
D,846901,-14.568,0.000,0.615,0,0
D,846906,-14.414,0.000,0.615,0,0
D,846912,-14.326,0.000,0.615,0,0
D,846917,-14.194,0.000,0.615,0,0
D,846922,-14.128,0.000,0.703,0,0
D,846928,-13.865,0.000,0.703,0,0
D,846933,-13.865,0.000,0.703,0,0
D,846939,-13.689,0.000,0.703,0,0
D,846944,-13.601,0.000,0.703,0,0
D,846949,-13.557,0.000,0.703,0,0
D,846955,-13.315,0.000,0.703,0,0
D,846960,-13.271,0.000,0.703,0,0
D,846965,-13.162,0.000,0.703,0,0
D,846971,-13.030,0.000,0.703,0,0
D,846976,-12.942,0.000,0.703,0,0
D,846981,-12.832,0.000,0.791,0,0
D,846987,-12.788,0.000,0.791,0,0
D,846992,-12.612,0.000,0.791,0,0
D,846997,-12.568,0.000,0.791,0,0
D,847003,-12.480,0.000,0.791,0,0
D,847008,-12.349,0.000,0.791,0,0
D,847013,-12.239,0.000,0.791,0,0
D,847019,-12.217,0.000,0.791,0,0
D,847024,-12.019,0.000,0.791,0,0
D,847029,-11.953,0.000,0.703,0,0
D,847035,-11.887,0.000,0.791,0,0
D,847040,-11.821,0.000,0.791,0,0
D,847045,-11.624,0.000,0.791,0,0
D,847051,-11.536,0.000,0.791,0,0
D,847056,-11.514,0.000,0.791,0,0
D,847061,-11.338,0.000,0.703,0,0
D,847067,-11.338,0.000,0.791,0,0
D,847072,-11.272,0.000,0.791,0,0
D,847078,-11.096,0.000,0.791,0,0
D,847083,-11.074,0.000,0.791,0,0
D,847088,-10.920,0.000,0.791,0,0
D,847094,-10.876,0.000,0.791,0,0
D,847099,-10.767,0.000,0.791,0,0
D,847104,-10.789,0.000,0.791,0,0
D,847110,-10.635,0.000,0.791,0,0
D,847115,-10.503,0.000,0.791,0,0
D,847120,-10.481,0.000,0.791,0,0
D,847126,-10.393,0.000,0.791,0,0
D,847131,-10.349,0.000,0.791,0,0
D,847136,-10.239,0.000,0.791,0,0
D,847142,-10.195,0.000,0.791,0,0
D,847147,-10.085,0.000,0.791,0,0
D,847152,-10.042,0.000,0.791,0,0
D,847158,-10.020,0.000,0.791,0,0
D,847163,-9.844,0.000,0.791,0,0
D,847168,-9.844,0.000,0.703,0,0
D,847174,-9.778,0.000,0.791,0,0
D,847179,-9.668,0.000,0.703,0,0
D,847184,-9.558,0.000,0.703,0,0
D,847190,-9.514,0.000,0.791,0,0
D,847195,-9.404,0.000,0.791,0,0
D,847200,-9.448,0.000,0.791,0,0
D,847206,-9.338,0.000,0.791,0,0
D,847211,-9.272,0.000,0.791,0,0
D,847216,-9.207,0.000,0.791,0,0
D,847222,-9.141,0.000,0.791,0,0
D,847227,-9.075,0.000,0.791,0,0
D,847233,-8.987,0.000,0.791,0,0
D,847238,-8.965,0.000,0.791,0,0
D,847243,-8.899,0.000,0.791,0,0
D,847249,-8.745,0.000,0.791,0,0
D,847254,-8.767,0.000,0.791,0,0
D,847259,-8.745,0.000,0.791,0,0
D,847265,-8.635,0.000,0.791,0,0
D,847270,-8.613,0.000,0.791,0,0
D,847275,-8.569,0.000,0.703,0,0
D,847281,-8.547,0.000,0.791,0,0
D,847286,-8.481,0.000,0.791,0,0
D,847291,-8.459,0.000,0.791,0,0
D,847297,-8.438,0.000,0.791,0,0
D,847302,-8.416,0.000,0.791,0,0
D,847307,-8.372,0.000,0.791,0,0
D,847313,-8.372,0.000,0.791,0,0
D,847318,-8.372,0.000,0.791,0,0
D,847323,-8.306,0.000,0.791,0,0
D,847329,-8.328,0.000,0.703,0,0
D,847334,-8.284,0.000,0.791,0,0
D,847339,-8.284,0.000,0.703,0,0
D,847345,-8.262,0.000,0.791,0,0
D,847350,-8.284,0.000,0.703,0,0
D,847355,-8.306,0.000,0.791,0,0
D,847361,-8.240,0.000,0.791,0,0
D,847366,-8.328,0.000,0.791,0,0
D,847372,-8.218,0.000,0.791,0,0
D,847377,-8.262,0.000,0.791,0,0
D,847382,-8.196,0.000,0.791,0,0
D,847388,-8.284,0.000,0.703,0,0
D,847393,-8.284,0.000,0.791,0,0
D,847398,-8.306,0.000,0.791,0,0
D,847404,-8.306,0.000,0.791,0,0
D,847409,-8.306,0.000,0.791,0,0
D,847414,-8.306,0.000,0.791,0,0
D,847420,-8.240,0.000,0.791,0,0
D,847425,-8.350,0.000,0.791,0,0
D,847430,-8.306,0.000,0.703,0,0
D,847436,-8.306,0.000,0.703,0,0
D,847441,-8.306,0.000,0.791,0,0
D,847446,-8.372,0.000,0.791,0,0
D,847452,-8.350,0.000,0.791,0,0
D,847457,-8.416,0.000,0.791,0,0
D,847462,-8.372,0.000,0.791,0,0
D,847468,-8.394,0.000,0.703,0,0
D,847473,-8.328,0.000,0.791,0,0
D,847478,-8.350,0.000,0.791,0,0
D,847484,-8.372,0.000,0.791,0,0
D,847489,-8.328,0.000,0.791,0,0
D,847494,-8.328,0.000,0.791,0,0
D,847500,-8.328,0.000,0.791,0,0
D,847505,-8.284,0.000,0.791,0,0
D,847511,-8.218,0.000,0.791,0,0
D,847516,-8.284,0.000,0.703,0,0
D,847521,-8.328,0.000,0.791,0,0
D,847527,-8.240,0.000,0.791,0,0
D,847532,-8.284,0.000,0.791,0,0
D,847537,-8.262,0.000,0.791,0,0
D,847543,-8.240,0.000,0.791,0,0
D,847548,-8.262,0.000,0.791,0,0
D,847553,-8.306,0.000,0.791,0,0
D,847559,-8.262,0.000,0.791,0,0
D,847564,-8.284,0.000,0.791,0,0
D,847569,-8.306,0.000,0.791,0,0
D,847575,-8.350,0.000,0.791,0,0
D,847580,-8.328,0.000,0.791,0,0
D,847585,-8.416,0.000,0.791,0,0
D,847591,-8.328,0.000,0.791,0,0
D,847596,-8.416,0.000,0.791,0,0
D,847601,-8.438,0.000,0.791,0,0
D,847607,-8.394,0.000,0.791,0,0
D,847612,-8.438,0.000,0.791,0,0
D,847617,-8.394,0.000,0.791,0,0
D,847623,-8.438,0.000,0.791,0,0
D,847628,-8.525,0.000,0.791,0,0
D,847633,-8.459,0.000,0.791,0,0
D,847639,-8.525,0.000,0.791,0,0
D,847644,-8.547,0.000,0.791,0,0
D,847649,-8.525,0.000,0.791,0,0
D,847655,-8.591,0.000,0.791,0,0
D,847660,-8.591,0.000,0.791,0,0
D,847666,-8.635,0.000,0.791,0,0
D,847671,-8.657,0.000,0.791,0,0
D,847676,-8.657,0.000,0.791,0,0
D,847682,-8.635,0.000,0.703,0,0
D,847687,-8.723,0.000,0.791,0,0
D,847692,-8.657,0.000,0.703,0,0
D,847698,-8.745,0.000,0.791,0,0
D,847703,-8.657,0.000,0.791,0,0
D,847708,-8.745,0.000,0.791,0,0
D,847714,-8.811,0.000,0.791,0,0
D,847719,-8.789,0.000,0.791,0,0
D,847724,-8.855,0.000,0.791,0,0
D,847730,-8.811,0.000,0.703,0,0
D,847735,-8.855,0.000,0.791,0,0
D,847740,-8.833,0.000,0.703,0,0
D,847746,-8.723,0.000,0.791,0,0
D,847751,-8.811,0.000,0.791,0,0
D,847756,-8.811,0.000,0.703,0,0
D,847762,-8.811,0.000,0.791,0,0
D,847767,-8.701,0.000,0.791,0,0
D,847772,-8.767,0.000,0.791,0,0
D,847778,-8.723,0.000,0.791,0,0
D,847783,-8.701,0.000,0.791,0,0
D,847788,-8.679,0.000,0.703,0,0
D,847794,-8.679,0.000,0.791,0,0
D,847799,-8.657,0.000,0.791,0,0
D,847805,-8.657,0.000,0.791,0,0
D,847810,-8.701,0.000,0.791,0,0
D,847815,-8.745,0.000,0.791,0,0
D,847821,-8.679,0.000,0.791,0,0
D,847826,-8.789,0.000,0.791,0,0
D,847831,-8.811,0.000,0.791,0,0
D,847837,-8.833,0.000,0.791,0,0
D,847842,-8.855,0.000,0.791,0,0
D,847847,-8.943,0.000,0.791,0,0
D,847853,-8.987,0.000,0.703,0,0
D,847858,-9.031,0.000,0.791,0,0
D,847863,-9.097,0.000,0.703,0,0
D,847869,-9.141,0.000,0.791,0,0
D,847874,-9.097,0.000,0.791,0,0
D,847879,-9.163,0.000,0.791,0,0
D,847885,-9.163,0.000,0.791,0,0
D,847890,-9.163,0.000,0.791,0,0
D,847895,-9.229,0.000,0.703,0,0
D,847901,-9.250,0.000,0.791,0,0
D,847906,-9.250,0.000,0.791,0,0
D,847911,-9.272,0.000,0.791,0,0
D,847917,-9.338,0.000,0.791,0,0
D,847922,-9.316,0.000,0.791,0,0
D,847927,-9.338,0.000,0.703,0,0
D,847933,-9.448,0.000,0.791,0,0
D,847938,-9.426,0.000,0.791,0,0
D,847943,-9.492,0.000,0.791,0,0
D,847949,-9.448,0.000,0.791,0,0
D,847954,-9.514,0.000,0.791,0,0
D,847960,-9.514,0.000,0.703,0,0
D,847965,-9.448,0.000,0.791,0,0
D,847970,-9.470,0.000,0.791,0,0
D,847976,-9.492,0.000,0.703,0,0
D,847981,-9.448,0.000,0.791,0,0
D,847986,-9.404,0.000,0.791,0,0
D,847992,-9.338,0.000,0.703,0,0
D,847997,-9.404,0.000,0.791,0,0
D,848002,-9.382,0.000,0.791,0,0
D,848008,-9.294,0.000,0.791,0,0
D,848013,-9.360,0.000,0.791,0,0
D,848018,-9.316,0.000,0.791,0,0
D,848024,-9.338,0.000,0.703,0,0
D,848029,-9.294,0.000,0.703,0,0
D,848034,-9.272,0.000,0.791,0,0
D,848040,-9.316,0.000,0.703,0,0
D,848045,-9.272,0.000,0.791,0,0
D,848050,-9.250,0.000,0.791,0,0
D,848056,-9.229,0.000,0.703,0,0
D,848061,-9.185,0.000,0.703,0,0
D,848066,-9.141,0.000,0.791,0,0
D,848072,-9.053,0.000,0.703,0,0
D,848077,-8.987,0.000,0.791,0,0
D,848082,-8.965,0.000,0.791,0,0
D,848088,-8.877,0.000,0.703,0,0
D,848093,-8.877,0.000,0.703,0,0
D,848099,-8.877,0.000,0.791,0,0
D,848104,-8.811,0.000,0.703,0,0
D,848109,-8.789,0.000,0.791,0,0
D,848115,-8.635,0.000,0.703,0,0
D,848120,-8.613,0.000,0.703,0,0
D,848125,-8.613,0.000,0.703,0,0
D,848131,-8.525,0.000,0.703,0,0
D,848136,-8.459,0.000,0.703,0,0
D,848141,-8.372,0.000,0.703,0,0
D,848147,-8.306,0.000,0.791,0,0
D,848152,-8.306,0.000,0.703,0,0
D,848157,-8.174,0.000,0.703,0,0
D,848163,-8.108,0.000,0.703,0,0
D,848168,-8.020,0.000,0.703,0,0
D,848173,-8.020,0.000,0.791,0,0
D,848179,-7.932,0.000,0.703,0,0
D,848184,-7.822,0.000,0.703,0,0
D,848189,-7.668,0.000,0.791,0,0
D,848195,-7.646,0.000,0.791,0,0
D,848200,-7.559,0.000,0.703,0,0
D,848205,-7.449,0.000,0.703,0,0
D,848211,-7.383,0.000,0.703,0,0
D,848216,-7.361,0.000,0.703,0,0
D,848221,-7.273,0.000,0.791,0,0
D,848227,-7.119,0.000,0.703,0,0
D,848232,-7.031,0.000,0.703,0,0
D,848237,-6.921,0.000,0.791,0,0
D,848243,-6.812,0.000,0.791,0,0
D,848248,-6.724,0.000,0.791,0,0
D,848254,-6.614,0.000,0.703,0,0
D,848259,-6.548,0.000,0.791,0,0
D,848264,-6.460,0.000,0.703,0,0
D,848270,-6.372,0.000,0.791,0,0
D,848275,-6.196,0.000,0.703,0,0
D,848280,-6.108,0.000,0.791,0,0
D,848286,-6.021,0.000,0.791,0,0
D,848291,-5.933,0.000,0.703,0,0
D,848296,-5.823,0.000,0.791,0,0
D,848302,-5.691,0.000,0.703,0,0
D,848307,-5.603,0.000,0.703,0,0
D,848312,-5.471,0.000,0.791,0,0
D,848318,-5.295,0.000,0.791,0,0
D,848323,-5.317,0.000,0.703,0,0
D,848328,-5.164,0.000,0.703,0,0
D,848334,-5.010,0.000,0.703,0,0
D,848339,-4.878,0.000,0.703,0,0
D,848344,-4.834,0.000,0.703,0,0
D,848350,-4.724,0.000,0.703,0,0
D,848355,-4.592,0.000,0.791,0,0
D,848360,-4.570,0.000,0.703,0,0
D,848366,-4.417,0.000,0.791,0,0
D,848371,-4.373,0.000,0.703,0,0
D,848376,-4.175,0.000,0.791,0,0
D,848382,-4.109,0.000,0.703,0,0
D,848387,-4.065,0.000,0.703,0,0
D,848393,-3.933,0.000,0.703,0,0
D,848398,-3.801,0.000,0.791,0,0
D,848403,-3.647,0.000,0.703,0,0
D,848409,-3.647,0.000,0.703,0,0
D,848414,-3.406,0.000,0.791,0,0
D,848419,-3.274,0.000,0.703,0,0
D,848425,-3.186,0.000,0.703,0,0
D,848430,-3.120,0.000,0.791,0,0
D,848435,-3.032,0.000,0.703,0,0
D,848441,-2.813,0.000,0.703,0,0
D,848446,-2.791,0.000,0.703,0,0
D,848451,-2.593,0.000,0.791,0,0
D,848457,-2.461,0.000,0.703,0,0
D,848462,-2.439,0.000,0.791,0,0
D,848467,-2.263,0.000,0.703,0,0
D,848473,-2.219,0.000,0.703,0,0
D,848478,-2.043,0.000,0.703,0,0
D,848483,-1.890,0.000,0.703,0,0
D,848489,-1.824,0.000,0.791,0,0
D,848494,-1.692,0.000,0.791,0,0
D,848499,-1.516,0.000,0.703,0,0
D,848505,-1.450,0.000,0.791,0,0
D,848510,-1.230,0.000,0.703,0,0
D,848515,-1.143,0.000,0.791,0,0
D,848521,-1.033,0.000,0.791,0,0
D,848526,-0.967,0.000,0.703,0,0
D,848531,-0.769,0.000,0.703,0,0
D,848537,-0.681,0.000,0.703,0,0
D,848542,-0.549,0.000,0.703,0,0
D,848548,-0.439,0.000,0.703,0,0
D,848553,-0.330,0.000,0.703,0,0
D,848558,-0.264,0.000,0.703,0,0
D,848564,-0.198,0.000,0.703,0,0
D,848569,-0.088,0.000,0.703,0,0
D,848574,0.000,0.000,0.703,0,0
D,848580,0.132,0.000,0.703,0,0
D,848585,0.220,0.000,0.703,0,0
D,848590,0.264,0.000,0.703,0,0
D,848596,0.374,0.000,0.703,0,0
D,848601,0.527,0.000,0.703,0,0
D,848606,0.549,0.000,0.703,0,0
D,848612,0.637,0.000,0.615,0,0
D,848617,0.725,0.000,0.703,0,0
D,848622,0.813,0.000,0.615,0,0
D,848628,0.857,0.000,0.703,0,0
D,848633,0.967,0.000,0.703,0,0
D,848638,1.011,0.000,0.615,0,0
D,848644,1.165,0.000,0.703,0,0
D,848649,1.187,0.000,0.615,0,0
D,848654,1.252,0.000,0.615,0,0
D,848660,1.252,0.000,0.615,0,0
D,848665,1.296,0.000,0.615,0,0
D,848670,1.362,0.000,0.615,0,0
D,848676,1.428,0.000,0.615,0,0
D,848681,1.450,0.000,0.615,0,0
D,848687,1.582,0.000,0.615,0,0
D,848692,1.626,0.000,0.615,0,0
D,848697,1.626,0.000,0.615,0,0
D,848703,1.714,0.000,0.527,0,0
D,848708,1.692,0.000,0.615,0,0
D,848713,1.780,0.000,0.615,0,0
D,848719,1.846,0.000,0.615,0,0
D,848724,1.802,0.000,0.615,0,0
D,848729,1.890,0.000,0.527,0,0
D,848735,1.934,0.000,0.615,0,0
D,848740,1.956,0.000,0.527,0,0
D,848745,1.934,0.000,0.527,0,0
D,848751,2.021,0.000,0.439,0,0
D,848756,1.978,0.000,0.439,0,0
D,848761,1.934,0.000,0.527,0,0
D,848767,2.087,0.000,0.439,0,0
D,848772,2.087,0.000,0.439,0,0
D,848777,2.087,0.000,0.439,0,0
D,848783,2.065,0.000,0.439,0,0
D,848788,2.087,0.000,0.439,0,0
D,848793,2.065,0.000,0.439,0,0
D,848799,2.131,0.000,0.439,0,0
D,848804,2.087,0.000,0.439,0,0
D,848809,2.197,0.000,0.439,0,0
D,848815,2.131,0.000,0.439,0,0
D,848820,2.175,0.000,0.439,0,0
D,848825,2.153,0.000,0.352,0,0
D,848831,2.131,0.000,0.439,0,0
D,848836,2.131,0.000,0.352,0,0
D,848841,2.131,0.000,0.352,0,0
D,848847,2.087,0.000,0.352,0,0
D,848852,2.043,0.000,0.352,0,0
D,848858,2.065,0.000,0.352,0,0
D,848863,2.065,0.000,0.352,0,0
D,848868,2.043,0.000,0.352,0,0
D,848874,1.978,0.000,0.264,0,0
D,848879,1.868,0.000,0.264,0,0
D,848884,1.934,0.000,0.264,0,0
D,848890,1.912,0.000,0.264,0,0
D,848895,1.912,0.000,0.264,0,0
D,848900,1.824,0.000,0.264,0,0
D,848906,1.758,0.000,0.264,0,0
D,848911,1.736,0.000,0.264,0,0
D,848916,1.758,0.000,0.264,0,0
D,848922,1.714,0.000,0.176,0,0
D,848927,1.670,0.000,0.176,0,0
D,848932,1.626,0.000,0.264,0,0
D,848938,1.648,0.000,0.176,0,0
D,848943,1.538,0.000,0.264,0,0
D,848948,1.516,0.000,0.264,0,0
D,848954,1.516,0.000,0.264,0,0
D,848959,1.450,0.000,0.176,0,0
D,848964,1.406,0.000,0.176,0,0
D,848970,1.340,0.000,0.176,0,0
D,848975,1.296,0.000,0.176,0,0
D,848980,1.230,0.000,0.176,0,0
D,848986,1.165,0.000,0.176,0,0
D,848991,1.165,0.000,0.176,0,0
D,848997,1.187,0.000,0.176,0,0
D,849002,1.077,0.000,0.176,0,0
D,849007,1.033,0.000,0.176,0,0
D,849013,0.989,0.000,0.176,0,0
D,849018,0.967,0.000,0.176,0,0
D,849023,0.945,0.000,0.176,0,0
D,849029,0.879,0.000,0.176,0,0
D,849034,0.835,0.000,0.176,0,0
D,849039,0.791,0.000,0.088,0,0
D,849045,0.813,0.000,0.176,0,0
D,849050,0.791,0.000,0.088,0,0
D,849055,0.681,0.000,0.088,0,0
D,849061,0.703,0.000,0.176,0,0
D,849066,0.593,0.000,0.088,0,0
D,849071,0.593,0.000,0.088,0,0
D,849077,0.505,0.000,0.176,0,0
D,849082,0.505,0.000,0.176,0,0
D,849087,0.461,0.000,0.088,0,0
D,849093,0.439,0.000,0.176,0,0
D,849098,0.374,0.000,0.088,0,0
D,849103,0.308,0.000,0.088,0,0
D,849109,0.286,0.000,0.176,0,0
D,849114,0.352,0.000,0.176,0,0
D,849119,0.286,0.000,0.176,0,0
D,849125,0.198,0.000,0.088,0,0
D,849130,0.220,0.000,0.176,0,0
D,849135,0.132,0.000,0.176,0,0
D,849141,0.176,0.000,0.088,0,0
D,849146,0.176,0.000,0.088,0,0
D,849151,0.110,0.000,0.088,0,0
D,849157,-0.022,0.000,0.088,0,0
D,849162,0.066,0.000,0.088,0,0
D,849168,0.000,0.000,0.088,0,0
D,849173,-0.044,0.000,0.088,0,0
D,849178,-0.132,0.000,0.176,0,0
D,849184,-0.088,0.000,0.176,0,0
D,849189,-0.132,0.000,0.176,0,0
D,849194,-0.176,0.000,0.088,0,0
D,849200,-0.154,0.000,0.176,0,0
D,849205,-0.198,0.000,0.088,0,0
D,849210,-0.154,0.000,0.088,0,0
D,849216,-0.264,0.000,0.088,0,0
D,849221,-0.264,0.000,0.088,0,0
D,849226,-0.308,0.000,0.088,0,0
D,849232,-0.264,0.000,0.088,0,0
D,849237,-0.308,0.000,0.088,0,0
D,849242,-0.374,0.000,0.088,0,0
D,849248,-0.417,0.000,0.176,0,0
D,849253,-0.483,0.000,0.176,0,0
D,849258,-0.417,0.000,0.088,0,0
D,849264,-0.417,0.000,0.088,0,0
D,849269,-0.417,0.000,0.088,0,0
D,849274,-0.505,0.000,0.176,0,0
D,849280,-0.549,0.000,0.176,0,0
D,849285,-0.483,0.000,0.088,0,0
D,849290,-0.396,0.000,0.088,0,0
D,849296,-0.417,0.000,0.176,0,0
D,849301,-0.505,0.000,0.176,0,0
D,849306,-0.505,0.000,0.176,0,0
D,849312,-0.505,0.000,0.088,0,0
D,849317,-0.505,0.000,0.176,0,0
D,849323,-0.461,0.000,0.176,0,0
D,849328,-0.483,0.000,0.088,0,0
D,849333,-0.461,0.000,0.088,0,0
D,849339,-0.505,0.000,0.088,0,0
D,849344,-0.439,0.000,0.088,0,0
D,849349,-0.417,0.000,0.176,0,0
D,849355,-0.417,0.000,0.176,0,0
D,849360,-0.374,0.000,0.176,0,0
D,849365,-0.396,0.000,0.088,0,0
D,849371,-0.374,0.000,0.176,0,0
D,849376,-0.374,0.000,0.088,0,0
D,849381,-0.396,0.000,0.176,0,0
D,849387,-0.352,0.000,0.176,0,0
D,849392,-0.286,0.000,0.176,0,0
D,849397,-0.308,0.000,0.176,0,0
D,849403,-0.286,0.000,0.088,0,0
D,849408,-0.264,0.000,0.176,0,0
D,849413,-0.220,0.000,0.176,0,0
D,849419,-0.220,0.000,0.176,0,0
D,849424,-0.198,0.000,0.088,0,0
D,849429,-0.176,0.000,0.088,0,0
D,849435,-0.132,0.000,0.176,0,0
D,849440,-0.066,0.000,0.176,0,0
D,849445,-0.022,0.000,0.088,0,0
D,849451,0.000,0.000,0.176,0,0
D,849456,-0.022,0.000,0.088,0,0
D,849461,-0.022,0.000,0.088,0,0
D,849467,0.044,0.000,0.088,0,0
D,849472,0.088,0.000,0.088,0,0
D,849478,0.176,0.000,0.176,0,0
D,849483,0.198,0.000,0.088,0,0
D,849488,0.220,0.000,0.088,0,0
D,849494,0.220,0.000,0.088,0,0
D,849499,0.242,0.000,0.176,0,0
D,849504,0.330,0.000,0.088,0,0
D,849510,0.374,0.000,0.088,0,0
D,849515,0.374,0.000,0.088,0,0
D,849520,0.417,0.000,0.088,0,0
D,849526,0.549,0.000,0.088,0,0
D,849531,0.571,0.000,0.088,0,0
D,849536,0.571,0.000,0.088,0,0
D,849542,0.615,0.000,0.088,0,0
D,849547,0.659,0.000,0.088,0,0
D,849552,0.703,0.000,0.088,0,0
D,849558,0.725,0.000,0.088,0,0
D,849563,0.791,0.000,0.088,0,0
D,849568,0.857,0.000,0.088,0,0
D,849574,0.901,0.000,0.088,0,0
D,849579,0.967,0.000,0.088,0,0
D,849584,1.011,0.000,0.088,0,0
D,849590,1.121,0.000,0.088,0,0
D,849595,1.099,0.000,0.088,0,0
D,849600,1.230,0.000,0.088,0,0
D,849606,1.252,0.000,0.088,0,0
D,849611,1.274,0.000,0.088,0,0
D,849616,1.340,0.000,0.088,0,0
D,849622,1.384,0.000,0.088,0,0
D,849627,1.450,0.000,0.088,0,0
D,849632,1.472,0.000,0.088,0,0
D,849638,1.538,0.000,0.088,0,0
D,849643,1.604,0.000,0.088,0,0
D,849649,1.626,0.000,0.088,0,0
D,849654,1.670,0.000,0.088,0,0
D,849659,1.714,0.000,0.088,0,0
D,849665,1.780,0.000,0.088,0,0
D,849670,1.802,0.000,0.088,0,0
D,849675,1.824,0.000,0.088,0,0
D,849681,1.824,0.000,0.088,0,0
D,849686,2.000,0.000,0.000,0,0
D,849691,1.912,0.000,0.088,0,0
D,849697,2.043,0.000,0.088,0,0
D,849702,1.934,0.000,0.088,0,0
D,849707,2.021,0.000,0.088,0,0
D,849713,2.087,0.000,0.088,0,0
D,849718,2.131,0.000,0.088,0,0
D,849723,2.153,0.000,0.088,0,0
D,849729,2.153,0.000,0.088,0,0
D,849734,2.175,0.000,0.088,0,0
D,849739,2.241,0.000,0.088,0,0
D,849745,2.263,0.000,0.176,0,0
D,849750,2.263,0.000,0.088,0,0
D,849755,2.329,0.000,0.088,0,0
D,849761,2.285,0.000,0.088,0,0
D,849766,2.285,0.000,0.088,0,0
D,849771,2.329,0.000,0.088,0,0
D,849777,2.285,0.000,0.088,0,0
D,849782,2.351,0.000,0.088,0,0
D,849787,2.373,0.000,0.088,0,0
D,849793,2.417,0.000,0.088,0,0
D,849798,2.461,0.000,0.088,0,0
D,849804,2.461,0.000,0.088,0,0
D,849809,2.373,0.000,0.088,0,0
D,849814,2.439,0.000,0.088,0,0
D,849820,2.395,0.000,0.088,0,0
D,849825,2.439,0.000,0.088,0,0
D,849830,2.461,0.000,0.088,0,0
D,849836,2.439,0.000,0.088,0,0
D,849841,2.461,0.000,0.088,0,0
D,849846,2.461,0.000,0.088,0,0
D,849852,2.439,0.000,0.088,0,0
D,849857,2.505,0.000,0.088,0,0
D,849862,2.395,0.000,0.088,0,0
D,849868,2.461,0.000,0.088,0,0
D,849873,2.417,0.000,0.088,0,0
D,849878,2.417,0.000,0.088,0,0
D,849884,2.395,0.000,0.088,0,0
D,849889,2.417,0.000,0.088,0,0
D,849894,2.483,0.000,0.088,0,0
D,849900,2.395,0.000,0.088,0,0
D,849905,2.373,0.000,0.088,0,0
D,849910,2.351,0.000,0.088,0,0
D,849916,2.373,0.000,0.088,0,0
D,849921,2.307,0.000,0.088,0,0
D,849926,2.307,0.000,0.088,0,0
D,849932,2.285,0.000,0.088,0,0
D,849937,2.285,0.000,0.088,0,0
D,849942,2.241,0.000,0.088,0,0
D,849948,2.219,0.000,0.088,0,0
D,849953,2.241,0.000,0.088,0,0
D,849958,2.175,0.000,0.088,0,0
D,849964,2.197,0.000,0.000,0,0
D,849969,2.109,0.000,0.000,0,0
D,849975,2.043,0.000,0.088,0,0
D,849980,2.087,0.000,0.000,0,0
D,849985,2.065,0.000,0.000,0,0
D,849991,2.021,0.000,-0.088,0,0
D,849996,1.978,0.000,-0.176,0,0
D,850001,1.890,0.000,-0.088,0,0
D,850007,1.912,0.000,-0.088,0,0
D,850012,1.890,0.000,-0.176,0,0
D,850017,1.846,0.000,-0.176,0,0
D,850023,1.912,0.000,-0.176,0,0
D,850028,1.802,0.000,-0.088,0,0
D,850033,1.736,0.000,-0.176,0,0
D,850039,1.758,0.000,-0.176,0,0
D,850044,1.758,0.000,-0.176,0,0
D,850049,1.714,0.000,-0.176,0,0
D,850055,1.670,0.000,-0.176,0,0
D,850060,1.626,0.000,-0.176,0,0
D,850065,1.626,0.000,-0.176,0,0
D,850071,1.582,0.000,-0.176,0,0
D,850076,1.560,0.000,-0.176,0,0
D,850081,1.538,0.000,-0.088,0,0
D,850087,1.472,0.000,-0.176,0,0
D,850092,1.494,0.000,-0.088,0,0
D,850097,1.428,0.000,-0.088,0,0
D,850103,1.384,0.000,-0.176,0,0
D,850108,1.318,0.000,-0.176,0,0
D,850113,1.340,0.000,-0.088,0,0
D,850119,1.384,0.000,-0.176,0,0
D,850124,1.340,0.000,-0.088,0,0
D,850130,1.384,0.000,-0.088,0,0
D,850135,1.296,0.000,-0.088,0,0
D,850140,1.230,0.000,-0.176,0,0
D,850146,1.252,0.000,-0.176,0,0
D,850151,1.187,0.000,-0.176,0,0
D,850156,1.187,0.000,-0.176,0,0
D,850162,1.143,0.000,-0.176,0,0
D,850167,1.121,0.000,-0.176,0,0
D,850172,1.077,0.000,-0.176,0,0
D,850178,1.099,0.000,-0.176,0,0
D,850183,1.033,0.000,-0.176,0,0
D,850188,1.099,0.000,-0.176,0,0
D,850194,1.011,0.000,-0.176,0,0
D,850199,1.055,0.000,-0.176,0,0
D,850204,0.989,0.000,-0.088,0,0
D,850210,0.989,0.000,-0.176,0,0
D,850215,1.011,0.000,-0.176,0,0
D,850220,0.945,0.000,-0.088,0,0
D,850226,1.011,0.000,-0.176,0,0
D,850231,0.967,0.000,-0.176,0,0
D,850236,0.901,0.000,-0.176,0,0
D,850242,0.923,0.000,-0.176,0,0
D,850247,0.967,0.000,-0.176,0,0
D,850252,0.923,0.000,-0.088,0,0
D,850258,0.967,0.000,-0.088,0,0
D,850263,0.945,0.000,-0.088,0,0
D,850269,0.923,0.000,-0.176,0,0
D,850274,0.901,0.000,-0.088,0,0
D,850279,0.945,0.000,-0.176,0,0
D,850285,0.923,0.000,-0.088,0,0
D,850290,0.967,0.000,-0.176,0,0
D,850295,0.923,0.000,-0.088,0,0
D,850301,0.923,0.000,-0.176,0,0
D,850306,0.989,0.000,-0.176,0,0
D,850311,0.945,0.000,-0.088,0,0
D,850317,0.945,0.000,-0.088,0,0
D,850322,0.989,0.000,-0.088,0,0
D,850327,1.033,0.000,-0.088,0,0
D,850333,0.967,0.000,-0.088,0,0
D,850338,0.923,0.000,-0.088,0,0
D,850343,0.967,0.000,-0.176,0,0
D,850349,0.989,0.000,-0.176,0,0
D,850354,1.011,0.000,-0.088,0,0
D,850359,1.011,0.000,-0.088,0,0
D,850365,1.099,0.000,-0.176,0,0
D,850370,1.121,0.000,-0.088,0,0
D,850375,1.011,0.000,-0.176,0,0
D,850381,1.121,0.000,-0.176,0,0
D,850386,1.099,0.000,-0.088,0,0
D,850391,1.143,0.000,-0.088,0,0
D,850397,1.208,0.000,-0.176,0,0
D,850402,1.187,0.000,-0.176,0,0
D,850408,1.165,0.000,-0.088,0,0
D,850413,1.208,0.000,-0.176,0,0
D,850418,1.208,0.000,-0.088,0,0
D,850424,1.230,0.000,-0.176,0,0
D,850429,1.252,0.000,-0.088,0,0
D,850434,1.340,0.000,-0.088,0,0
D,850440,1.274,0.000,-0.176,0,0
D,850445,1.340,0.000,-0.088,0,0
D,850450,1.296,0.000,-0.088,0,0
D,850456,1.318,0.000,-0.176,0,0
D,850461,1.428,0.000,-0.176,0,0
D,850466,1.384,0.000,-0.088,0,0
D,850472,1.384,0.000,-0.176,0,0
D,850477,1.450,0.000,-0.176,0,0
D,850482,1.450,0.000,-0.176,0,0
D,850488,1.472,0.000,-0.176,0,0
D,850493,1.494,0.000,-0.088,0,0
D,850498,1.428,0.000,-0.088,0,0
D,850504,1.560,0.000,-0.088,0,0
D,850509,1.538,0.000,-0.088,0,0
D,850514,1.560,0.000,-0.176,0,0
D,850520,1.626,0.000,-0.088,0,0
D,850525,1.582,0.000,-0.088,0,0
D,850530,1.626,0.000,-0.176,0,0
D,850536,1.604,0.000,-0.088,0,0
D,850541,1.670,0.000,-0.176,0,0
D,850547,1.758,0.000,-0.088,0,0
D,850552,1.758,0.000,-0.176,0,0
D,850557,1.758,0.000,-0.176,0,0
D,850563,1.824,0.000,-0.176,0,0
D,850568,1.758,0.000,-0.088,0,0
D,850573,1.780,0.000,-0.088,0,0
D,850579,1.846,0.000,-0.088,0,0
D,850584,1.890,0.000,-0.088,0,0
D,850589,1.868,0.000,-0.176,0,0
D,850595,1.890,0.000,-0.088,0,0
D,850600,1.912,0.000,-0.088,0,0
D,850605,1.912,0.000,-0.088,0,0
D,850611,1.934,0.000,-0.088,0,0
D,850616,1.956,0.000,-0.088,0,0
D,850621,2.087,0.000,-0.176,0,0
D,850627,2.021,0.000,-0.088,0,0
D,850632,2.000,0.000,-0.088,0,0
D,850637,2.065,0.000,-0.088,0,0
D,850643,2.021,0.000,-0.088,0,0
D,850648,2.087,0.000,-0.088,0,0
D,850653,2.109,0.000,-0.088,0,0
D,850659,2.131,0.000,-0.088,0,0
D,850664,2.131,0.000,-0.088,0,0
D,850669,2.131,0.000,-0.176,0,0
D,850675,2.131,0.000,-0.088,0,0
D,850680,2.153,0.000,-0.176,0,0
D,850686,2.153,0.000,-0.176,0,0
D,850691,2.153,0.000,-0.088,0,0
D,850696,2.197,0.000,-0.088,0,0
D,850702,2.197,0.000,-0.088,0,0
D,850707,2.219,0.000,-0.088,0,0
D,850712,2.263,0.000,-0.088,0,0
D,850718,2.263,0.000,-0.088,0,0
D,850723,2.263,0.000,-0.176,0,0
D,850728,2.263,0.000,-0.088,0,0
D,850734,2.197,0.000,-0.088,0,0
D,850739,2.241,0.000,-0.088,0,0
D,850744,2.219,0.000,-0.088,0,0
D,850750,2.197,0.000,-0.088,0,0
D,850755,2.241,0.000,-0.088,0,0
D,850760,2.197,0.000,-0.176,0,0
D,850766,2.241,0.000,-0.088,0,0
D,850771,2.285,0.000,-0.176,0,0
D,850776,2.307,0.000,-0.088,0,0
D,850782,2.285,0.000,-0.088,0,0
D,850787,2.285,0.000,-0.088,0,0
D,850792,2.219,0.000,-0.088,0,0
D,850798,2.241,0.000,-0.088,0,0
D,850803,2.241,0.000,-0.176,0,0
D,850808,2.241,0.000,-0.176,0,0
D,850814,2.241,0.000,-0.088,0,0
D,850819,2.241,0.000,-0.088,0,0
D,850825,2.241,0.000,-0.088,0,0
D,850830,2.219,0.000,-0.088,0,0
D,850835,2.219,0.000,-0.088,0,0
D,850841,2.175,0.000,-0.176,0,0
D,850846,2.131,0.000,-0.088,0,0
D,850851,2.197,0.000,-0.088,0,0
D,850857,2.153,0.000,-0.088,0,0
D,850862,2.131,0.000,-0.176,0,0
D,850867,2.175,0.000,-0.088,0,0
D,850873,2.175,0.000,-0.088,0,0
D,850878,2.153,0.000,-0.176,0,0
D,850883,2.153,0.000,-0.176,0,0
D,850889,2.109,0.000,-0.088,0,0
D,850894,2.131,0.000,-0.088,0,0
D,850899,2.065,0.000,-0.088,0,0
D,850905,2.087,0.000,-0.176,0,0
D,850910,2.109,0.000,-0.088,0,0
D,850915,2.087,0.000,-0.088,0,0
D,850921,2.043,0.000,-0.088,0,0
D,850926,2.043,0.000,-0.176,0,0
D,850931,2.087,0.000,-0.088,0,0
D,850937,2.065,0.000,-0.088,0,0
D,850942,2.065,0.000,-0.088,0,0
D,850947,2.065,0.000,-0.176,0,0
D,850953,1.956,0.000,-0.088,0,0
D,850958,1.956,0.000,-0.088,0,0
D,850964,1.956,0.000,-0.088,0,0
D,850969,1.934,0.000,-0.176,0,0
D,850974,1.934,0.000,-0.088,0,0
D,850980,1.912,0.000,-0.088,0,0
D,850985,1.890,0.000,-0.088,0,0
D,850990,1.890,0.000,-0.088,0,0
D,850996,1.890,0.000,-0.176,0,0
D,851001,1.758,0.000,-0.176,0,0
D,851006,1.802,0.000,-0.088,0,0
D,851012,1.802,0.000,-0.088,0,0
D,851017,1.846,0.000,-0.088,0,0
D,851022,1.824,0.000,-0.176,0,0
D,851028,1.736,0.000,-0.088,0,0
D,851033,1.736,0.000,-0.088,0,0
D,851038,1.758,0.000,-0.088,0,0
D,851044,1.692,0.000,-0.176,0,0
D,851049,1.692,0.000,-0.088,0,0
D,851054,1.670,0.000,-0.176,0,0
D,851060,1.626,0.000,-0.176,0,0
D,851065,1.692,0.000,-0.088,0,0
D,851070,1.582,0.000,-0.088,0,0
D,851076,1.604,0.000,-0.176,0,0
D,851081,1.582,0.000,-0.088,0,0
D,851086,1.560,0.000,-0.088,0,0
D,851092,1.538,0.000,-0.088,0,0
D,851097,1.538,0.000,-0.088,0,0
D,851102,1.472,0.000,-0.176,0,0
D,851108,1.494,0.000,-0.088,0,0
D,851113,1.472,0.000,-0.176,0,0
D,851119,1.428,0.000,-0.176,0,0
D,851124,1.450,0.000,-0.088,0,0
D,851129,1.450,0.000,-0.088,0,0
D,851135,1.384,0.000,-0.088,0,0
D,851140,1.406,0.000,-0.088,0,0
D,851145,1.384,0.000,-0.088,0,0
D,851151,1.384,0.000,-0.088,0,0
D,851156,1.340,0.000,-0.176,0,0
D,851161,1.384,0.000,-0.176,0,0
D,851167,1.340,0.000,-0.088,0,0
D,851172,1.318,0.000,-0.176,0,0
D,851177,1.362,0.000,-0.088,0,0
D,851183,1.318,0.000,-0.176,0,0
D,851188,1.318,0.000,-0.088,0,0
D,851193,1.340,0.000,-0.088,0,0
D,851199,1.296,0.000,-0.088,0,0
D,851204,1.252,0.000,-0.088,0,0
D,851209,1.296,0.000,-0.088,0,0
D,851215,1.318,0.000,-0.088,0,0
D,851220,1.274,0.000,-0.088,0,0
D,851225,1.296,0.000,-0.176,0,0
D,851231,1.296,0.000,-0.176,0,0
D,851236,1.252,0.000,-0.176,0,0
D,851241,1.252,0.000,-0.088,0,0
D,851247,1.274,0.000,-0.176,0,0
D,851252,1.208,0.000,-0.088,0,0
D,851257,1.165,0.000,-0.088,0,0
D,851263,1.230,0.000,-0.088,0,0
D,851268,1.230,0.000,-0.088,0,0
D,851274,1.143,0.000,-0.088,0,0
D,851279,1.230,0.000,-0.088,0,0
D,851284,1.208,0.000,-0.176,0,0
E,851286,MARK
D,851290,1.187,0.000,-0.088,0,0
D,851295,1.187,0.000,-0.176,0,0
D,851300,1.296,0.000,-0.088,0,0
D,851306,1.165,0.000,-0.176,0,0
D,851311,1.230,0.000,-0.088,0,0
D,851316,1.143,0.000,-0.088,0,0
D,851322,1.143,0.000,-0.088,0,0
D,851327,1.187,0.000,-0.088,0,0
D,851332,1.208,0.000,-0.088,0,0
D,851338,1.187,0.000,-0.088,0,0
D,851343,1.165,0.000,-0.088,0,0
D,851348,1.143,0.000,-0.088,0,0
D,851354,1.187,0.000,-0.088,0,0
D,851359,1.143,0.000,-0.088,0,0
D,851364,1.208,0.000,-0.088,0,0
D,851370,1.165,0.000,-0.176,0,0
D,851375,1.165,0.000,-0.176,0,0
D,851380,1.143,0.000,-0.176,0,0
D,851386,1.165,0.000,-0.088,0,0
D,851391,1.121,0.000,-0.088,0,0
D,851396,1.187,0.000,-0.088,0,0
D,851402,1.121,0.000,-0.176,0,0
D,851407,1.165,0.000,-0.088,0,0
D,851413,1.165,0.000,-0.088,0,0
D,851418,1.077,0.000,-0.088,0,0
D,851423,1.187,0.000,-0.088,0,0
D,851429,1.143,0.000,-0.176,0,0
D,851434,1.252,0.000,-0.088,0,0
D,851439,1.187,0.000,-0.088,0,0
D,851445,1.143,0.000,-0.176,0,0
D,851450,1.099,0.000,-0.088,0,0
D,851455,1.121,0.000,-0.088,0,0
D,851461,1.121,0.000,-0.088,0,0
D,851466,1.121,0.000,-0.088,0,0
D,851471,1.099,0.000,-0.088,0,0
D,851477,1.121,0.000,-0.088,0,0
D,851482,1.121,0.000,-0.088,0,0
D,851487,1.055,0.000,-0.088,0,0
D,851493,1.121,0.000,-0.088,0,0
D,851498,1.099,0.000,-0.088,0,0
D,851503,1.055,0.000,-0.088,0,0
D,851509,1.055,0.000,-0.088,0,0
D,851514,1.121,0.000,-0.176,0,0
D,851519,1.077,0.000,-0.088,0,0
D,851525,1.011,0.000,-0.176,0,0
D,851530,1.033,0.000,-0.088,0,0
D,851535,1.033,0.000,-0.088,0,0
D,851541,1.033,0.000,-0.176,0,0
D,851546,0.989,0.000,-0.088,0,0
D,851552,0.989,0.000,-0.088,0,0
D,851557,0.945,0.000,-0.088,0,0
D,851562,0.923,0.000,-0.088,0,0
D,851568,0.879,0.000,-0.088,0,0
D,851573,0.901,0.000,-0.176,0,0
D,851578,0.791,0.000,-0.088,0,0
D,851584,0.857,0.000,-0.088,0,0
D,851589,0.791,0.000,-0.088,0,0
D,851594,0.791,0.000,-0.176,0,0
D,851600,0.769,0.000,-0.088,0,0
D,851605,0.703,0.000,-0.176,0,0
D,851610,0.659,0.000,-0.088,0,0
D,851616,0.747,0.000,-0.088,0,0
D,851621,0.615,0.000,-0.176,0,0
D,851626,0.527,0.000,-0.088,0,0
D,851632,0.527,0.000,-0.088,0,0
D,851637,0.505,0.000,-0.088,0,0
D,851642,0.439,0.000,-0.088,0,0
D,851648,0.352,0.000,-0.176,0,0
D,851653,0.374,0.000,-0.088,0,0
D,851658,0.330,0.000,-0.088,0,0
D,851664,0.330,0.000,-0.088,0,0
D,851669,0.242,0.000,-0.088,0,0
D,851674,0.264,0.000,-0.088,0,0
D,851680,0.176,0.000,-0.088,0,0
D,851685,0.154,0.000,-0.088,0,0
D,851691,0.066,0.000,-0.176,0,0
D,851696,0.044,0.000,-0.088,0,0
D,851701,0.022,0.000,-0.088,0,0
D,851707,0.022,0.000,-0.088,0,0
D,851712,-0.022,0.000,-0.088,0,0
D,851717,-0.022,0.000,-0.088,0,0
D,851723,-0.088,0.000,-0.088,0,0
D,851728,-0.088,0.000,-0.088,0,0
D,851733,-0.088,0.000,-0.088,0,0
D,851739,-0.154,0.000,-0.088,0,0
D,851744,-0.198,0.000,-0.088,0,0
D,851749,-0.286,0.000,-0.088,0,0
D,851755,-0.264,0.000,-0.088,0,0
D,851760,-0.286,0.000,-0.088,0,0
D,851765,-0.352,0.000,-0.088,0,0
D,851771,-0.461,0.000,-0.176,0,0
D,851776,-0.461,0.000,-0.088,0,0
D,851781,-0.461,0.000,-0.088,0,0
D,851787,-0.549,0.000,-0.088,0,0
D,851792,-0.483,0.000,-0.088,0,0
D,851797,-0.637,0.000,-0.088,0,0
D,851803,-0.615,0.000,-0.088,0,0
D,851808,-0.659,0.000,-0.088,0,0
D,851813,-0.681,0.000,-0.088,0,0
D,851819,-0.703,0.000,-0.088,0,0
D,851824,-0.747,0.000,-0.088,0,0
D,851830,-0.791,0.000,-0.088,0,0
D,851835,-0.879,0.000,-0.088,0,0
D,851840,-0.791,0.000,-0.088,0,0
D,851846,-0.857,0.000,-0.088,0,0
D,851851,-0.901,0.000,-0.088,0,0
D,851856,-0.901,0.000,-0.088,0,0
D,851862,-1.033,0.000,-0.088,0,0
D,851867,-0.945,0.000,-0.088,0,0
D,851872,-0.967,0.000,0.000,0,0
D,851878,-1.011,0.000,0.000,0,0
D,851883,-1.121,0.000,0.000,0,0
D,851888,-1.143,0.000,0.000,0,0
D,851894,-1.143,0.000,0.000,0,0
D,851899,-1.165,0.000,0.000,0,0
D,851904,-1.230,0.000,0.000,0,0
D,851910,-1.230,0.000,0.000,0,0
D,851915,-1.252,0.000,0.088,0,0
D,851920,-1.274,0.000,0.000,0,0
D,851926,-1.296,0.000,0.088,0,0
D,851931,-1.340,0.000,0.000,0,0
D,851936,-1.362,0.000,0.000,0,0
D,851942,-1.384,0.000,0.088,0,0
D,851947,-1.428,0.000,0.088,0,0
D,851952,-1.450,0.000,0.088,0,0
D,851958,-1.384,0.000,0.088,0,0
D,851963,-1.472,0.000,0.088,0,0
D,851968,-1.428,0.000,0.088,0,0
D,851974,-1.494,0.000,0.088,0,0
D,851979,-1.516,0.000,0.088,0,0
D,851985,-1.516,0.000,0.176,0,0
D,851990,-1.516,0.000,0.176,0,0
D,851995,-1.560,0.000,0.176,0,0
D,852001,-1.560,0.000,0.264,0,0
D,852006,-1.560,0.000,0.264,0,0
D,852011,-1.670,0.000,0.264,0,0
D,852017,-1.626,0.000,0.264,0,0
D,852022,-1.604,0.000,0.264,0,0
D,852027,-1.604,0.000,0.264,0,0
D,852033,-1.648,0.000,0.264,0,0
D,852038,-1.604,0.000,0.264,0,0
D,852043,-1.648,0.000,0.264,0,0
D,852049,-1.692,0.000,0.264,0,0
D,852054,-1.692,0.000,0.264,0,0
D,852059,-1.714,0.000,0.264,0,0
D,852065,-1.692,0.000,0.264,0,0
D,852070,-1.670,0.000,0.176,0,0
D,852075,-1.670,0.000,0.176,0,0
D,852081,-1.736,0.000,0.176,0,0
D,852086,-1.670,0.000,0.264,0,0
D,852091,-1.626,0.000,0.176,0,0
D,852097,-1.626,0.000,0.264,0,0
D,852102,-1.670,0.000,0.264,0,0
D,852107,-1.648,0.000,0.264,0,0
D,852113,-1.692,0.000,0.176,0,0
D,852118,-1.648,0.000,0.176,0,0
D,852124,-1.692,0.000,0.264,0,0
D,852129,-1.714,0.000,0.264,0,0
D,852134,-1.692,0.000,0.176,0,0
D,852140,-1.670,0.000,0.176,0,0
D,852145,-1.714,0.000,0.176,0,0
D,852150,-1.714,0.000,0.264,0,0
D,852156,-1.670,0.000,0.264,0,0
D,852161,-1.648,0.000,0.176,0,0
D,852166,-1.736,0.000,0.264,0,0
D,852172,-1.670,0.000,0.176,0,0
D,852177,-1.626,0.000,0.264,0,0
D,852182,-1.648,0.000,0.176,0,0
D,852188,-1.670,0.000,0.264,0,0
D,852193,-1.582,0.000,0.176,0,0
D,852198,-1.670,0.000,0.264,0,0
D,852204,-1.582,0.000,0.176,0,0
D,852209,-1.604,0.000,0.264,0,0
D,852214,-1.626,0.000,0.176,0,0
D,852220,-1.516,0.000,0.176,0,0
D,852225,-1.538,0.000,0.264,0,0
D,852230,-1.604,0.000,0.264,0,0
D,852236,-1.560,0.000,0.264,0,0
D,852241,-1.560,0.000,0.264,0,0
D,852246,-1.560,0.000,0.176,0,0
D,852252,-1.472,0.000,0.176,0,0
D,852257,-1.472,0.000,0.264,0,0
D,852263,-1.516,0.000,0.176,0,0
D,852268,-1.538,0.000,0.264,0,0
D,852273,-1.560,0.000,0.264,0,0
D,852279,-1.516,0.000,0.264,0,0
D,852284,-1.494,0.000,0.264,0,0
D,852289,-1.472,0.000,0.176,0,0
D,852295,-1.494,0.000,0.176,0,0
D,852300,-1.428,0.000,0.264,0,0
D,852305,-1.428,0.000,0.264,0,0
D,852311,-1.362,0.000,0.176,0,0
D,852316,-1.450,0.000,0.264,0,0
D,852321,-1.450,0.000,0.264,0,0
D,852327,-1.450,0.000,0.176,0,0
D,852332,-1.384,0.000,0.264,0,0
D,852337,-1.384,0.000,0.264,0,0
D,852343,-1.362,0.000,0.264,0,0
D,852348,-1.340,0.000,0.264,0,0
D,852353,-1.318,0.000,0.264,0,0
D,852359,-1.428,0.000,0.264,0,0
D,852364,-1.296,0.000,0.264,0,0
D,852369,-1.296,0.000,0.176,0,0
D,852375,-1.252,0.000,0.264,0,0
D,852380,-1.252,0.000,0.176,0,0
D,852385,-1.318,0.000,0.264,0,0
D,852391,-1.252,0.000,0.264,0,0
D,852396,-1.208,0.000,0.264,0,0
D,852402,-1.230,0.000,0.176,0,0
D,852407,-1.296,0.000,0.176,0,0
D,852412,-1.230,0.000,0.176,0,0
D,852418,-1.165,0.000,0.176,0,0
D,852423,-1.187,0.000,0.264,0,0
D,852428,-1.165,0.000,0.264,0,0
D,852434,-1.187,0.000,0.264,0,0
D,852439,-1.165,0.000,0.264,0,0
D,852444,-1.077,0.000,0.264,0,0
D,852450,-1.143,0.000,0.264,0,0
D,852455,-1.121,0.000,0.264,0,0
D,852460,-1.143,0.000,0.264,0,0
D,852466,-1.099,0.000,0.264,0,0
D,852471,-1.121,0.000,0.264,0,0
D,852476,-1.121,0.000,0.176,0,0
D,852482,-1.165,0.000,0.264,0,0
D,852487,-1.055,0.000,0.264,0,0
D,852492,-1.099,0.000,0.264,0,0
D,852498,-1.077,0.000,0.264,0,0
D,852503,-1.099,0.000,0.176,0,0
D,852508,-1.121,0.000,0.264,0,0
D,852514,-1.033,0.000,0.264,0,0
D,852519,-1.055,0.000,0.264,0,0
D,852524,-1.099,0.000,0.264,0,0
D,852530,-1.055,0.000,0.264,0,0
D,852535,-1.033,0.000,0.264,0,0
D,852540,-1.055,0.000,0.264,0,0
D,852546,-1.055,0.000,0.264,0,0
D,852551,-1.033,0.000,0.176,0,0
D,852557,-1.011,0.000,0.264,0,0
D,852562,-1.055,0.000,0.264,0,0
D,852567,-1.033,0.000,0.264,0,0
D,852573,-1.055,0.000,0.264,0,0
D,852578,-1.033,0.000,0.264,0,0
D,852583,-1.077,0.000,0.264,0,0
D,852589,-1.033,0.000,0.264,0,0
D,852594,-0.989,0.000,0.264,0,0
D,852599,-0.989,0.000,0.264,0,0
D,852605,-1.055,0.000,0.264,0,0
D,852610,-1.011,0.000,0.264,0,0
D,852615,-1.011,0.000,0.176,0,0
D,852621,-0.989,0.000,0.264,0,0
D,852626,-1.011,0.000,0.264,0,0
D,852631,-1.011,0.000,0.264,0,0
D,852637,-1.033,0.000,0.264,0,0
D,852642,-1.011,0.000,0.264,0,0
D,852647,-1.011,0.000,0.264,0,0
D,852653,-1.055,0.000,0.264,0,0
D,852658,-0.967,0.000,0.264,0,0
D,852663,-1.099,0.000,0.264,0,0
D,852669,-1.011,0.000,0.264,0,0
D,852674,-1.055,0.000,0.264,0,0
D,852679,-0.945,0.000,0.264,0,0
D,852685,-0.989,0.000,0.264,0,0
D,852690,-1.011,0.000,0.264,0,0
D,852696,-1.055,0.000,0.264,0,0
D,852701,-1.077,0.000,0.264,0,0
D,852706,-1.011,0.000,0.264,0,0
D,852712,-1.099,0.000,0.264,0,0
D,852717,-1.011,0.000,0.264,0,0
D,852722,-1.143,0.000,0.264,0,0
D,852728,-0.989,0.000,0.264,0,0
D,852733,-1.099,0.000,0.264,0,0
D,852738,-1.055,0.000,0.264,0,0
D,852744,-1.099,0.000,0.264,0,0
D,852749,-1.077,0.000,0.176,0,0
D,852754,-1.165,0.000,0.264,0,0
D,852760,-1.099,0.000,0.264,0,0
D,852765,-1.077,0.000,0.264,0,0
D,852770,-1.077,0.000,0.176,0,0
D,852776,-1.033,0.000,0.264,0,0
D,852781,-1.099,0.000,0.264,0,0
D,852786,-1.121,0.000,0.264,0,0
D,852792,-1.165,0.000,0.264,0,0
D,852797,-1.143,0.000,0.264,0,0
D,852802,-1.143,0.000,0.264,0,0
D,852808,-1.077,0.000,0.264,0,0
D,852813,-1.143,0.000,0.264,0,0
D,852818,-1.187,0.000,0.264,0,0
D,852824,-1.187,0.000,0.264,0,0
D,852829,-1.165,0.000,0.264,0,0
D,852834,-1.187,0.000,0.264,0,0
D,852840,-1.208,0.000,0.264,0,0
D,852845,-1.165,0.000,0.264,0,0
D,852851,-1.187,0.000,0.264,0,0
D,852856,-1.143,0.000,0.264,0,0
D,852861,-1.208,0.000,0.264,0,0
D,852867,-1.208,0.000,0.264,0,0
D,852872,-1.165,0.000,0.264,0,0
D,852877,-1.208,0.000,0.264,0,0
D,852883,-1.252,0.000,0.264,0,0
D,852888,-1.230,0.000,0.264,0,0
D,852893,-1.208,0.000,0.264,0,0
D,852899,-1.252,0.000,0.264,0,0
D,852904,-1.274,0.000,0.264,0,0
D,852909,-1.230,0.000,0.176,0,0
D,852915,-1.296,0.000,0.264,0,0
D,852920,-1.340,0.000,0.264,0,0
D,852925,-1.318,0.000,0.264,0,0
D,852931,-1.340,0.000,0.264,0,0
D,852936,-1.318,0.000,0.264,0,0
D,852941,-1.230,0.000,0.264,0,0
D,852947,-1.362,0.000,0.264,0,0
D,852952,-1.384,0.000,0.176,0,0
D,852957,-1.296,0.000,0.264,0,0
D,852963,-1.340,0.000,0.264,0,0
D,852968,-1.362,0.000,0.264,0,0
D,852973,-1.362,0.000,0.264,0,0
D,852979,-1.362,0.000,0.264,0,0
D,852984,-1.362,0.000,0.264,0,0
D,852990,-1.318,0.000,0.264,0,0
D,852995,-1.384,0.000,0.264,0,0
D,853000,-1.384,0.000,0.264,0,0
D,853006,-1.362,0.000,0.264,0,0
D,853011,-1.340,0.000,0.264,0,0
D,853016,-1.318,0.000,0.264,0,0
D,853022,-1.384,0.000,0.264,0,0
D,853027,-1.362,0.000,0.264,0,0
D,853032,-1.362,0.000,0.264,0,0
D,853038,-1.340,0.000,0.176,0,0
D,853043,-1.340,0.000,0.264,0,0
D,853048,-1.362,0.000,0.264,0,0
D,853054,-1.340,0.000,0.264,0,0
D,853059,-1.384,0.000,0.264,0,0
D,853064,-1.362,0.000,0.264,0,0
D,853070,-1.340,0.000,0.264,0,0
D,853075,-1.318,0.000,0.264,0,0
D,853080,-1.362,0.000,0.264,0,0
D,853086,-1.340,0.000,0.264,0,0
D,853091,-1.362,0.000,0.264,0,0
D,853096,-1.384,0.000,0.264,0,0
D,853102,-1.318,0.000,0.264,0,0
D,853107,-1.296,0.000,0.264,0,0
D,853112,-1.318,0.000,0.264,0,0
D,853118,-1.296,0.000,0.264,0,0
D,853123,-1.340,0.000,0.264,0,0
D,853129,-1.274,0.000,0.264,0,0
D,853134,-1.274,0.000,0.264,0,0
D,853139,-1.340,0.000,0.264,0,0
D,853145,-1.274,0.000,0.264,0,0
D,853150,-1.296,0.000,0.264,0,0
D,853155,-1.252,0.000,0.264,0,0
D,853161,-1.143,0.000,0.264,0,0
D,853166,-1.230,0.000,0.264,0,0
D,853171,-1.187,0.000,0.264,0,0
D,853177,-1.143,0.000,0.264,0,0
D,853182,-1.077,0.000,0.264,0,0
D,853187,-1.165,0.000,0.264,0,0
D,853193,-1.143,0.000,0.264,0,0
D,853198,-1.077,0.000,0.264,0,0
D,853203,-1.077,0.000,0.264,0,0
D,853209,-1.077,0.000,0.264,0,0
D,853214,-1.055,0.000,0.264,0,0
D,853219,-1.077,0.000,0.264,0,0
D,853225,-1.055,0.000,0.264,0,0
D,853230,-1.033,0.000,0.176,0,0
D,853235,-1.011,0.000,0.264,0,0
D,853241,-0.945,0.000,0.264,0,0
D,853246,-1.033,0.000,0.264,0,0
D,853251,-0.989,0.000,0.264,0,0
D,853257,-0.967,0.000,0.264,0,0
D,853262,-1.011,0.000,0.264,0,0
D,853268,-0.989,0.000,0.264,0,0
D,853273,-0.945,0.000,0.264,0,0
D,853278,-0.923,0.000,0.264,0,0
D,853284,-0.901,0.000,0.264,0,0
D,853289,-0.901,0.000,0.264,0,0
D,853294,-0.923,0.000,0.264,0,0
D,853300,-0.813,0.000,0.264,0,0
D,853305,-0.857,0.000,0.264,0,0
D,853310,-0.835,0.000,0.264,0,0
D,853316,-0.857,0.000,0.264,0,0
D,853321,-0.835,0.000,0.264,0,0
D,853326,-0.791,0.000,0.264,0,0
D,853332,-0.747,0.000,0.264,0,0
D,853337,-0.791,0.000,0.264,0,0
D,853342,-0.725,0.000,0.264,0,0
D,853348,-0.725,0.000,0.264,0,0
D,853353,-0.725,0.000,0.264,0,0
D,853358,-0.725,0.000,0.264,0,0
D,853364,-0.659,0.000,0.264,0,0
D,853369,-0.703,0.000,0.264,0,0
D,853374,-0.637,0.000,0.264,0,0
D,853380,-0.593,0.000,0.264,0,0
D,853385,-0.615,0.000,0.176,0,0
D,853390,-0.571,0.000,0.264,0,0
D,853396,-0.571,0.000,0.264,0,0
D,853401,-0.549,0.000,0.264,0,0
D,853407,-0.505,0.000,0.264,0,0
D,853412,-0.549,0.000,0.264,0,0
D,853417,-0.549,0.000,0.264,0,0
D,853423,-0.483,0.000,0.264,0,0
D,853428,-0.505,0.000,0.264,0,0
D,853433,-0.439,0.000,0.176,0,0
D,853439,-0.461,0.000,0.264,0,0
D,853444,-0.439,0.000,0.264,0,0
D,853449,-0.396,0.000,0.264,0,0
D,853455,-0.396,0.000,0.264,0,0
D,853460,-0.374,0.000,0.264,0,0
D,853465,-0.374,0.000,0.264,0,0
D,853471,-0.417,0.000,0.264,0,0
D,853476,-0.417,0.000,0.264,0,0
D,853481,-0.396,0.000,0.264,0,0
D,853487,-0.417,0.000,0.264,0,0
D,853492,-0.352,0.000,0.264,0,0
D,853497,-0.396,0.000,0.264,0,0
D,853503,-0.374,0.000,0.264,0,0
D,853508,-0.286,0.000,0.264,0,0
D,853513,-0.352,0.000,0.264,0,0
D,853519,-0.308,0.000,0.264,0,0
D,853524,-0.264,0.000,0.264,0,0
D,853529,-0.330,0.000,0.264,0,0
D,853535,-0.286,0.000,0.264,0,0
D,853540,-0.264,0.000,0.264,0,0
D,853545,-0.286,0.000,0.264,0,0
D,853551,-0.352,0.000,0.264,0,0
D,853556,-0.308,0.000,0.264,0,0
D,853562,-0.286,0.000,0.264,0,0
D,853567,-0.330,0.000,0.264,0,0
D,853572,-0.264,0.000,0.264,0,0
D,853578,-0.264,0.000,0.264,0,0
D,853583,-0.308,0.000,0.264,0,0
D,853588,-0.286,0.000,0.264,0,0
D,853594,-0.308,0.000,0.264,0,0
D,853599,-0.220,0.000,0.264,0,0
D,853604,-0.264,0.000,0.264,0,0
D,853610,-0.286,0.000,0.264,0,0
D,853615,-0.286,0.000,0.264,0,0
D,853620,-0.242,0.000,0.264,0,0
D,853626,-0.220,0.000,0.264,0,0
D,853631,-0.242,0.000,0.264,0,0
D,853636,-0.308,0.000,0.264,0,0
D,853642,-0.264,0.000,0.264,0,0
D,853647,-0.242,0.000,0.264,0,0
D,853652,-0.330,0.000,0.264,0,0
D,853658,-0.264,0.000,0.264,0,0
D,853663,-0.242,0.000,0.264,0,0
D,853668,-0.308,0.000,0.264,0,0
D,853674,-0.308,0.000,0.264,0,0
D,853679,-0.330,0.000,0.264,0,0
D,853684,-0.264,0.000,0.264,0,0
D,853690,-0.308,0.000,0.264,0,0
D,853695,-0.330,0.000,0.264,0,0
D,853700,-0.308,0.000,0.264,0,0
D,853706,-0.352,0.000,0.264,0,0
D,853711,-0.308,0.000,0.264,0,0
D,853717,-0.374,0.000,0.264,0,0
D,853722,-0.330,0.000,0.264,0,0
D,853727,-0.374,0.000,0.264,0,0
D,853733,-0.330,0.000,0.264,0,0
D,853738,-0.374,0.000,0.264,0,0
D,853743,-0.374,0.000,0.264,0,0
D,853749,-0.352,0.000,0.264,0,0
D,853754,-0.352,0.000,0.264,0,0
D,853759,-0.396,0.000,0.264,0,0
D,853765,-0.439,0.000,0.264,0,0
D,853770,-0.352,0.000,0.264,0,0
D,853775,-0.439,0.000,0.264,0,0
D,853781,-0.439,0.000,0.264,0,0
D,853786,-0.483,0.000,0.264,0,0
D,853791,-0.461,0.000,0.264,0,0
D,853797,-0.439,0.000,0.264,0,0
D,853802,-0.483,0.000,0.264,0,0
D,853807,-0.461,0.000,0.264,0,0
D,853813,-0.505,0.000,0.264,0,0
D,853818,-0.505,0.000,0.264,0,0
D,853823,-0.527,0.000,0.264,0,0
D,853829,-0.571,0.000,0.264,0,0
D,853834,-0.571,0.000,0.264,0,0
D,853839,-0.549,0.000,0.264,0,0
D,853845,-0.527,0.000,0.264,0,0
D,853850,-0.571,0.000,0.264,0,0
D,853856,-0.571,0.000,0.264,0,0
D,853861,-0.571,0.000,0.264,0,0
D,853866,-0.615,0.000,0.264,0,0
D,853872,-0.615,0.000,0.264,0,0
D,853877,-0.593,0.000,0.264,0,0
D,853882,-0.615,0.000,0.264,0,0
D,853888,-0.593,0.000,0.264,0,0
D,853893,-0.637,0.000,0.264,0,0
D,853898,-0.593,0.000,0.264,0,0
D,853904,-0.703,0.000,0.264,0,0
D,853909,-0.659,0.000,0.264,0,0
D,853914,-0.659,0.000,0.264,0,0
D,853920,-0.681,0.000,0.264,0,0
D,853925,-0.637,0.000,0.264,0,0
D,853930,-0.725,0.000,0.264,0,0
D,853936,-0.681,0.000,0.264,0,0
D,853941,-0.703,0.000,0.264,0,0
D,853946,-0.681,0.000,0.264,0,0
D,853952,-0.769,0.000,0.176,0,0
D,853957,-0.659,0.000,0.264,0,0
D,853962,-0.747,0.000,0.264,0,0
D,853968,-0.769,0.000,0.264,0,0
D,853973,-0.725,0.000,0.264,0,0
D,853978,-0.769,0.000,0.264,0,0
D,853984,-0.703,0.000,0.264,0,0
D,853989,-0.703,0.000,0.264,0,0
D,853995,-0.747,0.000,0.264,0,0
D,854000,-0.747,0.000,0.176,0,0
D,854005,-0.813,0.000,0.264,0,0
D,854011,-0.791,0.000,0.264,0,0
D,854016,-0.813,0.000,0.264,0,0
D,854021,-0.769,0.000,0.264,0,0
D,854027,-0.725,0.000,0.264,0,0
D,854032,-0.769,0.000,0.264,0,0
D,854037,-0.769,0.000,0.264,0,0
D,854043,-0.725,0.000,0.264,0,0
D,854048,-0.769,0.000,0.264,0,0
D,854053,-0.769,0.000,0.264,0,0
D,854059,-0.747,0.000,0.264,0,0
D,854064,-0.747,0.000,0.264,0,0
D,854069,-0.747,0.000,0.264,0,0
D,854075,-0.769,0.000,0.264,0,0
D,854080,-0.791,0.000,0.264,0,0
D,854085,-0.791,0.000,0.264,0,0
D,854091,-0.769,0.000,0.264,0,0
D,854096,-0.747,0.000,0.264,0,0
D,854101,-0.791,0.000,0.264,0,0
D,854107,-0.813,0.000,0.264,0,0
D,854112,-0.813,0.000,0.264,0,0
D,854117,-0.813,0.000,0.264,0,0
D,854123,-0.791,0.000,0.264,0,0
D,854128,-0.835,0.000,0.264,0,0
D,854133,-0.681,0.000,0.264,0,0
D,854139,-0.725,0.000,0.264,0,0
D,854144,-0.769,0.000,0.264,0,0
D,854150,-0.791,0.000,0.264,0,0
D,854155,-0.769,0.000,0.264,0,0
D,854160,-0.747,0.000,0.264,0,0
E,854165,MARK
D,854166,-0.725,0.000,0.264,0,0
D,854171,-0.791,0.000,0.264,0,0
D,854176,-0.769,0.000,0.264,0,0
D,854182,-0.681,0.000,0.264,0,0
D,854187,-0.725,0.000,0.264,0,0
D,854192,-0.637,0.000,0.264,0,0
D,854198,-0.703,0.000,0.264,0,0
D,854203,-0.703,0.000,0.264,0,0
D,854208,-0.703,0.000,0.264,0,0
D,854214,-0.681,0.000,0.264,0,0
D,854219,-0.681,0.000,0.264,0,0
D,854224,-0.659,0.000,0.264,0,0
D,854230,-0.681,0.000,0.264,0,0
D,854235,-0.725,0.000,0.264,0,0
D,854240,-0.725,0.000,0.264,0,0
D,854246,-0.681,0.000,0.264,0,0
D,854251,-0.659,0.000,0.176,0,0
D,854256,-0.681,0.000,0.264,0,0
D,854262,-0.615,0.000,0.264,0,0
D,854267,-0.571,0.000,0.264,0,0
D,854273,-0.615,0.000,0.264,0,0
D,854278,-0.571,0.000,0.264,0,0
D,854283,-0.593,0.000,0.264,0,0
D,854289,-0.637,0.000,0.264,0,0
D,854294,-0.593,0.000,0.264,0,0
D,854299,-0.615,0.000,0.264,0,0
D,854305,-0.549,0.000,0.264,0,0
D,854310,-0.527,0.000,0.264,0,0
D,854315,-0.527,0.000,0.264,0,0
D,854321,-0.615,0.000,0.264,0,0
D,854326,-0.527,0.000,0.264,0,0
D,854331,-0.571,0.000,0.264,0,0
D,854337,-0.549,0.000,0.264,0,0
D,854342,-0.549,0.000,0.264,0,0
D,854347,-0.549,0.000,0.264,0,0
D,854353,-0.505,0.000,0.264,0,0
D,854358,-0.505,0.000,0.264,0,0
D,854363,-0.483,0.000,0.264,0,0
D,854369,-0.527,0.000,0.264,0,0
D,854374,-0.461,0.000,0.264,0,0
D,854379,-0.483,0.000,0.264,0,0
D,854385,-0.417,0.000,0.264,0,0
D,854390,-0.417,0.000,0.264,0,0
D,854395,-0.505,0.000,0.264,0,0
D,854401,-0.461,0.000,0.264,0,0
D,854406,-0.505,0.000,0.264,0,0
D,854411,-0.396,0.000,0.264,0,0
D,854417,-0.483,0.000,0.264,0,0
D,854422,-0.527,0.000,0.264,0,0
D,854428,-0.439,0.000,0.264,0,0
D,854433,-0.439,0.000,0.264,0,0
D,854438,-0.417,0.000,0.264,0,0
D,854444,-0.483,0.000,0.264,0,0
D,854449,-0.483,0.000,0.264,0,0
D,854454,-0.461,0.000,0.264,0,0
D,854460,-0.505,0.000,0.264,0,0
D,854465,-0.505,0.000,0.264,0,0
D,854470,-0.417,0.000,0.264,0,0
D,854476,-0.439,0.000,0.264,0,0
D,854481,-0.483,0.000,0.264,0,0
D,854486,-0.417,0.000,0.264,0,0
D,854492,-0.483,0.000,0.264,0,0
D,854497,-0.439,0.000,0.264,0,0
D,854502,-0.483,0.000,0.264,0,0
D,854508,-0.483,0.000,0.264,0,0
D,854513,-0.396,0.000,0.264,0,0
D,854518,-0.461,0.000,0.264,0,0
D,854524,-0.483,0.000,0.264,0,0
D,854529,-0.483,0.000,0.264,0,0
D,854534,-0.439,0.000,0.264,0,0
D,854540,-0.571,0.000,0.264,0,0
D,854545,-0.483,0.000,0.264,0,0
D,854551,-0.527,0.000,0.264,0,0
D,854556,-0.505,0.000,0.264,0,0
D,854561,-0.549,0.000,0.264,0,0
D,854567,-0.571,0.000,0.264,0,0
D,854572,-0.593,0.000,0.264,0,0
D,854577,-0.549,0.000,0.264,0,0
D,854583,-0.571,0.000,0.264,0,0
D,854588,-0.549,0.000,0.264,0,0
D,854593,-0.615,0.000,0.264,0,0
D,854599,-0.527,0.000,0.264,0,0
D,854604,-0.593,0.000,0.264,0,0
D,854609,-0.637,0.000,0.264,0,0
D,854615,-0.681,0.000,0.176,0,0
D,854620,-0.615,0.000,0.264,0,0
D,854625,-0.637,0.000,0.264,0,0
D,854631,-0.637,0.000,0.264,0,0
D,854636,-0.659,0.000,0.264,0,0
D,854641,-0.681,0.000,0.264,0,0
D,854647,-0.637,0.000,0.264,0,0
D,854652,-0.659,0.000,0.264,0,0
D,854657,-0.725,0.000,0.264,0,0
D,854663,-0.703,0.000,0.264,0,0
D,854668,-0.703,0.000,0.264,0,0
D,854673,-0.725,0.000,0.264,0,0
D,854679,-0.681,0.000,0.264,0,0
D,854684,-0.703,0.000,0.264,0,0
D,854689,-0.681,0.000,0.264,0,0
D,854695,-0.725,0.000,0.264,0,0
D,854700,-0.703,0.000,0.264,0,0
D,854706,-0.747,0.000,0.264,0,0
D,854711,-0.725,0.000,0.176,0,0
D,854716,-0.681,0.000,0.264,0,0
D,854722,-0.703,0.000,0.264,0,0
D,854727,-0.703,0.000,0.264,0,0
D,854732,-0.725,0.000,0.264,0,0
D,854738,-0.681,0.000,0.264,0,0
D,854743,-0.747,0.000,0.176,0,0
D,854748,-0.769,0.000,0.264,0,0
D,854754,-0.791,0.000,0.264,0,0
D,854759,-0.703,0.000,0.264,0,0
D,854764,-0.769,0.000,0.264,0,0
D,854770,-0.769,0.000,0.264,0,0
D,854775,-0.813,0.000,0.264,0,0
D,854780,-0.813,0.000,0.264,0,0
D,854786,-0.703,0.000,0.264,0,0
D,854791,-0.791,0.000,0.264,0,0
D,854796,-0.703,0.000,0.264,0,0
D,854802,-0.791,0.000,0.264,0,0
D,854807,-0.769,0.000,0.264,0,0
D,854812,-0.791,0.000,0.264,0,0
D,854818,-0.769,0.000,0.264,0,0
D,854823,-0.791,0.000,0.264,0,0
D,854828,-0.791,0.000,0.264,0,0
D,854834,-0.703,0.000,0.264,0,0
D,854839,-0.703,0.000,0.264,0,0
D,854844,-0.703,0.000,0.264,0,0
D,854850,-0.769,0.000,0.264,0,0
D,854855,-0.747,0.000,0.264,0,0
D,854861,-0.791,0.000,0.264,0,0
D,854866,-0.813,0.000,0.264,0,0
D,854871,-0.791,0.000,0.264,0,0
D,854877,-0.747,0.000,0.176,0,0
D,854882,-0.791,0.000,0.264,0,0
D,854887,-0.747,0.000,0.264,0,0
D,854893,-0.813,0.000,0.264,0,0
D,854898,-0.747,0.000,0.264,0,0
D,854903,-0.813,0.000,0.264,0,0
D,854909,-0.791,0.000,0.264,0,0
D,854914,-0.703,0.000,0.264,0,0
D,854919,-0.813,0.000,0.264,0,0
D,854925,-0.835,0.000,0.264,0,0
D,854930,-0.747,0.000,0.264,0,0
D,854935,-0.747,0.000,0.176,0,0
D,854941,-0.681,0.000,0.264,0,0
D,854946,-0.769,0.000,0.264,0,0
D,854951,-0.747,0.000,0.264,0,0
D,854957,-0.725,0.000,0.264,0,0
D,854962,-0.747,0.000,0.264,0,0
D,854967,-0.769,0.000,0.264,0,0
D,854973,-0.703,0.000,0.264,0,0
D,854978,-0.703,0.000,0.264,0,0
D,854983,-0.681,0.000,0.264,0,0
D,854989,-0.615,0.000,0.264,0,0
D,854994,-0.681,0.000,0.264,0,0
D,855000,-0.659,0.000,0.264,0,0
D,855005,-0.637,0.000,0.264,0,0
D,855010,-0.659,0.000,0.264,0,0
D,855016,-0.703,0.000,0.264,0,0
D,855021,-0.659,0.000,0.264,0,0
D,855026,-0.659,0.000,0.264,0,0
D,855032,-0.571,0.000,0.264,0,0
D,855037,-0.615,0.000,0.264,0,0
D,855042,-0.571,0.000,0.264,0,0
D,855048,-0.637,0.000,0.264,0,0
D,855053,-0.549,0.000,0.264,0,0
D,855058,-0.549,0.000,0.264,0,0
D,855064,-0.549,0.000,0.264,0,0
D,855069,-0.527,0.000,0.264,0,0
D,855074,-0.527,0.000,0.264,0,0
D,855080,-0.527,0.000,0.264,0,0
D,855085,-0.505,0.000,0.264,0,0
D,855090,-0.461,0.000,0.264,0,0
D,855096,-0.439,0.000,0.264,0,0
D,855101,-0.505,0.000,0.264,0,0
D,855106,-0.461,0.000,0.264,0,0
D,855112,-0.439,0.000,0.264,0,0
D,855117,-0.417,0.000,0.264,0,0
D,855122,-0.461,0.000,0.264,0,0
D,855128,-0.396,0.000,0.264,0,0
D,855133,-0.396,0.000,0.264,0,0
D,855139,-0.374,0.000,0.264,0,0
D,855144,-0.308,0.000,0.264,0,0
D,855149,-0.330,0.000,0.264,0,0
D,855155,-0.286,0.000,0.264,0,0
D,855160,-0.308,0.000,0.264,0,0
D,855165,-0.286,0.000,0.264,0,0
D,855171,-0.374,0.000,0.264,0,0
D,855176,-0.242,0.000,0.264,0,0
D,855181,-0.308,0.000,0.264,0,0
D,855187,-0.176,0.000,0.264,0,0
D,855192,-0.176,0.000,0.264,0,0
D,855197,-0.154,0.000,0.264,0,0
D,855203,-0.176,0.000,0.264,0,0
D,855208,-0.176,0.000,0.264,0,0
D,855213,-0.154,0.000,0.264,0,0
D,855219,-0.176,0.000,0.264,0,0
D,855224,-0.132,0.000,0.264,0,0
D,855229,-0.066,0.000,0.264,0,0
D,855235,-0.066,0.000,0.264,0,0
D,855240,-0.066,0.000,0.264,0,0
D,855245,-0.088,0.000,0.264,0,0
D,855251,-0.022,0.000,0.176,0,0
D,855256,-0.088,0.000,0.264,0,0
D,855261,-0.110,0.000,0.264,0,0
D,855267,-0.022,0.000,0.264,0,0
D,855272,-0.066,0.000,0.264,0,0
D,855277,0.044,0.000,0.264,0,0
D,855283,-0.022,0.000,0.264,0,0
D,855288,0.022,0.000,0.264,0,0
D,855294,-0.044,0.000,0.264,0,0
D,855299,-0.044,0.000,0.264,0,0
D,855304,0.022,0.000,0.264,0,0
D,855310,0.110,0.000,0.264,0,0
D,855315,-0.022,0.000,0.264,0,0
D,855320,0.088,0.000,0.264,0,0
D,855326,0.110,0.000,0.264,0,0
D,855331,0.154,0.000,0.264,0,0
D,855336,0.110,0.000,0.264,0,0
D,855342,0.154,0.000,0.264,0,0
D,855347,0.132,0.000,0.264,0,0
D,855352,0.110,0.000,0.264,0,0
D,855358,0.198,0.000,0.264,0,0
D,855363,0.220,0.000,0.264,0,0
D,855368,0.198,0.000,0.264,0,0
D,855374,0.242,0.000,0.264,0,0
D,855379,0.242,0.000,0.264,0,0
D,855384,0.286,0.000,0.264,0,0
D,855390,0.264,0.000,0.264,0,0
D,855395,0.264,0.000,0.264,0,0
D,855400,0.286,0.000,0.264,0,0
D,855406,0.330,0.000,0.264,0,0
D,855411,0.308,0.000,0.264,0,0
D,855416,0.352,0.000,0.264,0,0
D,855422,0.439,0.000,0.264,0,0
D,855427,0.417,0.000,0.264,0,0
D,855432,0.505,0.000,0.264,0,0
D,855438,0.483,0.000,0.264,0,0
D,855443,0.527,0.000,0.264,0,0
D,855449,0.571,0.000,0.264,0,0
D,855454,0.615,0.000,0.264,0,0
D,855459,0.659,0.000,0.264,0,0
D,855465,0.681,0.000,0.264,0,0
D,855470,0.725,0.000,0.264,0,0
D,855475,0.791,0.000,0.264,0,0
D,855481,0.835,0.000,0.264,0,0
D,855486,0.879,0.000,0.264,0,0
D,855491,0.945,0.000,0.176,0,0
D,855497,0.989,0.000,0.264,0,0
D,855502,1.055,0.000,0.264,0,0
D,855507,1.143,0.000,0.264,0,0
D,855513,1.121,0.000,0.264,0,0
D,855518,1.165,0.000,0.264,0,0
D,855523,1.296,0.000,0.264,0,0
D,855529,1.296,0.000,0.264,0,0
D,855534,1.362,0.000,0.264,0,0
D,855539,1.450,0.000,0.264,0,0
D,855545,1.362,0.000,0.264,0,0
D,855550,1.494,0.000,0.264,0,0
D,855555,1.538,0.000,0.264,0,0
D,855561,1.582,0.000,0.264,0,0
D,855566,1.692,0.000,0.264,0,0
D,855571,1.780,0.000,0.264,0,0
D,855577,1.780,0.000,0.264,0,0
D,855582,1.890,0.000,0.264,0,0
D,855587,1.956,0.000,0.264,0,0
D,855593,2.043,0.000,0.264,0,0
D,855598,2.175,0.000,0.264,0,0
D,855603,2.263,0.000,0.264,0,0
D,855609,2.307,0.000,0.264,0,0
D,855614,2.373,0.000,0.264,0,0
D,855620,2.571,0.000,0.264,0,0
D,855625,2.571,0.000,0.264,0,0
D,855630,2.703,0.000,0.264,0,0
D,855636,2.813,0.000,0.264,0,0
D,855641,2.834,0.000,0.264,0,0
D,855646,2.944,0.000,0.264,0,0
D,855652,3.032,0.000,0.264,0,0
D,855657,3.186,0.000,0.264,0,0
D,855662,3.296,0.000,0.264,0,0
D,855668,3.450,0.000,0.264,0,0
D,855673,3.516,0.000,0.264,0,0
D,855678,3.669,0.000,0.264,0,0
D,855684,3.801,0.000,0.264,0,0
D,855689,3.911,0.000,0.264,0,0
D,855694,3.999,0.000,0.264,0,0
D,855700,4.197,0.000,0.264,0,0
D,855705,4.329,0.000,0.264,0,0
D,855710,4.482,0.000,0.264,0,0
D,855716,4.636,0.000,0.264,0,0
D,855721,4.768,0.000,0.264,0,0
D,855726,4.900,0.000,0.264,0,0
D,855732,5.032,0.000,0.264,0,0
D,855737,5.251,0.000,0.264,0,0
D,855742,5.405,0.000,0.264,0,0
D,855748,5.603,0.000,0.352,0,0
D,855753,5.801,0.000,0.264,0,0
D,855758,5.977,0.000,0.264,0,0
D,855764,6.218,0.000,0.264,0,0
D,855769,6.416,0.000,0.264,0,0
D,855775,6.570,0.000,0.264,0,0
D,855780,6.790,0.000,0.264,0,0
D,855785,7.031,0.000,0.264,0,0
D,855791,7.229,0.000,0.264,0,0
D,855796,7.537,0.000,0.264,0,0
D,855801,7.690,0.000,0.264,0,0
D,855807,7.998,0.000,0.264,0,0
D,855812,8.262,0.000,0.264,0,0
D,855817,8.416,0.000,0.264,0,0
D,855823,8.723,0.000,0.264,0,0
D,855828,8.965,0.000,0.264,0,0
D,855833,9.294,0.000,0.264,0,0
D,855839,9.602,0.000,0.264,0,0
D,855844,9.866,0.000,0.264,0,0
D,855849,10.085,0.000,0.264,0,0
D,855855,10.415,0.000,0.264,0,0
D,855860,10.635,0.000,0.264,0,0
D,855865,11.008,0.000,0.264,0,0
D,855871,11.316,0.000,0.264,0,0
D,855876,11.580,0.000,0.264,0,0
D,855881,11.931,0.000,0.264,0,0
D,855887,12.283,0.000,0.264,0,0
D,855892,12.612,0.000,0.264,0,0
D,855897,12.986,0.000,0.264,0,0
D,855903,13.271,0.000,0.264,0,0
D,855908,13.667,0.000,0.264,0,0
D,855914,13.997,0.000,0.264,0,0
D,855919,14.348,0.000,0.264,0,0
D,855924,14.744,0.000,0.264,0,0
D,855930,15.117,0.000,0.264,0,0
D,855935,15.557,0.000,0.176,0,0
D,855940,16.040,0.000,0.264,0,0
D,855946,16.545,0.000,0.264,0,0
D,855951,17.051,0.000,0.264,0,0
D,855956,17.490,0.000,0.264,0,0
D,855962,17.842,0.000,0.264,0,0
D,855967,17.952,0.000,0.264,0,0
D,855972,18.127,0.000,0.264,0,0
D,855978,18.215,0.000,0.264,0,0
D,855983,18.369,0.000,0.264,0,0
D,855988,18.391,0.000,0.264,0,0
D,855994,18.611,0.000,0.264,0,0
D,855999,18.787,0.000,0.264,0,0
D,856004,18.940,0.000,0.264,0,0
D,856010,19.160,0.000,0.264,0,0
D,856015,19.446,0.000,0.264,0,0
D,856020,19.600,0.000,0.264,0,0
D,856026,19.797,0.000,0.264,0,0
D,856031,19.907,0.000,0.264,0,0
D,856036,20.017,0.000,0.264,0,0
D,856042,20.149,0.000,0.264,0,0
D,856047,20.215,0.000,0.264,0,0
D,856052,20.303,0.000,0.264,0,0
D,856058,20.369,0.000,0.264,0,0
D,856063,20.391,0.000,0.264,0,0
D,856069,20.479,0.000,0.264,0,0
D,856074,20.500,0.000,0.264,0,0
D,856079,20.500,0.000,0.264,0,0
D,856085,20.479,0.000,0.264,0,0
D,856090,20.544,0.000,0.264,0,0
D,856095,20.479,0.000,0.264,0,0
D,856101,20.479,0.000,0.264,0,0
D,856106,20.413,0.000,0.264,0,0
D,856111,20.391,0.000,0.264,0,0
D,856117,20.303,0.000,0.264,0,0
D,856122,20.303,0.000,0.264,0,0
D,856127,20.171,0.000,0.264,0,0
D,856133,20.171,0.000,0.176,0,0
D,856138,20.083,0.000,0.264,0,0
D,856143,19.995,0.000,0.176,0,0
D,856149,19.907,0.000,0.264,0,0
D,856154,19.841,0.000,0.264,0,0
D,856159,19.797,0.000,0.264,0,0
D,856165,19.644,0.000,0.176,0,0
D,856170,19.600,0.000,0.176,0,0
D,856175,19.490,0.000,0.176,0,0
D,856181,19.446,0.000,0.176,0,0
D,856186,127.134,0.022,0.176,0,0
D,856191,128.540,0.022,0.176,0,0
D,856197,127.222,0.022,0.176,0,0
D,856202,18.984,0.000,0.176,0,0
D,856208,18.896,0.000,0.088,0,0
D,856213,18.743,0.000,0.176,0,0
D,856218,18.633,0.000,0.088,0,0
D,856224,18.523,0.000,0.088,0,0
D,856229,18.413,0.000,0.088,0,0
D,856234,18.281,0.000,0.088,0,0
D,856240,18.105,0.000,0.088,0,0
D,856245,17.930,0.000,0.176,0,0
D,856250,17.886,0.000,0.088,0,0
D,856256,17.732,0.000,0.088,0,0
D,856261,17.600,0.000,0.088,0,0
D,856266,17.468,0.000,0.000,0,0
D,856272,17.314,0.000,-0.088,0,0
D,856277,17.161,0.000,-0.176,0,0
D,856282,17.095,0.000,-0.264,0,0
D,856288,16.897,0.000,-0.439,0,0
D,856293,16.721,0.000,-0.615,0,0
D,856298,16.567,0.000,-0.791,0,0
D,856304,16.436,0.000,-1.055,0,0
D,856309,16.238,0.000,-1.230,0,0
D,856314,16.084,0.000,-1.230,0,0
D,856320,15.930,0.000,-1.230,0,0
D,856325,15.732,0.000,-1.143,0,0
D,856330,15.601,0.000,-1.055,0,0
D,856336,15.403,0.000,-0.967,0,0
D,856341,15.227,0.000,-0.879,0,0
D,856346,15.117,0.000,-0.879,0,0
D,856352,14.963,0.000,-0.791,0,0
D,856357,14.788,0.000,-0.791,0,0
D,856363,14.634,0.000,-0.879,0,0
D,856368,14.458,0.000,-0.879,0,0
D,856373,14.194,0.000,-0.879,0,0
D,856379,14.063,0.000,-0.879,0,0
D,856384,13.865,0.000,-0.879,0,0
D,856389,13.645,0.000,-0.879,0,0
D,856395,13.535,0.000,-0.967,0,0
D,856400,13.315,0.000,-0.879,0,0
D,856405,13.140,0.000,-0.967,0,0
D,856411,13.074,0.000,-0.967,0,0
D,856416,12.832,0.000,-0.967,0,0
D,856421,12.612,0.000,-0.967,0,0
D,856427,12.480,0.000,-0.967,0,0
D,856432,12.349,0.000,-0.967,0,0
D,856437,12.041,0.000,-0.967,0,0
D,856443,11.909,0.000,-0.967,0,0
D,856448,11.689,0.000,-0.967,0,0
D,856453,146.514,0.000,-0.967,0,0
D,856459,11.316,0.000,-0.879,0,0
D,856464,11.118,0.000,-0.967,0,0
D,856469,10.920,0.000,-0.879,0,0
D,856475,10.679,0.000,-0.967,0,0
D,856480,10.525,0.000,-0.967,0,0
D,856486,10.327,0.000,-0.967,0,0
D,856491,10.085,0.000,-0.967,0,0
D,856496,9.888,0.000,-0.879,0,0
D,856502,9.690,0.000,-0.967,0,0
D,856507,9.470,0.000,-0.967,0,0
D,856512,9.229,0.000,-0.879,0,0
D,856518,9.097,0.000,-0.879,0,0
D,856523,8.877,0.000,-0.967,0,0
D,856528,8.635,0.000,-0.967,0,0
D,856534,8.569,0.000,-0.967,0,0
D,856539,8.262,0.000,-0.967,0,0
D,856544,8.086,0.000,-0.879,0,0
D,856550,7.866,0.000,-0.967,0,0
D,856555,7.646,0.000,-0.879,0,0
D,856560,7.471,0.000,-0.967,0,0
D,856566,7.207,0.000,-0.967,0,0
D,856571,7.031,0.000,-0.967,0,0
D,856576,6.855,0.000,-0.967,0,0
D,856582,6.614,0.000,-0.879,0,0
D,856587,6.394,0.000,-0.967,0,0
D,856592,6.262,0.000,-0.967,0,0
D,856598,5.977,0.000,-0.967,0,0
D,856603,5.823,0.000,-0.967,0,0
D,856608,5.647,0.000,-0.967,0,0
D,856614,5.405,0.000,-0.967,0,0
D,856619,5.273,0.000,-0.967,0,0
D,856624,5.032,0.000,-0.967,0,0
D,856630,4.878,0.000,-0.967,0,0
D,856635,4.680,0.000,-0.967,0,0
D,856641,4.482,0.000,-0.967,0,0
D,856646,4.373,0.000,-0.879,0,0
D,856651,4.131,0.000,-0.879,0,0
D,856657,3.955,0.000,-0.879,0,0
D,856662,3.669,0.000,-0.967,0,0
D,856667,3.516,0.000,-0.967,0,0
D,856673,3.296,0.000,-0.967,0,0
D,856678,3.054,0.000,-0.967,0,0
D,856683,132.209,0.000,-0.967,0,0
D,856689,2.769,0.000,-0.967,0,0
D,856694,2.549,0.000,-0.967,0,0
D,856699,2.417,0.000,-0.967,0,0
D,856705,2.307,0.000,-0.967,0,0
D,856710,2.087,0.000,-0.967,0,0
D,856715,2.000,0.000,-0.967,0,0
D,856721,1.824,0.000,-0.967,0,0
D,856726,1.736,0.000,-0.967,0,0
D,856731,1.494,0.000,-0.967,0,0
D,856737,1.384,0.000,-0.967,0,0
D,856742,1.252,0.000,-0.879,0,0
D,856747,1.055,0.000,-0.967,0,0
D,856753,0.813,0.000,-0.967,0,0
D,856758,0.747,0.000,-0.879,0,0
D,856763,0.615,0.000,-0.967,0,0
D,856769,0.461,0.000,-0.967,0,0
D,856774,0.352,0.000,-0.967,0,0
D,856780,0.154,0.000,-0.967,0,0
D,856785,0.088,0.000,-0.879,0,0
D,856790,134.187,113.774,-0.967,0,0
D,856796,-0.747,132.869,-0.967,0,0
D,856801,-45.286,0.022,-0.879,0,0
D,856806,128.892,-39.990,-0.967,0,0
D,856812,-46.890,0.022,-0.879,0,0
D,856817,-0.527,179.692,-0.967,0,0
D,856822,-7.866,0.000,-0.879,0,0
D,856828,-0.835,40.012,-0.879,0,0
D,856833,-7.866,5.625,-0.879,0,0
D,856838,-0.923,23.313,-0.879,0,0
D,856844,133.286,0.022,-0.967,0,0
D,856849,-1.846,-180.000,-0.879,0,0
D,856854,-1.187,51.680,-0.967,0,0
D,856860,-1.165,0.000,-0.967,0,0
D,856865,-1.230,-154.270,-0.967,0,0
D,856870,-1.472,0.000,-0.967,0,0
D,856876,-46.274,-4.812,-0.967,0,0
D,856881,-51.965,0.000,-0.967,0,0
D,856886,-1.362,90.000,-0.967,0,0
D,856892,-1.428,0.000,-0.879,0,0
D,856897,-7.075,-9.624,-0.879,0,0
D,856903,-1.516,0.000,-0.967,0,0
D,856908,-1.582,-9.580,-0.879,0,0
D,856913,-1.538,51.680,-0.879,0,0
D,856919,-1.560,0.022,-0.967,0,0
D,856924,-1.516,0.022,-0.879,0,0
D,856929,-1.538,-168.750,-0.967,0,0
D,856935,-1.516,0.000,-0.879,0,0
D,856940,-1.516,0.044,-0.879,0,0
D,856945,178.528,-0.330,-0.879,0,0
D,856951,-1.450,0.176,-0.879,0,0
D,856956,-1.428,2.813,-0.879,0,0
D,856961,-1.362,0.022,-0.967,0,0
D,856967,-1.362,0.022,-0.879,0,0
D,856972,-1.252,-5.603,-0.967,0,0
D,856977,-1.274,-44.978,-0.967,0,0
D,856983,-1.187,0.000,-0.879,0,0
D,856988,-1.165,0.000,-0.879,0,0
D,856993,-1.077,-0.681,-0.967,0,0
D,856999,-0.923,22.500,-0.879,0,0
D,857004,-0.901,0.022,-0.879,0,0
D,857010,-0.857,0.022,-0.879,0,0
D,857015,-0.703,-11.228,-0.879,0,0
D,857020,-0.659,5.625,-0.879,0,0
D,857026,-0.549,-180.000,-0.879,0,0
D,857031,-0.352,0.022,-0.879,0,0
D,857036,-0.264,0.000,-0.967,0,0
D,857042,-0.066,0.022,-0.879,0,0
D,857047,-0.044,0.022,-0.879,0,0
D,857052,0.022,2.813,-0.879,0,0
D,857058,0.176,0.022,-0.879,0,0
D,857063,0.352,0.022,-0.879,0,0
D,857068,0.396,45.000,-0.879,0,0
D,857074,0.593,0.000,-0.879,0,0
D,857079,0.769,0.000,-0.879,0,0
D,857084,0.835,0.022,-0.879,0,0
D,857090,1.055,2.813,-0.879,0,0
D,857095,1.121,0.703,-0.879,0,0
D,857100,1.362,0.000,-0.879,0,0
D,857106,1.450,0.088,-0.879,0,0
D,857111,1.626,0.000,-0.791,0,0
D,857116,1.758,0.022,-0.791,0,0
D,857122,1.868,0.000,-0.879,0,0
D,857127,2.131,-1.384,-0.791,0,0
D,857133,2.197,0.022,-0.791,0,0
D,857138,2.351,22.500,-0.791,0,0
D,857143,2.527,0.352,-0.791,0,0
D,857149,2.747,-179.978,-0.703,0,0
D,857154,2.966,0.022,-0.703,0,0
D,857159,3.098,0.000,-0.703,0,0
D,857165,3.252,0.022,-0.703,0,0
D,857170,3.384,0.022,-0.703,0,0
D,857175,3.582,0.022,-0.615,0,0
D,857181,3.713,0.022,-0.615,0,0
D,857186,3.845,-22.478,-0.615,0,0
D,857191,3.999,-0.330,-0.615,0,0
D,857197,4.219,0.022,-0.615,0,0
D,857202,4.351,-179.978,-0.527,0,0
D,857207,4.526,-2.791,-0.527,0,0
D,857213,4.702,0.352,-0.527,0,0
D,857218,4.790,0.022,-0.527,0,0
D,857223,4.922,0.000,-0.527,0,0
D,857229,5.032,0.022,-0.439,0,0
D,857234,5.229,0.000,-0.439,0,0
D,857239,5.339,0.000,-0.439,0,0
D,857245,5.515,0.000,-0.439,0,0
D,857250,5.625,0.000,-0.352,0,0
D,857255,5.757,0.000,-0.352,0,0
D,857261,5.845,0.000,-0.352,0,0
D,857266,6.021,0.000,-0.264,0,0
D,857272,6.042,0.000,-0.264,0,0
D,857277,6.196,0.000,-0.264,0,0
D,857282,6.328,0.000,-0.264,0,0
D,857288,6.416,0.000,-0.264,0,0
D,857293,6.526,0.000,-0.264,0,0
D,857298,6.614,0.000,-0.264,0,0
D,857304,6.746,0.000,-0.264,0,0
D,857309,6.768,0.000,-0.264,0,0
D,857314,6.899,0.000,-0.264,0,0
D,857320,6.965,0.000,-0.264,0,0
D,857325,6.987,0.000,-0.264,0,0
D,857330,7.075,0.000,-0.264,0,0
D,857336,7.097,0.000,-0.264,0,0
D,857341,7.185,0.000,-0.264,0,0
D,857346,7.207,0.000,-0.264,0,0
D,857352,7.207,0.000,-0.264,0,0
D,857357,7.207,0.000,-0.176,0,0
D,857362,7.273,0.000,-0.176,0,0
D,857368,7.339,0.000,-0.176,0,0
D,857373,7.361,0.000,-0.176,0,0
D,857378,7.361,0.000,-0.176,0,0
D,857384,7.361,0.000,-0.176,0,0
D,857389,7.405,0.000,-0.176,0,0
D,857394,7.449,0.000,-0.176,0,0
D,857400,7.471,0.000,-0.176,0,0
D,857405,7.493,0.000,-0.176,0,0
D,857411,7.515,0.000,-0.176,0,0
D,857416,7.471,0.000,-0.176,0,0
D,857421,7.493,0.000,-0.176,0,0
D,857427,7.493,0.000,-0.176,0,0
D,857432,7.405,0.000,-0.176,0,0
D,857437,7.361,0.000,-0.176,0,0
D,857443,7.383,0.000,-0.176,0,0
D,857448,7.251,0.000,-0.176,0,0
D,857453,7.251,0.000,-0.176,0,0
D,857459,7.207,0.000,-0.176,0,0
D,857464,7.075,0.000,-0.088,0,0
D,857469,7.053,0.000,-0.176,0,0
D,857475,6.987,0.000,-0.176,0,0
D,857480,6.921,0.000,-0.176,0,0
D,857485,6.833,0.000,-0.176,0,0
D,857491,6.724,0.000,-0.088,0,0
D,857496,6.680,0.000,-0.088,0,0
D,857501,6.570,0.000,-0.088,0,0
D,857507,6.482,0.000,-0.088,0,0
D,857512,6.460,0.000,-0.176,0,0
D,857517,6.262,0.000,-0.176,0,0
D,857523,6.130,0.000,-0.176,0,0
D,857528,6.042,0.000,-0.176,0,0
D,857533,5.933,0.000,-0.088,0,0
D,857539,5.735,0.000,-0.088,0,0
D,857544,5.669,0.000,-0.088,0,0
D,857550,5.581,0.000,-0.088,0,0
D,857555,5.427,0.000,-0.176,0,0
D,857560,5.295,0.000,-0.088,0,0
D,857566,5.142,0.000,-0.088,0,0
D,857571,4.922,0.000,-0.088,0,0
D,857576,4.790,0.000,-0.088,0,0
D,857582,4.680,0.000,-0.088,0,0
D,857587,4.482,0.000,-0.088,0,0
D,857592,4.263,0.000,-0.088,0,0
D,857598,4.109,0.000,-0.088,0,0
D,857603,3.977,0.000,-0.088,0,0
D,857608,3.823,0.000,-0.176,0,0
D,857614,3.582,0.000,-0.088,0,0
D,857619,3.516,0.000,-0.176,0,0
D,857624,3.274,0.000,-0.088,0,0
D,857630,3.054,0.000,-0.088,0,0
D,857635,2.900,0.000,-0.088,0,0
D,857640,2.834,0.000,0.000,0,0
D,857646,2.571,0.000,0.000,0,0
D,857651,2.373,0.000,0.000,0,0
D,857656,2.241,0.000,0.000,0,0
D,857662,1.956,0.000,0.000,0,0
D,857667,1.846,0.000,0.000,0,0
D,857672,1.626,0.000,0.088,0,0
D,857678,1.318,0.000,0.088,0,0
D,857683,1.230,0.000,0.088,0,0
D,857688,1.099,0.000,0.088,0,0
D,857694,0.879,0.000,0.176,0,0
D,857699,0.637,0.000,0.264,0,0
D,857704,0.549,0.000,0.264,0,0
D,857710,0.374,0.000,0.264,0,0
D,857715,0.088,0.000,0.352,0,0
D,857721,-0.066,0.000,0.352,0,0
D,857726,-0.264,0.000,0.352,0,0
D,857731,-0.439,0.000,0.352,0,0
D,857737,-0.571,0.000,0.264,0,0
D,857742,-0.813,0.000,0.352,0,0
D,857747,-0.923,0.000,0.352,0,0
D,857753,-1.121,0.000,0.264,0,0
D,857758,-1.252,0.000,0.264,0,0
D,857763,-1.472,0.000,0.264,0,0
D,857769,-1.604,0.000,0.176,0,0
D,857774,-1.824,0.000,0.176,0,0
D,857779,-1.956,0.000,0.176,0,0
D,857785,-2.065,0.000,0.176,0,0
D,857790,-2.197,0.000,0.176,0,0
D,857795,-2.395,0.000,0.264,0,0
D,857801,-2.527,0.000,0.176,0,0
D,857806,-2.659,0.000,0.176,0,0
D,857811,-2.813,0.000,0.176,0,0
D,857817,-2.966,0.000,0.176,0,0
D,857822,-3.010,0.000,0.176,0,0
D,857827,-3.142,0.000,0.176,0,0
D,857833,-3.318,0.000,0.176,0,0
D,857838,-3.406,0.000,0.176,0,0
D,857843,-3.538,0.000,0.176,0,0
D,857849,-3.560,0.000,0.176,0,0
D,857854,-3.735,0.000,0.176,0,0
D,857860,-3.845,0.000,0.176,0,0
D,857865,-3.955,0.000,0.176,0,0
D,857870,-4.021,0.000,0.264,0,0
D,857876,-4.109,0.000,0.264,0,0
D,857881,-4.153,0.000,0.264,0,0
D,857886,-4.285,0.000,0.264,0,0
D,857892,-4.285,0.000,0.176,0,0
D,857897,-4.417,0.000,0.176,0,0
D,857902,-4.482,0.000,0.176,0,0
D,857908,-4.504,0.000,0.176,0,0
D,857913,-4.504,0.000,0.176,0,0
D,857918,-4.570,0.000,0.176,0,0
D,857924,-4.614,0.000,0.176,0,0
D,857929,-4.724,0.000,0.176,0,0
D,857934,-4.702,0.000,0.264,0,0
D,857940,-4.746,0.000,0.264,0,0
D,857945,-4.768,0.000,0.176,0,0
D,857950,-4.790,0.000,0.176,0,0
D,857956,-4.834,0.000,0.176,0,0
D,857961,-4.768,0.000,0.176,0,0
D,857966,-4.768,0.000,0.264,0,0
D,857972,-4.768,0.000,0.264,0,0
D,857977,-4.724,0.000,0.264,0,0
D,857982,-4.746,0.000,0.264,0,0
D,857988,-4.680,0.000,0.264,0,0
D,857993,-4.768,0.000,0.264,0,0
D,857999,-4.614,0.000,0.176,0,0
D,858004,-4.636,0.000,0.264,0,0
D,858009,-4.636,0.000,0.264,0,0
D,858015,-4.548,0.000,0.264,0,0
D,858020,-4.526,0.000,0.264,0,0
D,858025,-4.460,0.000,0.264,0,0
D,858031,-4.438,0.000,0.264,0,0
D,858036,-4.438,0.000,0.176,0,0
D,858041,-4.329,0.000,0.264,0,0
D,858047,-4.219,0.000,0.264,0,0
D,858052,-4.109,0.000,0.264,0,0
D,858057,-4.043,0.000,0.264,0,0
D,858063,-3.999,0.000,0.264,0,0
D,858068,-3.889,0.000,0.176,0,0
D,858073,-3.779,0.000,0.264,0,0
D,858079,-3.713,0.000,0.264,0,0
D,858084,-3.625,0.000,0.264,0,0
D,858089,-3.494,0.000,0.264,0,0
D,858095,-3.428,0.000,0.176,0,0
D,858100,-3.340,0.000,0.264,0,0
D,858105,-3.230,0.000,0.264,0,0
D,858111,-3.054,0.000,0.176,0,0
D,858116,-2.966,0.000,0.176,0,0
D,858121,-2.856,0.000,0.176,0,0
D,858127,-2.725,0.000,0.264,0,0
D,858132,-2.593,0.000,0.264,0,0
D,858137,-2.549,0.000,0.264,0,0
D,858143,-2.395,0.000,0.264,0,0
D,858148,-2.219,0.000,0.176,0,0
D,858154,-2.153,0.000,0.176,0,0
D,858159,-1.956,0.000,0.176,0,0
D,858164,-1.802,0.000,0.264,0,0
D,858170,-1.714,0.000,0.264,0,0
D,858175,-1.582,0.000,0.264,0,0
D,858180,-1.450,0.000,0.176,0,0
D,858186,-1.274,0.000,0.264,0,0
D,858191,-1.187,0.000,0.264,0,0
D,858196,-1.099,0.000,0.264,0,0
D,858202,-0.835,0.000,0.264,0,0
D,858207,-0.747,0.000,0.264,0,0
D,858212,-0.571,0.000,0.264,0,0
D,858218,-0.505,0.000,0.264,0,0
D,858223,-0.352,0.000,0.264,0,0
D,858228,-0.242,0.000,0.264,0,0
D,858234,-0.066,0.000,0.264,0,0
D,858239,0.088,0.000,0.264,0,0
D,858244,0.198,0.000,0.264,0,0
D,858250,0.352,0.000,0.176,0,0
D,858255,0.483,0.000,0.264,0,0
D,858260,0.659,0.000,0.176,0,0
D,858266,0.791,0.000,0.176,0,0
D,858271,0.857,0.000,0.264,0,0
D,858276,0.945,0.000,0.176,0,0
D,858282,1.165,0.000,0.264,0,0
D,858287,1.318,0.000,0.264,0,0
D,858293,1.384,0.000,0.176,0,0
D,858298,1.494,0.000,0.176,0,0
D,858303,1.670,0.000,0.176,0,0
D,858309,1.780,0.000,0.176,0,0
D,858314,1.912,0.000,0.176,0,0
D,858319,2.065,0.000,0.264,0,0
D,858325,2.109,0.000,0.264,0,0
D,858330,2.241,0.000,0.264,0,0
D,858335,2.351,0.000,0.264,0,0
D,858341,2.461,0.000,0.176,0,0
D,858346,2.549,0.000,0.264,0,0
D,858351,2.681,0.000,0.264,0,0
D,858357,2.813,0.000,0.264,0,0
D,858362,2.856,0.000,0.176,0,0
D,858367,2.944,0.000,0.176,0,0
D,858373,3.054,0.000,0.176,0,0
D,858378,3.142,0.000,0.176,0,0
D,858383,3.230,0.000,0.176,0,0
D,858389,3.296,0.000,0.176,0,0
D,858394,3.362,0.000,0.176,0,0
D,858399,3.406,0.000,0.176,0,0
D,858405,3.516,0.000,0.176,0,0
D,858410,3.582,0.000,0.176,0,0
D,858415,3.647,0.000,0.176,0,0
D,858421,3.691,0.000,0.176,0,0
D,858426,3.735,0.000,0.176,0,0
D,858431,3.823,0.000,0.264,0,0
D,858437,3.933,0.000,0.264,0,0
D,858442,3.845,0.000,0.176,0,0
D,858448,3.955,0.000,0.176,0,0
D,858453,4.021,0.000,0.176,0,0
D,858458,4.065,0.000,0.264,0,0
D,858464,4.065,0.000,0.176,0,0
D,858469,4.065,0.000,0.176,0,0
D,858474,4.153,0.000,0.176,0,0
D,858480,4.153,0.000,0.176,0,0
D,858485,4.175,0.000,0.176,0,0
D,858490,4.153,0.000,0.176,0,0
D,858496,4.153,0.000,0.176,0,0
D,858501,4.175,0.000,0.176,0,0
D,858506,4.175,0.000,0.176,0,0
D,858512,4.197,0.000,0.176,0,0
D,858517,4.131,0.000,0.176,0,0
D,858522,4.109,0.000,0.176,0,0
D,858528,4.153,0.000,0.176,0,0
D,858533,4.087,0.000,0.176,0,0
D,858538,4.153,0.000,0.176,0,0
D,858544,4.043,0.000,0.176,0,0
D,858549,4.109,0.000,0.176,0,0
D,858554,4.021,0.000,0.176,0,0
D,858560,4.021,0.000,0.088,0,0
D,858565,3.999,0.000,0.176,0,0
D,858570,3.911,0.000,0.176,0,0
D,858576,3.911,0.000,0.088,0,0
D,858581,3.845,0.000,0.176,0,0
D,858586,3.845,0.000,0.088,0,0
D,858592,3.757,0.000,0.176,0,0
D,858597,3.735,0.000,0.176,0,0
D,858603,3.625,0.000,0.088,0,0
D,858608,3.604,0.000,0.088,0,0
D,858613,3.582,0.000,0.176,0,0
D,858619,3.582,0.000,0.088,0,0
D,858624,3.450,0.000,0.088,0,0
D,858629,3.406,0.000,0.088,0,0
D,858635,3.296,0.000,0.176,0,0
D,858640,3.340,0.000,0.176,0,0
D,858645,3.208,0.000,0.088,0,0
D,858651,3.142,0.000,0.088,0,0
D,858656,3.076,0.000,0.088,0,0
D,858661,3.010,0.000,0.088,0,0
D,858667,2.922,0.000,0.088,0,0
D,858672,2.856,0.000,0.088,0,0
D,858677,2.769,0.000,0.176,0,0
D,858683,2.703,0.000,0.088,0,0
D,858688,2.549,0.000,0.088,0,0
D,858693,2.527,0.000,0.176,0,0
D,858699,2.439,0.000,0.176,0,0
D,858704,2.285,0.000,0.088,0,0
D,858709,2.219,0.000,0.176,0,0
D,858715,2.153,0.000,0.088,0,0
D,858720,2.043,0.000,0.088,0,0
D,858725,2.021,0.000,0.088,0,0
D,858731,1.846,0.000,0.088,0,0
D,858736,1.736,0.000,0.176,0,0
D,858741,1.714,0.000,0.088,0,0
D,858747,1.582,0.000,0.088,0,0
D,858752,1.494,0.000,0.088,0,0
D,858757,1.406,0.000,0.176,0,0
D,858763,1.252,0.000,0.176,0,0
D,858768,1.187,0.000,0.088,0,0
D,858774,1.165,0.000,0.088,0,0
D,858779,1.077,0.000,0.088,0,0
D,858784,0.967,0.000,0.088,0,0
D,858790,0.835,0.000,0.176,0,0
D,858795,0.725,0.000,0.088,0,0
D,858800,0.659,0.000,0.176,0,0
D,858806,0.527,0.000,0.176,0,0
D,858811,0.483,0.000,0.088,0,0
D,858816,0.461,0.000,0.088,0,0
D,858822,0.308,0.000,0.088,0,0
D,858827,0.220,0.000,0.176,0,0
D,858832,0.154,0.000,0.088,0,0
D,858838,0.000,0.000,0.176,0,0
D,858843,-0.088,0.000,0.088,0,0
D,858848,-0.132,0.000,0.176,0,0
D,858854,-0.220,0.000,0.176,0,0
D,858859,-0.308,0.000,0.176,0,0
D,858864,-0.330,0.000,0.176,0,0
D,858870,-0.483,0.000,0.176,0,0
D,858875,-0.505,0.000,0.088,0,0
D,858880,-0.527,0.000,0.176,0,0
D,858886,-0.681,0.000,0.176,0,0
D,858891,-0.725,0.000,0.176,0,0
D,858896,-0.835,0.000,0.088,0,0
D,858902,-0.879,0.000,0.176,0,0
D,858907,-0.879,0.000,0.176,0,0
D,858913,-1.011,0.000,0.176,0,0
D,858918,-0.989,0.000,0.176,0,0
D,858923,-1.143,0.000,0.176,0,0
D,858929,-1.165,0.000,0.176,0,0
D,858934,-1.230,0.000,0.176,0,0
D,858939,-1.274,0.000,0.176,0,0
D,858945,-1.318,0.000,0.176,0,0
D,858950,-1.406,0.000,0.176,0,0
D,858955,-1.406,0.000,0.176,0,0
D,858961,-1.450,0.000,0.176,0,0
D,858966,-1.472,0.000,0.088,0,0
D,858971,-1.494,0.000,0.176,0,0
D,858977,-1.560,0.000,0.088,0,0
D,858982,-1.604,0.000,0.176,0,0
D,858987,-1.626,0.000,0.176,0,0
D,858993,-1.560,0.000,0.088,0,0
D,858998,-1.626,0.000,0.176,0,0
D,859003,-1.670,0.000,0.088,0,0
D,859009,-1.670,0.000,0.176,0,0
D,859014,-1.670,0.000,0.088,0,0
D,859019,-1.692,0.000,0.088,0,0
D,859025,-1.714,0.000,0.176,0,0
D,859030,-1.714,0.000,0.088,0,0
D,859035,-1.736,0.000,0.176,0,0
D,859041,-1.692,0.000,0.176,0,0
D,859046,-1.758,0.000,0.088,0,0
D,859051,-1.714,0.000,0.088,0,0
D,859057,-1.736,0.000,0.088,0,0
D,859062,-1.648,0.000,0.176,0,0
D,859068,-1.670,0.000,0.176,0,0
D,859073,-1.626,0.000,0.176,0,0
D,859078,-1.538,0.000,0.176,0,0
D,859084,-1.582,0.000,0.176,0,0
D,859089,-1.604,0.000,0.176,0,0
D,859094,-1.472,0.000,0.176,0,0
D,859100,-1.494,0.000,0.176,0,0
D,859105,-1.472,0.000,0.176,0,0
D,859110,-1.428,0.000,0.176,0,0
D,859116,-1.362,0.000,0.176,0,0
D,859121,-1.340,0.000,0.176,0,0
D,859126,-1.274,0.000,0.176,0,0
D,859132,-1.230,0.000,0.088,0,0
D,859137,-1.230,0.000,0.176,0,0
D,859142,-1.187,0.000,0.176,0,0
D,859148,-1.055,0.000,0.176,0,0
D,859153,-1.033,0.000,0.176,0,0
D,859158,-0.945,0.000,0.176,0,0
D,859164,-0.901,0.000,0.176,0,0
D,859169,-0.879,0.000,0.176,0,0
D,859174,-0.769,0.000,0.088,0,0
D,859180,-0.703,0.000,0.176,0,0
D,859185,-0.637,0.000,0.088,0,0
D,859190,-0.571,0.000,0.176,0,0
D,859196,-0.483,0.000,0.176,0,0
D,859201,-0.417,0.000,0.176,0,0
D,859207,-0.374,0.000,0.176,0,0
D,859212,-0.286,0.000,0.088,0,0
D,859217,-0.198,0.000,0.176,0,0
D,859223,-0.088,0.000,0.176,0,0
D,859228,-0.088,0.000,0.176,0,0
D,859233,0.000,0.000,0.176,0,0
D,859239,0.110,0.000,0.176,0,0
D,859244,0.242,0.000,0.088,0,0
D,859249,0.264,0.000,0.088,0,0
D,859255,0.330,0.000,0.176,0,0
D,859260,0.461,0.000,0.176,0,0
D,859265,0.549,0.000,0.176,0,0
D,859271,0.549,0.000,0.176,0,0
D,859276,0.681,0.000,0.088,0,0
D,859281,0.813,0.000,0.176,0,0
D,859287,0.835,0.000,0.176,0,0
D,859292,0.923,0.000,0.176,0,0
D,859297,1.077,0.000,0.176,0,0
D,859303,1.143,0.000,0.176,0,0
D,859308,1.208,0.000,0.176,0,0
D,859313,1.318,0.000,0.088,0,0
D,859319,1.428,0.000,0.176,0,0
D,859324,1.538,0.000,0.088,0,0
D,859329,1.582,0.000,0.088,0,0
D,859335,1.648,0.000,0.176,0,0
D,859340,1.758,0.000,0.088,0,0
D,859345,1.780,0.000,0.176,0,0
D,859351,1.934,0.000,0.176,0,0
D,859356,2.000,0.000,0.176,0,0
D,859362,2.065,0.000,0.176,0,0
D,859367,2.109,0.000,0.176,0,0
D,859372,2.153,0.000,0.176,0,0
D,859378,2.285,0.000,0.176,0,0
D,859383,2.417,0.000,0.176,0,0
D,859388,2.483,0.000,0.176,0,0
D,859394,2.505,0.000,0.176,0,0
D,859399,2.637,0.000,0.088,0,0
D,859404,2.615,0.000,0.176,0,0
D,859410,2.725,0.000,0.176,0,0
D,859415,2.747,0.000,0.176,0,0
D,859420,2.856,0.000,0.176,0,0
D,859426,2.900,0.000,0.176,0,0
D,859431,2.900,0.000,0.088,0,0
D,859436,2.988,0.000,0.176,0,0
D,859442,3.010,0.000,0.176,0,0
D,859447,3.076,0.000,0.088,0,0
D,859452,3.054,0.000,0.176,0,0
D,859458,3.076,0.000,0.088,0,0
D,859463,3.186,0.000,0.176,0,0
D,859468,3.252,0.000,0.088,0,0
D,859474,3.186,0.000,0.176,0,0
D,859479,3.318,0.000,0.176,0,0
D,859484,3.296,0.000,0.176,0,0
D,859490,3.340,0.000,0.176,0,0
D,859495,3.384,0.000,0.176,0,0
D,859500,3.362,0.000,0.088,0,0
D,859506,3.428,0.000,0.088,0,0
D,859511,3.472,0.000,0.176,0,0
D,859517,3.494,0.000,0.176,0,0
D,859522,3.494,0.000,0.176,0,0
D,859527,3.516,0.000,0.176,0,0
D,859533,3.538,0.000,0.088,0,0
D,859538,3.516,0.000,0.088,0,0
D,859543,3.560,0.000,0.176,0,0
D,859549,3.494,0.000,0.176,0,0
D,859554,3.560,0.000,0.176,0,0
D,859559,3.516,0.000,0.176,0,0
D,859565,3.516,0.000,0.088,0,0
D,859570,3.560,0.000,0.176,0,0
D,859575,3.582,0.000,0.176,0,0
D,859581,3.538,0.000,0.088,0,0
D,859586,3.516,0.000,0.176,0,0
D,859591,3.494,0.000,0.088,0,0
D,859597,3.472,0.000,0.088,0,0
D,859602,3.494,0.000,0.176,0,0
D,859607,3.450,0.000,0.088,0,0
D,859613,3.384,0.000,0.088,0,0
D,859618,3.384,0.000,0.176,0,0
D,859623,3.362,0.000,0.088,0,0
D,859629,3.362,0.000,0.088,0,0
D,859634,3.318,0.000,0.176,0,0
D,859639,3.318,0.000,0.088,0,0
D,859645,3.230,0.000,0.176,0,0
D,859650,3.186,0.000,0.088,0,0
D,859655,3.164,0.000,0.176,0,0
D,859661,3.142,0.000,0.176,0,0
D,859666,3.098,0.000,0.088,0,0
D,859672,3.032,0.000,0.176,0,0
D,859677,3.076,0.000,0.088,0,0
D,859682,3.010,0.000,0.176,0,0
D,859688,2.988,0.000,0.176,0,0
D,859693,2.878,0.000,0.176,0,0
D,859698,2.834,0.000,0.088,0,0
D,859704,2.856,0.000,0.176,0,0
D,859709,2.747,0.000,0.088,0,0
D,859714,2.791,0.000,0.088,0,0
D,859720,2.703,0.000,0.088,0,0
D,859725,2.615,0.000,0.088,0,0
D,859730,2.549,0.000,0.088,0,0
D,859736,2.527,0.000,0.088,0,0
D,859741,2.549,0.000,0.176,0,0
D,859746,2.373,0.000,0.088,0,0
D,859752,2.351,0.000,0.088,0,0
D,859757,2.263,0.000,0.088,0,0
D,859762,2.263,0.000,0.088,0,0
D,859768,2.219,0.000,0.088,0,0
D,859773,2.087,0.000,0.088,0,0
D,859778,2.131,0.000,0.088,0,0
D,859784,2.043,0.000,0.176,0,0
D,859789,1.978,0.000,0.088,0,0
D,859794,1.890,0.000,0.088,0,0
D,859800,1.824,0.000,0.088,0,0
D,859805,1.824,0.000,0.176,0,0
D,859810,1.714,0.000,0.088,0,0
D,859816,1.648,0.000,0.088,0,0
D,859821,1.648,0.000,0.088,0,0
D,859827,1.560,0.000,0.088,0,0
D,859832,1.494,0.000,0.088,0,0
D,859837,1.428,0.000,0.088,0,0
D,859843,1.428,0.000,0.176,0,0
D,859848,1.340,0.000,0.088,0,0
D,859853,1.230,0.000,0.088,0,0
D,859859,1.208,0.000,0.088,0,0
D,859864,1.143,0.000,0.088,0,0
D,859869,1.187,0.000,0.088,0,0
D,859875,1.099,0.000,0.088,0,0
D,859880,1.055,0.000,0.176,0,0
D,859885,0.989,0.000,0.088,0,0
D,859891,0.923,0.000,0.088,0,0
D,859896,0.901,0.000,0.176,0,0
D,859901,0.835,0.000,0.176,0,0
D,859907,0.747,0.000,0.088,0,0
D,859912,0.747,0.000,0.176,0,0
D,859917,0.703,0.000,0.176,0,0
D,859923,0.659,0.000,0.088,0,0
D,859928,0.615,0.000,0.088,0,0
D,859933,0.549,0.000,0.088,0,0
D,859939,0.527,0.000,0.088,0,0
D,859944,0.505,0.000,0.088,0,0
D,859949,0.439,0.000,0.088,0,0
D,859955,0.461,0.000,0.088,0,0
D,859960,0.396,0.000,0.088,0,0
D,859965,0.374,0.000,0.088,0,0
D,859971,0.286,0.000,0.088,0,0
D,859976,0.374,0.000,0.176,0,0
D,859981,0.352,0.000,0.176,0,0
D,859987,0.220,0.000,0.176,0,0
D,859992,0.154,0.000,0.088,0,0
D,859998,0.198,0.000,0.176,0,0
D,860003,0.198,0.000,0.088,0,0
D,860008,0.176,0.000,0.176,0,0
D,860014,0.088,0.000,0.088,0,0
D,860019,0.066,0.000,0.176,0,0
D,860024,0.132,0.000,0.176,0,0
D,860030,0.132,0.000,0.088,0,0
D,860035,0.022,0.000,0.088,0,0
D,860040,0.088,0.000,0.088,0,0
D,860046,0.022,0.000,0.088,0,0
D,860051,0.110,0.000,0.176,0,0
D,860056,0.022,0.000,0.088,0,0
D,860062,0.066,0.000,0.176,0,0
D,860067,0.022,0.000,0.088,0,0
D,860072,0.066,0.000,0.088,0,0
D,860078,0.044,0.000,0.176,0,0
D,860083,0.044,0.000,0.088,0,0
E,860085,MARK
D,860088,0.066,0.000,0.088,0,0
D,860094,0.088,0.000,0.176,0,0
D,860099,0.088,0.000,0.176,0,0
D,860104,0.110,0.000,0.088,0,0
D,860110,0.154,0.000,0.088,0,0
D,860115,0.066,0.000,0.176,0,0
D,860120,0.154,0.000,0.176,0,0
D,860126,0.132,0.000,0.088,0,0
D,860131,0.220,0.000,0.088,0,0
D,860136,0.220,0.000,0.176,0,0
D,860142,0.242,0.000,0.088,0,0
D,860147,0.242,0.000,0.088,0,0
D,860152,0.176,0.000,0.176,0,0
D,860158,0.264,0.000,0.176,0,0
D,860163,0.374,0.000,0.176,0,0
D,860169,0.396,0.000,0.176,0,0
D,860174,0.417,0.000,0.176,0,0
D,860179,0.396,0.000,0.088,0,0
D,860185,0.439,0.000,0.176,0,0
D,860190,0.461,0.000,0.176,0,0
D,860195,0.527,0.000,0.176,0,0
D,860201,0.637,0.000,0.176,0,0
D,860206,0.615,0.000,0.088,0,0
D,860211,0.615,0.000,0.088,0,0
D,860217,0.681,0.000,0.088,0,0
D,860222,0.725,0.000,0.176,0,0
D,860227,0.747,0.000,0.088,0,0
D,860233,0.835,0.000,0.176,0,0
D,860238,0.901,0.000,0.088,0,0
D,860243,0.901,0.000,0.088,0,0
D,860249,1.011,0.000,0.088,0,0
D,860254,1.033,0.000,0.088,0,0
D,860259,1.055,0.000,0.176,0,0
D,860265,1.165,0.000,0.088,0,0
D,860270,1.143,0.000,0.176,0,0
D,860275,1.187,0.000,0.176,0,0
D,860281,1.274,0.000,0.176,0,0
D,860286,1.318,0.000,0.088,0,0
D,860291,1.318,0.000,0.176,0,0
D,860297,1.406,0.000,0.088,0,0
D,860302,1.472,0.000,0.176,0,0
D,860307,1.516,0.000,0.176,0,0
D,860313,1.560,0.000,0.176,0,0
D,860318,1.604,0.000,0.088,0,0
D,860324,1.626,0.000,0.176,0,0
D,860329,1.714,0.000,0.088,0,0
D,860334,1.758,0.000,0.176,0,0
D,860340,1.780,0.000,0.088,0,0
D,860345,1.868,0.000,0.176,0,0
D,860350,1.978,0.000,0.176,0,0
D,860356,1.912,0.000,0.176,0,0
D,860361,2.021,0.000,0.176,0,0
D,860366,2.109,0.000,0.176,0,0
D,860372,2.131,0.000,0.176,0,0
D,860377,2.131,0.000,0.088,0,0
D,860382,2.219,0.000,0.088,0,0
D,860388,2.307,0.000,0.088,0,0
D,860393,2.285,0.000,0.176,0,0
D,860398,2.395,0.000,0.088,0,0
D,860404,2.395,0.000,0.176,0,0
D,860409,2.417,0.000,0.176,0,0
D,860414,2.461,0.000,0.176,0,0
D,860420,2.505,0.000,0.176,0,0
D,860425,2.527,0.000,0.088,0,0
D,860430,2.549,0.000,0.088,0,0
D,860436,2.659,0.000,0.176,0,0
D,860441,2.659,0.000,0.088,0,0
D,860446,2.725,0.000,0.088,0,0
D,860452,2.703,0.000,0.176,0,0
D,860457,2.813,0.000,0.176,0,0
D,860462,2.791,0.000,0.176,0,0
D,860468,2.834,0.000,0.176,0,0
D,860473,2.791,0.000,0.088,0,0
D,860479,2.856,0.000,0.088,0,0
D,860484,2.878,0.000,0.176,0,0
D,860489,2.878,0.000,0.088,0,0
D,860495,2.878,0.000,0.176,0,0
D,860500,2.900,0.000,0.088,0,0
D,860505,2.878,0.000,0.088,0,0
D,860511,2.878,0.000,0.176,0,0
D,860516,2.944,0.000,0.176,0,0
D,860521,2.966,0.000,0.088,0,0
D,860527,2.944,0.000,0.088,0,0
D,860532,2.988,0.000,0.088,0,0
D,860537,2.944,0.000,0.176,0,0
D,860543,2.944,0.000,0.176,0,0
D,860548,2.922,0.000,0.176,0,0
D,860553,3.010,0.000,0.088,0,0
D,860559,2.988,0.000,0.088,0,0
D,860564,2.966,0.000,0.176,0,0
D,860569,2.922,0.000,0.088,0,0
D,860575,2.922,0.000,0.088,0,0
D,860580,2.944,0.000,0.088,0,0
D,860585,2.988,0.000,0.088,0,0
D,860591,2.988,0.000,0.176,0,0
D,860596,3.010,0.000,0.088,0,0
D,860601,2.922,0.000,0.176,0,0
D,860607,2.922,0.000,0.088,0,0
D,860612,2.988,0.000,0.176,0,0
D,860617,2.900,0.000,0.176,0,0
D,860623,2.878,0.000,0.176,0,0
D,860628,2.878,0.000,0.176,0,0
D,860634,2.834,0.000,0.176,0,0
D,860639,2.856,0.000,0.088,0,0
D,860644,2.900,0.000,0.088,0,0
D,860650,2.813,0.000,0.176,0,0
D,860655,2.813,0.000,0.176,0,0
D,860660,2.725,0.000,0.088,0,0
D,860666,2.769,0.000,0.088,0,0
D,860671,2.659,0.000,0.176,0,0
D,860676,2.725,0.000,0.088,0,0
D,860682,2.681,0.000,0.176,0,0
D,860687,2.703,0.000,0.176,0,0
D,860692,2.593,0.000,0.176,0,0
D,860698,2.659,0.000,0.088,0,0
D,860703,2.571,0.000,0.176,0,0
D,860708,2.571,0.000,0.088,0,0
D,860714,2.549,0.000,0.176,0,0
D,860719,2.527,0.000,0.088,0,0
D,860724,2.439,0.000,0.088,0,0
D,860730,2.483,0.000,0.088,0,0
D,860735,2.395,0.000,0.176,0,0
D,860740,2.351,0.000,0.088,0,0
D,860746,2.373,0.000,0.176,0,0
D,860751,2.285,0.000,0.176,0,0
D,860756,2.307,0.000,0.176,0,0
D,860762,2.307,0.000,0.176,0,0
D,860767,2.241,0.000,0.088,0,0
D,860772,2.197,0.000,0.176,0,0
D,860778,2.241,0.000,0.088,0,0
D,860783,2.109,0.000,0.088,0,0
D,860789,2.065,0.000,0.088,0,0
D,860794,2.087,0.000,0.176,0,0
D,860799,2.087,0.000,0.176,0,0
D,860805,2.000,0.000,0.088,0,0
D,860810,1.956,0.000,0.088,0,0
D,860815,2.000,0.000,0.176,0,0
D,860821,1.890,0.000,0.176,0,0
D,860826,1.890,0.000,0.176,0,0
D,860831,1.912,0.000,0.088,0,0
D,860837,1.846,0.000,0.088,0,0
D,860842,1.802,0.000,0.176,0,0
D,860847,1.758,0.000,0.176,0,0
D,860853,1.780,0.000,0.176,0,0
D,860858,1.670,0.000,0.088,0,0
D,860863,1.648,0.000,0.176,0,0
D,860869,1.692,0.000,0.088,0,0
D,860874,1.626,0.000,0.088,0,0
D,860879,1.626,0.000,0.088,0,0
D,860885,1.626,0.000,0.088,0,0
D,860890,1.582,0.000,0.088,0,0
D,860895,1.472,0.000,0.088,0,0
D,860901,1.516,0.000,0.176,0,0
D,860906,1.472,0.000,0.176,0,0
D,860911,1.428,0.000,0.088,0,0
D,860917,1.450,0.000,0.088,0,0
D,860922,1.384,0.000,0.176,0,0
D,860927,1.362,0.000,0.088,0,0
D,860933,1.340,0.000,0.088,0,0
D,860938,1.340,0.000,0.088,0,0
D,860944,1.340,0.000,0.088,0,0
D,860949,1.296,0.000,0.176,0,0
D,860954,1.230,0.000,0.176,0,0
D,860960,1.187,0.000,0.088,0,0
D,860965,1.165,0.000,0.176,0,0
D,860970,1.099,0.000,0.088,0,0
D,860976,1.143,0.000,0.176,0,0
D,860981,1.077,0.000,0.176,0,0
D,860986,1.121,0.000,0.176,0,0
D,860992,1.099,0.000,0.176,0,0
D,860997,1.055,0.000,0.176,0,0
D,861002,1.033,0.000,0.088,0,0
D,861008,1.033,0.000,0.176,0,0
D,861013,1.033,0.000,0.176,0,0
D,861018,0.967,0.000,0.176,0,0
D,861024,0.967,0.000,0.176,0,0
D,861029,1.011,0.000,0.176,0,0
D,861034,0.989,0.000,0.176,0,0
D,861040,0.945,0.000,0.176,0,0
D,861045,0.967,0.000,0.176,0,0
D,861050,0.901,0.000,0.176,0,0
D,861056,0.857,0.000,0.088,0,0
D,861061,0.901,0.000,0.176,0,0
D,861066,0.923,0.000,0.176,0,0
D,861072,0.901,0.000,0.176,0,0
D,861077,0.901,0.000,0.176,0,0
D,861082,0.835,0.000,0.176,0,0
D,861088,0.923,0.000,0.176,0,0
D,861093,0.901,0.000,0.176,0,0
D,861099,0.791,0.000,0.088,0,0
D,861104,0.835,0.000,0.176,0,0
D,861109,0.879,0.000,0.176,0,0
D,861115,0.901,0.000,0.176,0,0
D,861120,0.857,0.000,0.088,0,0
D,861125,0.901,0.000,0.176,0,0
D,861131,0.967,0.000,0.176,0,0
D,861136,0.835,0.000,0.176,0,0
D,861141,0.923,0.000,0.176,0,0
D,861147,0.989,0.000,0.176,0,0
D,861152,0.945,0.000,0.176,0,0
D,861157,0.879,0.000,0.176,0,0
D,861163,0.989,0.000,0.176,0,0
D,861168,0.967,0.000,0.176,0,0
D,861173,0.967,0.000,0.176,0,0
D,861179,0.989,0.000,0.176,0,0
D,861184,0.989,0.000,0.176,0,0
D,861189,1.077,0.000,0.176,0,0
D,861195,0.989,0.000,0.176,0,0
D,861200,1.011,0.000,0.176,0,0
D,861205,0.989,0.000,0.176,0,0
D,861211,1.033,0.000,0.176,0,0
D,861216,1.077,0.000,0.176,0,0
D,861221,1.165,0.000,0.176,0,0
D,861227,1.143,0.000,0.176,0,0
D,861232,1.143,0.000,0.176,0,0
D,861238,1.121,0.000,0.176,0,0
D,861243,1.143,0.000,0.176,0,0
D,861248,1.208,0.000,0.176,0,0
D,861254,1.252,0.000,0.088,0,0
D,861259,1.187,0.000,0.176,0,0
D,861264,1.252,0.000,0.176,0,0
D,861270,1.274,0.000,0.176,0,0
D,861275,1.340,0.000,0.176,0,0
D,861280,1.318,0.000,0.176,0,0
D,861286,1.340,0.000,0.176,0,0
D,861291,1.340,0.000,0.176,0,0
D,861296,1.406,0.000,0.176,0,0
D,861302,1.384,0.000,0.176,0,0
D,861307,1.362,0.000,0.176,0,0
D,861312,1.472,0.000,0.176,0,0
D,861318,1.494,0.000,0.176,0,0
D,861323,1.516,0.000,0.176,0,0
D,861328,1.560,0.000,0.176,0,0
D,861334,1.516,0.000,0.088,0,0
D,861339,1.560,0.000,0.176,0,0
D,861344,1.648,0.000,0.176,0,0
D,861350,1.648,0.000,0.176,0,0
D,861355,1.736,0.000,0.176,0,0
D,861360,1.692,0.000,0.176,0,0
D,861366,1.714,0.000,0.176,0,0
D,861371,1.670,0.000,0.176,0,0
D,861376,1.758,0.000,0.176,0,0
D,861382,1.780,0.000,0.176,0,0
D,861387,1.780,0.000,0.176,0,0
D,861393,1.868,0.000,0.176,0,0
D,861398,1.956,0.000,0.176,0,0
D,861403,1.978,0.000,0.176,0,0
D,861409,1.912,0.000,0.176,0,0
D,861414,1.978,0.000,0.176,0,0
D,861419,2.000,0.000,0.176,0,0
D,861425,1.978,0.000,0.176,0,0
D,861430,2.087,0.000,0.176,0,0
D,861435,2.065,0.000,0.176,0,0
D,861441,2.065,0.000,0.176,0,0
D,861446,2.153,0.000,0.176,0,0
D,861451,2.197,0.000,0.176,0,0
D,861457,2.087,0.000,0.176,0,0
D,861462,2.263,0.000,0.176,0,0
D,861467,2.241,0.000,0.176,0,0
D,861473,2.285,0.000,0.176,0,0
D,861478,2.285,0.000,0.176,0,0
D,861483,2.263,0.000,0.176,0,0
D,861489,2.351,0.000,0.176,0,0
D,861494,2.351,0.000,0.176,0,0
D,861499,2.395,0.000,0.176,0,0
D,861505,2.417,0.000,0.176,0,0
D,861510,2.417,0.000,0.176,0,0
D,861515,2.461,0.000,0.176,0,0
D,861521,2.527,0.000,0.176,0,0
D,861526,2.505,0.000,0.176,0,0
D,861531,2.549,0.000,0.176,0,0
D,861537,2.593,0.000,0.176,0,0
D,861542,2.637,0.000,0.176,0,0
D,861548,2.637,0.000,0.176,0,0
D,861553,2.659,0.000,0.176,0,0
D,861558,2.659,0.000,0.176,0,0
D,861564,2.593,0.000,0.176,0,0
D,861569,2.703,0.000,0.176,0,0
D,861574,2.703,0.000,0.176,0,0
D,861580,2.791,0.000,0.176,0,0
D,861585,2.703,0.000,0.176,0,0
D,861590,2.747,0.000,0.176,0,0
D,861596,2.769,0.000,0.176,0,0
D,861601,2.747,0.000,0.088,0,0
D,861606,2.769,0.000,0.176,0,0
D,861612,2.813,0.000,0.176,0,0
D,861617,2.813,0.000,0.176,0,0
D,861622,2.856,0.000,0.176,0,0
D,861628,2.834,0.000,0.176,0,0
D,861633,2.834,0.000,0.176,0,0
D,861638,2.856,0.000,0.176,0,0
D,861644,2.856,0.000,0.176,0,0
D,861649,2.856,0.000,0.176,0,0
D,861654,2.944,0.000,0.176,0,0
D,861660,2.900,0.000,0.176,0,0
D,861665,2.878,0.000,0.176,0,0
D,861670,2.856,0.000,0.176,0,0
D,861676,2.922,0.000,0.176,0,0
D,861681,2.922,0.000,0.176,0,0
D,861686,2.900,0.000,0.176,0,0
D,861692,2.922,0.000,0.176,0,0
D,861697,2.900,0.000,0.176,0,0
D,861703,2.900,0.000,0.176,0,0
D,861708,2.856,0.000,0.176,0,0
D,861713,2.834,0.000,0.176,0,0
D,861719,2.900,0.000,0.176,0,0
D,861724,2.878,0.000,0.176,0,0
D,861729,2.791,0.000,0.176,0,0
E,861733,MARK
D,861735,2.900,0.000,0.176,0,0
D,861740,2.878,0.000,0.176,0,0
D,861745,2.813,0.000,0.176,0,0
D,861751,2.834,0.000,0.176,0,0
D,861756,2.834,0.000,0.176,0,0
D,861761,2.813,0.000,0.176,0,0
D,861767,2.813,0.000,0.176,0,0
D,861772,2.769,0.000,0.176,0,0
D,861777,2.791,0.000,0.176,0,0
D,861783,2.791,0.000,0.176,0,0
D,861788,2.747,0.000,0.176,0,0
D,861793,2.747,0.000,0.176,0,0
D,861799,2.659,0.000,0.176,0,0
D,861804,2.681,0.000,0.176,0,0
D,861809,2.637,0.000,0.176,0,0
D,861815,2.703,0.000,0.176,0,0
D,861820,2.615,0.000,0.176,0,0
D,861825,2.637,0.000,0.176,0,0
D,861831,2.659,0.000,0.176,0,0
D,861836,2.637,0.000,0.176,0,0
D,861842,2.593,0.000,0.176,0,0
D,861847,2.593,0.000,0.176,0,0
D,861852,2.571,0.000,0.176,0,0
D,861858,2.527,0.000,0.176,0,0
D,861863,2.527,0.000,0.176,0,0
D,861868,2.461,0.000,0.176,0,0
D,861874,2.483,0.000,0.176,0,0
D,861879,2.483,0.000,0.176,0,0
D,861884,2.439,0.000,0.176,0,0
D,861890,2.461,0.000,0.176,0,0
D,861895,2.395,0.000,0.176,0,0
D,861900,2.395,0.000,0.176,0,0
D,861906,2.417,0.000,0.176,0,0
D,861911,2.307,0.000,0.176,0,0
D,861916,2.307,0.000,0.088,0,0
D,861922,2.285,0.000,0.088,0,0
D,861927,2.285,0.000,0.176,0,0
D,861932,2.197,0.000,0.176,0,0
D,861938,2.241,0.000,0.176,0,0
D,861943,2.241,0.000,0.176,0,0
D,861948,2.219,0.000,0.088,0,0
D,861954,2.175,0.000,0.176,0,0
D,861959,2.197,0.000,0.176,0,0
D,861964,2.109,0.000,0.176,0,0
D,861970,2.153,0.000,0.176,0,0
D,861975,2.175,0.000,0.176,0,0
D,861980,2.087,0.000,0.176,0,0
D,861986,2.065,0.000,0.176,0,0
D,861991,1.978,0.000,0.176,0,0
D,861997,2.021,0.000,0.176,0,0
D,862002,2.000,0.000,0.176,0,0
D,862007,1.978,0.000,0.088,0,0
D,862013,2.000,0.000,0.176,0,0
D,862018,1.978,0.000,0.176,0,0
D,862023,1.934,0.000,0.176,0,0
D,862029,1.934,0.000,0.176,0,0
D,862034,1.868,0.000,0.176,0,0
D,862039,1.912,0.000,0.176,0,0
D,862045,1.912,0.000,0.176,0,0
D,862050,1.890,0.000,0.176,0,0
D,862055,1.912,0.000,0.176,0,0
D,862061,1.824,0.000,0.176,0,0
D,862066,1.824,0.000,0.176,0,0
D,862071,1.758,0.000,0.176,0,0
D,862077,1.846,0.000,0.176,0,0
D,862082,1.780,0.000,0.176,0,0
D,862087,1.802,0.000,0.176,0,0
D,862093,1.802,0.000,0.176,0,0
D,862098,1.736,0.000,0.176,0,0
D,862103,1.758,0.000,0.176,0,0
D,862109,1.736,0.000,0.176,0,0
D,862114,1.670,0.000,0.176,0,0
D,862119,1.736,0.000,0.088,0,0
D,862125,1.758,0.000,0.176,0,0
D,862130,1.736,0.000,0.176,0,0
D,862135,1.736,0.000,0.176,0,0
D,862141,1.714,0.000,0.176,0,0
D,862146,1.736,0.000,0.176,0,0
D,862152,1.714,0.000,0.176,0,0
D,862157,1.736,0.000,0.176,0,0
D,862162,1.692,0.000,0.176,0,0
D,862168,1.714,0.000,0.176,0,0
D,862173,1.714,0.000,0.176,0,0
D,862178,1.758,0.000,0.176,0,0
D,862184,1.670,0.000,0.176,0,0
D,862189,1.692,0.000,0.176,0,0
D,862194,1.758,0.000,0.176,0,0
D,862200,1.692,0.000,0.176,0,0
D,862205,1.692,0.000,0.176,0,0
D,862210,1.736,0.000,0.176,0,0
D,862216,1.736,0.000,0.176,0,0
D,862221,1.692,0.000,0.176,0,0
D,862226,1.692,0.000,0.176,0,0
D,862232,1.736,0.000,0.176,0,0
D,862237,1.758,0.000,0.176,0,0
D,862242,1.736,0.000,0.088,0,0
D,862248,1.736,0.000,0.176,0,0
D,862253,1.692,0.000,0.176,0,0
D,862258,1.780,0.000,0.176,0,0
D,862264,1.758,0.000,0.176,0,0
D,862269,1.758,0.000,0.176,0,0
D,862274,1.802,0.000,0.176,0,0
D,862280,1.780,0.000,0.176,0,0
D,862285,1.758,0.000,0.088,0,0
D,862290,1.802,0.000,0.176,0,0
D,862296,1.736,0.000,0.176,0,0
D,862301,1.846,0.000,0.088,0,0
D,862307,1.802,0.000,0.176,0,0
D,862312,1.846,0.000,0.176,0,0
D,862317,1.890,0.000,0.176,0,0
D,862323,1.846,0.000,0.176,0,0
D,862328,1.868,0.000,0.176,0,0
D,862333,1.802,0.000,0.176,0,0
D,862339,1.890,0.000,0.176,0,0
D,862344,1.846,0.000,0.176,0,0
D,862349,1.912,0.000,0.176,0,0
D,862355,1.868,0.000,0.176,0,0
D,862360,1.934,0.000,0.088,0,0
D,862365,1.912,0.000,0.176,0,0
D,862371,1.912,0.000,0.176,0,0
D,862376,1.934,0.000,0.176,0,0
D,862381,1.934,0.000,0.176,0,0
D,862387,1.956,0.000,0.176,0,0
D,862392,1.912,0.000,0.176,0,0
D,862397,1.978,0.000,0.088,0,0
D,862403,1.956,0.000,0.176,0,0
D,862408,1.956,0.000,0.176,0,0
D,862413,1.978,0.000,0.176,0,0
D,862419,1.956,0.000,0.176,0,0
D,862424,1.956,0.000,0.176,0,0
D,862429,1.912,0.000,0.176,0,0
D,862435,2.000,0.000,0.176,0,0
D,862440,2.000,0.000,0.176,0,0
D,862445,2.021,0.000,0.176,0,0
D,862451,2.021,0.000,0.176,0,0
D,862456,1.978,0.000,0.176,0,0
D,862462,1.978,0.000,0.176,0,0
D,862467,1.978,0.000,0.176,0,0
D,862472,1.956,0.000,0.176,0,0
D,862478,1.956,0.000,0.176,0,0
D,862483,1.956,0.000,0.176,0,0
D,862488,2.087,0.000,0.176,0,0
D,862494,2.000,0.000,0.088,0,0
D,862499,2.000,0.000,0.176,0,0
D,862504,2.000,0.000,0.176,0,0
D,862510,2.000,0.000,0.176,0,0
D,862515,2.000,0.000,0.176,0,0
D,862520,2.000,0.000,0.176,0,0
D,862526,2.043,0.000,0.176,0,0
D,862531,1.978,0.000,0.176,0,0
D,862536,1.934,0.000,0.176,0,0
D,862542,1.890,0.000,0.176,0,0
D,862547,1.978,0.000,0.176,0,0
D,862552,1.912,0.000,0.176,0,0
D,862558,1.934,0.000,0.176,0,0
D,862563,1.934,0.000,0.176,0,0
D,862568,1.934,0.000,0.176,0,0
D,862574,1.956,0.000,0.176,0,0
D,862579,1.912,0.000,0.176,0,0
D,862584,1.978,0.000,0.088,0,0
D,862590,1.934,0.000,0.176,0,0
D,862595,1.912,0.000,0.176,0,0
D,862600,1.890,0.000,0.176,0,0
D,862606,1.846,0.000,0.176,0,0
D,862611,1.934,0.000,0.176,0,0
D,862617,1.890,0.000,0.176,0,0
D,862622,1.868,0.000,0.176,0,0
D,862627,1.846,0.000,0.176,0,0
D,862633,1.780,0.000,0.088,0,0
D,862638,1.824,0.000,0.176,0,0
D,862643,1.824,0.000,0.176,0,0
D,862649,1.780,0.000,0.176,0,0
D,862654,1.758,0.000,0.176,0,0
D,862659,1.846,0.000,0.176,0,0
D,862665,1.780,0.000,0.176,0,0
D,862670,1.758,0.000,0.176,0,0
D,862675,1.758,0.000,0.176,0,0
D,862681,1.758,0.000,0.176,0,0
D,862686,1.736,0.000,0.176,0,0
D,862691,1.758,0.000,0.176,0,0
D,862697,1.714,0.000,0.176,0,0
D,862702,1.714,0.000,0.176,0,0
D,862707,1.758,0.000,0.176,0,0
D,862713,1.692,0.000,0.176,0,0
D,862718,1.736,0.000,0.176,0,0
D,862723,1.714,0.000,0.176,0,0
D,862729,1.692,0.000,0.176,0,0
D,862734,1.714,0.000,0.176,0,0
D,862739,1.648,0.000,0.176,0,0
D,862745,1.670,0.000,0.176,0,0
D,862750,1.714,0.000,0.176,0,0
D,862755,1.626,0.000,0.176,0,0
D,862761,1.582,0.000,0.176,0,0
D,862766,1.692,0.000,0.176,0,0
D,862772,1.648,0.000,0.176,0,0
D,862777,1.648,0.000,0.176,0,0
D,862782,1.626,0.000,0.176,0,0
D,862788,1.582,0.000,0.176,0,0
D,862793,1.582,0.000,0.176,0,0
D,862798,1.582,0.000,0.176,0,0
D,862804,1.626,0.000,0.176,0,0
D,862809,1.582,0.000,0.176,0,0
D,862814,1.560,0.000,0.176,0,0
D,862820,1.582,0.000,0.176,0,0
D,862825,1.560,0.000,0.176,0,0
D,862830,1.538,0.000,0.176,0,0
D,862836,1.494,0.000,0.176,0,0
D,862841,1.516,0.000,0.176,0,0
D,862846,1.538,0.000,0.176,0,0
D,862852,1.494,0.000,0.088,0,0
D,862857,1.494,0.000,0.176,0,0
D,862862,1.450,0.000,0.088,0,0
D,862868,1.494,0.000,0.176,0,0
D,862873,1.494,0.000,0.176,0,0
D,862878,1.450,0.000,0.176,0,0
D,862884,1.428,0.000,0.176,0,0
D,862889,1.450,0.000,0.176,0,0
D,862894,1.428,0.000,0.088,0,0
D,862900,1.472,0.000,0.176,0,0
D,862905,1.494,0.000,0.176,0,0
D,862910,1.428,0.000,0.176,0,0
D,862916,1.428,0.000,0.176,0,0
D,862921,1.362,0.000,0.176,0,0
D,862927,1.450,0.000,0.176,0,0
D,862932,1.318,0.000,0.176,0,0
D,862937,1.340,0.000,0.176,0,0
D,862943,1.384,0.000,0.176,0,0
D,862948,1.362,0.000,0.176,0,0
D,862953,1.340,0.000,0.176,0,0
D,862959,1.340,0.000,0.176,0,0
D,862964,1.318,0.000,0.176,0,0
D,862969,1.340,0.000,0.176,0,0
D,862975,1.318,0.000,0.088,0,0
D,862980,1.340,0.000,0.176,0,0
D,862985,1.252,0.000,0.176,0,0
D,862991,1.296,0.000,0.176,0,0
D,862996,1.296,0.000,0.176,0,0
D,863001,1.274,0.000,0.176,0,0
D,863007,1.230,0.000,0.176,0,0
D,863012,1.230,0.000,0.176,0,0
D,863017,1.252,0.000,0.176,0,0
D,863023,1.252,0.000,0.176,0,0
D,863028,1.208,0.000,0.176,0,0
D,863033,1.208,0.000,0.176,0,0
D,863039,1.165,0.000,0.176,0,0
D,863044,1.165,0.000,0.176,0,0
D,863049,1.143,0.000,0.088,0,0
D,863055,1.187,0.000,0.176,0,0
D,863060,1.121,0.000,0.176,0,0
D,863066,1.143,0.000,0.176,0,0
D,863071,1.077,0.000,0.176,0,0
D,863076,1.143,0.000,0.176,0,0
D,863082,1.077,0.000,0.088,0,0
D,863087,1.055,0.000,0.176,0,0
D,863092,1.099,0.000,0.176,0,0
D,863098,1.011,0.000,0.176,0,0
D,863103,0.989,0.000,0.176,0,0
D,863108,0.967,0.000,0.176,0,0
D,863114,0.945,0.000,0.176,0,0
D,863119,0.857,0.000,0.176,0,0
D,863124,0.879,0.000,0.176,0,0
D,863130,0.835,0.000,0.176,0,0
D,863135,0.835,0.000,0.176,0,0
D,863140,0.813,0.000,0.176,0,0
D,863146,0.703,0.000,0.176,0,0
D,863151,0.681,0.000,0.176,0,0
D,863156,0.593,0.000,0.176,0,0
D,863162,0.527,0.000,0.176,0,0
D,863167,0.461,0.000,0.176,0,0
D,863172,0.461,0.000,0.176,0,0
D,863178,0.396,0.000,0.176,0,0
D,863183,0.286,0.000,0.176,0,0
D,863188,0.242,0.000,0.176,0,0
D,863194,0.198,0.000,0.176,0,0
D,863199,0.066,0.000,0.176,0,0
D,863204,0.066,0.000,0.176,0,0
D,863210,0.022,0.000,0.176,0,0
D,863215,-0.066,0.000,0.176,0,0
D,863221,-0.132,0.000,0.176,0,0
D,863226,-0.110,0.000,0.176,0,0
D,863231,-0.176,0.000,0.176,0,0
D,863237,-0.264,0.000,0.176,0,0
D,863242,-0.352,0.000,0.176,0,0
D,863247,-0.374,0.000,0.176,0,0
D,863253,-0.396,0.000,0.176,0,0
D,863258,-0.439,0.000,0.176,0,0
D,863263,-0.461,0.000,0.176,0,0
D,863269,-0.527,0.000,0.176,0,0
D,863274,-0.593,0.000,0.176,0,0
D,863279,-0.703,0.000,0.176,0,0
D,863285,-0.725,0.000,0.176,0,0
D,863290,-0.703,0.000,0.176,0,0
D,863295,-0.791,0.000,0.176,0,0
D,863301,-0.857,0.000,0.176,0,0
D,863306,-0.901,0.000,0.176,0,0
D,863311,-0.967,0.000,0.176,0,0
D,863317,-1.011,0.000,0.176,0,0
D,863322,-1.099,0.000,0.176,0,0
D,863327,-1.121,0.000,0.176,0,0
D,863333,-1.187,0.000,0.176,0,0
D,863338,-1.296,0.000,0.176,0,0
D,863343,-1.362,0.000,0.176,0,0
D,863349,-1.472,0.000,0.176,0,0
D,863354,-1.604,0.000,0.088,0,0
D,863359,-1.604,0.000,0.176,0,0
D,863365,-1.714,0.000,0.176,0,0
D,863370,-1.824,0.000,0.176,0,0
D,863376,-1.934,0.000,0.176,0,0
D,863381,-2.065,0.000,0.176,0,0
D,863386,-2.131,0.000,0.176,0,0
D,863392,-2.219,0.000,0.176,0,0
D,863397,-2.307,0.000,0.176,0,0
D,863402,-2.483,0.000,0.176,0,0
D,863408,-2.571,0.000,0.176,0,0
D,863413,-2.703,0.000,0.176,0,0
D,863418,-2.834,0.000,0.176,0,0
D,863424,-2.966,0.000,0.176,0,0
D,863429,-3.252,0.000,0.176,0,0
D,863434,-3.318,0.000,0.176,0,0
D,863440,-3.516,0.000,0.176,0,0
D,863445,-3.625,0.000,0.176,0,0
D,863450,-3.779,0.000,0.176,0,0
D,863456,-3.955,0.000,0.176,0,0
D,863461,-4.175,0.000,0.176,0,0
D,863466,-4.373,0.000,0.176,0,0
D,863472,-4.504,0.000,0.176,0,0
D,863477,-4.746,0.000,0.176,0,0
D,863482,-5.010,0.000,0.176,0,0
D,863488,-5.076,0.000,0.176,0,0
D,863493,-5.405,0.000,0.176,0,0
D,863498,-5.515,0.000,0.176,0,0
D,863504,-5.779,0.000,0.176,0,0
D,863509,-5.999,0.000,0.176,0,0
D,863515,-6.240,0.000,0.176,0,0
D,863520,-6.482,0.000,0.176,0,0
D,863525,-6.768,0.000,0.176,0,0
D,863531,-6.943,0.000,0.176,0,0
D,863536,-7.273,0.000,0.264,0,0
D,863541,-7.537,0.000,0.176,0,0
D,863547,-7.844,0.000,0.176,0,0
D,863552,-8.196,0.000,0.264,0,0
D,863557,-8.350,0.000,0.264,0,0
D,863563,-8.767,0.000,0.264,0,0
D,863568,-9.075,0.000,0.264,0,0
D,863573,-9.404,0.000,0.264,0,0
D,863579,-9.734,0.000,0.264,0,0
D,863584,-10.042,0.000,0.264,0,0
D,863589,-10.371,0.000,0.264,0,0
D,863595,-10.789,0.000,0.264,0,0
D,863600,-11.052,0.000,0.264,0,0
D,863605,-11.360,0.000,0.176,0,0
D,863611,-11.865,0.000,0.264,0,0
D,863616,-12.107,0.000,0.264,0,0
D,863621,-12.195,0.000,0.264,0,0
D,863627,-12.305,0.000,0.264,0,0
D,863632,-12.480,0.000,0.264,0,0
D,863637,-12.832,0.000,0.264,0,0
D,863643,-13.140,0.000,0.264,0,0
D,863648,-13.447,0.000,0.264,0,0
D,863654,-13.755,0.000,0.264,0,0
D,863659,-13.931,0.000,0.264,0,0
D,863664,-14.084,0.000,0.264,0,0
D,863670,-14.326,0.000,0.264,0,0
D,863675,-14.568,0.000,0.264,0,0
D,863680,-14.810,0.000,0.264,0,0
D,863686,-15.029,0.000,0.264,0,0
D,863691,-15.249,0.000,0.264,0,0
D,863696,-15.491,0.000,0.264,0,0
D,863702,-15.623,0.000,0.264,0,0
D,863707,-15.732,0.000,0.264,0,0
D,863712,-15.820,0.000,0.264,0,0
D,863718,-15.842,0.000,0.264,0,0
D,863723,-15.908,0.000,0.264,0,0
D,863728,-15.930,0.000,0.264,0,0
D,863734,-15.908,0.000,0.264,0,0
D,863739,-15.886,0.000,0.264,0,0
D,863744,-15.974,0.000,0.264,0,0
D,863750,-16.106,0.000,0.352,0,0
D,863755,-16.128,0.000,0.352,0,0
D,863760,-16.128,0.000,0.352,0,0
D,863766,-16.150,0.000,0.352,0,0
D,863771,-16.216,0.000,0.352,0,0
D,863776,-16.172,0.000,0.352,0,0
D,863782,-16.106,0.000,0.352,0,0
D,863787,-16.150,0.000,0.352,0,0
D,863792,-15.996,0.000,0.352,0,0
D,863798,-16.040,0.000,0.352,0,0
D,863803,-15.886,0.000,0.352,0,0
D,863809,-15.908,0.000,0.352,0,0
D,863814,-15.776,0.000,0.352,0,0
D,863819,-15.732,0.000,0.352,0,0
D,863825,-15.645,0.000,0.352,0,0
D,863830,-15.623,0.000,0.352,0,0
D,863835,-15.513,0.000,0.352,0,0
D,863841,-15.425,0.000,0.352,0,0
D,863846,-15.337,0.000,0.352,0,0
D,863851,-15.139,0.000,0.352,0,0
D,863857,-15.029,0.000,0.352,0,0
D,863862,-14.919,0.000,0.352,0,0
D,863867,-14.832,0.000,0.352,0,0
D,863873,-14.744,0.000,0.352,0,0
D,863878,-14.590,0.000,0.352,0,0
D,863883,-14.370,0.000,0.352,0,0
D,863889,-14.238,0.000,0.352,0,0
D,863894,-14.041,0.000,0.352,0,0
D,863899,-13.953,0.000,0.352,0,0
D,863905,-13.689,0.000,0.352,0,0
D,863910,-13.535,0.000,0.439,0,0
D,863915,-13.337,0.000,0.439,0,0
D,863921,-13.118,0.000,0.352,0,0
D,863926,-12.986,0.000,0.439,0,0
D,863931,-12.788,0.000,0.352,0,0
D,863937,-12.568,0.000,0.352,0,0
D,863942,-12.327,0.000,0.352,0,0
D,863948,-12.283,0.000,0.439,0,0
D,863953,-11.931,0.000,0.439,0,0
D,863958,-11.755,0.000,0.527,0,0
D,863964,-11.426,0.000,0.527,0,0
D,863969,-11.294,0.000,0.615,0,0
D,863974,-11.096,0.000,0.615,0,0
D,863980,-10.854,0.000,0.703,0,0
D,863985,-10.591,0.000,0.703,0,0
D,863990,-10.261,0.000,0.703,0,0
D,863996,-10.042,0.000,0.703,0,0
D,864001,-9.866,0.000,0.615,0,0
D,864006,-9.602,0.000,0.615,0,0
D,864012,-9.382,0.000,0.615,0,0
D,864017,-9.075,0.000,0.615,0,0
D,864022,-8.811,0.000,0.615,0,0
D,864028,-8.613,0.000,0.615,0,0
D,864033,-8.350,0.000,0.615,0,0
D,864038,-7.998,0.000,0.615,0,0
D,864044,-7.756,0.000,0.703,0,0
D,864049,-7.449,0.000,0.703,0,0
D,864054,-7.273,0.000,0.703,0,0
D,864060,-6.943,0.000,0.615,0,0
D,864065,-6.636,0.000,0.615,0,0
D,864070,-6.416,0.000,0.615,0,0
D,864076,-6.064,0.000,0.615,0,0
D,864081,-5.845,0.000,0.703,0,0
D,864087,-5.581,0.000,0.703,0,0
D,864092,-5.273,0.000,0.615,0,0
D,864097,-5.032,0.000,0.703,0,0
D,864103,-4.724,0.000,0.703,0,0
D,864108,-4.526,0.000,0.703,0,0
D,864113,-4.197,0.000,0.703,0,0
D,864119,-3.933,0.000,0.703,0,0
D,864124,-3.647,0.000,0.703,0,0
D,864129,-3.318,0.000,0.703,0,0
D,864135,-3.120,0.000,0.703,0,0
D,864140,-2.813,0.000,0.615,0,0
D,864145,-2.549,0.000,0.703,0,0
D,864151,-2.285,0.000,0.703,0,0
D,864156,-2.000,0.000,0.703,0,0
D,864161,-1.736,0.000,0.703,0,0
D,864167,-1.516,0.000,0.703,0,0
D,864172,-1.208,0.000,0.703,0,0
D,864177,-0.989,0.000,0.615,0,0
D,864183,-0.659,0.000,0.615,0,0
D,864188,-0.417,0.000,0.703,0,0
D,864193,-0.220,0.000,0.703,0,0
D,864199,0.132,0.000,0.615,0,0
D,864204,0.330,0.000,0.703,0,0
D,864209,0.571,0.000,0.703,0,0
D,864215,0.813,0.000,0.703,0,0
D,864220,0.989,0.000,0.703,0,0
D,864226,1.230,0.000,0.615,0,0
D,864231,1.472,0.000,0.703,0,0
D,864236,1.670,0.000,0.703,0,0
D,864242,1.868,0.000,0.615,0,0
D,864247,2.131,0.000,0.703,0,0
D,864252,2.329,0.000,0.703,0,0
D,864258,2.461,0.000,0.615,0,0
D,864263,2.703,0.000,0.615,0,0
D,864268,2.878,0.000,0.703,0,0
D,864274,3.164,0.000,0.615,0,0
D,864279,3.230,0.000,0.703,0,0
D,864284,3.428,0.000,0.615,0,0
D,864290,3.647,0.000,0.703,0,0
D,864295,3.669,0.000,0.703,0,0
D,864300,3.845,0.000,0.615,0,0
D,864306,4.043,0.000,0.703,0,0
D,864311,4.219,0.000,0.615,0,0
D,864316,4.373,0.000,0.703,0,0
D,864322,4.504,0.000,0.615,0,0
D,864327,4.680,0.000,0.703,0,0
D,864332,4.790,0.000,0.703,0,0
D,864338,4.944,0.000,0.615,0,0
D,864343,5.010,0.000,0.615,0,0
D,864348,5.142,0.000,0.703,0,0
D,864354,5.208,0.000,0.615,0,0
D,864359,5.295,0.000,0.615,0,0
D,864364,5.383,0.000,0.615,0,0
D,864370,5.471,0.000,0.615,0,0
D,864375,5.493,0.000,0.703,0,0
D,864381,5.559,0.000,0.703,0,0
D,864386,5.713,0.000,0.615,0,0
D,864391,5.823,0.000,0.615,0,0
D,864397,5.801,0.000,0.615,0,0
D,864402,5.823,0.000,0.615,0,0
D,864407,5.867,0.000,0.615,0,0
D,864413,5.933,0.000,0.615,0,0
D,864418,5.911,0.000,0.615,0,0
D,864423,5.867,0.000,0.615,0,0
D,864429,5.911,0.000,0.615,0,0
D,864434,5.889,0.000,0.703,0,0
D,864439,5.889,0.000,0.615,0,0
D,864445,5.801,0.000,0.703,0,0
D,864450,5.801,0.000,0.615,0,0
D,864455,5.647,0.000,0.703,0,0
D,864461,5.581,0.000,0.615,0,0
D,864466,5.471,0.000,0.615,0,0
D,864471,5.383,0.000,0.703,0,0
D,864477,5.229,0.000,0.615,0,0
D,864482,5.186,0.000,0.615,0,0
D,864487,4.988,0.000,0.615,0,0
D,864493,4.856,0.000,0.615,0,0
D,864498,4.768,0.000,0.615,0,0
D,864503,4.570,0.000,0.703,0,0
D,864509,4.504,0.000,0.703,0,0
D,864514,4.307,0.000,0.615,0,0
D,864519,4.197,0.000,0.615,0,0
D,864525,4.021,0.000,0.615,0,0
D,864530,3.911,0.000,0.615,0,0
D,864535,3.823,0.000,0.615,0,0
D,864541,3.604,0.000,0.615,0,0
D,864546,3.362,0.000,0.615,0,0
D,864552,3.186,0.000,0.703,0,0
D,864557,3.120,0.000,0.615,0,0
D,864562,2.922,0.000,0.615,0,0
D,864568,2.703,0.000,0.615,0,0
D,864573,2.527,0.000,0.615,0,0
D,864578,2.351,0.000,0.615,0,0
D,864584,2.153,0.000,0.615,0,0
D,864589,1.868,0.000,0.615,0,0
D,864594,1.604,0.000,0.615,0,0
D,864600,1.340,0.000,0.615,0,0
D,864605,1.121,0.000,0.615,0,0
D,864610,0.835,0.000,0.615,0,0
D,864616,0.505,0.000,0.615,0,0
D,864621,0.308,0.000,0.615,0,0
D,864626,0.044,0.000,0.615,0,0
D,864632,-0.264,0.000,0.615,0,0
D,864637,-0.527,0.000,0.615,0,0
D,864642,-0.747,0.000,0.615,0,0
D,864648,-1.055,0.000,0.615,0,0
D,864653,-1.296,0.000,0.615,0,0
D,864658,-1.648,0.000,0.615,0,0
D,864664,-1.978,0.000,0.615,0,0
D,864669,-2.197,0.000,0.615,0,0
D,864674,-2.417,0.000,0.615,0,0
D,864680,-2.725,0.000,0.615,0,0
D,864685,-3.098,0.000,0.615,0,0
D,864691,-3.296,0.000,0.615,0,0
D,864696,-3.604,0.000,0.615,0,0
D,864701,-3.867,0.000,0.615,0,0
D,864707,-4.175,0.000,0.615,0,0
D,864712,-4.373,0.000,0.615,0,0
D,864717,-4.680,0.000,0.615,0,0
D,864723,-5.010,0.000,0.615,0,0
D,864728,-5.229,0.000,0.615,0,0
D,864733,-5.493,0.000,0.527,0,0
D,864739,-5.757,0.000,0.527,0,0
D,864744,-6.064,0.000,0.527,0,0
D,864749,-6.284,0.000,0.439,0,0
D,864755,-6.460,0.000,0.439,0,0
D,864760,-6.724,0.000,0.439,0,0
D,864765,-7.009,0.000,0.439,0,0
D,864771,-7.251,0.000,0.439,0,0
D,864776,-7.493,0.000,0.439,0,0
D,864781,-7.734,0.000,0.439,0,0
D,864787,-7.976,0.000,0.439,0,0
D,864792,-8.196,0.000,0.439,0,0
D,864797,-8.394,0.000,0.439,0,0
D,864803,-8.591,0.000,0.439,0,0
D,864808,-8.811,0.000,0.352,0,0
D,864813,-9.009,0.000,0.439,0,0
D,864819,-9.207,0.000,0.439,0,0
D,864824,-9.272,0.000,0.352,0,0
D,864830,-9.558,0.000,0.439,0,0
D,864835,-9.646,0.000,0.352,0,0
D,864840,-9.800,0.000,0.439,0,0
D,864846,-10.020,0.000,0.352,0,0
D,864851,-10.129,0.000,0.439,0,0
D,864856,-10.261,0.000,0.439,0,0
D,864862,-10.393,0.000,0.439,0,0
D,864867,-10.481,0.000,0.439,0,0
D,864872,-10.591,0.000,0.439,0,0
D,864878,-10.657,0.000,0.439,0,0
D,864883,-10.789,0.000,0.439,0,0
D,864888,-10.833,0.000,0.439,0,0
D,864894,-10.920,0.000,0.439,0,0
D,864899,-10.986,0.000,0.439,0,0
D,864904,-11.030,0.000,0.439,0,0
D,864910,-11.052,0.000,0.439,0,0
D,864915,-11.140,0.000,0.439,0,0
D,864920,-11.118,0.000,0.439,0,0
D,864926,-11.184,0.000,0.439,0,0
D,864931,-11.206,0.000,0.439,0,0
D,864936,-11.118,0.000,0.439,0,0
D,864942,-11.140,0.000,0.439,0,0
D,864947,-11.096,0.000,0.439,0,0
D,864952,-11.140,0.000,0.439,0,0
D,864958,-11.030,0.000,0.439,0,0
D,864963,-10.920,0.000,0.439,0,0
D,864969,-10.898,0.000,0.439,0,0
D,864974,-10.876,0.000,0.439,0,0
D,864979,-10.789,0.000,0.439,0,0
D,864985,-10.701,0.000,0.439,0,0
D,864990,-10.591,0.000,0.439,0,0
D,864995,-10.481,0.000,0.439,0,0
D,865001,-10.393,0.000,0.439,0,0
D,865006,-10.283,0.000,0.439,0,0
D,865011,-10.151,0.000,0.439,0,0
D,865017,-10.042,0.000,0.439,0,0
D,865022,-9.888,0.000,0.439,0,0
D,865027,-9.734,0.000,0.439,0,0
D,865033,-9.602,0.000,0.439,0,0
D,865038,-9.404,0.000,0.439,0,0
D,865043,-9.185,0.000,0.439,0,0
D,865049,-9.075,0.000,0.439,0,0
D,865054,-8.833,0.000,0.439,0,0
D,865059,-8.591,0.000,0.439,0,0
D,865065,-8.394,0.000,0.439,0,0
D,865070,-8.240,0.000,0.439,0,0
D,865075,-7.976,0.000,0.439,0,0
D,865081,-7.778,0.000,0.439,0,0
D,865086,-7.603,0.000,0.439,0,0
D,865091,-7.295,0.000,0.439,0,0
D,865097,-7.053,0.000,0.439,0,0
D,865102,-6.877,0.000,0.439,0,0
D,865108,-6.592,0.000,0.527,0,0
D,865113,-6.328,0.000,0.439,0,0
D,865118,-6.130,0.000,0.439,0,0
D,865124,-5.845,0.000,0.439,0,0
D,865129,-5.603,0.000,0.439,0,0
D,865134,-5.405,0.000,0.439,0,0
D,865140,-5.032,0.000,0.439,0,0
D,865145,-4.746,0.000,0.439,0,0
D,865150,-4.592,0.000,0.439,0,0
D,865156,-4.307,0.000,0.439,0,0
D,865161,-4.065,0.000,0.439,0,0
D,865166,-3.713,0.000,0.439,0,0
D,865172,-3.472,0.000,0.439,0,0
D,865177,-3.230,0.000,0.439,0,0
D,865182,-2.900,0.000,0.439,0,0
D,865188,-2.725,0.000,0.439,0,0
D,865193,-2.417,0.000,0.439,0,0
D,865198,-2.175,0.000,0.439,0,0
D,865204,-1.846,0.000,0.439,0,0
D,865209,-1.582,0.000,0.439,0,0
D,865214,-1.274,0.000,0.439,0,0
D,865220,-0.989,0.000,0.439,0,0
D,865225,-0.747,0.000,0.439,0,0
D,865230,-0.483,0.000,0.439,0,0
D,865236,-0.220,0.000,0.439,0,0
D,865241,0.022,0.000,0.439,0,0
D,865246,0.374,0.000,0.439,0,0
D,865252,0.659,0.000,0.439,0,0
D,865257,0.857,0.000,0.439,0,0
D,865263,1.165,0.000,0.439,0,0
D,865268,1.318,0.000,0.439,0,0
D,865273,1.648,0.000,0.439,0,0
D,865279,1.824,0.000,0.439,0,0
D,865284,2.087,0.000,0.439,0,0
D,865289,2.307,0.000,0.439,0,0
D,865295,2.527,0.000,0.439,0,0
D,865300,2.725,0.000,0.439,0,0
D,865305,3.032,0.000,0.439,0,0
D,865311,3.208,0.000,0.439,0,0
D,865316,3.406,0.000,0.439,0,0
D,865321,3.647,0.000,0.439,0,0
D,865327,3.757,0.000,0.439,0,0
D,865332,4.043,0.000,0.439,0,0
D,865337,4.285,0.000,0.439,0,0
D,865343,4.395,0.000,0.439,0,0
D,865348,4.592,0.000,0.439,0,0
D,865353,4.812,0.000,0.439,0,0
D,865359,4.944,0.000,0.439,0,0
D,865364,5.076,0.000,0.439,0,0
D,865369,5.317,0.000,0.439,0,0
D,865375,5.405,0.000,0.439,0,0
D,865380,5.603,0.000,0.439,0,0
D,865385,5.713,0.000,0.439,0,0
D,865391,5.823,0.000,0.439,0,0
D,865396,5.977,0.000,0.439,0,0
D,865402,6.064,0.000,0.439,0,0
D,865407,6.152,0.000,0.439,0,0
D,865412,6.218,0.000,0.439,0,0
D,865418,6.372,0.000,0.439,0,0
D,865423,6.416,0.000,0.439,0,0
D,865428,6.504,0.000,0.439,0,0
D,865434,6.636,0.000,0.439,0,0
D,865439,6.658,0.000,0.439,0,0
D,865444,6.790,0.000,0.439,0,0
D,865450,6.746,0.000,0.439,0,0
D,865455,6.790,0.000,0.439,0,0
D,865460,6.855,0.000,0.439,0,0
D,865466,6.855,0.000,0.439,0,0
D,865471,6.987,0.000,0.439,0,0
D,865476,6.899,0.000,0.439,0,0
D,865482,6.965,0.000,0.439,0,0
D,865487,6.943,0.000,0.439,0,0
D,865492,6.921,0.000,0.439,0,0
D,865498,6.899,0.000,0.439,0,0
D,865503,6.899,0.000,0.439,0,0
D,865508,6.877,0.000,0.439,0,0
D,865514,6.899,0.000,0.439,0,0
D,865519,6.877,0.000,0.439,0,0
D,865524,6.833,0.000,0.439,0,0
D,865530,6.746,0.000,0.439,0,0
D,865535,6.768,0.000,0.439,0,0
D,865540,6.614,0.000,0.439,0,0
D,865546,6.614,0.000,0.439,0,0
D,865551,6.548,0.000,0.439,0,0
D,865557,6.482,0.000,0.352,0,0
D,865562,6.394,0.000,0.352,0,0
D,865567,6.350,0.000,0.439,0,0
D,865573,6.240,0.000,0.352,0,0
D,865578,6.240,0.000,0.439,0,0
D,865583,6.108,0.000,0.352,0,0
D,865589,5.977,0.000,0.352,0,0
D,865594,5.867,0.000,0.352,0,0
D,865599,5.779,0.000,0.352,0,0
D,865605,5.779,0.000,0.352,0,0
D,865610,5.603,0.000,0.352,0,0
D,865615,5.471,0.000,0.352,0,0
D,865621,5.317,0.000,0.352,0,0
D,865626,5.208,0.000,0.352,0,0
D,865631,5.076,0.000,0.352,0,0
D,865637,4.922,0.000,0.352,0,0
D,865642,4.790,0.000,0.352,0,0
D,865647,4.614,0.000,0.352,0,0
D,865653,4.482,0.000,0.352,0,0
D,865658,4.329,0.000,0.352,0,0
D,865663,4.263,0.000,0.352,0,0
D,865669,4.065,0.000,0.352,0,0
D,865674,3.955,0.000,0.352,0,0
D,865679,3.823,0.000,0.352,0,0
D,865685,3.669,0.000,0.352,0,0
D,865690,3.450,0.000,0.352,0,0
D,865695,3.296,0.000,0.352,0,0
D,865701,3.120,0.000,0.352,0,0
D,865706,2.988,0.000,0.264,0,0
D,865712,2.878,0.000,0.264,0,0
D,865717,2.747,0.000,0.352,0,0
D,865722,2.549,0.000,0.264,0,0
D,865728,2.351,0.000,0.264,0,0
D,865733,2.153,0.000,0.264,0,0
D,865738,2.043,0.000,0.264,0,0
D,865744,1.890,0.000,0.264,0,0
D,865749,1.648,0.000,0.264,0,0
D,865754,1.582,0.000,0.352,0,0
D,865760,1.384,0.000,0.352,0,0
D,865765,1.252,0.000,0.264,0,0
D,865770,1.099,0.000,0.264,0,0
D,865776,0.945,0.000,0.264,0,0
D,865781,0.747,0.000,0.264,0,0
D,865786,0.615,0.000,0.264,0,0
D,865792,0.505,0.000,0.352,0,0
D,865797,0.352,0.000,0.264,0,0
D,865802,0.220,0.000,0.352,0,0
D,865808,0.044,0.000,0.264,0,0
D,865813,-0.088,0.000,0.264,0,0
D,865818,-0.308,0.000,0.264,0,0
D,865824,-0.374,0.000,0.352,0,0
D,865829,-0.527,0.000,0.352,0,0
D,865834,-0.637,0.000,0.352,0,0
D,865840,-0.769,0.000,0.264,0,0
D,865845,-0.857,0.000,0.264,0,0
D,865850,-1.055,0.000,0.352,0,0
D,865856,-1.187,0.000,0.264,0,0
D,865861,-1.274,0.000,0.264,0,0
D,865866,-1.362,0.000,0.352,0,0
D,865872,-1.450,0.000,0.352,0,0
D,865877,-1.538,0.000,0.264,0,0
D,865883,-1.692,0.000,0.352,0,0
D,865888,-1.692,0.000,0.352,0,0
D,865893,-1.890,0.000,0.352,0,0
D,865899,-1.934,0.000,0.352,0,0
D,865904,-2.043,0.000,0.264,0,0
D,865909,-2.087,0.000,0.264,0,0
D,865915,-2.109,0.000,0.352,0,0
D,865920,-2.241,0.000,0.352,0,0
D,865925,-2.285,0.000,0.264,0,0
D,865931,-2.329,0.000,0.264,0,0
D,865936,-2.461,0.000,0.352,0,0
D,865941,-2.439,0.000,0.264,0,0
D,865947,-2.527,0.000,0.264,0,0
D,865952,-2.549,0.000,0.352,0,0
D,865957,-2.637,0.000,0.264,0,0
D,865963,-2.725,0.000,0.352,0,0
D,865968,-2.703,0.000,0.352,0,0
D,865973,-2.703,0.000,0.352,0,0
D,865979,-2.791,0.000,0.264,0,0
D,865984,-2.703,0.000,0.264,0,0
D,865989,-2.747,0.000,0.352,0,0
D,865995,-2.769,0.000,0.352,0,0
D,866000,-2.769,0.000,0.264,0,0
D,866006,-2.813,0.000,0.352,0,0
D,866011,-2.703,0.000,0.352,0,0
D,866016,-2.747,0.000,0.352,0,0
D,866022,-2.703,0.000,0.352,0,0
D,866027,-2.791,0.000,0.264,0,0
D,866032,-2.659,0.000,0.352,0,0
D,866038,-2.725,0.000,0.352,0,0
D,866043,-2.659,0.000,0.264,0,0
D,866048,-2.681,0.000,0.352,0,0
D,866054,-2.571,0.000,0.352,0,0
D,866059,-2.483,0.000,0.352,0,0
D,866064,-2.461,0.000,0.352,0,0
D,866070,-2.417,0.000,0.352,0,0
D,866075,-2.417,0.000,0.352,0,0
D,866080,-2.285,0.000,0.352,0,0
D,866086,-2.285,0.000,0.352,0,0
D,866091,-2.219,0.000,0.352,0,0
D,866096,-2.131,0.000,0.352,0,0
D,866102,-2.109,0.000,0.352,0,0
D,866107,-1.978,0.000,0.352,0,0
D,866112,-2.021,0.000,0.264,0,0
D,866118,-1.868,0.000,0.352,0,0
D,866123,-1.824,0.000,0.352,0,0
D,866128,-1.780,0.000,0.352,0,0
D,866134,-1.626,0.000,0.352,0,0
D,866139,-1.538,0.000,0.352,0,0
D,866145,-1.494,0.000,0.352,0,0
D,866150,-1.428,0.000,0.352,0,0
D,866155,-1.296,0.000,0.264,0,0
D,866161,-1.230,0.000,0.352,0,0
D,866166,-1.143,0.000,0.352,0,0
D,866171,-1.099,0.000,0.264,0,0
D,866177,-1.011,0.000,0.352,0,0
D,866182,-0.813,0.000,0.352,0,0
D,866187,-0.747,0.000,0.352,0,0
D,866193,-0.681,0.000,0.352,0,0
D,866198,-0.593,0.000,0.352,0,0
D,866203,-0.505,0.000,0.352,0,0
D,866209,-0.330,0.000,0.352,0,0
D,866214,-0.242,0.000,0.352,0,0
D,866219,-0.132,0.000,0.352,0,0
D,866225,-0.110,0.000,0.352,0,0
D,866230,0.000,0.000,0.264,0,0
D,866235,0.176,0.000,0.352,0,0
D,866241,0.198,0.000,0.352,0,0
D,866246,0.352,0.000,0.352,0,0
D,866251,0.439,0.000,0.352,0,0
D,866257,0.527,0.000,0.352,0,0
D,866262,0.615,0.000,0.352,0,0
D,866267,0.703,0.000,0.352,0,0
D,866273,0.813,0.000,0.352,0,0
D,866278,0.879,0.000,0.352,0,0
D,866283,1.011,0.000,0.352,0,0
D,866289,1.055,0.000,0.352,0,0
D,866294,1.121,0.000,0.352,0,0
D,866299,1.208,0.000,0.352,0,0
D,866305,1.340,0.000,0.352,0,0
D,866310,1.494,0.000,0.352,0,0
D,866316,1.560,0.000,0.352,0,0
D,866321,1.692,0.000,0.352,0,0
D,866326,1.780,0.000,0.352,0,0
D,866332,1.846,0.000,0.352,0,0
D,866337,1.934,0.000,0.352,0,0
D,866342,2.043,0.000,0.352,0,0
D,866348,2.087,0.000,0.352,0,0
D,866353,2.153,0.000,0.264,0,0
D,866358,2.263,0.000,0.352,0,0
D,866364,2.307,0.000,0.264,0,0
D,866369,2.373,0.000,0.264,0,0
D,866374,2.461,0.000,0.352,0,0
D,866380,2.527,0.000,0.352,0,0
D,866385,2.571,0.000,0.352,0,0
D,866390,2.637,0.000,0.352,0,0
D,866396,2.725,0.000,0.352,0,0
D,866401,2.813,0.000,0.352,0,0
D,866406,2.747,0.000,0.352,0,0
D,866412,2.856,0.000,0.352,0,0
D,866417,2.922,0.000,0.352,0,0
D,866422,2.966,0.000,0.352,0,0
D,866428,3.032,0.000,0.264,0,0
D,866433,3.098,0.000,0.352,0,0
D,866438,3.098,0.000,0.352,0,0
D,866444,3.142,0.000,0.352,0,0
D,866449,3.186,0.000,0.352,0,0
D,866454,3.230,0.000,0.352,0,0
D,866460,3.186,0.000,0.264,0,0
D,866465,3.252,0.000,0.264,0,0
D,866471,3.252,0.000,0.352,0,0
D,866476,3.318,0.000,0.352,0,0
D,866481,3.274,0.000,0.352,0,0
D,866487,3.318,0.000,0.352,0,0
D,866492,3.384,0.000,0.264,0,0
D,866497,3.384,0.000,0.264,0,0
D,866503,3.362,0.000,0.264,0,0
D,866508,3.318,0.000,0.264,0,0
D,866513,3.406,0.000,0.264,0,0
D,866519,3.362,0.000,0.264,0,0
D,866524,3.362,0.000,0.264,0,0
D,866529,3.384,0.000,0.264,0,0
D,866535,3.384,0.000,0.264,0,0
D,866540,3.384,0.000,0.264,0,0
D,866545,3.450,0.000,0.352,0,0
D,866551,3.384,0.000,0.264,0,0
D,866556,3.340,0.000,0.264,0,0
D,866561,3.318,0.000,0.352,0,0
D,866567,3.340,0.000,0.264,0,0
D,866572,3.274,0.000,0.264,0,0
D,866577,3.230,0.000,0.264,0,0
D,866583,3.164,0.000,0.264,0,0
D,866588,3.142,0.000,0.264,0,0
D,866593,3.186,0.000,0.352,0,0
D,866599,3.076,0.000,0.264,0,0
D,866604,3.076,0.000,0.264,0,0
D,866609,3.010,0.000,0.264,0,0
D,866615,3.010,0.000,0.264,0,0
D,866620,2.922,0.000,0.352,0,0
D,866626,2.944,0.000,0.264,0,0
D,866631,2.834,0.000,0.264,0,0
D,866636,2.856,0.000,0.264,0,0
D,866642,2.813,0.000,0.264,0,0
D,866647,2.791,0.000,0.264,0,0
D,866652,2.659,0.000,0.264,0,0
D,866658,2.747,0.000,0.264,0,0
D,866663,2.593,0.000,0.264,0,0
D,866668,2.571,0.000,0.264,0,0
D,866674,2.527,0.000,0.264,0,0
D,866679,2.461,0.000,0.264,0,0
D,866684,2.395,0.000,0.264,0,0
D,866690,2.373,0.000,0.352,0,0
D,866695,2.395,0.000,0.352,0,0
D,866700,2.263,0.000,0.264,0,0
D,866706,2.197,0.000,0.264,0,0
D,866711,2.175,0.000,0.264,0,0
D,866716,2.197,0.000,0.264,0,0
D,866722,2.131,0.000,0.264,0,0
D,866727,2.021,0.000,0.264,0,0
D,866732,2.043,0.000,0.264,0,0
D,866738,2.000,0.000,0.264,0,0
D,866743,1.956,0.000,0.264,0,0
D,866748,1.912,0.000,0.264,0,0
D,866754,1.912,0.000,0.264,0,0
D,866759,1.868,0.000,0.264,0,0
D,866765,1.758,0.000,0.352,0,0
D,866770,1.692,0.000,0.264,0,0
D,866775,1.714,0.000,0.264,0,0
D,866781,1.670,0.000,0.352,0,0
D,866786,1.560,0.000,0.264,0,0
D,866791,1.604,0.000,0.264,0,0
D,866797,1.538,0.000,0.352,0,0
D,866802,1.516,0.000,0.264,0,0
D,866807,1.472,0.000,0.264,0,0
D,866813,1.428,0.000,0.264,0,0
D,866818,1.296,0.000,0.264,0,0
D,866823,1.296,0.000,0.264,0,0
D,866829,1.274,0.000,0.264,0,0
D,866834,1.252,0.000,0.264,0,0
D,866839,1.274,0.000,0.264,0,0
D,866845,1.230,0.000,0.264,0,0
D,866850,1.187,0.000,0.264,0,0
D,866855,1.143,0.000,0.264,0,0
D,866861,1.187,0.000,0.264,0,0
D,866866,1.077,0.000,0.264,0,0
D,866871,1.055,0.000,0.264,0,0
D,866877,1.033,0.000,0.264,0,0
D,866882,1.077,0.000,0.264,0,0
D,866887,1.055,0.000,0.264,0,0
D,866893,1.011,0.000,0.264,0,0
D,866898,0.967,0.000,0.264,0,0
D,866903,0.967,0.000,0.264,0,0
D,866909,0.923,0.000,0.264,0,0
D,866914,0.901,0.000,0.264,0,0
D,866920,0.923,0.000,0.264,0,0
D,866925,0.857,0.000,0.264,0,0
D,866930,0.857,0.000,0.352,0,0
D,866936,0.791,0.000,0.264,0,0
D,866941,0.857,0.000,0.264,0,0
D,866946,0.879,0.000,0.264,0,0
D,866952,0.769,0.000,0.264,0,0
D,866957,0.791,0.000,0.264,0,0
D,866962,0.769,0.000,0.264,0,0
D,866968,0.769,0.000,0.352,0,0
D,866973,0.791,0.000,0.264,0,0
D,866978,0.813,0.000,0.264,0,0
D,866984,0.813,0.000,0.264,0,0
D,866989,0.813,0.000,0.264,0,0
D,866994,0.813,0.000,0.264,0,0
D,867000,0.791,0.000,0.264,0,0
D,867005,0.769,0.000,0.352,0,0
D,867010,0.725,0.000,0.264,0,0
D,867016,0.747,0.000,0.264,0,0
D,867021,0.857,0.000,0.264,0,0
D,867026,0.813,0.000,0.264,0,0
D,867032,0.813,0.000,0.264,0,0
D,867037,0.835,0.000,0.264,0,0
D,867042,0.813,0.000,0.352,0,0
D,867048,0.857,0.000,0.352,0,0
D,867053,0.879,0.000,0.264,0,0
D,867058,0.879,0.000,0.352,0,0
D,867064,0.879,0.000,0.352,0,0
D,867069,0.835,0.000,0.264,0,0
D,867075,0.945,0.000,0.264,0,0
D,867080,0.923,0.000,0.264,0,0
D,867085,0.967,0.000,0.352,0,0
D,867091,0.989,0.000,0.352,0,0
D,867096,0.989,0.000,0.352,0,0
D,867101,1.033,0.000,0.352,0,0
D,867107,1.033,0.000,0.264,0,0
D,867112,1.055,0.000,0.264,0,0
D,867117,1.121,0.000,0.352,0,0
D,867123,1.121,0.000,0.352,0,0
D,867128,1.143,0.000,0.352,0,0
D,867133,1.121,0.000,0.352,0,0
D,867139,1.121,0.000,0.264,0,0
D,867144,1.208,0.000,0.352,0,0
D,867149,1.252,0.000,0.352,0,0
D,867155,1.230,0.000,0.352,0,0
D,867160,1.318,0.000,0.264,0,0
D,867165,1.296,0.000,0.264,0,0
D,867171,1.296,0.000,0.264,0,0
D,867176,1.362,0.000,0.352,0,0
D,867181,1.362,0.000,0.352,0,0
D,867187,1.384,0.000,0.352,0,0
D,867192,1.450,0.000,0.352,0,0
D,867197,1.472,0.000,0.264,0,0
D,867203,1.494,0.000,0.352,0,0
D,867208,1.538,0.000,0.352,0,0
D,867213,1.538,0.000,0.352,0,0
D,867219,1.560,0.000,0.352,0,0
D,867224,1.604,0.000,0.352,0,0
D,867230,1.626,0.000,0.352,0,0
D,867235,1.692,0.000,0.264,0,0
D,867240,1.714,0.000,0.264,0,0
D,867246,1.714,0.000,0.264,0,0
D,867251,1.736,0.000,0.352,0,0
D,867256,1.846,0.000,0.352,0,0
E,867256,MARK
D,867262,1.758,0.000,0.264,0,0
D,867267,1.780,0.000,0.352,0,0
D,867272,1.846,0.000,0.352,0,0
D,867278,1.846,0.000,0.352,0,0
D,867283,1.912,0.000,0.352,0,0
D,867288,1.956,0.000,0.264,0,0
D,867294,2.065,0.000,0.264,0,0
D,867299,1.956,0.000,0.264,0,0
D,867304,1.978,0.000,0.264,0,0
D,867310,2.087,0.000,0.352,0,0
D,867315,2.087,0.000,0.352,0,0
D,867320,2.087,0.000,0.264,0,0
D,867326,2.087,0.000,0.264,0,0
D,867331,2.153,0.000,0.352,0,0
D,867336,2.175,0.000,0.352,0,0
D,867342,2.131,0.000,0.352,0,0
D,867347,2.153,0.000,0.352,0,0
D,867352,2.153,0.000,0.352,0,0
D,867358,2.219,0.000,0.352,0,0
D,867363,2.263,0.000,0.264,0,0
D,867368,2.263,0.000,0.352,0,0
D,867374,2.241,0.000,0.264,0,0
D,867379,2.329,0.000,0.352,0,0
D,867385,2.373,0.000,0.352,0,0
D,867390,2.373,0.000,0.352,0,0
D,867395,2.351,0.000,0.352,0,0
D,867401,2.395,0.000,0.352,0,0
D,867406,2.395,0.000,0.352,0,0
D,867411,2.417,0.000,0.352,0,0
D,867417,2.395,0.000,0.264,0,0
D,867422,2.373,0.000,0.264,0,0
D,867427,2.439,0.000,0.264,0,0
D,867433,2.439,0.000,0.352,0,0
D,867438,2.483,0.000,0.264,0,0
D,867443,2.483,0.000,0.264,0,0
D,867449,2.505,0.000,0.352,0,0
D,867454,2.483,0.000,0.352,0,0
D,867459,2.505,0.000,0.352,0,0
D,867465,2.505,0.000,0.352,0,0
D,867470,2.527,0.000,0.352,0,0
D,867475,2.505,0.000,0.264,0,0
D,867481,2.461,0.000,0.264,0,0
D,867486,2.461,0.000,0.352,0,0
D,867491,2.483,0.000,0.264,0,0
D,867497,2.461,0.000,0.352,0,0
D,867502,2.417,0.000,0.352,0,0
D,867507,2.461,0.000,0.264,0,0
D,867513,2.461,0.000,0.352,0,0
D,867518,2.483,0.000,0.352,0,0
D,867523,2.439,0.000,0.352,0,0
D,867529,2.505,0.000,0.264,0,0
D,867534,2.439,0.000,0.352,0,0
D,867540,2.417,0.000,0.264,0,0
D,867545,2.395,0.000,0.352,0,0
D,867550,2.395,0.000,0.352,0,0
D,867556,2.461,0.000,0.264,0,0
D,867561,2.373,0.000,0.352,0,0
D,867566,2.373,0.000,0.264,0,0
D,867572,2.351,0.000,0.264,0,0
D,867577,2.417,0.000,0.352,0,0
D,867582,2.351,0.000,0.352,0,0
D,867588,2.285,0.000,0.264,0,0
D,867593,2.307,0.000,0.352,0,0
D,867598,2.329,0.000,0.352,0,0
D,867604,2.329,0.000,0.264,0,0
D,867609,2.241,0.000,0.352,0,0
D,867614,2.241,0.000,0.352,0,0
D,867620,2.219,0.000,0.352,0,0
D,867625,2.197,0.000,0.264,0,0
D,867630,2.153,0.000,0.352,0,0
D,867636,2.153,0.000,0.264,0,0
D,867641,2.131,0.000,0.352,0,0
D,867646,2.131,0.000,0.264,0,0
D,867652,2.043,0.000,0.352,0,0
D,867657,2.065,0.000,0.264,0,0
D,867662,2.065,0.000,0.264,0,0
D,867668,2.021,0.000,0.352,0,0
D,867673,1.978,0.000,0.352,0,0
D,867678,1.956,0.000,0.352,0,0
D,867684,1.934,0.000,0.352,0,0
D,867689,1.912,0.000,0.352,0,0
D,867694,1.912,0.000,0.352,0,0
D,867700,1.868,0.000,0.352,0,0
D,867705,1.890,0.000,0.352,0,0
D,867711,1.890,0.000,0.352,0,0
D,867716,1.868,0.000,0.352,0,0
D,867721,1.824,0.000,0.352,0,0
D,867727,1.802,0.000,0.264,0,0
D,867732,1.758,0.000,0.264,0,0
D,867737,1.802,0.000,0.352,0,0
D,867743,1.714,0.000,0.352,0,0
D,867748,1.626,0.000,0.264,0,0
D,867753,1.714,0.000,0.264,0,0
D,867759,1.582,0.000,0.352,0,0
D,867764,1.670,0.000,0.264,0,0
D,867769,1.626,0.000,0.352,0,0
D,867775,1.648,0.000,0.264,0,0
D,867780,1.626,0.000,0.264,0,0
D,867785,1.560,0.000,0.352,0,0
D,867791,1.560,0.000,0.264,0,0
D,867796,1.516,0.000,0.264,0,0
D,867801,1.560,0.000,0.352,0,0
D,867807,1.516,0.000,0.352,0,0
D,867812,1.560,0.000,0.352,0,0
D,867817,1.494,0.000,0.352,0,0
D,867823,1.428,0.000,0.352,0,0
D,867828,1.450,0.000,0.264,0,0
D,867833,1.428,0.000,0.352,0,0
D,867839,1.406,0.000,0.352,0,0
D,867844,1.406,0.000,0.352,0,0
D,867849,1.340,0.000,0.352,0,0
D,867855,1.340,0.000,0.352,0,0
D,867860,1.318,0.000,0.352,0,0
D,867866,1.362,0.000,0.264,0,0
D,867871,1.362,0.000,0.352,0,0
D,867876,1.340,0.000,0.352,0,0
D,867882,1.362,0.000,0.352,0,0
D,867887,1.296,0.000,0.352,0,0
D,867892,1.318,0.000,0.352,0,0
D,867898,1.252,0.000,0.352,0,0
D,867903,1.296,0.000,0.352,0,0
D,867908,1.340,0.000,0.352,0,0
D,867914,1.318,0.000,0.264,0,0
D,867919,1.230,0.000,0.352,0,0
D,867924,1.340,0.000,0.352,0,0
D,867930,1.230,0.000,0.352,0,0
D,867935,1.252,0.000,0.352,0,0
D,867940,1.274,0.000,0.264,0,0
D,867946,1.274,0.000,0.352,0,0
D,867951,1.296,0.000,0.352,0,0
D,867956,1.252,0.000,0.264,0,0
D,867962,1.252,0.000,0.352,0,0
D,867967,1.318,0.000,0.264,0,0
D,867972,1.296,0.000,0.264,0,0
D,867978,1.318,0.000,0.264,0,0
D,867983,1.362,0.000,0.264,0,0
D,867988,1.252,0.000,0.264,0,0
D,867994,1.340,0.000,0.352,0,0
D,867999,1.340,0.000,0.352,0,0
D,868004,1.296,0.000,0.264,0,0
D,868010,1.296,0.000,0.264,0,0
D,868015,1.318,0.000,0.352,0,0
D,868021,1.340,0.000,0.352,0,0
D,868026,1.340,0.000,0.352,0,0
D,868031,1.362,0.000,0.352,0,0
D,868037,1.340,0.000,0.264,0,0
D,868042,1.384,0.000,0.352,0,0
D,868047,1.450,0.000,0.352,0,0
D,868053,1.428,0.000,0.352,0,0
D,868058,1.428,0.000,0.352,0,0
D,868063,1.384,0.000,0.352,0,0
D,868069,1.384,0.000,0.352,0,0
D,868074,1.384,0.000,0.352,0,0
D,868079,1.450,0.000,0.352,0,0
D,868085,1.472,0.000,0.352,0,0
D,868090,1.538,0.000,0.352,0,0
D,868095,1.516,0.000,0.352,0,0
D,868101,1.450,0.000,0.264,0,0
D,868106,1.494,0.000,0.264,0,0
D,868111,1.604,0.000,0.352,0,0
D,868117,1.560,0.000,0.352,0,0
D,868122,1.582,0.000,0.352,0,0
D,868127,1.604,0.000,0.264,0,0
D,868133,1.604,0.000,0.264,0,0
D,868138,1.560,0.000,0.352,0,0
D,868143,1.626,0.000,0.352,0,0
D,868149,1.714,0.000,0.352,0,0
D,868154,1.692,0.000,0.352,0,0
D,868159,1.692,0.000,0.264,0,0
D,868165,1.714,0.000,0.352,0,0
D,868170,1.736,0.000,0.264,0,0
D,868176,1.692,0.000,0.264,0,0
D,868181,1.714,0.000,0.352,0,0
D,868186,1.736,0.000,0.352,0,0
D,868192,1.802,0.000,0.352,0,0
D,868197,1.780,0.000,0.264,0,0
D,868202,1.802,0.000,0.352,0,0
D,868208,1.868,0.000,0.264,0,0
D,868213,1.846,0.000,0.352,0,0
D,868218,1.824,0.000,0.352,0,0
D,868224,1.868,0.000,0.352,0,0
D,868229,1.890,0.000,0.352,0,0
D,868234,1.912,0.000,0.352,0,0
D,868240,1.868,0.000,0.352,0,0
D,868245,1.868,0.000,0.264,0,0
D,868250,1.934,0.000,0.352,0,0
D,868256,1.912,0.000,0.264,0,0
D,868261,1.912,0.000,0.352,0,0
D,868266,1.956,0.000,0.352,0,0
D,868272,1.890,0.000,0.352,0,0
D,868277,1.934,0.000,0.352,0,0
D,868282,1.912,0.000,0.352,0,0
D,868288,1.934,0.000,0.352,0,0
D,868293,2.000,0.000,0.352,0,0
D,868298,1.956,0.000,0.352,0,0
D,868304,1.934,0.000,0.352,0,0
D,868309,2.000,0.000,0.264,0,0
D,868314,1.956,0.000,0.352,0,0
D,868320,1.978,0.000,0.352,0,0
D,868325,2.021,0.000,0.264,0,0
D,868331,1.978,0.000,0.352,0,0
D,868336,1.978,0.000,0.352,0,0
D,868341,1.978,0.000,0.264,0,0
D,868347,2.043,0.000,0.352,0,0
D,868352,2.000,0.000,0.352,0,0
D,868357,1.978,0.000,0.352,0,0
D,868363,1.978,0.000,0.352,0,0
D,868368,2.021,0.000,0.352,0,0
D,868373,1.978,0.000,0.264,0,0
D,868379,1.956,0.000,0.352,0,0
D,868384,1.934,0.000,0.264,0,0
D,868389,2.021,0.000,0.352,0,0
D,868395,1.956,0.000,0.352,0,0
D,868400,1.956,0.000,0.352,0,0
D,868405,1.978,0.000,0.264,0,0
D,868411,1.956,0.000,0.352,0,0
D,868416,2.021,0.000,0.264,0,0
D,868421,1.934,0.000,0.352,0,0
D,868427,1.978,0.000,0.352,0,0
D,868432,1.934,0.000,0.352,0,0
D,868437,1.890,0.000,0.352,0,0
D,868443,1.934,0.000,0.352,0,0
D,868448,1.846,0.000,0.352,0,0
D,868453,1.912,0.000,0.352,0,0
D,868459,1.912,0.000,0.352,0,0
D,868464,1.890,0.000,0.264,0,0
D,868469,1.956,0.000,0.352,0,0
D,868475,1.890,0.000,0.352,0,0
D,868480,1.824,0.000,0.264,0,0
D,868486,1.868,0.000,0.352,0,0
D,868491,1.824,0.000,0.264,0,0
D,868496,1.868,0.000,0.352,0,0
D,868502,1.846,0.000,0.264,0,0
D,868507,1.780,0.000,0.264,0,0
D,868512,1.824,0.000,0.352,0,0
D,868518,1.802,0.000,0.264,0,0
D,868523,1.802,0.000,0.352,0,0
D,868528,1.802,0.000,0.264,0,0
D,868534,1.780,0.000,0.352,0,0
D,868539,1.758,0.000,0.264,0,0
D,868544,1.802,0.000,0.352,0,0
D,868550,1.736,0.000,0.264,0,0
D,868555,1.758,0.000,0.352,0,0
D,868560,1.670,0.000,0.352,0,0
D,868566,1.714,0.000,0.352,0,0
D,868571,1.692,0.000,0.352,0,0
D,868576,1.692,0.000,0.264,0,0
D,868582,1.692,0.000,0.352,0,0
D,868587,1.582,0.000,0.264,0,0
D,868592,1.648,0.000,0.264,0,0
D,868598,1.604,0.000,0.352,0,0
D,868603,1.648,0.000,0.264,0,0
D,868608,1.604,0.000,0.352,0,0
D,868614,1.582,0.000,0.352,0,0
D,868619,1.560,0.000,0.352,0,0
D,868624,1.538,0.000,0.352,0,0
D,868630,1.604,0.000,0.352,0,0
D,868635,1.582,0.000,0.352,0,0
D,868641,1.538,0.000,0.352,0,0
D,868646,1.538,0.000,0.352,0,0
D,868651,1.604,0.000,0.352,0,0
D,868657,1.472,0.000,0.264,0,0
D,868662,1.472,0.000,0.264,0,0
D,868667,1.494,0.000,0.352,0,0
D,868673,1.406,0.000,0.352,0,0
D,868678,1.538,0.000,0.264,0,0
D,868683,1.472,0.000,0.264,0,0
D,868689,1.428,0.000,0.352,0,0
D,868694,1.494,0.000,0.352,0,0
D,868699,1.428,0.000,0.352,0,0
D,868705,1.406,0.000,0.352,0,0
D,868710,1.450,0.000,0.352,0,0
D,868715,1.472,0.000,0.352,0,0
D,868721,1.450,0.000,0.352,0,0
D,868726,1.406,0.000,0.352,0,0
D,868731,1.406,0.000,0.264,0,0
D,868737,1.362,0.000,0.352,0,0
D,868742,1.340,0.000,0.352,0,0
D,868747,1.406,0.000,0.352,0,0
D,868753,1.428,0.000,0.264,0,0
D,868758,1.340,0.000,0.264,0,0
D,868763,1.406,0.000,0.352,0,0
D,868769,1.406,0.000,0.352,0,0
D,868774,1.340,0.000,0.264,0,0
D,868780,1.384,0.000,0.264,0,0
D,868785,1.384,0.000,0.352,0,0
D,868790,1.428,0.000,0.352,0,0
D,868796,1.296,0.000,0.352,0,0
D,868801,1.340,0.000,0.264,0,0
D,868806,1.296,0.000,0.352,0,0
D,868812,1.362,0.000,0.352,0,0
D,868817,1.340,0.000,0.352,0,0
D,868822,1.296,0.000,0.352,0,0
D,868828,1.296,0.000,0.264,0,0
D,868833,1.296,0.000,0.352,0,0
D,868838,1.406,0.000,0.352,0,0
D,868844,1.318,0.000,0.264,0,0
D,868849,1.340,0.000,0.352,0,0
D,868854,1.340,0.000,0.352,0,0
D,868860,1.362,0.000,0.352,0,0
D,868865,1.362,0.000,0.352,0,0
D,868870,1.362,0.000,0.264,0,0
D,868876,1.296,0.000,0.264,0,0
D,868881,1.406,0.000,0.352,0,0
D,868886,1.362,0.000,0.352,0,0
D,868892,1.406,0.000,0.352,0,0
D,868897,1.384,0.000,0.352,0,0
D,868902,1.318,0.000,0.264,0,0
D,868908,1.362,0.000,0.352,0,0
D,868913,1.362,0.000,0.352,0,0
D,868918,1.428,0.000,0.352,0,0
D,868924,1.428,0.000,0.352,0,0
D,868929,1.406,0.000,0.352,0,0
D,868935,1.428,0.000,0.352,0,0
D,868940,1.428,0.000,0.352,0,0
D,868945,1.450,0.000,0.352,0,0
D,868951,1.494,0.000,0.352,0,0
D,868956,1.406,0.000,0.264,0,0
D,868961,1.428,0.000,0.352,0,0
D,868967,1.450,0.000,0.352,0,0
D,868972,1.450,0.000,0.352,0,0
D,868977,1.450,0.000,0.352,0,0
D,868983,1.494,0.000,0.352,0,0
D,868988,1.538,0.000,0.352,0,0
D,868993,1.406,0.000,0.352,0,0
D,868999,1.494,0.000,0.352,0,0
D,869004,1.516,0.000,0.352,0,0
D,869009,1.516,0.000,0.352,0,0
D,869015,1.516,0.000,0.352,0,0
D,869020,1.494,0.000,0.352,0,0
D,869025,1.582,0.000,0.352,0,0
D,869031,1.494,0.000,0.264,0,0
D,869036,1.560,0.000,0.352,0,0
D,869041,1.626,0.000,0.352,0,0
D,869047,1.582,0.000,0.352,0,0
D,869052,1.560,0.000,0.352,0,0
D,869057,1.560,0.000,0.352,0,0
D,869063,1.648,0.000,0.264,0,0
D,869068,1.626,0.000,0.264,0,0
D,869074,1.648,0.000,0.264,0,0
D,869079,1.626,0.000,0.352,0,0
D,869084,1.648,0.000,0.352,0,0
D,869090,1.582,0.000,0.352,0,0
D,869095,1.626,0.000,0.352,0,0
D,869100,1.692,0.000,0.352,0,0
D,869106,1.626,0.000,0.352,0,0
D,869111,1.648,0.000,0.352,0,0
D,869116,1.670,0.000,0.352,0,0
D,869122,1.714,0.000,0.352,0,0
D,869127,1.736,0.000,0.352,0,0
D,869132,1.802,0.000,0.264,0,0
D,869138,1.692,0.000,0.352,0,0
D,869143,1.736,0.000,0.352,0,0
D,869148,1.758,0.000,0.352,0,0
D,869154,1.802,0.000,0.352,0,0
D,869159,1.802,0.000,0.264,0,0
D,869164,1.824,0.000,0.352,0,0
D,869170,1.824,0.000,0.352,0,0
D,869175,1.824,0.000,0.352,0,0
D,869180,1.758,0.000,0.352,0,0
D,869186,1.780,0.000,0.352,0,0
D,869191,1.846,0.000,0.352,0,0
D,869196,1.868,0.000,0.264,0,0
D,869202,1.890,0.000,0.352,0,0
D,869207,1.846,0.000,0.352,0,0
D,869212,1.868,0.000,0.352,0,0
D,869218,1.890,0.000,0.352,0,0
D,869223,1.846,0.000,0.352,0,0
D,869228,1.912,0.000,0.264,0,0
D,869234,1.846,0.000,0.264,0,0
D,869239,1.890,0.000,0.352,0,0
D,869245,1.912,0.000,0.352,0,0
D,869250,1.934,0.000,0.352,0,0
D,869255,1.934,0.000,0.352,0,0
D,869261,1.890,0.000,0.352,0,0
D,869266,1.912,0.000,0.352,0,0
D,869271,1.934,0.000,0.352,0,0
D,869277,1.912,0.000,0.352,0,0
D,869282,1.934,0.000,0.264,0,0
D,869287,1.912,0.000,0.352,0,0
D,869293,1.934,0.000,0.352,0,0
D,869298,1.890,0.000,0.352,0,0
D,869303,1.890,0.000,0.352,0,0
D,869309,1.912,0.000,0.352,0,0
D,869314,1.956,0.000,0.264,0,0
D,869319,1.934,0.000,0.352,0,0
D,869325,1.890,0.000,0.352,0,0
D,869330,1.912,0.000,0.264,0,0
D,869335,1.934,0.000,0.352,0,0
D,869341,2.000,0.000,0.352,0,0
D,869346,1.934,0.000,0.352,0,0
D,869351,1.912,0.000,0.264,0,0
D,869357,1.868,0.000,0.352,0,0
D,869362,1.934,0.000,0.352,0,0
D,869367,1.868,0.000,0.352,0,0
D,869373,1.912,0.000,0.352,0,0
D,869378,1.912,0.000,0.352,0,0
D,869384,1.890,0.000,0.352,0,0
D,869389,1.912,0.000,0.352,0,0
D,869394,1.890,0.000,0.352,0,0
D,869400,1.846,0.000,0.352,0,0
D,869405,1.846,0.000,0.352,0,0
D,869410,1.846,0.000,0.352,0,0
D,869416,1.868,0.000,0.352,0,0
D,869421,1.802,0.000,0.352,0,0
D,869426,1.868,0.000,0.264,0,0
D,869432,1.846,0.000,0.352,0,0
D,869437,1.824,0.000,0.352,0,0
D,869442,1.802,0.000,0.352,0,0
D,869448,1.846,0.000,0.352,0,0
D,869453,1.846,0.000,0.352,0,0
D,869458,1.846,0.000,0.352,0,0
D,869464,1.802,0.000,0.352,0,0
E,869465,MARK
D,869469,1.802,0.000,0.352,0,0
D,869474,1.758,0.000,0.352,0,0
D,869480,1.780,0.000,0.352,0,0
D,869485,1.802,0.000,0.264,0,0
D,869490,1.802,0.000,0.352,0,0
D,869496,1.736,0.000,0.352,0,0
D,869501,1.714,0.000,0.264,0,0
D,869506,1.692,0.000,0.352,0,0
D,869512,1.736,0.000,0.352,0,0
D,869517,1.758,0.000,0.264,0,0
D,869522,1.780,0.000,0.264,0,0
D,869528,1.758,0.000,0.352,0,0
D,869533,1.714,0.000,0.352,0,0
D,869538,1.714,0.000,0.352,0,0
D,869544,1.648,0.000,0.264,0,0
D,869549,1.692,0.000,0.352,0,0
D,869555,1.670,0.000,0.264,0,0
D,869560,1.648,0.000,0.264,0,0
D,869565,1.604,0.000,0.352,0,0
D,869571,1.626,0.000,0.352,0,0
D,869576,1.626,0.000,0.352,0,0
D,869581,1.604,0.000,0.352,0,0
D,869587,1.582,0.000,0.352,0,0
D,869592,1.560,0.000,0.352,0,0
D,869597,1.560,0.000,0.352,0,0
D,869603,1.560,0.000,0.264,0,0
D,869608,1.582,0.000,0.352,0,0
D,869613,1.494,0.000,0.264,0,0
D,869619,1.538,0.000,0.352,0,0
D,869624,1.472,0.000,0.352,0,0
D,869629,1.560,0.000,0.264,0,0
D,869635,1.516,0.000,0.352,0,0
D,869640,1.428,0.000,0.352,0,0
D,869645,1.472,0.000,0.264,0,0
D,869651,1.450,0.000,0.352,0,0
D,869656,1.472,0.000,0.264,0,0
D,869661,1.428,0.000,0.264,0,0
D,869667,1.428,0.000,0.264,0,0
D,869672,1.340,0.000,0.352,0,0
D,869677,1.384,0.000,0.352,0,0
D,869683,1.428,0.000,0.352,0,0
D,869688,1.296,0.000,0.264,0,0
D,869693,1.340,0.000,0.264,0,0
D,869699,1.406,0.000,0.352,0,0
D,869704,1.252,0.000,0.264,0,0
D,869710,1.318,0.000,0.264,0,0
D,869715,1.318,0.000,0.352,0,0
D,869720,1.318,0.000,0.264,0,0
D,869726,1.296,0.000,0.352,0,0
D,869731,1.230,0.000,0.352,0,0
D,869736,1.165,0.000,0.352,0,0
D,869742,1.208,0.000,0.264,0,0
D,869747,1.187,0.000,0.352,0,0
D,869752,1.230,0.000,0.352,0,0
D,869758,1.121,0.000,0.352,0,0
D,869763,1.187,0.000,0.352,0,0
D,869768,1.099,0.000,0.352,0,0
D,869774,1.099,0.000,0.264,0,0
D,869779,1.033,0.000,0.352,0,0
D,869784,0.989,0.000,0.352,0,0
D,869790,1.055,0.000,0.352,0,0
D,869795,0.989,0.000,0.352,0,0
D,869800,0.945,0.000,0.352,0,0
D,869806,0.923,0.000,0.352,0,0
D,869811,0.967,0.000,0.264,0,0
D,869816,0.923,0.000,0.264,0,0
D,869822,0.835,0.000,0.264,0,0
D,869827,0.791,0.000,0.352,0,0
D,869832,0.769,0.000,0.352,0,0
D,869838,0.813,0.000,0.352,0,0
D,869843,0.769,0.000,0.264,0,0
D,869849,0.747,0.000,0.264,0,0
D,869854,0.659,0.000,0.352,0,0
D,869859,0.681,0.000,0.352,0,0
D,869865,0.615,0.000,0.352,0,0
D,869870,0.549,0.000,0.352,0,0
D,869875,0.549,0.000,0.352,0,0
D,869881,0.461,0.000,0.352,0,0
D,869886,0.483,0.000,0.352,0,0
D,869891,0.439,0.000,0.352,0,0
D,869897,0.439,0.000,0.352,0,0
D,869902,0.374,0.000,0.352,0,0
D,869907,0.396,0.000,0.352,0,0
D,869913,0.396,0.000,0.352,0,0
D,869918,0.308,0.000,0.352,0,0
D,869923,0.308,0.000,0.352,0,0
D,869929,0.220,0.000,0.264,0,0
D,869934,0.242,0.000,0.352,0,0
D,869939,0.154,0.000,0.352,0,0
D,869945,0.110,0.000,0.352,0,0
D,869950,0.044,0.000,0.352,0,0
D,869955,0.066,0.000,0.264,0,0
D,869961,0.066,0.000,0.352,0,0
D,869966,0.044,0.000,0.352,0,0
D,869971,-0.022,0.000,0.352,0,0
D,869977,-0.044,0.000,0.352,0,0
D,869982,-0.110,0.000,0.264,0,0
D,869987,-0.044,0.000,0.264,0,0
D,869993,-0.088,0.000,0.352,0,0
D,869998,-0.154,0.000,0.264,0,0
D,870004,-0.220,0.000,0.352,0,0
D,870009,-0.198,0.000,0.264,0,0
D,870014,-0.242,0.000,0.264,0,0
D,870020,-0.264,0.000,0.352,0,0
D,870025,-0.286,0.000,0.352,0,0
D,870030,-0.308,0.000,0.352,0,0
D,870036,-0.352,0.000,0.352,0,0
D,870041,-0.352,0.000,0.264,0,0
D,870046,-0.417,0.000,0.264,0,0
D,870052,-0.417,0.000,0.352,0,0
D,870057,-0.417,0.000,0.264,0,0
D,870062,-0.439,0.000,0.352,0,0
D,870068,-0.439,0.000,0.264,0,0
D,870073,-0.417,0.000,0.352,0,0
D,870078,-0.439,0.000,0.352,0,0
D,870084,-0.483,0.000,0.352,0,0
D,870089,-0.505,0.000,0.352,0,0
D,870094,-0.549,0.000,0.352,0,0
D,870100,-0.483,0.000,0.352,0,0
D,870105,-0.549,0.000,0.352,0,0
D,870110,-0.571,0.000,0.264,0,0
D,870116,-0.527,0.000,0.264,0,0
D,870121,-0.593,0.000,0.352,0,0
D,870126,-0.659,0.000,0.352,0,0
D,870132,-0.659,0.000,0.352,0,0
D,870137,-0.615,0.000,0.352,0,0
D,870142,-0.725,0.000,0.352,0,0
D,870148,-0.659,0.000,0.264,0,0
D,870153,-0.703,0.000,0.352,0,0
D,870159,-0.725,0.000,0.352,0,0
D,870164,-0.681,0.000,0.264,0,0
D,870169,-0.725,0.000,0.352,0,0
D,870175,-0.703,0.000,0.352,0,0
D,870180,-0.615,0.000,0.352,0,0
D,870185,-0.637,0.000,0.352,0,0
D,870191,-0.681,0.000,0.352,0,0
D,870196,-0.615,0.000,0.264,0,0
D,870201,-0.637,0.000,0.352,0,0
D,870207,-0.703,0.000,0.352,0,0
D,870212,-0.637,0.000,0.352,0,0
D,870217,-0.659,0.000,0.352,0,0
D,870223,-0.681,0.000,0.352,0,0
D,870228,-0.703,0.000,0.352,0,0
D,870233,-0.681,0.000,0.264,0,0
D,870239,-0.681,0.000,0.352,0,0
D,870244,-0.681,0.000,0.352,0,0
D,870249,-0.659,0.000,0.352,0,0
D,870255,-0.659,0.000,0.352,0,0
D,870260,-0.571,0.000,0.352,0,0
D,870265,-0.593,0.000,0.352,0,0
D,870271,-0.593,0.000,0.264,0,0
D,870276,-0.681,0.000,0.264,0,0
D,870281,-0.659,0.000,0.352,0,0
D,870287,-0.681,0.000,0.352,0,0
D,870292,-0.571,0.000,0.352,0,0
D,870298,-0.571,0.000,0.352,0,0
D,870303,-0.505,0.000,0.352,0,0
D,870308,-0.571,0.000,0.352,0,0
D,870314,-0.549,0.000,0.352,0,0
D,870319,-0.505,0.000,0.352,0,0
D,870324,-0.505,0.000,0.352,0,0
D,870330,-0.505,0.000,0.352,0,0
D,870335,-0.505,0.000,0.352,0,0
D,870340,-0.505,0.000,0.352,0,0
D,870346,-0.417,0.000,0.352,0,0
D,870351,-0.461,0.000,0.352,0,0
D,870356,-0.374,0.000,0.352,0,0
D,870362,-0.396,0.000,0.264,0,0
D,870367,-0.439,0.000,0.352,0,0
D,870372,-0.396,0.000,0.352,0,0
D,870378,-0.352,0.000,0.352,0,0
D,870383,-0.286,0.000,0.352,0,0
D,870388,-0.264,0.000,0.352,0,0
D,870394,-0.396,0.000,0.352,0,0
D,870399,-0.308,0.000,0.264,0,0
D,870404,-0.286,0.000,0.352,0,0
D,870410,-0.220,0.000,0.352,0,0
D,870415,-0.242,0.000,0.352,0,0
D,870420,-0.242,0.000,0.352,0,0
D,870426,-0.220,0.000,0.352,0,0
D,870431,-0.220,0.000,0.352,0,0
D,870436,-0.154,0.000,0.352,0,0
D,870442,-0.154,0.000,0.352,0,0
D,870447,-0.154,0.000,0.352,0,0
D,870453,-0.132,0.000,0.352,0,0
D,870458,-0.154,0.000,0.352,0,0
D,870463,-0.088,0.000,0.352,0,0
D,870469,-0.088,0.000,0.352,0,0
D,870474,-0.066,0.000,0.264,0,0
D,870479,-0.066,0.000,0.352,0,0
D,870485,-0.022,0.000,0.352,0,0
D,870490,-0.022,0.000,0.352,0,0
D,870495,0.044,0.000,0.352,0,0
D,870501,0.022,0.000,0.352,0,0
D,870506,0.088,0.000,0.352,0,0
D,870511,0.022,0.000,0.352,0,0
D,870517,0.066,0.000,0.352,0,0
D,870522,0.066,0.000,0.352,0,0
D,870527,0.132,0.000,0.352,0,0
D,870533,0.132,0.000,0.352,0,0
D,870538,0.066,0.000,0.352,0,0
D,870543,0.132,0.000,0.352,0,0
D,870549,0.110,0.000,0.352,0,0
D,870554,0.198,0.000,0.352,0,0
D,870559,0.154,0.000,0.352,0,0
D,870565,0.154,0.000,0.352,0,0
D,870570,0.132,0.000,0.352,0,0
D,870575,0.176,0.000,0.352,0,0
D,870581,0.220,0.000,0.352,0,0
D,870586,0.132,0.000,0.352,0,0
D,870591,0.220,0.000,0.352,0,0
D,870597,0.220,0.000,0.352,0,0
D,870602,0.220,0.000,0.352,0,0
D,870608,0.220,0.000,0.352,0,0
D,870613,0.242,0.000,0.352,0,0
D,870618,0.242,0.000,0.352,0,0
D,870624,0.264,0.000,0.352,0,0
D,870629,0.242,0.000,0.352,0,0
D,870634,0.242,0.000,0.352,0,0
D,870640,0.286,0.000,0.352,0,0
D,870645,0.242,0.000,0.352,0,0
D,870650,0.286,0.000,0.352,0,0
D,870656,0.308,0.000,0.352,0,0
D,870661,0.242,0.000,0.352,0,0
D,870666,0.286,0.000,0.352,0,0
D,870672,0.286,0.000,0.352,0,0
D,870677,0.352,0.000,0.352,0,0
D,870682,0.264,0.000,0.352,0,0
D,870688,0.264,0.000,0.352,0,0
D,870693,0.264,0.000,0.352,0,0
D,870698,0.286,0.000,0.352,0,0
D,870704,0.286,0.000,0.352,0,0
D,870709,0.264,0.000,0.352,0,0
D,870714,0.198,0.000,0.352,0,0
D,870720,0.198,0.000,0.352,0,0
D,870725,0.264,0.000,0.352,0,0
D,870730,0.264,0.000,0.352,0,0
D,870736,0.198,0.000,0.352,0,0
D,870741,0.220,0.000,0.352,0,0
D,870746,0.242,0.000,0.352,0,0
D,870752,0.242,0.000,0.352,0,0
D,870757,0.198,0.000,0.352,0,0
D,870763,0.220,0.000,0.352,0,0
D,870768,0.242,0.000,0.352,0,0
D,870773,0.220,0.000,0.352,0,0
D,870779,0.264,0.000,0.352,0,0
D,870784,0.110,0.000,0.352,0,0
D,870789,0.110,0.000,0.352,0,0
D,870795,0.154,0.000,0.352,0,0
D,870800,0.154,0.000,0.352,0,0
D,870805,0.154,0.000,0.352,0,0
D,870811,0.132,0.000,0.352,0,0
D,870816,0.088,0.000,0.352,0,0
D,870821,0.154,0.000,0.352,0,0
D,870827,0.088,0.000,0.352,0,0
D,870832,0.132,0.000,0.352,0,0
D,870837,0.132,0.000,0.352,0,0
D,870843,0.000,0.000,0.352,0,0
D,870848,0.044,0.000,0.352,0,0
D,870853,0.088,0.000,0.352,0,0
D,870859,0.066,0.000,0.352,0,0
D,870864,0.088,0.000,0.352,0,0
D,870869,0.088,0.000,0.352,0,0
D,870875,0.022,0.000,0.352,0,0
D,870880,0.066,0.000,0.352,0,0
D,870885,-0.044,0.000,0.352,0,0
D,870891,0.066,0.000,0.352,0,0
D,870896,-0.022,0.000,0.264,0,0
D,870901,0.000,0.000,0.264,0,0
D,870907,0.000,0.000,0.352,0,0
D,870912,-0.066,0.000,0.352,0,0
D,870918,-0.110,0.000,0.352,0,0
D,870923,-0.022,0.000,0.352,0,0
D,870928,-0.110,0.000,0.352,0,0
D,870934,-0.110,0.000,0.352,0,0
D,870939,-0.066,0.000,0.352,0,0
D,870944,-0.088,0.000,0.352,0,0
D,870950,-0.066,0.000,0.352,0,0
D,870955,-0.132,0.000,0.352,0,0
D,870960,-0.110,0.000,0.352,0,0
D,870966,-0.176,0.000,0.352,0,0
D,870971,-0.066,0.000,0.352,0,0
D,870976,-0.176,0.000,0.264,0,0
D,870982,-0.198,0.000,0.352,0,0
D,870987,-0.132,0.000,0.352,0,0
D,870992,-0.176,0.000,0.352,0,0
D,870998,-0.154,0.000,0.352,0,0
D,871003,-0.110,0.000,0.352,0,0
D,871008,-0.110,0.000,0.352,0,0
D,871014,-0.110,0.000,0.352,0,0
D,871019,-0.132,0.000,0.352,0,0
D,871024,-0.132,0.000,0.352,0,0
D,871030,-0.198,0.000,0.352,0,0
D,871035,-0.132,0.000,0.352,0,0
D,871040,-0.154,0.000,0.352,0,0
D,871046,-0.110,0.000,0.352,0,0
D,871051,-0.176,0.000,0.352,0,0
D,871057,-0.088,0.000,0.352,0,0
D,871062,-0.132,0.000,0.352,0,0
D,871067,-0.176,0.000,0.352,0,0
D,871073,-0.110,0.000,0.352,0,0
D,871078,-0.176,0.000,0.352,0,0
D,871083,-0.066,0.000,0.352,0,0
D,871089,-0.176,0.000,0.352,0,0
D,871094,-0.154,0.000,0.352,0,0
D,871099,-0.110,0.000,0.352,0,0
D,871105,-0.110,0.000,0.352,0,0
D,871110,-0.198,0.000,0.352,0,0
D,871115,-0.110,0.000,0.264,0,0
D,871121,-0.154,0.000,0.352,0,0
D,871126,-0.176,0.000,0.352,0,0
D,871131,-0.176,0.000,0.352,0,0
D,871137,-0.176,0.000,0.352,0,0
D,871142,-0.110,0.000,0.352,0,0
D,871147,-0.088,0.000,0.352,0,0
D,871153,-0.088,0.000,0.352,0,0
D,871158,-0.088,0.000,0.352,0,0
D,871163,-0.044,0.000,0.264,0,0
D,871169,-0.066,0.000,0.352,0,0
D,871174,0.000,0.000,0.352,0,0
D,871179,-0.066,0.000,0.352,0,0
D,871185,-0.088,0.000,0.352,0,0
D,871190,-0.022,0.000,0.352,0,0
D,871195,-0.044,0.000,0.352,0,0
D,871201,-0.044,0.000,0.352,0,0
D,871206,0.044,0.000,0.352,0,0
D,871212,0.000,0.000,0.352,0,0
D,871217,0.022,0.000,0.352,0,0
D,871222,0.044,0.000,0.264,0,0
D,871228,0.066,0.000,0.352,0,0
D,871233,0.066,0.000,0.352,0,0
D,871238,0.110,0.000,0.352,0,0
D,871244,0.066,0.000,0.352,0,0
D,871249,0.088,0.000,0.352,0,0
D,871254,0.000,0.000,0.352,0,0
D,871260,0.066,0.000,0.352,0,0
D,871265,0.066,0.000,0.264,0,0
D,871270,0.110,0.000,0.352,0,0
D,871276,0.110,0.000,0.352,0,0
D,871281,0.110,0.000,0.352,0,0
D,871286,0.088,0.000,0.352,0,0
D,871292,0.132,0.000,0.352,0,0
D,871297,0.176,0.000,0.352,0,0
D,871302,0.132,0.000,0.352,0,0
D,871308,0.242,0.000,0.352,0,0
D,871313,0.176,0.000,0.352,0,0
D,871318,0.154,0.000,0.352,0,0
D,871324,0.154,0.000,0.352,0,0
D,871329,0.220,0.000,0.264,0,0
D,871334,0.242,0.000,0.352,0,0
D,871340,0.264,0.000,0.352,0,0
D,871345,0.220,0.000,0.352,0,0
D,871350,0.264,0.000,0.352,0,0
D,871356,0.242,0.000,0.352,0,0
D,871361,0.264,0.000,0.352,0,0
D,871366,0.286,0.000,0.352,0,0
D,871372,0.308,0.000,0.352,0,0
D,871377,0.352,0.000,0.352,0,0
D,871383,0.352,0.000,0.352,0,0
D,871388,0.308,0.000,0.352,0,0
D,871393,0.374,0.000,0.352,0,0
D,871399,0.352,0.000,0.352,0,0
D,871404,0.396,0.000,0.352,0,0
D,871409,0.396,0.000,0.352,0,0
D,871415,0.374,0.000,0.352,0,0
D,871420,0.374,0.000,0.352,0,0
D,871425,0.439,0.000,0.352,0,0
D,871431,0.461,0.000,0.352,0,0
D,871436,0.505,0.000,0.352,0,0
D,871441,0.417,0.000,0.352,0,0
D,871447,0.483,0.000,0.352,0,0
D,871452,0.505,0.000,0.352,0,0
D,871457,0.549,0.000,0.264,0,0
D,871463,0.505,0.000,0.264,0,0
D,871468,0.527,0.000,0.352,0,0
D,871473,0.549,0.000,0.264,0,0
D,871479,0.549,0.000,0.352,0,0
D,871484,0.549,0.000,0.352,0,0
D,871489,0.527,0.000,0.352,0,0
D,871495,0.615,0.000,0.352,0,0
D,871500,0.637,0.000,0.352,0,0
D,871505,0.659,0.000,0.352,0,0
D,871511,0.593,0.000,0.352,0,0
D,871516,0.615,0.000,0.352,0,0
D,871521,0.637,0.000,0.352,0,0
D,871527,0.681,0.000,0.352,0,0
D,871532,0.681,0.000,0.352,0,0
D,871538,0.725,0.000,0.352,0,0
D,871543,0.725,0.000,0.352,0,0
D,871548,0.681,0.000,0.352,0,0
D,871554,0.747,0.000,0.264,0,0
D,871559,0.769,0.000,0.352,0,0
D,871564,0.769,0.000,0.352,0,0
D,871570,0.791,0.000,0.352,0,0
D,871575,0.835,0.000,0.352,0,0
D,871580,0.835,0.000,0.352,0,0
D,871586,0.835,0.000,0.352,0,0
D,871591,0.901,0.000,0.352,0,0
D,871596,0.901,0.000,0.352,0,0
D,871602,0.923,0.000,0.352,0,0
D,871607,0.901,0.000,0.264,0,0
D,871612,0.923,0.000,0.264,0,0
D,871618,0.879,0.000,0.352,0,0
D,871623,0.835,0.000,0.264,0,0
D,871628,0.945,0.000,0.352,0,0
D,871634,0.989,0.000,0.352,0,0
D,871639,1.011,0.000,0.352,0,0
D,871644,0.989,0.000,0.352,0,0
D,871650,0.989,0.000,0.352,0,0
D,871655,0.989,0.000,0.264,0,0
D,871660,0.989,0.000,0.352,0,0
D,871666,1.011,0.000,0.352,0,0
D,871671,0.989,0.000,0.352,0,0
D,871676,1.033,0.000,0.352,0,0
D,871682,1.011,0.000,0.352,0,0
D,871687,1.099,0.000,0.352,0,0
D,871693,1.077,0.000,0.352,0,0
D,871698,1.077,0.000,0.264,0,0
D,871703,1.099,0.000,0.352,0,0
D,871709,1.121,0.000,0.352,0,0
D,871714,1.143,0.000,0.352,0,0
D,871719,1.165,0.000,0.352,0,0
D,871725,1.187,0.000,0.352,0,0
D,871730,1.187,0.000,0.352,0,0
D,871735,1.165,0.000,0.352,0,0
D,871741,1.165,0.000,0.352,0,0
D,871746,1.165,0.000,0.352,0,0
D,871751,1.187,0.000,0.352,0,0
D,871757,1.274,0.000,0.352,0,0
D,871762,1.187,0.000,0.352,0,0
D,871767,1.296,0.000,0.352,0,0
D,871773,1.187,0.000,0.264,0,0
D,871778,1.208,0.000,0.352,0,0
D,871783,1.252,0.000,0.352,0,0
D,871789,1.252,0.000,0.264,0,0
D,871794,1.252,0.000,0.352,0,0
D,871799,1.252,0.000,0.264,0,0
D,871805,1.274,0.000,0.352,0,0
D,871810,1.296,0.000,0.352,0,0
D,871815,1.274,0.000,0.352,0,0
D,871821,1.340,0.000,0.352,0,0
D,871826,1.296,0.000,0.352,0,0
D,871831,1.296,0.000,0.352,0,0
D,871837,1.318,0.000,0.352,0,0
D,871842,1.274,0.000,0.352,0,0
D,871848,1.340,0.000,0.352,0,0
D,871853,1.318,0.000,0.352,0,0
D,871858,1.340,0.000,0.352,0,0
D,871864,1.362,0.000,0.352,0,0
D,871869,1.340,0.000,0.264,0,0
D,871874,1.362,0.000,0.352,0,0
D,871880,1.406,0.000,0.352,0,0
D,871885,1.340,0.000,0.352,0,0
D,871890,1.384,0.000,0.352,0,0
D,871896,1.406,0.000,0.352,0,0
D,871901,1.384,0.000,0.352,0,0
D,871906,1.450,0.000,0.352,0,0
D,871912,1.384,0.000,0.352,0,0
D,871917,1.362,0.000,0.264,0,0
D,871922,1.450,0.000,0.352,0,0
D,871928,1.472,0.000,0.352,0,0
D,871933,1.362,0.000,0.352,0,0
D,871938,1.428,0.000,0.352,0,0
D,871944,1.406,0.000,0.352,0,0
D,871949,1.472,0.000,0.352,0,0
D,871954,1.472,0.000,0.352,0,0
D,871960,1.406,0.000,0.352,0,0
D,871965,1.362,0.000,0.352,0,0
D,871970,1.384,0.000,0.352,0,0
D,871976,1.384,0.000,0.352,0,0
D,871981,1.428,0.000,0.352,0,0
D,871986,1.406,0.000,0.264,0,0
D,871992,1.362,0.000,0.352,0,0
D,871997,1.428,0.000,0.352,0,0
D,872003,1.406,0.000,0.352,0,0
D,872008,1.384,0.000,0.264,0,0
D,872013,1.406,0.000,0.352,0,0
D,872019,1.384,0.000,0.352,0,0
D,872024,1.384,0.000,0.352,0,0
D,872029,1.428,0.000,0.352,0,0
D,872035,1.406,0.000,0.352,0,0
D,872040,1.362,0.000,0.352,0,0
D,872045,1.296,0.000,0.352,0,0
D,872051,1.318,0.000,0.352,0,0
D,872056,1.340,0.000,0.352,0,0
D,872061,1.340,0.000,0.352,0,0
D,872067,1.362,0.000,0.352,0,0
D,872072,1.318,0.000,0.352,0,0
D,872077,1.318,0.000,0.264,0,0
D,872083,1.318,0.000,0.352,0,0
D,872088,1.296,0.000,0.352,0,0
D,872093,1.274,0.000,0.352,0,0
D,872099,1.296,0.000,0.352,0,0
D,872104,1.230,0.000,0.352,0,0
D,872109,1.252,0.000,0.264,0,0
D,872115,1.274,0.000,0.352,0,0
D,872120,1.230,0.000,0.352,0,0
D,872125,1.230,0.000,0.352,0,0
D,872131,1.230,0.000,0.352,0,0
D,872136,1.208,0.000,0.352,0,0
D,872141,1.208,0.000,0.352,0,0
D,872147,1.165,0.000,0.352,0,0
D,872152,1.143,0.000,0.352,0,0
D,872158,1.143,0.000,0.352,0,0
D,872163,1.208,0.000,0.352,0,0
D,872168,1.187,0.000,0.264,0,0
D,872174,1.099,0.000,0.352,0,0
D,872179,1.121,0.000,0.352,0,0
D,872184,1.077,0.000,0.352,0,0
D,872190,1.121,0.000,0.264,0,0
D,872195,1.121,0.000,0.352,0,0
D,872200,1.077,0.000,0.352,0,0
D,872206,1.033,0.000,0.352,0,0
D,872211,1.077,0.000,0.352,0,0
D,872216,1.099,0.000,0.352,0,0
D,872222,1.121,0.000,0.352,0,0
D,872227,0.989,0.000,0.352,0,0
D,872232,1.143,0.000,0.264,0,0
D,872238,1.011,0.000,0.352,0,0
D,872243,1.011,0.000,0.352,0,0
D,872248,0.989,0.000,0.352,0,0
D,872254,1.055,0.000,0.352,0,0
D,872259,1.077,0.000,0.264,0,0
D,872264,1.011,0.000,0.352,0,0
D,872270,1.011,0.000,0.352,0,0
D,872275,1.011,0.000,0.352,0,0
D,872280,0.989,0.000,0.352,0,0
D,872286,1.055,0.000,0.352,0,0
D,872291,0.989,0.000,0.352,0,0
D,872296,1.011,0.000,0.352,0,0
D,872302,0.989,0.000,0.352,0,0
D,872307,1.033,0.000,0.352,0,0
D,872313,0.989,0.000,0.352,0,0
D,872318,0.989,0.000,0.352,0,0
D,872323,0.989,0.000,0.352,0,0
D,872329,1.011,0.000,0.352,0,0
D,872334,0.967,0.000,0.352,0,0
D,872339,1.033,0.000,0.264,0,0
D,872345,1.055,0.000,0.352,0,0
D,872350,0.967,0.000,0.352,0,0
D,872355,1.055,0.000,0.352,0,0
D,872361,1.033,0.000,0.352,0,0
D,872366,1.055,0.000,0.352,0,0
D,872371,1.077,0.000,0.352,0,0
D,872377,1.055,0.000,0.352,0,0
D,872382,1.121,0.000,0.264,0,0
D,872387,1.033,0.000,0.352,0,0
D,872393,1.011,0.000,0.352,0,0
D,872398,1.099,0.000,0.352,0,0
D,872403,1.099,0.000,0.264,0,0
D,872409,1.077,0.000,0.264,0,0
D,872414,1.121,0.000,0.352,0,0
D,872419,1.121,0.000,0.264,0,0
D,872425,1.121,0.000,0.352,0,0
D,872430,1.165,0.000,0.352,0,0
D,872435,1.143,0.000,0.352,0,0
D,872441,1.165,0.000,0.352,0,0
D,872446,1.187,0.000,0.352,0,0
D,872451,1.187,0.000,0.352,0,0
D,872457,1.187,0.000,0.352,0,0
D,872462,1.187,0.000,0.352,0,0
D,872468,1.208,0.000,0.352,0,0
D,872473,1.230,0.000,0.352,0,0
D,872478,1.274,0.000,0.352,0,0
D,872484,1.230,0.000,0.352,0,0
D,872489,1.252,0.000,0.352,0,0
D,872494,1.274,0.000,0.352,0,0
D,872500,1.340,0.000,0.352,0,0
D,872505,1.296,0.000,0.352,0,0
D,872510,1.384,0.000,0.352,0,0
D,872516,1.428,0.000,0.352,0,0
D,872521,1.450,0.000,0.352,0,0
D,872526,1.362,0.000,0.352,0,0
D,872532,1.450,0.000,0.264,0,0
D,872537,1.428,0.000,0.352,0,0
D,872542,1.450,0.000,0.352,0,0
D,872548,1.450,0.000,0.352,0,0
D,872553,1.428,0.000,0.352,0,0
D,872558,1.472,0.000,0.352,0,0
D,872564,1.516,0.000,0.352,0,0
D,872569,1.560,0.000,0.352,0,0
D,872574,1.626,0.000,0.352,0,0
D,872580,1.582,0.000,0.352,0,0
D,872585,1.582,0.000,0.352,0,0
D,872590,1.648,0.000,0.352,0,0
D,872596,1.692,0.000,0.352,0,0
D,872601,1.626,0.000,0.352,0,0
D,872606,1.604,0.000,0.352,0,0
D,872612,1.670,0.000,0.352,0,0
D,872617,1.648,0.000,0.352,0,0
D,872622,1.714,0.000,0.352,0,0
D,872628,1.714,0.000,0.352,0,0
D,872633,1.780,0.000,0.352,0,0
D,872639,1.736,0.000,0.352,0,0
D,872644,1.780,0.000,0.352,0,0
D,872649,1.780,0.000,0.352,0,0
D,872655,1.802,0.000,0.352,0,0
D,872660,1.758,0.000,0.352,0,0
D,872665,1.780,0.000,0.352,0,0
D,872671,1.824,0.000,0.352,0,0
D,872676,1.868,0.000,0.352,0,0
D,872681,1.802,0.000,0.352,0,0
D,872687,1.890,0.000,0.264,0,0
D,872692,1.846,0.000,0.264,0,0
D,872697,1.846,0.000,0.352,0,0
D,872703,1.912,0.000,0.352,0,0
D,872708,1.912,0.000,0.352,0,0
D,872713,1.956,0.000,0.352,0,0
D,872719,1.934,0.000,0.352,0,0
D,872724,1.978,0.000,0.352,0,0
D,872729,1.978,0.000,0.352,0,0
D,872735,2.043,0.000,0.352,0,0
D,872740,2.000,0.000,0.352,0,0
D,872745,2.000,0.000,0.352,0,0
D,872751,2.021,0.000,0.352,0,0
D,872756,2.000,0.000,0.352,0,0
D,872761,2.021,0.000,0.352,0,0
D,872767,2.000,0.000,0.352,0,0
D,872772,2.000,0.000,0.352,0,0
D,872777,1.978,0.000,0.352,0,0
D,872783,1.956,0.000,0.352,0,0
D,872788,2.021,0.000,0.352,0,0
D,872794,2.021,0.000,0.352,0,0
D,872799,2.065,0.000,0.352,0,0
D,872804,2.021,0.000,0.352,0,0
D,872810,2.109,0.000,0.352,0,0
D,872815,2.065,0.000,0.352,0,0
D,872820,2.109,0.000,0.352,0,0
D,872826,2.043,0.000,0.352,0,0
D,872831,2.021,0.000,0.352,0,0
D,872836,2.087,0.000,0.352,0,0
D,872842,2.021,0.000,0.352,0,0
D,872847,2.021,0.000,0.352,0,0
D,872852,1.978,0.000,0.352,0,0
D,872858,2.021,0.000,0.264,0,0
D,872863,2.065,0.000,0.352,0,0
E,872863,MARK
D,872868,2.021,0.000,0.352,0,0
D,872874,2.000,0.000,0.352,0,0
D,872879,2.000,0.000,0.352,0,0
D,872884,2.000,0.000,0.352,0,0
D,872890,2.065,0.000,0.352,0,0
D,872895,2.021,0.000,0.352,0,0
D,872900,1.978,0.000,0.352,0,0
D,872906,1.912,0.000,0.352,0,0
D,872911,1.978,0.000,0.352,0,0
D,872916,2.021,0.000,0.352,0,0
D,872922,1.934,0.000,0.352,0,0
D,872927,1.890,0.000,0.352,0,0
D,872932,1.956,0.000,0.352,0,0
D,872938,1.912,0.000,0.352,0,0
D,872943,1.956,0.000,0.352,0,0
D,872949,1.934,0.000,0.352,0,0
D,872954,1.912,0.000,0.352,0,0
D,872959,1.934,0.000,0.352,0,0
D,872965,1.890,0.000,0.352,0,0
D,872970,1.890,0.000,0.352,0,0
D,872975,1.890,0.000,0.352,0,0
D,872981,1.890,0.000,0.352,0,0
D,872986,1.846,0.000,0.352,0,0
D,872991,1.890,0.000,0.352,0,0
D,872997,1.802,0.000,0.352,0,0
D,873002,1.890,0.000,0.352,0,0
D,873007,1.846,0.000,0.352,0,0
D,873013,1.824,0.000,0.352,0,0
D,873018,1.846,0.000,0.352,0,0
D,873023,1.868,0.000,0.352,0,0
D,873029,1.824,0.000,0.352,0,0
D,873034,1.868,0.000,0.352,0,0
D,873039,1.846,0.000,0.352,0,0
D,873045,1.824,0.000,0.264,0,0
D,873050,1.780,0.000,0.352,0,0
D,873055,1.758,0.000,0.352,0,0
D,873061,1.780,0.000,0.264,0,0
D,873066,1.736,0.000,0.352,0,0
D,873071,1.758,0.000,0.352,0,0
D,873077,1.780,0.000,0.264,0,0
D,873082,1.758,0.000,0.352,0,0
D,873088,1.758,0.000,0.352,0,0
D,873093,1.758,0.000,0.352,0,0
D,873098,1.758,0.000,0.352,0,0
D,873104,1.692,0.000,0.352,0,0
D,873109,1.670,0.000,0.264,0,0
D,873114,1.670,0.000,0.352,0,0
D,873120,1.758,0.000,0.264,0,0
D,873125,1.780,0.000,0.264,0,0
D,873130,1.736,0.000,0.352,0,0
D,873136,1.670,0.000,0.352,0,0
D,873141,1.758,0.000,0.264,0,0
D,873146,1.714,0.000,0.352,0,0
D,873152,1.714,0.000,0.352,0,0
D,873157,1.670,0.000,0.352,0,0
D,873162,1.758,0.000,0.352,0,0
D,873168,1.714,0.000,0.352,0,0
D,873173,1.736,0.000,0.352,0,0
D,873178,1.692,0.000,0.352,0,0
D,873184,1.648,0.000,0.352,0,0
D,873189,1.692,0.000,0.352,0,0
D,873194,1.626,0.000,0.352,0,0
D,873200,1.670,0.000,0.352,0,0
D,873205,1.626,0.000,0.352,0,0
D,873210,1.648,0.000,0.352,0,0
D,873216,1.604,0.000,0.264,0,0
D,873221,1.670,0.000,0.352,0,0
D,873226,1.626,0.000,0.352,0,0
D,873232,1.692,0.000,0.264,0,0
D,873237,1.604,0.000,0.352,0,0
D,873242,1.670,0.000,0.352,0,0
D,873248,1.692,0.000,0.352,0,0
D,873253,1.670,0.000,0.352,0,0
D,873259,1.648,0.000,0.352,0,0
D,873264,1.648,0.000,0.352,0,0
D,873269,1.670,0.000,0.352,0,0
D,873275,1.692,0.000,0.352,0,0
D,873280,1.692,0.000,0.352,0,0
D,873285,1.692,0.000,0.352,0,0
D,873291,1.604,0.000,0.352,0,0
D,873296,1.648,0.000,0.352,0,0
D,873301,1.736,0.000,0.352,0,0
D,873307,1.692,0.000,0.352,0,0
D,873312,1.670,0.000,0.352,0,0
D,873317,1.648,0.000,0.352,0,0
D,873323,1.604,0.000,0.352,0,0
D,873328,1.626,0.000,0.352,0,0
D,873333,1.670,0.000,0.352,0,0
D,873339,1.670,0.000,0.352,0,0
D,873344,1.626,0.000,0.352,0,0
D,873349,1.626,0.000,0.352,0,0
D,873355,1.648,0.000,0.264,0,0
D,873360,1.626,0.000,0.352,0,0
D,873365,1.648,0.000,0.352,0,0
D,873371,1.604,0.000,0.352,0,0
D,873376,1.648,0.000,0.352,0,0
D,873381,1.626,0.000,0.352,0,0
D,873387,1.648,0.000,0.352,0,0
D,873392,1.648,0.000,0.352,0,0
D,873397,1.648,0.000,0.352,0,0
D,873403,1.648,0.000,0.352,0,0
D,873408,1.604,0.000,0.264,0,0
D,873414,1.670,0.000,0.352,0,0
D,873419,1.648,0.000,0.352,0,0
D,873424,1.648,0.000,0.352,0,0
D,873430,1.648,0.000,0.352,0,0
D,873435,1.648,0.000,0.352,0,0
D,873440,1.582,0.000,0.352,0,0
D,873446,1.648,0.000,0.352,0,0
D,873451,1.626,0.000,0.352,0,0
D,873456,1.626,0.000,0.352,0,0
D,873462,1.670,0.000,0.264,0,0
D,873467,1.648,0.000,0.352,0,0
D,873472,1.582,0.000,0.352,0,0
D,873478,1.692,0.000,0.264,0,0
D,873483,1.626,0.000,0.352,0,0
D,873488,1.582,0.000,0.352,0,0
D,873494,1.626,0.000,0.264,0,0
D,873499,1.626,0.000,0.352,0,0
D,873504,1.670,0.000,0.352,0,0
D,873510,1.604,0.000,0.352,0,0
D,873515,1.560,0.000,0.352,0,0
D,873520,1.582,0.000,0.264,0,0
D,873526,1.560,0.000,0.352,0,0
D,873531,1.560,0.000,0.352,0,0
D,873536,1.560,0.000,0.352,0,0
D,873542,1.494,0.000,0.352,0,0
D,873547,1.538,0.000,0.352,0,0
D,873552,1.538,0.000,0.352,0,0
D,873558,1.494,0.000,0.352,0,0
D,873563,1.450,0.000,0.352,0,0
D,873569,1.560,0.000,0.352,0,0
D,873574,1.516,0.000,0.352,0,0
D,873579,1.538,0.000,0.264,0,0
D,873585,1.516,0.000,0.352,0,0
D,873590,1.494,0.000,0.352,0,0
D,873595,1.472,0.000,0.352,0,0
D,873601,1.362,0.000,0.352,0,0
D,873606,1.450,0.000,0.352,0,0
D,873611,1.340,0.000,0.352,0,0
D,873617,1.384,0.000,0.352,0,0
D,873622,1.406,0.000,0.352,0,0
D,873627,1.362,0.000,0.352,0,0
D,873633,1.406,0.000,0.352,0,0
D,873638,1.318,0.000,0.264,0,0
D,873643,1.252,0.000,0.352,0,0
D,873649,1.318,0.000,0.352,0,0
D,873654,1.296,0.000,0.352,0,0
D,873659,1.274,0.000,0.352,0,0
D,873665,1.252,0.000,0.352,0,0
D,873670,1.230,0.000,0.352,0,0
D,873675,1.252,0.000,0.352,0,0
D,873681,1.208,0.000,0.352,0,0
D,873686,1.208,0.000,0.352,0,0
D,873691,1.208,0.000,0.352,0,0
D,873697,1.121,0.000,0.352,0,0
D,873702,1.033,0.000,0.352,0,0
D,873707,1.033,0.000,0.352,0,0
D,873713,1.055,0.000,0.352,0,0
D,873718,0.989,0.000,0.352,0,0
D,873724,1.033,0.000,0.352,0,0
D,873729,0.989,0.000,0.352,0,0
D,873734,0.989,0.000,0.352,0,0
D,873740,0.967,0.000,0.352,0,0
D,873745,0.901,0.000,0.352,0,0
D,873750,0.857,0.000,0.352,0,0
D,873756,0.879,0.000,0.352,0,0
D,873761,0.791,0.000,0.352,0,0
D,873766,0.857,0.000,0.352,0,0
D,873772,0.835,0.000,0.352,0,0
D,873777,0.725,0.000,0.352,0,0
D,873782,0.703,0.000,0.264,0,0
D,873788,0.659,0.000,0.352,0,0
D,873793,0.659,0.000,0.352,0,0
D,873798,0.593,0.000,0.352,0,0
D,873804,0.571,0.000,0.352,0,0
D,873809,0.571,0.000,0.352,0,0
D,873814,0.549,0.000,0.352,0,0
D,873820,0.549,0.000,0.352,0,0
D,873825,0.505,0.000,0.352,0,0
D,873830,0.483,0.000,0.352,0,0
D,873836,0.417,0.000,0.352,0,0
D,873841,0.417,0.000,0.352,0,0
D,873846,0.352,0.000,0.352,0,0
D,873852,0.308,0.000,0.352,0,0
D,873857,0.330,0.000,0.264,0,0
D,873862,0.264,0.000,0.352,0,0
D,873868,0.220,0.000,0.352,0,0
D,873873,0.264,0.000,0.352,0,0
D,873879,0.242,0.000,0.264,0,0
D,873884,0.220,0.000,0.352,0,0
D,873889,0.242,0.000,0.352,0,0
D,873895,0.198,0.000,0.352,0,0
D,873900,0.132,0.000,0.352,0,0
D,873905,0.022,0.000,0.352,0,0
D,873911,0.088,0.000,0.352,0,0
D,873916,0.022,0.000,0.352,0,0
D,873921,0.066,0.000,0.352,0,0
D,873927,-0.022,0.000,0.352,0,0
D,873932,0.022,0.000,0.352,0,0
D,873937,-0.022,0.000,0.352,0,0
D,873943,-0.066,0.000,0.352,0,0
D,873948,-0.110,0.000,0.352,0,0
D,873953,-0.088,0.000,0.352,0,0
D,873959,-0.154,0.000,0.352,0,0
D,873964,-0.198,0.000,0.352,0,0
D,873969,-0.176,0.000,0.352,0,0
D,873975,-0.220,0.000,0.264,0,0
D,873980,-0.220,0.000,0.352,0,0
D,873985,-0.154,0.000,0.352,0,0
D,873991,-0.242,0.000,0.352,0,0
D,873996,-0.308,0.000,0.264,0,0
D,874001,-0.286,0.000,0.352,0,0
D,874007,-0.330,0.000,0.264,0,0
D,874012,-0.374,0.000,0.352,0,0
D,874017,-0.352,0.000,0.352,0,0
D,874023,-0.374,0.000,0.352,0,0
D,874028,-0.439,0.000,0.352,0,0
D,874034,-0.374,0.000,0.352,0,0
D,874039,-0.439,0.000,0.352,0,0
D,874044,-0.461,0.000,0.264,0,0
D,874050,-0.461,0.000,0.352,0,0
D,874055,-0.527,0.000,0.352,0,0
D,874060,-0.483,0.000,0.352,0,0
D,874066,-0.483,0.000,0.352,0,0
D,874071,-0.483,0.000,0.264,0,0
D,874076,-0.549,0.000,0.352,0,0
D,874082,-0.593,0.000,0.352,0,0
D,874087,-0.549,0.000,0.264,0,0
D,874092,-0.637,0.000,0.352,0,0
D,874098,-0.593,0.000,0.352,0,0
D,874103,-0.637,0.000,0.264,0,0
D,874108,-0.615,0.000,0.264,0,0
D,874114,-0.615,0.000,0.352,0,0
D,874119,-0.637,0.000,0.352,0,0
D,874124,-0.681,0.000,0.352,0,0
D,874130,-0.681,0.000,0.352,0,0
D,874135,-0.637,0.000,0.352,0,0
D,874140,-0.703,0.000,0.352,0,0
D,874146,-0.725,0.000,0.352,0,0
D,874151,-0.593,0.000,0.352,0,0
D,874156,-0.681,0.000,0.352,0,0
D,874162,-0.659,0.000,0.352,0,0
D,874167,-0.703,0.000,0.352,0,0
D,874172,-0.681,0.000,0.352,0,0
D,874178,-0.681,0.000,0.352,0,0
D,874183,-0.725,0.000,0.352,0,0
D,874189,-0.681,0.000,0.352,0,0
D,874194,-0.769,0.000,0.352,0,0
D,874199,-0.659,0.000,0.352,0,0
D,874205,-0.681,0.000,0.352,0,0
D,874210,-0.703,0.000,0.352,0,0
D,874215,-0.725,0.000,0.352,0,0
D,874221,-0.681,0.000,0.352,0,0
D,874226,-0.725,0.000,0.264,0,0
D,874231,-0.703,0.000,0.352,0,0
D,874237,-0.703,0.000,0.352,0,0
D,874242,-0.747,0.000,0.352,0,0
D,874247,-0.725,0.000,0.352,0,0
D,874253,-0.703,0.000,0.352,0,0
D,874258,-0.659,0.000,0.352,0,0
D,874263,-0.725,0.000,0.352,0,0
D,874269,-0.681,0.000,0.352,0,0
D,874274,-0.681,0.000,0.352,0,0
D,874279,-0.725,0.000,0.352,0,0
D,874285,-0.681,0.000,0.352,0,0
D,874290,-0.681,0.000,0.352,0,0
D,874295,-0.637,0.000,0.352,0,0
D,874301,-0.725,0.000,0.352,0,0
D,874306,-0.593,0.000,0.352,0,0
D,874311,-0.659,0.000,0.352,0,0
D,874317,-0.659,0.000,0.352,0,0
D,874322,-0.593,0.000,0.352,0,0
D,874328,-0.593,0.000,0.352,0,0
D,874333,-0.615,0.000,0.352,0,0
D,874338,-0.593,0.000,0.352,0,0
D,874344,-0.615,0.000,0.352,0,0
D,874349,-0.681,0.000,0.352,0,0
D,874354,-0.615,0.000,0.352,0,0
D,874360,-0.637,0.000,0.352,0,0
D,874365,-0.571,0.000,0.352,0,0
D,874370,-0.593,0.000,0.352,0,0
D,874376,-0.637,0.000,0.352,0,0
D,874381,-0.527,0.000,0.352,0,0
D,874386,-0.527,0.000,0.352,0,0
D,874392,-0.505,0.000,0.352,0,0
D,874397,-0.527,0.000,0.352,0,0
D,874402,-0.505,0.000,0.352,0,0
D,874408,-0.549,0.000,0.352,0,0
D,874413,-0.505,0.000,0.264,0,0
D,874418,-0.417,0.000,0.352,0,0
D,874424,-0.505,0.000,0.352,0,0
D,874429,-0.483,0.000,0.352,0,0
D,874434,-0.505,0.000,0.352,0,0
D,874440,-0.439,0.000,0.352,0,0
D,874445,-0.417,0.000,0.352,0,0
D,874450,-0.483,0.000,0.352,0,0
D,874456,-0.396,0.000,0.352,0,0
D,874461,-0.417,0.000,0.352,0,0
D,874467,-0.417,0.000,0.352,0,0
D,874472,-0.330,0.000,0.352,0,0
D,874477,-0.352,0.000,0.352,0,0
D,874483,-0.396,0.000,0.352,0,0
D,874488,-0.264,0.000,0.352,0,0
D,874493,-0.286,0.000,0.352,0,0
D,874499,-0.264,0.000,0.352,0,0
D,874504,-0.308,0.000,0.352,0,0
D,874509,-0.220,0.000,0.352,0,0
D,874515,-0.220,0.000,0.352,0,0
D,874520,-0.220,0.000,0.352,0,0
D,874525,-0.242,0.000,0.352,0,0
D,874531,-0.220,0.000,0.352,0,0
D,874536,-0.220,0.000,0.352,0,0
D,874541,-0.176,0.000,0.352,0,0
D,874547,-0.176,0.000,0.352,0,0
D,874552,-0.132,0.000,0.352,0,0
D,874557,-0.132,0.000,0.352,0,0
D,874563,-0.154,0.000,0.352,0,0
D,874568,-0.110,0.000,0.352,0,0
D,874573,-0.066,0.000,0.352,0,0
D,874579,-0.022,0.000,0.264,0,0
D,874584,-0.066,0.000,0.352,0,0
D,874589,-0.110,0.000,0.352,0,0
D,874595,-0.044,0.000,0.352,0,0
D,874600,0.000,0.000,0.352,0,0
D,874605,0.022,0.000,0.352,0,0
D,874611,0.022,0.000,0.352,0,0
D,874616,0.000,0.000,0.352,0,0
D,874621,0.066,0.000,0.352,0,0
D,874627,0.110,0.000,0.352,0,0
D,874632,0.044,0.000,0.352,0,0
D,874638,0.110,0.000,0.352,0,0
D,874643,0.110,0.000,0.352,0,0
D,874648,0.132,0.000,0.352,0,0
D,874654,0.198,0.000,0.352,0,0
D,874659,0.198,0.000,0.352,0,0
D,874664,0.198,0.000,0.352,0,0
D,874670,0.220,0.000,0.352,0,0
D,874675,0.242,0.000,0.264,0,0
D,874680,0.198,0.000,0.352,0,0
D,874686,0.198,0.000,0.352,0,0
D,874691,0.198,0.000,0.352,0,0
D,874696,0.242,0.000,0.352,0,0
D,874702,0.308,0.000,0.352,0,0
D,874707,0.264,0.000,0.352,0,0
D,874712,0.308,0.000,0.352,0,0
D,874718,0.242,0.000,0.352,0,0
D,874723,0.308,0.000,0.352,0,0
D,874728,0.264,0.000,0.352,0,0
D,874734,0.286,0.000,0.352,0,0
D,874739,0.330,0.000,0.352,0,0
D,874744,0.352,0.000,0.352,0,0
D,874750,0.352,0.000,0.352,0,0
D,874755,0.330,0.000,0.352,0,0
D,874760,0.374,0.000,0.352,0,0
D,874766,0.396,0.000,0.352,0,0
D,874771,0.417,0.000,0.352,0,0
D,874776,0.439,0.000,0.352,0,0
D,874782,0.374,0.000,0.352,0,0
D,874787,0.417,0.000,0.352,0,0
D,874793,0.461,0.000,0.352,0,0
D,874798,0.417,0.000,0.352,0,0
D,874803,0.417,0.000,0.352,0,0
D,874809,0.505,0.000,0.352,0,0
D,874814,0.527,0.000,0.352,0,0
D,874819,0.527,0.000,0.352,0,0
D,874825,0.505,0.000,0.352,0,0
D,874830,0.527,0.000,0.352,0,0
D,874835,0.461,0.000,0.352,0,0
D,874841,0.527,0.000,0.352,0,0
D,874846,0.461,0.000,0.352,0,0
D,874851,0.483,0.000,0.264,0,0
D,874857,0.549,0.000,0.352,0,0
D,874862,0.505,0.000,0.352,0,0
D,874867,0.549,0.000,0.352,0,0
D,874873,0.549,0.000,0.352,0,0
D,874878,0.549,0.000,0.352,0,0
D,874883,0.571,0.000,0.352,0,0
D,874889,0.527,0.000,0.352,0,0
D,874894,0.571,0.000,0.352,0,0
D,874899,0.615,0.000,0.352,0,0
D,874905,0.593,0.000,0.352,0,0
D,874910,0.571,0.000,0.352,0,0
D,874915,0.593,0.000,0.352,0,0
D,874921,0.571,0.000,0.352,0,0
D,874926,0.549,0.000,0.352,0,0
D,874931,0.549,0.000,0.352,0,0
D,874937,0.615,0.000,0.352,0,0
D,874942,0.615,0.000,0.352,0,0
D,874947,0.571,0.000,0.352,0,0
D,874953,0.571,0.000,0.352,0,0
D,874958,0.549,0.000,0.352,0,0
D,874964,0.637,0.000,0.352,0,0
D,874969,0.593,0.000,0.352,0,0
D,874974,0.615,0.000,0.352,0,0
D,874980,0.637,0.000,0.264,0,0
D,874985,0.681,0.000,0.352,0,0
D,874990,0.637,0.000,0.352,0,0
D,874996,0.615,0.000,0.352,0,0
D,875001,0.659,0.000,0.352,0,0
D,875006,0.637,0.000,0.264,0,0
D,875012,0.659,0.000,0.352,0,0
D,875017,0.615,0.000,0.352,0,0
D,875022,0.659,0.000,0.352,0,0
D,875028,0.593,0.000,0.352,0,0
D,875033,0.681,0.000,0.352,0,0
D,875038,0.637,0.000,0.352,0,0
D,875044,0.703,0.000,0.352,0,0
D,875049,0.637,0.000,0.352,0,0
D,875054,0.637,0.000,0.352,0,0
D,875060,0.593,0.000,0.352,0,0
D,875065,0.615,0.000,0.352,0,0
D,875070,0.681,0.000,0.352,0,0
D,875076,0.615,0.000,0.352,0,0
D,875081,0.593,0.000,0.352,0,0
D,875086,0.615,0.000,0.352,0,0
D,875092,0.637,0.000,0.352,0,0
D,875097,0.637,0.000,0.352,0,0
D,875102,0.615,0.000,0.352,0,0
D,875108,0.703,0.000,0.352,0,0
D,875113,0.659,0.000,0.352,0,0
D,875119,0.571,0.000,0.352,0,0
D,875124,0.549,0.000,0.352,0,0
D,875129,0.615,0.000,0.352,0,0
D,875135,0.615,0.000,0.352,0,0
D,875140,0.615,0.000,0.352,0,0
D,875145,0.615,0.000,0.352,0,0
D,875151,0.571,0.000,0.352,0,0
D,875156,0.593,0.000,0.352,0,0
D,875161,0.593,0.000,0.352,0,0
D,875167,0.593,0.000,0.352,0,0
D,875172,0.593,0.000,0.352,0,0
D,875177,0.659,0.000,0.352,0,0
D,875183,0.593,0.000,0.352,0,0
D,875188,0.659,0.000,0.352,0,0
D,875193,0.527,0.000,0.352,0,0
D,875199,0.527,0.000,0.352,0,0
D,875204,0.593,0.000,0.352,0,0
D,875209,0.549,0.000,0.352,0,0
D,875215,0.549,0.000,0.352,0,0
D,875220,0.593,0.000,0.352,0,0
D,875225,0.527,0.000,0.352,0,0
D,875231,0.527,0.000,0.352,0,0
D,875236,0.549,0.000,0.352,0,0
D,875241,0.615,0.000,0.352,0,0
D,875247,0.571,0.000,0.352,0,0
D,875252,0.527,0.000,0.352,0,0
D,875258,0.505,0.000,0.352,0,0
D,875263,0.527,0.000,0.352,0,0
D,875268,0.549,0.000,0.352,0,0
D,875274,0.505,0.000,0.352,0,0
D,875279,0.571,0.000,0.352,0,0
D,875284,0.505,0.000,0.352,0,0
D,875290,0.593,0.000,0.352,0,0
D,875295,0.527,0.000,0.352,0,0
D,875300,0.461,0.000,0.352,0,0
D,875306,0.527,0.000,0.352,0,0
D,875311,0.461,0.000,0.352,0,0
D,875316,0.483,0.000,0.352,0,0
D,875322,0.483,0.000,0.352,0,0
D,875327,0.439,0.000,0.352,0,0
D,875332,0.461,0.000,0.352,0,0
D,875338,0.483,0.000,0.352,0,0
D,875343,0.461,0.000,0.352,0,0
D,875348,0.505,0.000,0.352,0,0
D,875354,0.505,0.000,0.352,0,0
D,875359,0.483,0.000,0.352,0,0
D,875364,0.417,0.000,0.352,0,0
D,875370,0.527,0.000,0.264,0,0
D,875375,0.461,0.000,0.352,0,0
D,875380,0.461,0.000,0.352,0,0
D,875386,0.549,0.000,0.352,0,0
D,875391,0.461,0.000,0.352,0,0
D,875396,0.483,0.000,0.352,0,0
D,875402,0.461,0.000,0.352,0,0
D,875407,0.461,0.000,0.352,0,0
D,875413,0.505,0.000,0.352,0,0
D,875418,0.527,0.000,0.352,0,0
D,875423,0.527,0.000,0.352,0,0
D,875429,0.527,0.000,0.352,0,0
D,875434,0.505,0.000,0.352,0,0
D,875439,0.527,0.000,0.352,0,0
D,875445,0.505,0.000,0.352,0,0
D,875450,0.505,0.000,0.352,0,0
D,875455,0.571,0.000,0.352,0,0
D,875461,0.637,0.000,0.264,0,0
D,875466,0.593,0.000,0.352,0,0
D,875471,0.527,0.000,0.352,0,0
D,875477,0.637,0.000,0.352,0,0
D,875482,0.593,0.000,0.352,0,0
D,875487,0.659,0.000,0.352,0,0
D,875493,0.659,0.000,0.352,0,0
D,875498,0.659,0.000,0.352,0,0
D,875503,0.615,0.000,0.264,0,0
D,875509,0.659,0.000,0.352,0,0
D,875514,0.681,0.000,0.352,0,0
D,875519,0.681,0.000,0.352,0,0
D,875525,0.703,0.000,0.352,0,0
D,875530,0.747,0.000,0.352,0,0
D,875535,0.835,0.000,0.352,0,0
D,875541,0.769,0.000,0.352,0,0
D,875546,0.703,0.000,0.352,0,0
D,875551,0.747,0.000,0.352,0,0
D,875557,0.813,0.000,0.352,0,0
D,875562,0.813,0.000,0.352,0,0
D,875568,0.857,0.000,0.352,0,0
D,875573,0.879,0.000,0.352,0,0
D,875578,0.835,0.000,0.352,0,0
D,875584,0.879,0.000,0.352,0,0
D,875589,0.901,0.000,0.352,0,0
D,875594,0.901,0.000,0.352,0,0
D,875600,0.923,0.000,0.352,0,0
D,875605,0.901,0.000,0.352,0,0
D,875610,0.989,0.000,0.352,0,0
D,875616,1.011,0.000,0.352,0,0
D,875621,1.011,0.000,0.352,0,0
D,875626,1.055,0.000,0.352,0,0
D,875632,1.011,0.000,0.352,0,0
D,875637,1.055,0.000,0.352,0,0
D,875642,1.077,0.000,0.352,0,0
D,875648,1.099,0.000,0.352,0,0
D,875653,1.143,0.000,0.352,0,0
D,875658,1.165,0.000,0.352,0,0
D,875664,1.143,0.000,0.264,0,0
D,875669,1.165,0.000,0.352,0,0
D,875674,1.274,0.000,0.352,0,0
D,875680,1.230,0.000,0.352,0,0
D,875685,1.230,0.000,0.352,0,0
D,875690,1.274,0.000,0.352,0,0
D,875696,1.230,0.000,0.352,0,0
D,875701,1.362,0.000,0.352,0,0
D,875706,1.296,0.000,0.352,0,0
D,875712,1.384,0.000,0.352,0,0
D,875717,1.362,0.000,0.352,0,0
D,875722,1.428,0.000,0.352,0,0
D,875728,1.406,0.000,0.352,0,0
D,875733,1.384,0.000,0.352,0,0
D,875739,1.428,0.000,0.352,0,0
D,875744,1.428,0.000,0.352,0,0
D,875749,1.472,0.000,0.352,0,0
D,875755,1.450,0.000,0.264,0,0
D,875760,1.582,0.000,0.352,0,0
D,875765,1.472,0.000,0.352,0,0
D,875771,1.494,0.000,0.352,0,0
D,875776,1.582,0.000,0.352,0,0
D,875781,1.604,0.000,0.352,0,0
D,875787,1.560,0.000,0.352,0,0
D,875792,1.560,0.000,0.352,0,0
D,875797,1.516,0.000,0.352,0,0
D,875803,1.560,0.000,0.352,0,0
D,875808,1.582,0.000,0.352,0,0
D,875813,1.648,0.000,0.352,0,0
D,875819,1.648,0.000,0.352,0,0
D,875824,1.670,0.000,0.352,0,0
D,875829,1.626,0.000,0.352,0,0
D,875835,1.604,0.000,0.352,0,0
D,875840,1.714,0.000,0.352,0,0
D,875845,1.670,0.000,0.352,0,0
D,875851,1.736,0.000,0.352,0,0
D,875856,1.670,0.000,0.352,0,0
D,875861,1.692,0.000,0.352,0,0
D,875867,1.736,0.000,0.352,0,0
D,875872,1.714,0.000,0.352,0,0
D,875877,1.736,0.000,0.352,0,0
D,875883,1.714,0.000,0.352,0,0
D,875888,1.692,0.000,0.352,0,0
D,875894,1.692,0.000,0.352,0,0
D,875899,1.714,0.000,0.352,0,0
D,875904,1.714,0.000,0.352,0,0
D,875910,1.692,0.000,0.352,0,0
D,875915,1.714,0.000,0.352,0,0
D,875920,1.670,0.000,0.352,0,0
D,875926,1.692,0.000,0.352,0,0
D,875931,1.736,0.000,0.352,0,0
D,875936,1.692,0.000,0.352,0,0
D,875942,1.714,0.000,0.352,0,0
D,875947,1.692,0.000,0.352,0,0
D,875952,1.714,0.000,0.352,0,0
D,875958,1.648,0.000,0.352,0,0
D,875963,1.670,0.000,0.352,0,0
D,875968,1.648,0.000,0.352,0,0
D,875974,1.648,0.000,0.352,0,0
D,875979,1.648,0.000,0.352,0,0
D,875984,1.736,0.000,0.352,0,0
D,875990,1.670,0.000,0.352,0,0
D,875995,1.604,0.000,0.352,0,0
D,876000,1.670,0.000,0.352,0,0
D,876006,1.582,0.000,0.352,0,0
D,876011,1.604,0.000,0.352,0,0
D,876016,1.582,0.000,0.352,0,0
D,876022,1.582,0.000,0.352,0,0
D,876027,1.516,0.000,0.352,0,0
D,876032,1.538,0.000,0.352,0,0
D,876038,1.516,0.000,0.352,0,0
D,876043,1.538,0.000,0.352,0,0
D,876049,1.516,0.000,0.352,0,0
D,876054,1.450,0.000,0.352,0,0
D,876059,1.472,0.000,0.352,0,0
D,876065,1.516,0.000,0.352,0,0
D,876070,1.450,0.000,0.352,0,0
D,876075,1.494,0.000,0.352,0,0
D,876081,1.450,0.000,0.352,0,0
D,876086,1.362,0.000,0.352,0,0
D,876091,1.406,0.000,0.352,0,0
D,876097,1.406,0.000,0.352,0,0
D,876102,1.362,0.000,0.352,0,0
D,876107,1.362,0.000,0.352,0,0
D,876113,1.296,0.000,0.352,0,0
D,876118,1.340,0.000,0.352,0,0
D,876123,1.230,0.000,0.352,0,0
D,876129,1.296,0.000,0.352,0,0
D,876134,1.318,0.000,0.352,0,0
D,876139,1.296,0.000,0.352,0,0
D,876145,1.230,0.000,0.352,0,0
D,876150,1.208,0.000,0.352,0,0
D,876155,1.208,0.000,0.352,0,0
D,876161,1.143,0.000,0.264,0,0
D,876166,1.165,0.000,0.352,0,0
D,876171,1.121,0.000,0.352,0,0
D,876177,1.143,0.000,0.352,0,0
D,876182,1.121,0.000,0.352,0,0
D,876187,1.165,0.000,0.352,0,0
D,876193,1.099,0.000,0.352,0,0
D,876198,1.143,0.000,0.352,0,0
D,876204,1.099,0.000,0.352,0,0
D,876209,1.011,0.000,0.352,0,0
D,876214,1.099,0.000,0.352,0,0
D,876220,0.989,0.000,0.352,0,0
D,876225,1.033,0.000,0.352,0,0
D,876230,0.945,0.000,0.352,0,0
D,876236,0.989,0.000,0.352,0,0
D,876241,0.967,0.000,0.352,0,0
D,876246,1.011,0.000,0.352,0,0
D,876252,0.989,0.000,0.352,0,0
D,876257,0.923,0.000,0.352,0,0
D,876262,0.945,0.000,0.352,0,0
D,876268,0.967,0.000,0.352,0,0
D,876273,0.945,0.000,0.352,0,0
D,876278,0.857,0.000,0.352,0,0
D,876284,0.901,0.000,0.352,0,0
D,876289,0.945,0.000,0.352,0,0
D,876294,0.901,0.000,0.352,0,0
D,876300,0.879,0.000,0.352,0,0
D,876305,0.967,0.000,0.352,0,0
D,876310,0.879,0.000,0.352,0,0
D,876316,0.857,0.000,0.352,0,0
D,876321,0.857,0.000,0.352,0,0
D,876326,0.813,0.000,0.352,0,0
D,876332,0.901,0.000,0.352,0,0
D,876337,0.879,0.000,0.352,0,0
D,876342,0.879,0.000,0.352,0,0
D,876348,0.945,0.000,0.352,0,0
D,876353,0.901,0.000,0.352,0,0
D,876359,0.879,0.000,0.352,0,0
D,876364,0.901,0.000,0.352,0,0
D,876369,0.901,0.000,0.352,0,0
D,876375,0.879,0.000,0.352,0,0
D,876380,0.879,0.000,0.352,0,0
D,876385,0.879,0.000,0.352,0,0
D,876391,0.901,0.000,0.352,0,0
D,876396,0.901,0.000,0.352,0,0
D,876401,0.923,0.000,0.352,0,0
D,876407,0.967,0.000,0.352,0,0
D,876412,1.011,0.000,0.352,0,0
D,876417,0.967,0.000,0.352,0,0
D,876423,0.967,0.000,0.352,0,0
D,876428,0.989,0.000,0.352,0,0
D,876433,1.033,0.000,0.352,0,0
D,876439,1.011,0.000,0.352,0,0
D,876444,0.945,0.000,0.352,0,0
D,876449,1.011,0.000,0.352,0,0
D,876455,0.989,0.000,0.352,0,0
D,876460,1.011,0.000,0.352,0,0
D,876465,1.011,0.000,0.352,0,0
D,876471,1.011,0.000,0.352,0,0
D,876476,1.099,0.000,0.352,0,0
D,876481,1.011,0.000,0.264,0,0
D,876487,1.099,0.000,0.352,0,0
D,876492,1.077,0.000,0.352,0,0
D,876497,1.121,0.000,0.352,0,0
D,876503,1.099,0.000,0.352,0,0
D,876508,1.165,0.000,0.352,0,0
D,876514,1.187,0.000,0.352,0,0
D,876519,1.208,0.000,0.352,0,0
D,876524,1.252,0.000,0.352,0,0
D,876530,1.187,0.000,0.352,0,0
D,876535,1.252,0.000,0.352,0,0
D,876540,1.165,0.000,0.352,0,0
D,876546,1.252,0.000,0.352,0,0
D,876551,1.252,0.000,0.352,0,0
D,876556,1.274,0.000,0.352,0,0
D,876562,1.318,0.000,0.352,0,0
D,876567,1.318,0.000,0.352,0,0
D,876572,1.384,0.000,0.352,0,0
D,876578,1.362,0.000,0.352,0,0
D,876583,1.362,0.000,0.352,0,0
D,876588,1.340,0.000,0.352,0,0
D,876594,1.428,0.000,0.352,0,0
D,876599,1.406,0.000,0.352,0,0
D,876604,1.428,0.000,0.352,0,0
D,876610,1.450,0.000,0.352,0,0
D,876615,1.472,0.000,0.352,0,0
D,876620,1.494,0.000,0.352,0,0
D,876626,1.560,0.000,0.352,0,0
D,876631,1.472,0.000,0.352,0,0
D,876636,1.494,0.000,0.264,0,0
D,876642,1.472,0.000,0.352,0,0
D,876647,1.494,0.000,0.352,0,0
D,876653,1.538,0.000,0.352,0,0
D,876658,1.582,0.000,0.352,0,0
D,876663,1.582,0.000,0.352,0,0
D,876669,1.560,0.000,0.352,0,0
D,876674,1.670,0.000,0.352,0,0
D,876679,1.626,0.000,0.352,0,0
D,876685,1.604,0.000,0.352,0,0
D,876690,1.648,0.000,0.352,0,0
D,876695,1.648,0.000,0.352,0,0
D,876701,1.714,0.000,0.352,0,0
D,876706,1.692,0.000,0.352,0,0
D,876711,1.692,0.000,0.352,0,0
D,876717,1.758,0.000,0.352,0,0
D,876722,1.780,0.000,0.352,0,0
D,876727,1.780,0.000,0.352,0,0
D,876733,1.736,0.000,0.352,0,0
D,876738,1.736,0.000,0.352,0,0
D,876743,1.802,0.000,0.352,0,0
D,876749,1.714,0.000,0.352,0,0
D,876754,1.802,0.000,0.352,0,0
D,876759,1.780,0.000,0.352,0,0
D,876765,1.780,0.000,0.352,0,0
D,876770,1.824,0.000,0.352,0,0
D,876775,1.802,0.000,0.352,0,0
D,876781,1.780,0.000,0.264,0,0
D,876786,1.846,0.000,0.352,0,0
D,876791,1.780,0.000,0.352,0,0
D,876797,1.868,0.000,0.352,0,0
D,876802,1.890,0.000,0.352,0,0
D,876808,1.846,0.000,0.352,0,0
D,876813,1.780,0.000,0.352,0,0
D,876818,1.824,0.000,0.352,0,0
D,876824,1.846,0.000,0.264,0,0
D,876829,1.890,0.000,0.352,0,0
D,876834,1.780,0.000,0.352,0,0
D,876840,1.890,0.000,0.352,0,0
D,876845,1.824,0.000,0.352,0,0
D,876850,1.824,0.000,0.352,0,0
D,876856,1.934,0.000,0.352,0,0
D,876861,1.824,0.000,0.352,0,0
D,876866,1.868,0.000,0.352,0,0
D,876872,1.934,0.000,0.352,0,0
D,876877,1.846,0.000,0.352,0,0
D,876882,1.934,0.000,0.352,0,0
D,876888,1.912,0.000,0.352,0,0
D,876893,1.912,0.000,0.352,0,0
D,876898,1.934,0.000,0.352,0,0
D,876904,1.890,0.000,0.352,0,0
D,876909,1.956,0.000,0.352,0,0
D,876914,1.956,0.000,0.352,0,0
D,876920,2.000,0.000,0.264,0,0
D,876925,2.043,0.000,0.352,0,0
D,876930,1.956,0.000,0.352,0,0
D,876936,2.043,0.000,0.352,0,0
D,876941,2.087,0.000,0.352,0,0
D,876946,2.087,0.000,0.352,0,0
D,876952,2.021,0.000,0.352,0,0
D,876957,2.065,0.000,0.352,0,0
D,876963,2.065,0.000,0.352,0,0
D,876968,2.087,0.000,0.352,0,0
D,876973,2.109,0.000,0.352,0,0
D,876979,2.175,0.000,0.352,0,0
D,876984,2.131,0.000,0.352,0,0
D,876989,2.131,0.000,0.352,0,0
D,876995,2.109,0.000,0.352,0,0
D,877000,2.219,0.000,0.352,0,0
D,877005,2.153,0.000,0.352,0,0
D,877011,2.219,0.000,0.352,0,0
D,877016,2.153,0.000,0.352,0,0
D,877021,2.197,0.000,0.352,0,0
D,877027,2.241,0.000,0.352,0,0
D,877032,2.219,0.000,0.352,0,0
D,877037,2.285,0.000,0.352,0,0
D,877043,2.285,0.000,0.352,0,0
D,877048,2.263,0.000,0.352,0,0
D,877053,2.373,0.000,0.352,0,0
D,877059,2.351,0.000,0.352,0,0
D,877064,2.417,0.000,0.352,0,0
D,877069,2.351,0.000,0.352,0,0
D,877075,2.395,0.000,0.352,0,0
D,877080,2.395,0.000,0.352,0,0
D,877085,2.417,0.000,0.352,0,0
D,877091,2.417,0.000,0.352,0,0
D,877096,2.439,0.000,0.352,0,0
D,877102,2.527,0.000,0.352,0,0
D,877107,2.483,0.000,0.352,0,0
D,877112,2.549,0.000,0.352,0,0
D,877118,2.615,0.000,0.352,0,0
D,877123,2.571,0.000,0.352,0,0
D,877128,2.593,0.000,0.352,0,0
D,877134,2.571,0.000,0.352,0,0
D,877139,2.615,0.000,0.352,0,0
D,877144,2.615,0.000,0.352,0,0
D,877150,2.725,0.000,0.352,0,0
D,877155,2.659,0.000,0.352,0,0
D,877160,2.681,0.000,0.352,0,0
D,877166,2.703,0.000,0.352,0,0
D,877171,2.725,0.000,0.352,0,0
D,877176,2.791,0.000,0.352,0,0
D,877182,2.769,0.000,0.352,0,0
D,877187,2.813,0.000,0.352,0,0
D,877192,2.769,0.000,0.352,0,0
D,877198,2.856,0.000,0.352,0,0
D,877203,2.834,0.000,0.352,0,0
D,877208,2.834,0.000,0.352,0,0
D,877214,2.900,0.000,0.352,0,0
D,877219,2.922,0.000,0.352,0,0
D,877224,2.988,0.000,0.352,0,0
D,877230,2.966,0.000,0.352,0,0
D,877235,3.010,0.000,0.352,0,0
D,877240,3.098,0.000,0.352,0,0
D,877246,3.054,0.000,0.352,0,0
D,877251,3.098,0.000,0.352,0,0
D,877257,3.120,0.000,0.352,0,0
D,877262,3.142,0.000,0.352,0,0
D,877267,3.164,0.000,0.264,0,0
D,877273,3.230,0.000,0.352,0,0
D,877278,3.164,0.000,0.352,0,0
D,877283,3.230,0.000,0.264,0,0
D,877289,3.230,0.000,0.352,0,0
D,877294,3.318,0.000,0.352,0,0
D,877299,3.318,0.000,0.352,0,0
D,877305,3.340,0.000,0.352,0,0
D,877310,3.362,0.000,0.352,0,0
D,877315,3.428,0.000,0.352,0,0
D,877321,3.428,0.000,0.352,0,0
D,877326,3.450,0.000,0.352,0,0
D,877331,3.450,0.000,0.352,0,0
D,877337,3.560,0.000,0.352,0,0
D,877342,3.560,0.000,0.352,0,0
D,877347,3.582,0.000,0.352,0,0
D,877353,3.604,0.000,0.352,0,0
D,877358,3.669,0.000,0.352,0,0
D,877363,3.691,0.000,0.352,0,0
D,877369,3.691,0.000,0.352,0,0
D,877374,3.691,0.000,0.352,0,0
D,877379,3.735,0.000,0.352,0,0
D,877385,3.735,0.000,0.352,0,0
D,877390,3.823,0.000,0.352,0,0
D,877395,3.867,0.000,0.352,0,0
D,877401,3.845,0.000,0.352,0,0
D,877406,3.867,0.000,0.352,0,0
D,877412,3.889,0.000,0.352,0,0
D,877417,3.933,0.000,0.352,0,0
D,877422,3.933,0.000,0.352,0,0
D,877428,3.999,0.000,0.352,0,0
D,877433,4.065,0.000,0.264,0,0
D,877438,4.043,0.000,0.352,0,0
D,877444,4.087,0.000,0.352,0,0
D,877449,4.131,0.000,0.352,0,0
D,877454,4.175,0.000,0.352,0,0
D,877460,4.175,0.000,0.352,0,0
D,877465,4.197,0.000,0.352,0,0
D,877470,4.219,0.000,0.352,0,0
D,877476,4.241,0.000,0.264,0,0
D,877481,4.263,0.000,0.352,0,0
D,877486,4.263,0.000,0.264,0,0
D,877492,4.329,0.000,0.352,0,0
D,877497,4.307,0.000,0.352,0,0
D,877502,4.307,0.000,0.352,0,0
D,877508,4.351,0.000,0.352,0,0
D,877513,4.307,0.000,0.352,0,0
D,877518,4.395,0.000,0.352,0,0
D,877524,4.351,0.000,0.352,0,0
D,877529,4.395,0.000,0.352,0,0
D,877534,4.438,0.000,0.352,0,0
D,877540,4.504,0.000,0.352,0,0
D,877545,4.438,0.000,0.264,0,0
D,877550,4.460,0.000,0.352,0,0
D,877556,4.460,0.000,0.352,0,0
D,877561,4.417,0.000,0.352,0,0
D,877566,4.504,0.000,0.264,0,0
D,877572,4.460,0.000,0.352,0,0
D,877577,4.438,0.000,0.264,0,0
D,877583,4.395,0.000,0.352,0,0
D,877588,4.417,0.000,0.264,0,0
D,877593,4.351,0.000,0.264,0,0
D,877599,4.395,0.000,0.352,0,0
D,877604,4.329,0.000,0.264,0,0
D,877609,4.329,0.000,0.264,0,0
D,877615,4.351,0.000,0.352,0,0
D,877620,4.307,0.000,0.264,0,0
D,877625,4.219,0.000,0.264,0,0
D,877631,4.263,0.000,0.264,0,0
D,877636,4.219,0.000,0.264,0,0
D,877641,4.131,0.000,0.264,0,0
D,877647,4.175,0.000,0.264,0,0
D,877652,4.065,0.000,0.264,0,0
D,877657,4.065,0.000,0.264,0,0
D,877663,4.043,0.000,0.352,0,0
D,877668,3.999,0.000,0.352,0,0
D,877673,3.955,0.000,0.264,0,0
D,877679,3.955,0.000,0.264,0,0
D,877684,3.867,0.000,0.264,0,0
D,877689,3.779,0.000,0.264,0,0
D,877695,3.757,0.000,0.264,0,0
D,877700,3.625,0.000,0.264,0,0
D,877705,3.647,0.000,0.264,0,0
D,877711,3.516,0.000,0.264,0,0
D,877716,3.494,0.000,0.264,0,0
D,877722,3.472,0.000,0.264,0,0
D,877727,3.362,0.000,0.264,0,0
D,877732,3.274,0.000,0.264,0,0
D,877738,3.230,0.000,0.264,0,0
D,877743,3.164,0.000,0.264,0,0
D,877748,3.054,0.000,0.264,0,0
D,877754,3.032,0.000,0.264,0,0
D,877759,2.944,0.000,0.264,0,0
D,877764,2.900,0.000,0.264,0,0
D,877770,2.791,0.000,0.264,0,0
D,877775,2.747,0.000,0.264,0,0
D,877780,2.703,0.000,0.264,0,0
D,877786,2.681,0.000,0.264,0,0
D,877791,2.505,0.000,0.264,0,0
D,877796,2.439,0.000,0.264,0,0
D,877802,2.417,0.000,0.264,0,0
D,877807,2.329,0.000,0.264,0,0
D,877812,2.219,0.000,0.264,0,0
D,877818,2.175,0.000,0.264,0,0
D,877823,2.087,0.000,0.264,0,0
D,877828,2.043,0.000,0.264,0,0
D,877834,1.824,0.000,0.264,0,0
D,877839,1.780,0.000,0.264,0,0
D,877844,1.736,0.000,0.264,0,0
D,877850,1.560,0.000,0.264,0,0
D,877855,1.494,0.000,0.176,0,0
D,877860,1.406,0.000,0.264,0,0
D,877866,1.296,0.000,0.264,0,0
D,877871,1.252,0.000,0.264,0,0
D,877876,1.187,0.000,0.264,0,0
D,877882,1.077,0.000,0.176,0,0
D,877887,0.989,0.000,0.176,0,0
D,877893,0.945,0.000,0.176,0,0
D,877898,0.813,0.000,0.176,0,0
D,877903,0.659,0.000,0.176,0,0
D,877909,0.637,0.000,0.176,0,0
D,877914,0.483,0.000,0.176,0,0
D,877919,0.396,0.000,0.176,0,0
D,877925,0.308,0.000,0.176,0,0
D,877930,0.198,0.000,0.176,0,0
D,877935,0.154,0.000,0.176,0,0
D,877941,-0.022,0.000,0.176,0,0
D,877946,-0.066,0.000,0.176,0,0
D,877951,-0.198,0.000,0.176,0,0
D,877957,-0.242,0.000,0.176,0,0
D,877962,-0.352,0.000,0.176,0,0
D,877967,-0.439,0.000,0.176,0,0
D,877973,-0.483,0.000,0.176,0,0
D,877978,-0.637,0.000,0.176,0,0
D,877983,-0.681,0.000,0.176,0,0
D,877989,-0.769,0.000,0.176,0,0
D,877994,-0.901,0.000,0.176,0,0
D,877999,-0.989,0.000,0.176,0,0
D,878005,-1.055,0.000,0.176,0,0
D,878010,-1.165,0.000,0.176,0,0
D,878015,-1.318,0.000,0.176,0,0
D,878021,-1.362,0.000,0.176,0,0
D,878026,-1.406,0.000,0.176,0,0
D,878032,-1.560,0.000,0.176,0,0
D,878037,-1.648,0.000,0.176,0,0
D,878042,-1.692,0.000,0.176,0,0
D,878048,-1.714,0.000,0.176,0,0
D,878053,-1.824,0.000,0.176,0,0
D,878058,-1.890,0.000,0.176,0,0
D,878064,-2.043,0.000,0.176,0,0
D,878069,-2.087,0.000,0.176,0,0
D,878074,-2.153,0.000,0.176,0,0
D,878080,-2.197,0.000,0.176,0,0
D,878085,-2.263,0.000,0.176,0,0
D,878090,-2.329,0.000,0.176,0,0
D,878096,-2.439,0.000,0.176,0,0
D,878101,-2.527,0.000,0.176,0,0
D,878106,-2.571,0.000,0.176,0,0
D,878112,-2.593,0.000,0.176,0,0
D,878117,-2.703,0.000,0.176,0,0
D,878122,-2.703,0.000,0.176,0,0
D,878128,-2.834,0.000,0.176,0,0
D,878133,-2.878,0.000,0.176,0,0
D,878138,-2.944,0.000,0.176,0,0
D,878144,-2.988,0.000,0.176,0,0
D,878149,-3.010,0.000,0.176,0,0
D,878154,-3.010,0.000,0.176,0,0
D,878160,-3.098,0.000,0.176,0,0
D,878165,-3.186,0.000,0.176,0,0
D,878171,-3.186,0.000,0.176,0,0
D,878176,-3.274,0.000,0.176,0,0
D,878181,-3.274,0.000,0.176,0,0
D,878187,-3.362,0.000,0.176,0,0
D,878192,-3.362,0.000,0.264,0,0
D,878197,-3.362,0.000,0.264,0,0
D,878203,-3.428,0.000,0.176,0,0
D,878208,-3.428,0.000,0.264,0,0
D,878213,-3.494,0.000,0.264,0,0
D,878219,-3.450,0.000,0.264,0,0
D,878224,-3.560,0.000,0.264,0,0
D,878229,-3.494,0.000,0.264,0,0
D,878235,-3.538,0.000,0.264,0,0
D,878240,-3.560,0.000,0.176,0,0
D,878245,-3.582,0.000,0.264,0,0
D,878251,-3.582,0.000,0.176,0,0
D,878256,-3.538,0.000,0.264,0,0
D,878261,-3.604,0.000,0.264,0,0
D,878267,-3.494,0.000,0.264,0,0
D,878272,-3.604,0.000,0.264,0,0
D,878277,-3.560,0.000,0.264,0,0
D,878283,-3.560,0.000,0.264,0,0
D,878288,-3.538,0.000,0.264,0,0
D,878293,-3.604,0.000,0.264,0,0
D,878299,-3.494,0.000,0.264,0,0
D,878304,-3.582,0.000,0.264,0,0
D,878310,-3.582,0.000,0.264,0,0
D,878315,-3.560,0.000,0.264,0,0
D,878320,-3.538,0.000,0.264,0,0
D,878326,-3.516,0.000,0.264,0,0
D,878331,-3.494,0.000,0.264,0,0
D,878336,-3.450,0.000,0.264,0,0
D,878342,-3.472,0.000,0.264,0,0
D,878347,-3.450,0.000,0.264,0,0
D,878352,-3.318,0.000,0.264,0,0
D,878358,-3.318,0.000,0.264,0,0
D,878363,-3.252,0.000,0.264,0,0
D,878368,-3.208,0.000,0.264,0,0
D,878374,-3.164,0.000,0.264,0,0
D,878379,-3.164,0.000,0.352,0,0
D,878384,-3.142,0.000,0.352,0,0
D,878390,-3.010,0.000,0.352,0,0
D,878395,-3.032,0.000,0.352,0,0
D,878400,-2.988,0.000,0.352,0,0
D,878406,-2.900,0.000,0.352,0,0
D,878411,-2.878,0.000,0.352,0,0
D,878416,-2.834,0.000,0.352,0,0
D,878422,-2.834,0.000,0.352,0,0
D,878427,-2.769,0.000,0.352,0,0
D,878432,-2.703,0.000,0.352,0,0
D,878438,-2.637,0.000,0.352,0,0
D,878443,-2.637,0.000,0.352,0,0
D,878448,-2.505,0.000,0.352,0,0
D,878454,-2.505,0.000,0.352,0,0
D,878459,-2.549,0.000,0.352,0,0
D,878465,-2.395,0.000,0.352,0,0
D,878470,-2.395,0.000,0.352,0,0
D,878475,-2.263,0.000,0.352,0,0
D,878481,-2.219,0.000,0.352,0,0
D,878486,-2.175,0.000,0.352,0,0
D,878491,-2.109,0.000,0.439,0,0
D,878497,-2.021,0.000,0.439,0,0
D,878502,-1.956,0.000,0.352,0,0
D,878507,-1.868,0.000,0.439,0,0
D,878513,-1.846,0.000,0.352,0,0
D,878518,-1.714,0.000,0.439,0,0
D,878523,-1.714,0.000,0.439,0,0
D,878529,-1.648,0.000,0.439,0,0
D,878534,-1.604,0.000,0.439,0,0
D,878539,-1.494,0.000,0.439,0,0
D,878545,-1.450,0.000,0.439,0,0
D,878550,-1.384,0.000,0.439,0,0
D,878555,-1.296,0.000,0.439,0,0
D,878561,-1.296,0.000,0.439,0,0
D,878566,-1.252,0.000,0.439,0,0
D,878571,-1.208,0.000,0.439,0,0
D,878577,-1.055,0.000,0.439,0,0
D,878582,-1.055,0.000,0.439,0,0
D,878587,-0.989,0.000,0.439,0,0
D,878593,-1.033,0.000,0.439,0,0
D,878598,-0.901,0.000,0.439,0,0
D,878604,-0.791,0.000,0.439,0,0
D,878609,-0.835,0.000,0.439,0,0
D,878614,-0.637,0.000,0.439,0,0
D,878620,-0.527,0.000,0.439,0,0
D,878625,-0.615,0.000,0.439,0,0
D,878630,-0.527,0.000,0.439,0,0
D,878636,-0.505,0.000,0.439,0,0
D,878641,-0.396,0.000,0.439,0,0
D,878646,-0.352,0.000,0.439,0,0
D,878652,-0.286,0.000,0.439,0,0
D,878657,-0.286,0.000,0.439,0,0
D,878662,-0.198,0.000,0.439,0,0
D,878668,-0.110,0.000,0.439,0,0
D,878673,-0.110,0.000,0.439,0,0
D,878678,-0.088,0.000,0.439,0,0
D,878684,-0.088,0.000,0.439,0,0
D,878689,-0.066,0.000,0.439,0,0
D,878694,0.000,0.000,0.439,0,0
D,878700,0.000,0.000,0.439,0,0
D,878705,0.044,0.000,0.439,0,0
D,878710,-0.022,0.000,0.439,0,0
D,878716,0.022,0.000,0.439,0,0
D,878721,0.000,0.000,0.439,0,0
D,878726,0.088,0.000,0.439,0,0
D,878732,0.132,0.000,0.439,0,0
D,878737,0.198,0.000,0.439,0,0
D,878742,0.154,0.000,0.439,0,0
D,878748,0.176,0.000,0.439,0,0
D,878753,0.220,0.000,0.352,0,0
D,878759,0.242,0.000,0.352,0,0
D,878764,0.242,0.000,0.439,0,0
D,878769,0.242,0.000,0.439,0,0
D,878775,0.286,0.000,0.439,0,0
D,878780,0.198,0.000,0.352,0,0
D,878785,0.264,0.000,0.439,0,0
D,878791,0.242,0.000,0.439,0,0
D,878796,0.242,0.000,0.439,0,0
D,878801,0.264,0.000,0.439,0,0
D,878807,0.242,0.000,0.439,0,0
D,878812,0.242,0.000,0.439,0,0
D,878817,0.264,0.000,0.352,0,0
D,878823,0.220,0.000,0.439,0,0
D,878828,0.176,0.000,0.439,0,0
D,878833,0.110,0.000,0.439,0,0
D,878839,0.110,0.000,0.439,0,0
D,878844,0.066,0.000,0.439,0,0
D,878849,0.110,0.000,0.439,0,0
D,878855,0.066,0.000,0.439,0,0
D,878860,0.044,0.000,0.439,0,0
D,878865,-0.110,0.000,0.439,0,0
D,878871,-0.088,0.000,0.439,0,0
D,878876,-0.110,0.000,0.439,0,0
D,878881,-0.110,0.000,0.439,0,0
D,878887,-0.286,0.000,0.439,0,0
D,878892,-0.242,0.000,0.439,0,0
D,878897,-0.308,0.000,0.439,0,0
D,878903,-0.308,0.000,0.439,0,0
D,878908,-0.396,0.000,0.439,0,0
D,878914,-0.396,0.000,0.439,0,0
D,878919,-0.505,0.000,0.439,0,0
D,878924,-0.549,0.000,0.439,0,0
D,878930,-0.593,0.000,0.352,0,0
D,878935,-0.637,0.000,0.439,0,0
D,878940,-0.747,0.000,0.439,0,0
D,878946,-0.769,0.000,0.439,0,0
D,878951,-0.791,0.000,0.439,0,0
D,878956,-0.835,0.000,0.439,0,0
D,878962,-0.901,0.000,0.439,0,0
D,878967,-0.989,0.000,0.439,0,0
D,878972,-1.055,0.000,0.439,0,0
D,878978,-1.165,0.000,0.439,0,0
D,878983,-1.187,0.000,0.439,0,0
D,878988,-1.274,0.000,0.439,0,0
D,878994,-1.362,0.000,0.352,0,0
D,878999,-1.428,0.000,0.439,0,0
D,879004,-1.494,0.000,0.439,0,0
D,879010,-1.582,0.000,0.439,0,0
D,879015,-1.582,0.000,0.439,0,0
D,879020,-1.758,0.000,0.439,0,0
D,879026,-1.824,0.000,0.439,0,0
D,879031,-1.868,0.000,0.439,0,0
D,879036,-1.956,0.000,0.352,0,0
D,879042,-2.043,0.000,0.439,0,0
D,879047,-2.087,0.000,0.439,0,0
D,879052,-2.175,0.000,0.439,0,0
D,879058,-2.241,0.000,0.439,0,0
D,879063,-2.263,0.000,0.439,0,0
D,879069,-2.373,0.000,0.439,0,0
D,879074,-2.373,0.000,0.439,0,0
D,879079,-2.505,0.000,0.352,0,0
D,879085,-2.637,0.000,0.439,0,0
D,879090,-2.659,0.000,0.439,0,0
D,879095,-2.725,0.000,0.439,0,0
D,879101,-2.856,0.000,0.439,0,0
D,879106,-2.966,0.000,0.439,0,0
D,879111,-2.988,0.000,0.352,0,0
D,879117,-3.142,0.000,0.439,0,0
D,879122,-3.208,0.000,0.439,0,0
D,879127,-3.230,0.000,0.439,0,0
D,879133,-3.362,0.000,0.439,0,0
D,879138,-3.406,0.000,0.439,0,0
D,879143,-3.494,0.000,0.439,0,0
D,879149,-3.582,0.000,0.439,0,0
D,879154,-3.582,0.000,0.439,0,0
D,879159,-3.713,0.000,0.352,0,0
D,879165,-3.757,0.000,0.439,0,0
D,879170,-3.845,0.000,0.352,0,0
D,879175,-3.999,0.000,0.439,0,0
D,879181,-4.065,0.000,0.439,0,0
D,879186,-4.131,0.000,0.439,0,0
D,879191,-4.263,0.000,0.439,0,0
D,879197,-4.373,0.000,0.439,0,0
D,879202,-4.482,0.000,0.439,0,0
D,879208,-4.504,0.000,0.439,0,0
D,879213,-4.592,0.000,0.439,0,0
D,879218,-4.680,0.000,0.439,0,0
D,879224,-4.768,0.000,0.439,0,0
D,879229,-4.812,0.000,0.439,0,0
D,879234,-4.834,0.000,0.439,0,0
D,879240,-4.900,0.000,0.352,0,0
D,879245,-5.054,0.000,0.439,0,0
D,879250,-5.076,0.000,0.439,0,0
D,879256,-5.054,0.000,0.439,0,0
D,879261,-5.120,0.000,0.439,0,0
D,879266,-5.229,0.000,0.439,0,0
D,879272,-5.273,0.000,0.439,0,0
D,879277,-5.208,0.000,0.439,0,0
D,879282,-5.273,0.000,0.439,0,0
D,879288,-5.361,0.000,0.439,0,0
D,879293,-5.361,0.000,0.439,0,0
D,879298,-5.361,0.000,0.439,0,0
D,879304,-5.427,0.000,0.439,0,0
D,879309,-5.427,0.000,0.439,0,0
D,879314,-5.427,0.000,0.439,0,0
D,879320,-5.471,0.000,0.439,0,0
D,879325,-5.405,0.000,0.439,0,0
D,879330,-5.515,0.000,0.439,0,0
D,879336,-5.449,0.000,0.439,0,0
D,879341,-5.537,0.000,0.439,0,0
D,879347,-5.449,0.000,0.439,0,0
D,879352,-5.493,0.000,0.439,0,0
D,879357,-5.515,0.000,0.439,0,0
D,879363,-5.449,0.000,0.439,0,0
D,879368,-5.449,0.000,0.439,0,0
D,879373,-5.405,0.000,0.439,0,0
D,879379,-5.383,0.000,0.439,0,0
D,879384,-5.361,0.000,0.439,0,0
D,879389,-5.449,0.000,0.439,0,0
D,879395,-5.361,0.000,0.439,0,0
D,879400,-5.427,0.000,0.439,0,0
D,879405,-5.471,0.000,0.439,0,0
D,879411,-5.383,0.000,0.439,0,0
D,879416,-5.405,0.000,0.439,0,0
D,879421,-5.449,0.000,0.439,0,0
D,879427,-5.449,0.000,0.439,0,0
D,879432,-5.427,0.000,0.439,0,0
D,879437,-5.383,0.000,0.439,0,0
D,879443,-5.405,0.000,0.439,0,0
D,879448,-5.361,0.000,0.439,0,0
D,879453,-5.339,0.000,0.439,0,0
D,879459,-5.229,0.000,0.439,0,0
D,879464,-5.229,0.000,0.439,0,0
D,879469,-5.186,0.000,0.439,0,0
D,879475,-5.229,0.000,0.439,0,0
D,879480,-5.186,0.000,0.439,0,0
D,879486,-5.120,0.000,0.439,0,0
D,879491,-5.076,0.000,0.439,0,0
D,879496,-5.054,0.000,0.439,0,0
D,879502,-5.032,0.000,0.439,0,0
D,879507,-4.988,0.000,0.439,0,0
D,879512,-4.988,0.000,0.439,0,0
D,879518,-4.900,0.000,0.439,0,0
D,879523,-4.900,0.000,0.439,0,0
D,879528,-4.768,0.000,0.439,0,0
D,879534,-4.768,0.000,0.439,0,0
D,879539,-4.702,0.000,0.439,0,0
D,879544,-4.658,0.000,0.439,0,0
D,879550,-4.614,0.000,0.439,0,0
D,879555,-4.548,0.000,0.439,0,0
D,879560,-4.526,0.000,0.439,0,0
D,879566,-4.460,0.000,0.439,0,0
D,879571,-4.373,0.000,0.439,0,0
D,879576,-4.329,0.000,0.439,0,0
D,879582,-4.197,0.000,0.439,0,0
D,879587,-4.131,0.000,0.439,0,0
D,879592,-4.197,0.000,0.439,0,0
D,879598,-4.153,0.000,0.439,0,0
D,879603,-4.109,0.000,0.439,0,0
D,879608,-3.999,0.000,0.439,0,0
D,879614,-4.043,0.000,0.439,0,0
D,879619,-3.911,0.000,0.439,0,0
D,879625,-3.889,0.000,0.439,0,0
D,879630,-3.823,0.000,0.439,0,0
D,879635,-3.845,0.000,0.439,0,0
D,879641,-3.823,0.000,0.439,0,0
D,879646,-3.757,0.000,0.439,0,0
D,879651,-3.669,0.000,0.439,0,0
D,879657,-3.669,0.000,0.439,0,0
D,879662,-3.560,0.000,0.439,0,0
D,879667,-3.582,0.000,0.439,0,0
D,879673,-3.516,0.000,0.439,0,0
D,879678,-3.494,0.000,0.439,0,0
D,879683,-3.428,0.000,0.439,0,0
D,879689,-3.384,0.000,0.439,0,0
D,879694,-3.450,0.000,0.439,0,0
D,879699,-3.362,0.000,0.439,0,0
D,879705,-3.296,0.000,0.439,0,0
D,879710,-3.340,0.000,0.439,0,0
D,879715,-3.318,0.000,0.439,0,0
D,879721,-3.318,0.000,0.439,0,0
D,879726,-3.274,0.000,0.439,0,0
D,879731,-3.318,0.000,0.439,0,0
D,879737,-3.296,0.000,0.439,0,0
D,879742,-3.230,0.000,0.439,0,0
D,879747,-3.252,0.000,0.439,0,0
D,879753,-3.208,0.000,0.439,0,0
D,879758,-3.252,0.000,0.439,0,0
D,879764,-3.252,0.000,0.439,0,0
D,879769,-3.208,0.000,0.439,0,0
D,879774,-3.274,0.000,0.439,0,0
D,879780,-3.230,0.000,0.439,0,0
D,879785,-3.296,0.000,0.439,0,0
D,879790,-3.252,0.000,0.439,0,0
D,879796,-3.186,0.000,0.439,0,0
D,879801,-3.252,0.000,0.439,0,0
D,879806,-3.274,0.000,0.439,0,0
D,879812,-3.230,0.000,0.439,0,0
D,879817,-3.230,0.000,0.439,0,0
D,879822,-3.274,0.000,0.439,0,0
D,879828,-3.296,0.000,0.439,0,0
D,879833,-3.230,0.000,0.439,0,0
D,879838,-3.362,0.000,0.439,0,0
D,879844,-3.318,0.000,0.439,0,0
D,879849,-3.318,0.000,0.439,0,0
D,879854,-3.318,0.000,0.439,0,0
D,879860,-3.318,0.000,0.439,0,0
D,879865,-3.296,0.000,0.439,0,0
D,879870,-3.384,0.000,0.439,0,0
D,879876,-3.340,0.000,0.439,0,0
D,879881,-3.362,0.000,0.439,0,0
D,879886,-3.318,0.000,0.439,0,0
D,879892,-3.450,0.000,0.439,0,0
D,879897,-3.494,0.000,0.439,0,0
D,879903,-3.516,0.000,0.439,0,0
D,879908,-3.538,0.000,0.439,0,0
D,879913,-3.582,0.000,0.439,0,0
D,879919,-3.647,0.000,0.439,0,0
D,879924,-3.647,0.000,0.439,0,0
D,879929,-3.713,0.000,0.439,0,0
D,879935,-3.735,0.000,0.439,0,0
D,879940,-3.757,0.000,0.439,0,0
D,879945,-3.779,0.000,0.439,0,0
D,879951,-3.823,0.000,0.439,0,0
D,879956,-3.889,0.000,0.439,0,0
D,879961,-3.999,0.000,0.439,0,0
D,879967,-3.999,0.000,0.439,0,0
D,879972,-4.065,0.000,0.439,0,0
D,879977,-4.065,0.000,0.439,0,0
D,879983,-4.153,0.000,0.439,0,0
D,879988,-4.197,0.000,0.439,0,0
D,879993,-4.219,0.000,0.439,0,0
D,879999,-4.307,0.000,0.439,0,0
D,880004,-4.329,0.000,0.439,0,0
D,880009,-4.438,0.000,0.439,0,0
D,880015,-4.548,0.000,0.439,0,0
D,880020,-4.504,0.000,0.439,0,0
D,880025,-4.636,0.000,0.439,0,0
D,880031,-4.636,0.000,0.439,0,0
D,880036,-4.680,0.000,0.439,0,0
D,880042,-4.724,0.000,0.439,0,0
D,880047,-4.746,0.000,0.439,0,0
D,880052,-4.834,0.000,0.439,0,0
D,880058,-4.878,0.000,0.439,0,0
D,880063,-4.944,0.000,0.439,0,0
D,880068,-4.988,0.000,0.439,0,0
D,880074,-5.010,0.000,0.439,0,0
D,880079,-5.054,0.000,0.439,0,0
D,880084,-5.208,0.000,0.439,0,0
D,880090,-5.251,0.000,0.439,0,0
D,880095,-5.295,0.000,0.439,0,0
D,880100,-5.361,0.000,0.439,0,0
D,880106,-5.361,0.000,0.439,0,0
D,880111,-5.383,0.000,0.439,0,0
D,880116,-5.449,0.000,0.439,0,0
D,880122,-5.471,0.000,0.439,0,0
D,880127,-5.515,0.000,0.439,0,0
D,880132,-5.537,0.000,0.439,0,0
D,880138,-5.537,0.000,0.439,0,0
D,880143,-5.625,0.000,0.439,0,0
D,880148,-5.603,0.000,0.439,0,0
D,880154,-5.603,0.000,0.439,0,0
D,880159,-5.625,0.000,0.439,0,0
D,880164,-5.735,0.000,0.439,0,0
D,880170,-5.735,0.000,0.439,0,0
D,880175,-5.779,0.000,0.439,0,0
D,880181,-5.779,0.000,0.439,0,0
D,880186,-5.823,0.000,0.439,0,0
D,880191,-5.867,0.000,0.439,0,0
D,880197,-5.867,0.000,0.439,0,0
D,880202,-5.889,0.000,0.439,0,0
D,880207,-5.889,0.000,0.439,0,0
D,880213,-5.933,0.000,0.439,0,0
D,880218,-5.889,0.000,0.439,0,0
D,880223,-5.955,0.000,0.439,0,0
D,880229,-5.955,0.000,0.439,0,0
D,880234,-5.999,0.000,0.439,0,0
D,880239,-5.955,0.000,0.439,0,0
D,880245,-5.933,0.000,0.439,0,0
D,880250,-6.021,0.000,0.439,0,0
D,880255,-5.911,0.000,0.439,0,0
D,880261,-5.911,0.000,0.439,0,0
D,880266,-5.955,0.000,0.439,0,0
D,880271,-5.933,0.000,0.439,0,0
D,880277,-5.911,0.000,0.439,0,0
D,880282,-5.933,0.000,0.439,0,0
D,880287,-5.845,0.000,0.439,0,0
D,880293,-5.889,0.000,0.439,0,0
D,880298,-5.845,0.000,0.439,0,0
D,880303,-5.823,0.000,0.439,0,0
D,880309,-5.801,0.000,0.439,0,0
D,880314,-5.779,0.000,0.439,0,0
D,880320,-5.801,0.000,0.439,0,0
D,880325,-5.735,0.000,0.439,0,0
D,880330,-5.713,0.000,0.439,0,0
D,880336,-5.691,0.000,0.439,0,0
D,880341,-5.581,0.000,0.439,0,0
D,880346,-5.581,0.000,0.439,0,0
D,880352,-5.559,0.000,0.439,0,0
D,880357,-5.515,0.000,0.439,0,0
D,880362,-5.383,0.000,0.439,0,0
D,880368,-5.449,0.000,0.439,0,0
D,880373,-5.361,0.000,0.439,0,0
D,880378,-5.273,0.000,0.439,0,0
D,880384,-5.229,0.000,0.439,0,0
D,880389,-5.229,0.000,0.439,0,0
D,880394,-5.142,0.000,0.439,0,0
D,880400,-5.098,0.000,0.439,0,0
D,880405,-5.010,0.000,0.439,0,0
D,880410,-4.944,0.000,0.439,0,0
D,880416,-4.878,0.000,0.439,0,0
D,880421,-4.812,0.000,0.439,0,0
D,880426,-4.746,0.000,0.439,0,0
D,880432,-4.680,0.000,0.439,0,0
D,880437,-4.680,0.000,0.439,0,0
D,880442,-4.548,0.000,0.439,0,0
D,880448,-4.504,0.000,0.439,0,0
D,880453,-4.438,0.000,0.439,0,0
D,880459,-4.351,0.000,0.439,0,0
D,880464,-4.285,0.000,0.439,0,0
D,880469,-4.153,0.000,0.439,0,0
D,880475,-4.131,0.000,0.439,0,0
D,880480,-4.021,0.000,0.439,0,0
D,880485,-4.021,0.000,0.439,0,0
D,880491,-3.933,0.000,0.439,0,0
D,880496,-3.845,0.000,0.439,0,0
D,880501,-3.801,0.000,0.439,0,0
D,880507,-3.669,0.000,0.439,0,0
D,880512,-3.538,0.000,0.439,0,0
D,880517,-3.450,0.000,0.439,0,0
D,880523,-3.406,0.000,0.439,0,0
D,880528,-3.252,0.000,0.439,0,0
D,880533,-3.164,0.000,0.439,0,0
D,880539,-3.098,0.000,0.439,0,0
D,880544,-3.032,0.000,0.439,0,0
D,880549,-2.900,0.000,0.439,0,0
D,880555,-2.900,0.000,0.439,0,0
D,880560,-2.747,0.000,0.439,0,0
D,880565,-2.637,0.000,0.439,0,0
D,880571,-2.637,0.000,0.439,0,0
D,880576,-2.505,0.000,0.439,0,0
D,880581,-2.373,0.000,0.439,0,0
D,880587,-2.307,0.000,0.439,0,0
D,880592,-2.241,0.000,0.439,0,0
D,880598,-2.175,0.000,0.439,0,0
D,880603,-2.000,0.000,0.439,0,0
D,880608,-1.934,0.000,0.439,0,0
D,880614,-1.824,0.000,0.439,0,0
D,880619,-1.824,0.000,0.439,0,0
D,880624,-1.736,0.000,0.439,0,0
D,880630,-1.582,0.000,0.439,0,0
D,880635,-1.582,0.000,0.439,0,0
D,880640,-1.428,0.000,0.439,0,0
D,880646,-1.406,0.000,0.439,0,0
D,880651,-1.340,0.000,0.439,0,0
D,880656,-1.340,0.000,0.439,0,0
D,880662,-1.187,0.000,0.439,0,0
D,880667,-1.165,0.000,0.439,0,0
D,880672,-1.033,0.000,0.439,0,0
D,880678,-1.077,0.000,0.439,0,0
D,880683,-0.945,0.000,0.439,0,0
D,880688,-0.835,0.000,0.439,0,0
D,880694,-0.769,0.000,0.439,0,0
D,880699,-0.703,0.000,0.439,0,0
D,880704,-0.637,0.000,0.439,0,0
D,880710,-0.593,0.000,0.439,0,0
D,880715,-0.505,0.000,0.439,0,0
D,880720,-0.417,0.000,0.439,0,0
D,880726,-0.374,0.000,0.439,0,0
D,880731,-0.286,0.000,0.439,0,0
D,880737,-0.264,0.000,0.439,0,0
D,880742,-0.198,0.000,0.352,0,0
D,880747,-0.154,0.000,0.439,0,0
D,880753,-0.088,0.000,0.439,0,0
D,880758,-0.022,0.000,0.439,0,0
D,880763,-0.044,0.000,0.439,0,0
D,880769,0.022,0.000,0.439,0,0
D,880774,-0.022,0.000,0.439,0,0
D,880779,0.022,0.000,0.439,0,0
D,880785,0.066,0.000,0.439,0,0
D,880790,0.066,0.000,0.439,0,0
D,880795,0.066,0.000,0.439,0,0
D,880801,0.066,0.000,0.439,0,0
D,880806,0.066,0.000,0.439,0,0
D,880811,0.044,0.000,0.439,0,0
D,880817,0.132,0.000,0.439,0,0
D,880822,0.110,0.022,0.439,0,0
D,880827,0.088,0.000,0.439,0,0
D,880833,0.110,0.000,0.439,0,0
D,880838,0.176,0.000,0.439,0,0
D,880843,0.176,0.000,0.439,0,0
D,880849,0.198,0.000,0.439,0,0
D,880854,0.154,0.000,0.439,0,0
D,880859,0.176,0.000,0.439,0,0
D,880865,0.066,0.000,0.439,0,0
D,880870,0.176,0.000,0.439,0,0
D,880875,0.088,0.000,0.439,0,0
D,880881,0.022,0.000,0.439,0,0
D,880886,0.022,0.000,0.439,0,0
D,880891,0.044,0.000,0.439,0,0
D,880897,0.022,0.000,0.439,0,0
D,880902,-0.066,0.000,0.439,0,0
D,880908,0.066,0.000,0.439,0,0
D,880913,-0.066,0.000,0.439,0,0
D,880918,-0.154,0.000,0.439,0,0
D,880924,-0.132,0.000,0.439,0,0
D,880929,-0.132,0.000,0.439,0,0
D,880934,-0.198,0.000,0.439,0,0
D,880940,-0.242,0.000,0.352,0,0
D,880945,-0.286,0.000,0.439,0,0
D,880950,-0.374,0.000,0.439,0,0
D,880956,-0.374,-22.478,0.439,0,0
D,880961,-0.417,0.352,0.439,0,0
D,880966,-0.483,-44.824,0.439,0,0
D,880972,-0.527,0.352,0.439,0,0
D,880977,-0.571,0.000,0.439,0,0
D,880982,-0.681,0.000,0.439,0,0
D,880988,-0.615,0.000,0.439,0,0
D,880993,-0.747,0.000,0.439,0,0
D,880998,-0.813,0.000,0.439,0,0
D,881004,-0.967,0.000,0.439,0,0
D,881009,-0.989,0.000,0.439,0,0
D,881014,-1.011,0.000,0.439,0,0
D,881020,-1.099,0.000,0.439,0,0
D,881025,-1.252,0.000,0.439,0,0
D,881030,-1.318,0.000,0.439,0,0
D,881036,-1.340,0.000,0.439,0,0
D,881041,-1.428,0.000,0.439,0,0
D,881047,-1.516,0.000,0.439,0,0
D,881052,-1.626,0.000,0.439,0,0
D,881057,-1.736,0.000,0.439,0,0
D,881063,-1.736,0.000,0.439,0,0
D,881068,-1.890,0.000,0.439,0,0
D,881073,-1.956,0.000,0.439,0,0
D,881079,-2.065,0.000,0.439,0,0
D,881084,-2.131,0.000,0.439,0,0
D,881089,-2.197,0.000,0.439,0,0
D,881095,-2.241,0.000,0.439,0,0
D,881100,-2.351,0.000,0.439,0,0
D,881105,-2.439,0.000,0.439,0,0
D,881111,-2.483,0.000,0.439,0,0
D,881116,-2.571,0.000,0.439,0,0
D,881121,-2.681,0.000,0.439,0,0
D,881127,-2.703,0.000,0.439,0,0
D,881132,-2.813,0.000,0.439,0,0
D,881137,-2.813,0.000,0.439,0,0
D,881143,-2.988,0.000,0.439,0,0
D,881148,-3.032,0.000,0.439,0,0
D,881153,-3.098,0.000,0.439,0,0
D,881159,-3.186,0.000,0.439,0,0
D,881164,-3.296,0.000,0.439,0,0
D,881170,-3.362,0.000,0.439,0,0
D,881175,-3.340,0.000,0.439,0,0
D,881180,-3.428,0.000,0.439,0,0
D,881186,-3.472,0.000,0.439,0,0
D,881191,-3.538,0.000,0.439,0,0
D,881196,-3.604,0.000,0.439,0,0
D,881202,-3.669,0.000,0.439,0,0
D,881207,-3.713,0.000,0.439,0,0
D,881212,-3.735,0.000,0.439,0,0
D,881218,-3.779,0.000,0.439,0,0
D,881223,-3.801,0.000,0.439,0,0
D,881228,-3.889,0.000,0.439,0,0
D,881234,-3.867,0.000,0.439,0,0
D,881239,-3.933,0.000,0.439,0,0
D,881244,-3.911,0.000,0.439,0,0
D,881250,-3.933,0.000,0.439,0,0
D,881255,-3.977,0.000,0.439,0,0
D,881260,-3.955,0.000,0.439,0,0
D,881266,-3.977,0.000,0.439,0,0
D,881271,-3.977,0.000,0.439,0,0
D,881276,-4.021,0.000,0.439,0,0
D,881282,-3.955,0.000,0.439,0,0
D,881287,-3.977,0.000,0.439,0,0
D,881292,-4.065,0.000,0.439,0,0
D,881298,-4.065,0.000,0.439,0,0
D,881303,-3.977,0.000,0.439,0,0
D,881308,-3.999,0.000,0.439,0,0
D,881314,-4.043,0.000,0.439,0,0
D,881319,-3.977,0.000,0.439,0,0
D,881325,-3.955,0.000,0.439,0,0
D,881330,-4.021,0.000,0.439,0,0
D,881335,-4.021,0.000,0.439,0,0
D,881341,-3.867,0.000,0.439,0,0
D,881346,-3.977,0.000,0.439,0,0
D,881351,-3.889,0.000,0.439,0,0
D,881357,-3.889,0.000,0.439,0,0
D,881362,-3.911,0.000,0.439,0,0
D,881367,-3.801,0.000,0.439,0,0
D,881373,-3.735,0.000,0.439,0,0
D,881378,-3.735,0.000,0.439,0,0
D,881383,-3.691,0.000,0.439,0,0
D,881389,-3.625,0.000,0.439,0,0
D,881394,-3.604,0.000,0.439,0,0
D,881399,-3.625,0.000,0.439,0,0
D,881405,-3.560,0.000,0.439,0,0
D,881410,-3.472,0.000,0.439,0,0
D,881415,-3.406,0.000,0.439,0,0
D,881421,-3.318,0.000,0.439,0,0
D,881426,-3.296,0.000,0.439,0,0
D,881431,-3.230,0.000,0.439,0,0
D,881437,-3.186,0.000,0.439,0,0
D,881442,-3.164,0.000,0.439,0,0
D,881447,-3.142,0.000,0.439,0,0
D,881453,-3.032,0.000,0.439,0,0
D,881458,-2.966,0.000,0.439,0,0
D,881464,-2.900,0.000,0.439,0,0
D,881469,-2.747,0.000,0.439,0,0
D,881474,-2.725,0.000,0.439,0,0
D,881480,-2.593,0.000,0.439,0,0
D,881485,-2.527,0.000,0.439,0,0
D,881490,-2.549,0.000,0.439,0,0
D,881496,-2.395,0.000,0.439,0,0
D,881501,-2.351,0.000,0.439,0,0
D,881506,-2.197,0.000,0.439,0,0
D,881512,-2.197,0.000,0.439,0,0
D,881517,-2.043,0.000,0.439,0,0
D,881522,-1.934,0.000,0.439,0,0
D,881528,-1.890,0.000,0.439,0,0
D,881533,-1.692,0.000,0.439,0,0
D,881538,-1.604,0.000,0.439,0,0
D,881544,-1.538,0.000,0.439,0,0
D,881549,-1.428,0.000,0.439,0,0
D,881554,-1.362,0.000,0.439,0,0
D,881560,-1.252,0.000,0.439,0,0
D,881565,-1.165,0.000,0.439,0,0
D,881570,-0.989,0.000,0.439,0,0
D,881576,-0.923,0.000,0.439,0,0
D,881581,-0.769,0.000,0.439,0,0
D,881586,-0.725,0.000,0.439,0,0
D,881592,-0.681,0.000,0.439,0,0
D,881597,-0.505,0.000,0.439,0,0
D,881603,-0.374,0.000,0.439,0,0
D,881608,-0.330,0.000,0.439,0,0
D,881613,-0.242,0.000,0.439,0,0
D,881619,-0.088,0.000,0.439,0,0
D,881624,0.022,0.000,0.439,0,0
D,881629,0.110,0.000,0.439,0,0
D,881635,0.220,0.000,0.439,0,0
D,881640,0.352,0.000,0.439,0,0
D,881645,0.417,0.000,0.439,0,0
D,881651,0.527,0.000,0.439,0,0
D,881656,0.549,0.000,0.439,0,0
D,881661,0.725,0.000,0.439,0,0
D,881667,0.769,0.000,0.439,0,0
D,881672,0.857,0.000,0.439,0,0
D,881677,0.923,0.000,0.439,0,0
D,881683,1.077,0.000,0.439,0,0
D,881688,1.165,0.000,0.439,0,0
D,881693,1.274,0.000,0.439,0,0
D,881699,1.318,0.000,0.439,0,0
D,881704,1.384,0.000,0.439,0,0
D,881709,1.494,0.000,0.439,0,0
D,881715,1.560,0.000,0.439,0,0
D,881720,1.692,0.000,0.439,0,0
D,881725,1.648,0.000,0.439,0,0
D,881731,1.780,0.000,0.439,0,0
D,881736,1.824,0.000,0.439,0,0
D,881741,1.934,0.000,0.439,0,0
D,881747,1.956,0.000,0.439,0,0
D,881752,2.043,0.000,0.439,0,0
D,881758,2.109,0.000,0.439,0,0
D,881763,2.219,0.000,0.439,0,0
D,881768,2.263,0.000,0.439,0,0
D,881774,2.285,0.000,0.439,0,0
D,881779,2.373,0.000,0.439,0,0
D,881784,2.439,0.000,0.439,0,0
D,881790,2.527,0.000,0.439,0,0
D,881795,2.461,0.000,0.439,0,0
D,881800,2.571,0.000,0.439,0,0
D,881806,2.527,0.000,0.439,0,0
D,881811,2.615,0.000,0.439,0,0
D,881816,2.681,0.000,0.439,0,0
D,881822,2.637,0.000,0.439,0,0
D,881827,2.725,0.000,0.439,0,0
D,881832,2.813,0.000,0.439,0,0
D,881838,2.834,0.000,0.439,0,0
D,881843,2.834,0.000,0.439,0,0
D,881848,2.878,0.000,0.439,0,0
D,881854,2.900,0.000,0.439,0,0
D,881859,2.900,0.000,0.439,0,0
D,881864,3.010,0.000,0.439,0,0
D,881870,2.900,0.000,0.439,0,0
D,881875,3.010,0.000,0.439,0,0
D,881880,2.922,0.000,0.439,0,0
D,881886,2.944,0.000,0.439,0,0
D,881891,2.988,0.000,0.439,0,0
D,881896,2.944,0.000,0.439,0,0
D,881902,2.966,0.000,0.439,0,0
D,881907,2.988,0.000,0.439,0,0
D,881913,2.988,0.000,0.439,0,0
D,881918,3.010,0.000,0.439,0,0
D,881923,2.944,0.000,0.439,0,0
D,881929,2.988,0.000,0.439,0,0
D,881934,2.900,0.000,0.439,0,0
D,881939,2.834,0.000,0.439,0,0
D,881945,2.878,0.000,0.439,0,0
D,881950,2.856,0.000,0.439,0,0
D,881955,177.122,44.978,0.439,0,0
D,881961,2.747,11.250,0.439,0,0
D,881966,2.703,0.022,0.439,0,0
D,881971,2.659,-89.648,0.439,0,0
D,881977,2.615,-2.791,0.439,0,0
D,881982,2.593,0.022,0.439,0,0
D,881987,2.549,0.000,0.439,0,0
D,881993,2.483,5.625,0.352,0,0
D,881998,2.395,0.000,0.439,0,0
D,882003,2.417,0.022,0.439,0,0
D,882009,2.373,0.000,0.439,0,0
D,882014,2.285,0.000,0.352,0,0
D,882019,2.263,0.000,0.439,0,0
D,882025,2.175,0.000,0.439,0,0
D,882030,2.065,0.000,0.439,0,0
D,882035,1.978,0.000,0.439,0,0
D,882041,1.934,0.000,0.439,0,0
D,882046,1.868,0.000,0.439,0,0
D,882052,1.780,0.000,0.439,0,0
D,882057,1.648,0.000,0.439,0,0
D,882062,1.692,0.000,0.439,0,0
D,882068,1.582,0.000,0.439,0,0
D,882073,1.494,0.000,0.439,0,0
D,882078,1.450,0.000,0.439,0,0
D,882084,1.406,0.000,0.439,0,0
D,882089,1.318,0.000,0.439,0,0
D,882094,1.187,0.000,0.439,0,0
D,882100,1.230,0.000,0.439,0,0
D,882105,1.099,0.000,0.439,0,0
D,882110,0.989,0.000,0.439,0,0
D,882116,0.923,0.000,0.439,0,0
D,882121,0.813,0.000,0.439,0,0
D,882126,0.791,0.000,0.439,0,0
D,882132,0.659,0.000,0.439,0,0
D,882137,0.571,0.000,0.439,0,0
D,882142,0.483,0.000,0.439,0,0
D,882148,0.374,0.000,0.439,0,0
D,882153,0.308,0.000,0.439,0,0
D,882158,0.242,0.000,0.439,0,0
D,882164,0.198,0.000,0.439,0,0
D,882169,0.066,0.000,0.439,0,0
D,882174,0.000,0.000,0.439,0,0
D,882180,-0.110,0.000,0.439,0,0
D,882185,-0.110,0.000,0.439,0,0
D,882190,-0.286,0.000,0.439,0,0
D,882196,-0.286,0.000,0.439,0,0
D,882201,-0.352,0.000,0.439,0,0
D,882207,-0.396,0.000,0.439,0,0
D,882212,-0.461,0.000,0.439,0,0
D,882217,-0.527,0.000,0.439,0,0
D,882223,-0.571,0.000,0.439,0,0
D,882228,-0.681,0.000,0.439,0,0
D,882233,-0.703,0.000,0.439,0,0
D,882239,-0.747,0.000,0.439,0,0
D,882244,-0.879,0.000,0.439,0,0
D,882249,-0.945,0.000,0.439,0,0
D,882255,-1.077,0.000,0.439,0,0
D,882260,-1.099,0.000,0.439,0,0
D,882265,-1.187,0.000,0.439,0,0
D,882271,-1.230,0.000,0.439,0,0
D,882276,-1.362,0.000,0.439,0,0
D,882281,-1.406,0.000,0.439,0,0
D,882287,-1.494,0.000,0.439,0,0
D,882292,-1.604,0.000,0.439,0,0
D,882297,-1.582,0.000,0.439,0,0
D,882303,-1.670,0.000,0.439,0,0
D,882308,-1.670,0.000,0.439,0,0
D,882313,-1.692,0.000,0.439,0,0
D,882319,-1.758,0.000,0.439,0,0
D,882324,-1.802,0.000,0.439,0,0
D,882329,-1.824,0.000,0.439,0,0
D,882335,-1.846,0.000,0.439,0,0
D,882340,-1.824,0.000,0.439,0,0
D,882346,-1.934,0.000,0.439,0,0
D,882351,-1.868,0.000,0.439,0,0
D,882356,-1.956,0.000,0.439,0,0
D,882362,-1.956,0.000,0.439,0,0
D,882367,-2.065,0.000,0.439,0,0
D,882372,-2.021,0.000,0.439,0,0
D,882378,-2.021,0.000,0.439,0,0
D,882383,-2.021,0.000,0.439,0,0
D,882388,-2.021,0.000,0.439,0,0
D,882394,-2.000,0.000,0.439,0,0
D,882399,-2.043,0.000,0.439,0,0
D,882404,-1.956,0.000,0.439,0,0
D,882410,-1.956,0.000,0.439,0,0
D,882415,-1.934,0.000,0.439,0,0
D,882420,-1.890,0.000,0.439,0,0
D,882426,-1.846,0.000,0.439,0,0
D,882431,-1.780,0.000,0.439,0,0
D,882436,-1.802,0.000,0.439,0,0
D,882442,-1.692,0.000,0.352,0,0
D,882447,-1.714,0.000,0.439,0,0
D,882452,-1.648,0.000,0.352,0,0
D,882458,-1.582,0.000,0.352,0,0
D,882463,-1.472,0.000,0.352,0,0
D,882468,-1.494,0.000,0.439,0,0
D,882474,-1.384,0.000,0.439,0,0
D,882479,-1.296,0.000,0.439,0,0
D,882485,-1.187,0.000,0.439,0,0
D,882490,-1.099,0.000,0.439,0,0
D,882495,-1.055,0.000,0.439,0,0
D,882501,-0.967,0.000,0.439,0,0
D,882506,-0.835,0.000,0.352,0,0
D,882511,-0.813,0.000,0.439,0,0
D,882517,-0.637,0.000,0.439,0,0
D,882522,-0.527,0.000,0.439,0,0
D,882527,-0.352,0.000,0.352,0,0
D,882533,-0.176,0.000,0.352,0,0
D,882538,-0.110,0.000,0.352,0,0
D,882543,0.154,0.000,0.439,0,0
D,882549,0.264,0.000,0.352,0,0
D,882554,0.483,0.000,0.352,0,0
D,882559,0.615,0.000,0.352,0,0
D,882565,0.703,0.000,0.352,0,0
D,882570,0.879,0.000,0.352,0,0
D,882575,1.055,0.000,0.264,0,0
D,882581,1.208,0.000,0.264,0,0
D,882586,1.318,0.000,0.264,0,0
D,882591,1.494,0.000,0.264,0,0
D,882597,1.736,0.000,0.264,0,0
D,882602,1.934,0.000,0.264,0,0
D,882607,2.021,0.000,0.264,0,0
D,882613,2.219,0.000,0.352,0,0
D,882618,2.329,0.000,0.352,0,0
D,882624,2.483,0.000,0.264,0,0
D,882629,2.725,0.000,0.352,0,0
D,882634,2.878,0.000,0.264,0,0
D,882640,3.076,0.000,0.264,0,0
D,882645,3.208,0.000,0.264,0,0
D,882650,3.340,0.000,0.264,0,0
D,882656,3.494,0.000,0.264,0,0
D,882661,3.647,0.000,0.264,0,0
D,882666,3.823,0.000,0.264,0,0
D,882672,3.933,0.000,0.264,0,0
D,882677,4.153,0.000,0.264,0,0
D,882682,4.417,0.000,0.264,0,0
D,882688,4.526,0.000,0.264,0,0
D,882693,4.746,0.000,0.264,0,0
D,882698,4.988,0.000,0.352,0,0
D,882704,5.076,0.000,0.352,0,0
D,882709,5.295,0.000,0.352,0,0
D,882714,5.493,0.000,0.352,0,0
D,882720,5.625,0.000,0.352,0,0
D,882725,5.801,0.000,0.352,0,0
D,882730,6.064,0.000,0.264,0,0
D,882736,6.262,0.000,0.264,0,0
D,882741,6.328,0.000,0.352,0,0
D,882746,6.548,0.000,0.264,0,0
D,882752,6.724,0.000,0.264,0,0
D,882757,6.877,0.000,0.352,0,0
D,882762,7.075,0.000,0.352,0,0
D,882768,7.229,0.000,0.352,0,0
D,882773,7.405,0.000,0.352,0,0
D,882779,7.515,0.000,0.352,0,0
D,882784,7.734,0.000,0.264,0,0
D,882789,7.888,0.000,0.352,0,0
D,882795,8.108,0.000,0.264,0,0
D,882800,8.306,0.000,0.352,0,0
D,882805,8.416,0.000,0.352,0,0
D,882811,8.613,0.000,0.352,0,0
D,882816,8.811,0.000,0.352,0,0
D,882821,8.877,0.000,0.264,0,0
D,882827,9.075,0.000,0.264,0,0
D,882832,9.250,0.000,0.352,0,0
D,882837,9.360,0.000,0.264,0,0
D,882843,9.514,0.000,0.264,0,0
D,882848,9.624,0.000,0.264,0,0
D,882853,9.712,0.000,0.264,0,0
D,882859,9.844,0.000,0.264,0,0
D,882864,9.954,0.000,0.352,0,0
D,882869,10.085,0.000,0.352,0,0
D,882875,10.151,0.000,0.352,0,0
D,882880,10.327,0.000,0.352,0,0
D,882885,10.371,0.000,0.264,0,0
D,882891,10.459,0.000,0.264,0,0
D,882896,10.525,0.000,0.264,0,0
D,882901,10.701,0.000,0.264,0,0
D,882907,10.723,0.000,0.264,0,0
D,882912,10.767,0.000,0.264,0,0
D,882917,10.833,0.000,0.352,0,0
D,882923,10.986,0.000,0.352,0,0
D,882928,11.030,0.000,0.352,0,0
D,882934,11.052,0.000,0.264,0,0
D,882939,11.140,0.000,0.264,0,0
D,882944,11.162,0.000,0.264,0,0
D,882950,11.184,0.000,0.264,0,0
D,882955,11.162,0.000,0.264,0,0
D,882960,11.228,0.000,0.352,0,0
D,882966,11.206,0.000,0.264,0,0
D,882971,11.250,0.000,0.264,0,0
D,882976,11.228,0.000,0.264,0,0
D,882982,11.228,0.000,0.264,0,0
D,882987,11.250,0.000,0.264,0,0
D,882992,11.250,0.000,0.264,0,0
D,882998,11.228,0.000,0.264,0,0
D,883003,11.162,0.000,0.264,0,0
D,883008,11.228,0.000,0.264,0,0
D,883014,11.118,0.000,0.264,0,0
D,883019,11.074,0.000,0.264,0,0
D,883024,11.008,0.000,0.264,0,0
D,883030,10.986,0.000,0.264,0,0
D,883035,10.833,0.000,0.264,0,0
D,883040,10.745,0.000,0.264,0,0
D,883046,10.723,0.000,0.264,0,0
D,883051,10.569,0.000,0.264,0,0
D,883056,10.437,0.000,0.264,0,0
D,883062,10.349,0.000,0.264,0,0
D,883067,10.283,0.000,0.264,0,0
D,883072,10.195,0.000,0.264,0,0
D,883078,9.998,0.000,0.264,0,0
D,883083,9.910,0.000,0.176,0,0
D,883089,9.822,0.000,0.176,0,0
D,883094,9.646,0.000,0.176,0,0
D,883099,9.558,0.000,0.176,0,0
D,883105,9.338,0.000,0.264,0,0
D,883110,9.185,0.000,0.176,0,0
D,883115,9.119,0.000,0.264,0,0
D,883121,8.921,0.000,0.264,0,0
D,883126,8.789,0.000,0.264,0,0
D,883131,8.569,0.000,0.176,0,0
D,883137,8.416,0.000,0.176,0,0
D,883142,8.196,0.000,0.264,0,0
D,883147,8.064,0.000,0.264,0,0
D,883153,7.822,0.000,0.176,0,0
D,883158,7.646,0.000,0.176,0,0
D,883163,7.449,0.000,0.176,0,0
D,883169,7.185,0.000,0.176,0,0
D,883174,7.031,0.000,0.176,0,0
D,883179,6.768,0.000,0.176,0,0
D,883185,6.482,0.000,0.176,0,0
D,883190,6.350,0.000,0.264,0,0
D,883195,6.042,0.000,0.176,0,0
D,883201,5.845,0.000,0.176,0,0
D,883206,5.625,0.000,0.176,0,0
D,883211,5.427,0.000,0.176,0,0
D,883217,5.186,0.000,0.176,0,0
D,883222,4.944,0.000,0.176,0,0
D,883227,4.746,0.000,0.176,0,0
D,883233,4.438,0.000,0.176,0,0
D,883238,4.241,0.000,0.176,0,0
D,883244,3.889,0.000,0.176,0,0
D,883249,3.604,0.000,0.176,0,0
D,883254,3.362,0.000,0.176,0,0
D,883260,3.032,0.000,0.176,0,0
D,883265,2.769,0.000,0.176,0,0
D,883270,2.505,0.000,0.176,0,0
D,883276,2.175,0.000,0.176,0,0
D,883281,1.956,0.000,0.176,0,0
D,883286,1.736,0.000,0.176,0,0
D,883292,1.384,0.000,0.088,0,0
D,883297,1.121,0.000,0.176,0,0
D,883302,0.989,0.000,0.176,0,0
D,883308,0.637,0.000,0.088,0,0
D,883313,0.461,0.000,0.176,0,0
D,883318,0.110,0.000,0.088,0,0
D,883324,-0.132,0.000,0.088,0,0
D,883329,-0.396,0.000,0.176,0,0
D,883334,-0.637,0.000,0.176,0,0
D,883340,-1.033,0.000,0.088,0,0
D,883345,-1.318,0.000,0.176,0,0
D,883350,-1.626,0.000,0.176,0,0
D,883356,-1.846,0.000,0.088,0,0
D,883361,-2.197,0.000,0.088,0,0
D,883366,-2.461,0.000,0.088,0,0
D,883372,-2.703,0.000,0.088,0,0
D,883377,-2.922,0.000,0.088,0,0
D,883382,-3.230,0.000,0.088,0,0
D,883388,-3.450,0.000,0.088,0,0
D,883393,-3.713,0.000,0.000,0,0
D,883399,-3.933,0.000,0.088,0,0
D,883404,-4.219,0.000,0.088,0,0
D,883409,-4.482,0.000,0.088,0,0
D,883415,-4.680,0.000,0.088,0,0
D,883420,-5.010,0.000,0.088,0,0
D,883425,-5.251,0.000,0.088,0,0
D,883431,-5.515,0.000,0.088,0,0
D,883436,-5.757,0.000,0.088,0,0
D,883441,-5.999,0.000,0.088,0,0
D,883447,-6.262,0.000,0.088,0,0
D,883452,-6.460,0.000,0.088,0,0
D,883457,-6.724,0.000,0.176,0,0
D,883463,-6.921,0.000,0.088,0,0
D,883468,-7.141,0.000,0.088,0,0
D,883473,-7.361,0.000,0.176,0,0
D,883479,-7.537,0.000,0.176,0,0
D,883484,-7.756,0.000,0.176,0,0
D,883489,-7.976,0.000,0.176,0,0
D,883495,-8.306,0.000,0.176,0,0
D,883500,-8.459,0.000,0.176,0,0
D,883505,-8.547,0.000,0.176,0,0
D,883511,-8.789,0.000,0.088,0,0
D,883516,-9.009,0.000,0.088,0,0
D,883521,-9.185,0.000,0.176,0,0
D,883527,-9.404,0.000,0.176,0,0
D,883532,-9.492,0.000,0.176,0,0
D,883537,-9.712,0.000,0.176,0,0
D,883543,-9.866,0.000,0.176,0,0
D,883548,-10.085,0.000,0.176,0,0
D,883554,-10.173,0.000,0.176,0,0
D,883559,-10.371,0.000,0.176,0,0
D,883564,-10.481,0.000,0.176,0,0
D,883570,-10.613,0.000,0.176,0,0
D,883575,-10.657,0.000,0.176,0,0
D,883580,-10.833,0.000,0.264,0,0
D,883586,-10.854,0.000,0.176,0,0
D,883591,-10.986,0.000,0.176,0,0
D,883596,-11.030,0.000,0.264,0,0
D,883602,-11.096,0.000,0.176,0,0
D,883607,-11.096,0.000,0.264,0,0
D,883612,-11.140,0.000,0.264,0,0
D,883618,-11.162,0.000,0.264,0,0
D,883623,-11.228,0.000,0.264,0,0
D,883628,-11.206,0.000,0.264,0,0
D,883634,-11.272,0.000,0.264,0,0
D,883639,-11.228,0.000,0.264,0,0
D,883644,-11.228,0.000,0.264,0,0
D,883650,-11.250,0.000,0.264,0,0
D,883655,-11.118,0.000,0.264,0,0
D,883660,-11.184,0.000,0.264,0,0
D,883666,-11.096,0.000,0.176,0,0
D,883671,-11.140,0.000,0.264,0,0
D,883676,-11.096,0.000,0.264,0,0
D,883682,-10.964,0.000,0.264,0,0
D,883687,-10.942,0.000,0.264,0,0
D,883693,-10.986,0.000,0.264,0,0
D,883698,-10.898,0.000,0.176,0,0
D,883703,-10.811,0.000,0.264,0,0
D,883709,-10.811,0.000,0.264,0,0
D,883714,-10.723,0.000,0.264,0,0
D,883719,-10.701,0.000,0.264,0,0
D,883725,-10.657,0.000,0.264,0,0
D,883730,-10.591,0.000,0.264,0,0
D,883735,-10.547,0.000,0.264,0,0
D,883741,-10.481,0.000,0.264,0,0
D,883746,-10.503,0.000,0.264,0,0
D,883751,-10.437,0.000,0.264,0,0
D,883757,-10.327,0.000,0.352,0,0
D,883762,-10.349,0.000,0.264,0,0
D,883767,-10.349,0.000,0.264,0,0
D,883773,-10.217,0.000,0.264,0,0
D,883778,-10.151,0.000,0.264,0,0
D,883783,-10.239,0.000,0.264,0,0
D,883789,-10.129,0.000,0.264,0,0
D,883794,-10.129,0.000,0.264,0,0
D,883799,-10.151,0.000,0.264,0,0
D,883805,-10.085,0.000,0.264,0,0
D,883810,-10.063,0.000,0.264,0,0
D,883815,-9.998,0.000,0.264,0,0
D,883821,-9.976,0.000,0.264,0,0
D,883826,-9.932,0.000,0.264,0,0
D,883832,-9.954,0.000,0.264,0,0
D,883837,-9.976,0.000,0.352,0,0
D,883842,-9.954,0.000,0.264,0,0
D,883848,-9.954,0.000,0.264,0,0
D,883853,-9.998,0.000,0.352,0,0
D,883858,-9.932,0.000,0.264,0,0
D,883864,-9.954,0.000,0.264,0,0
D,883869,-9.976,0.000,0.352,0,0
D,883874,-9.954,0.000,0.264,0,0
D,883880,-9.976,0.000,0.264,0,0
D,883885,-9.976,0.000,0.264,0,0
D,883890,-9.932,0.000,0.264,0,0
D,883896,-9.976,0.000,0.352,0,0
D,883901,-9.932,0.000,0.264,0,0
D,883906,-9.998,0.000,0.352,0,0
D,883912,-10.020,0.000,0.352,0,0
D,883917,-10.020,0.000,0.352,0,0
D,883922,-10.063,0.000,0.352,0,0
D,883928,-10.173,0.000,0.352,0,0
D,883933,-10.239,0.000,0.352,0,0
D,883938,-10.283,0.000,0.352,0,0
D,883944,-10.327,0.000,0.352,0,0
D,883949,-10.305,0.000,0.352,0,0
D,883954,-10.393,0.000,0.352,0,0
D,883960,-10.503,0.000,0.352,0,0
D,883965,-10.547,0.000,0.352,0,0
D,883971,-10.613,0.000,0.352,0,0
D,883976,-10.613,0.000,0.352,0,0
D,883981,-10.679,0.000,0.352,0,0
D,883987,-10.657,0.000,0.264,0,0
D,883992,-10.811,0.000,0.352,0,0
D,883997,-10.811,0.000,0.352,0,0
D,884003,-10.876,0.000,0.352,0,0
D,884008,-11.030,0.000,0.352,0,0
D,884013,-11.074,0.000,0.352,0,0
D,884019,-11.140,0.000,0.264,0,0
D,884024,-11.184,0.000,0.352,0,0
D,884029,-11.250,0.000,0.352,0,0
D,884035,-11.294,0.000,0.352,0,0
D,884040,-11.360,0.000,0.352,0,0
D,884045,-11.470,0.000,0.352,0,0
D,884051,-11.470,0.000,0.264,0,0
D,884056,-11.492,0.000,0.352,0,0
D,884061,-11.580,0.000,0.352,0,0
D,884067,-11.624,0.000,0.352,0,0
D,884072,-11.711,0.000,0.352,0,0
D,884077,-11.733,0.000,0.352,0,0
D,884083,-11.799,0.000,0.264,0,0
D,884088,-11.909,0.000,0.352,0,0
D,884093,-11.887,0.000,0.352,0,0
D,884099,-11.975,0.000,0.264,0,0
D,884104,-11.997,0.000,0.352,0,0
D,884110,-12.063,0.000,0.352,0,0
D,884115,-12.173,0.000,0.352,0,0
D,884120,-12.217,0.000,0.352,0,0
D,884126,-12.327,0.000,0.352,0,0
D,884131,-12.393,0.000,0.352,0,0
D,884136,-12.437,0.000,0.352,0,0
D,884142,-12.590,0.000,0.352,0,0
D,884147,-12.612,0.000,0.352,0,0
D,884152,-12.744,0.000,0.352,0,0
D,884158,-12.854,0.000,0.264,0,0
D,884163,-12.942,0.000,0.264,0,0
D,884168,-12.964,0.000,0.264,0,0
D,884174,-13.030,0.000,0.352,0,0
D,884179,-13.184,0.000,0.264,0,0
D,884184,-13.206,0.000,0.264,0,0
D,884190,-13.271,0.000,0.264,0,0
D,884195,-13.403,0.000,0.352,0,0
D,884200,-13.469,0.000,0.264,0,0
D,884206,-13.557,0.000,0.352,0,0
D,884211,-13.667,0.000,0.264,0,0
D,884216,-13.733,0.000,0.352,0,0
D,884222,-13.887,0.000,0.352,0,0
D,884227,-13.887,0.000,0.352,0,0
D,884232,-13.931,0.000,0.352,0,0
D,884238,-14.084,0.000,0.264,0,0
D,884243,-14.172,0.000,0.352,0,0
D,884248,-14.304,0.000,0.264,0,0
D,884254,-14.282,0.000,0.264,0,0
D,884259,-14.392,0.000,0.264,0,0
D,884265,-14.524,0.000,0.352,0,0
D,884270,-14.524,0.000,0.352,0,0
D,884275,-14.678,0.000,0.264,0,0
D,884281,-14.656,0.000,0.352,0,0
D,884286,-14.678,0.000,0.352,0,0
D,884291,-14.766,0.000,0.352,0,0
D,884297,-14.832,0.000,0.352,0,0
D,884302,-14.897,0.000,0.264,0,0
D,884307,-14.919,0.000,0.264,0,0
D,884313,-14.941,0.000,0.352,0,0
D,884318,-14.985,0.000,0.352,0,0
D,884323,-15.029,0.000,0.352,0,0
D,884329,-15.095,0.000,0.352,0,0
D,884334,-15.095,0.000,0.352,0,0
D,884339,-15.139,0.000,0.352,0,0
D,884345,-15.139,0.000,0.352,0,0
D,884350,-15.117,0.000,0.352,0,0
D,884355,-15.139,0.000,0.352,0,0
D,884361,-15.161,0.000,0.352,0,0
D,884366,-15.161,0.000,0.264,0,0
D,884371,-15.139,0.000,0.352,0,0
D,884377,-15.051,0.000,0.352,0,0
D,884382,-15.007,0.000,0.352,0,0
D,884387,-15.051,0.000,0.352,0,0
D,884393,-15.029,0.000,0.352,0,0
D,884398,-15.007,0.000,0.352,0,0
D,884404,-14.919,0.000,0.352,0,0
D,884409,-14.897,0.000,0.352,0,0
D,884414,-14.854,0.000,0.352,0,0
D,884420,-14.766,0.000,0.352,0,0
D,884425,-14.722,0.000,0.352,0,0
D,884430,-14.744,0.000,0.352,0,0
D,884436,-14.656,0.000,0.352,0,0
D,884441,-14.612,0.000,0.264,0,0
D,884446,-14.524,0.000,0.352,0,0
D,884452,-14.502,0.000,0.352,0,0
D,884457,-14.414,0.000,0.264,0,0
D,884462,-14.370,0.000,0.352,0,0
D,884468,-14.238,0.000,0.352,0,0
D,884473,-14.194,0.000,0.352,0,0
D,884478,-14.128,0.000,0.352,0,0
D,884484,-14.063,0.000,0.352,0,0
D,884489,-13.953,0.000,0.264,0,0
D,884494,-13.909,0.000,0.352,0,0
D,884500,-13.865,0.000,0.352,0,0
D,884505,-13.733,0.000,0.264,0,0
D,884510,-13.645,0.000,0.352,0,0
D,884516,-13.535,0.000,0.264,0,0
D,884521,-13.381,0.000,0.352,0,0
D,884526,-13.337,0.000,0.352,0,0
D,884532,-13.162,0.000,0.264,0,0
D,884537,-12.986,0.000,0.352,0,0
D,884543,-12.876,0.000,0.352,0,0
D,884548,-12.634,0.000,0.352,0,0
D,884553,-12.546,0.000,0.352,0,0
D,884559,-12.349,0.000,0.352,0,0
D,884564,-12.195,0.000,0.352,0,0
D,884569,-12.085,0.000,0.352,0,0
D,884575,-11.843,0.000,0.352,0,0
D,884580,-11.689,0.000,0.352,0,0
D,884585,-11.514,0.000,0.352,0,0
D,884591,-11.426,0.000,0.264,0,0
D,884596,-11.184,0.000,0.352,0,0
D,884601,-10.986,0.000,0.352,0,0
D,884607,-10.854,0.000,0.352,0,0
D,884612,-10.635,0.000,0.352,0,0
D,884617,-10.437,0.000,0.352,0,0
D,884623,-10.305,0.000,0.352,0,0
D,884628,-10.085,0.000,0.352,0,0
D,884633,-9.822,0.000,0.264,0,0
D,884639,-9.734,0.000,0.352,0,0
D,884644,-9.514,0.000,0.352,0,0
D,884649,-9.272,0.000,0.352,0,0
D,884655,-9.097,0.000,0.352,0,0
D,884660,-8.921,0.000,0.352,0,0
D,884665,-8.657,0.000,0.352,0,0
D,884671,-8.459,0.000,0.352,0,0
D,884676,-8.262,0.000,0.352,0,0
D,884682,-8.086,0.000,0.352,0,0
D,884687,-7.888,0.000,0.352,0,0
D,884692,-7.756,0.000,0.352,0,0
D,884698,-7.515,0.000,0.352,0,0
D,884703,-7.295,0.000,0.352,0,0
D,884708,-7.119,0.000,0.352,0,0
D,884714,-6.899,0.000,0.352,0,0
D,884719,-6.833,0.000,0.352,0,0
D,884724,-6.504,0.000,0.264,0,0
D,884730,-6.328,0.000,0.352,0,0
D,884735,-6.064,0.000,0.352,0,0
D,884740,-5.823,0.000,0.352,0,0
D,884746,-5.647,0.000,0.264,0,0
D,884751,-5.405,0.000,0.264,0,0
D,884756,-5.186,0.000,0.352,0,0
D,884762,-5.010,0.000,0.264,0,0
D,884767,-4.768,0.000,0.352,0,0
D,884772,-4.548,0.000,0.352,0,0
D,884778,-4.329,0.000,0.264,0,0
D,884783,-4.087,0.000,0.264,0,0
D,884788,-3.889,0.000,0.352,0,0
D,884794,-3.625,0.000,0.264,0,0
D,884799,-3.450,0.000,0.264,0,0
D,884804,-3.274,0.000,0.264,0,0
D,884810,-3.010,0.000,0.264,0,0
D,884815,-2.878,0.000,0.264,0,0
D,884820,-2.571,0.000,0.264,0,0
D,884826,-2.417,0.000,0.264,0,0
D,884831,-2.153,0.000,0.264,0,0
D,884837,-2.021,0.000,0.264,0,0
D,884842,-1.692,0.000,0.264,0,0
D,884847,-1.450,0.000,0.264,0,0
D,884853,-1.318,0.000,0.352,0,0
D,884858,-1.055,0.000,0.264,0,0
D,884863,-0.791,0.000,0.264,0,0
D,884869,-0.505,0.000,0.264,0,0
D,884874,-0.308,0.000,0.352,0,0
D,884879,-0.088,0.000,0.264,0,0
D,884885,0.066,0.000,0.264,0,0
D,884890,0.308,0.000,0.264,0,0
D,884895,0.483,0.000,0.264,0,0
D,884901,0.769,0.000,0.264,0,0
D,884906,0.967,0.000,0.264,0,0
D,884911,1.187,0.000,0.264,0,0
D,884917,1.384,0.000,0.264,0,0
D,884922,1.560,0.000,0.264,0,0
D,884927,1.758,0.000,0.264,0,0
D,884933,1.956,0.000,0.352,0,0
D,884938,2.131,0.000,0.352,0,0
D,884943,2.351,0.000,0.264,0,0
D,884949,2.549,0.000,0.264,0,0
D,884954,2.791,0.000,0.264,0,0
D,884959,2.944,0.000,0.264,0,0
D,884965,3.208,0.000,0.264,0,0
D,884970,3.340,0.000,0.264,0,0
D,884975,3.494,0.000,0.176,0,0
D,884981,3.735,0.000,0.176,0,0
D,884986,3.955,0.000,0.176,0,0
D,884992,4.021,0.000,0.176,0,0
D,884997,4.241,0.000,0.176,0,0
D,885002,4.438,0.000,0.176,0,0
D,885008,4.614,0.000,0.176,0,0
D,885013,4.790,0.000,0.176,0,0
D,885018,4.900,0.000,0.176,0,0
D,885024,5.032,0.000,0.176,0,0
D,885029,5.273,0.000,0.176,0,0
D,885034,5.339,0.000,0.176,0,0
D,885040,5.471,0.000,0.176,0,0
D,885045,5.625,0.000,0.176,0,0
D,885050,5.801,0.000,0.176,0,0
D,885056,5.911,0.000,0.088,0,0
D,885061,6.042,0.000,0.176,0,0
D,885066,6.108,0.000,0.176,0,0
D,885072,6.196,0.000,0.176,0,0
D,885077,6.416,0.000,0.176,0,0
D,885082,6.394,0.000,0.176,0,0
D,885088,6.548,0.000,0.176,0,0
D,885093,6.702,0.000,0.176,0,0
D,885098,6.702,0.000,0.176,0,0
D,885104,6.877,0.000,0.176,0,0
D,885109,6.987,0.000,0.176,0,0
D,885114,7.053,0.000,0.088,0,0
D,885120,7.075,0.000,0.088,0,0
D,885125,7.207,0.000,0.176,0,0
D,885130,7.273,0.000,0.088,0,0
D,885136,7.339,0.000,0.088,0,0
D,885141,7.339,0.000,0.176,0,0
D,885147,7.493,0.000,0.088,0,0
D,885152,7.559,0.000,0.088,0,0
D,885157,7.581,0.000,0.088,0,0
D,885163,7.668,0.000,0.088,0,0
D,885168,7.646,0.000,0.088,0,0
D,885173,7.756,0.000,0.088,0,0
D,885179,7.822,0.000,0.088,0,0
D,885184,7.888,0.000,0.088,0,0
D,885189,7.954,0.000,0.176,0,0
D,885195,8.086,0.000,0.088,0,0
D,885200,8.108,0.000,0.176,0,0
D,885205,8.130,0.000,0.088,0,0
D,885211,8.130,0.000,0.088,0,0
D,885216,8.108,0.000,0.088,0,0
D,885221,8.152,0.000,0.088,0,0
D,885227,8.108,0.000,0.088,0,0
D,885232,8.174,0.000,0.088,0,0
D,885237,8.130,0.000,0.088,0,0
D,885243,8.130,0.000,0.088,0,0
D,885248,8.130,0.000,0.176,0,0
D,885253,8.174,0.000,0.088,0,0
D,885259,8.130,0.000,0.088,0,0
D,885264,8.130,0.000,0.088,0,0
D,885269,8.108,0.000,0.088,0,0
D,885275,8.130,0.000,0.088,0,0
D,885280,8.064,0.000,0.088,0,0
D,885285,8.042,0.000,0.088,0,0
D,885291,8.064,0.000,0.088,0,0
D,885296,8.020,0.000,0.088,0,0
D,885302,7.932,0.000,0.176,0,0
D,885307,7.888,0.000,0.176,0,0
D,885312,7.844,0.000,0.176,0,0
D,885318,7.778,0.000,0.088,0,0
D,885323,7.668,0.000,0.088,0,0
D,885328,7.646,0.000,0.088,0,0
D,885334,7.603,0.000,0.088,0,0
D,885339,7.559,0.000,0.088,0,0
D,885344,7.427,0.000,0.088,0,0
D,885350,7.317,0.000,0.088,0,0
D,885355,7.273,0.000,0.088,0,0
D,885360,7.207,0.000,0.088,0,0
D,885366,7.163,0.000,0.088,0,0
D,885371,7.053,0.000,0.088,0,0
D,885376,6.965,0.000,0.088,0,0
D,885382,6.899,0.000,0.088,0,0
D,885387,6.790,0.000,0.088,0,0
D,885392,6.702,0.000,0.088,0,0
D,885398,6.658,0.000,0.088,0,0
D,885403,6.460,0.000,0.088,0,0
D,885408,6.350,0.000,0.088,0,0
D,885414,6.240,0.000,0.088,0,0
D,885419,6.064,0.000,0.088,0,0
D,885424,6.021,0.000,0.088,0,0
D,885430,5.823,0.000,0.088,0,0
D,885435,5.691,0.000,0.176,0,0
D,885440,5.647,0.000,0.088,0,0
D,885446,5.537,0.000,0.176,0,0
D,885451,5.449,0.000,0.176,0,0
D,885457,5.317,0.000,0.088,0,0
D,885462,5.208,0.000,0.176,0,0
D,885467,5.120,0.000,0.176,0,0
D,885473,5.054,0.000,0.176,0,0
D,885478,4.878,0.000,0.088,0,0
D,885483,4.768,0.000,0.176,0,0
D,885489,4.746,0.000,0.176,0,0
D,885494,4.680,0.000,0.176,0,0
D,885499,4.504,0.000,0.088,0,0
D,885505,4.438,0.000,0.176,0,0
D,885510,4.417,0.000,0.176,0,0
D,885515,4.329,0.000,0.088,0,0
D,885521,4.285,0.000,0.176,0,0
D,885526,4.087,0.000,0.176,0,0
D,885531,4.065,0.000,0.088,0,0
D,885537,4.021,0.000,0.176,0,0
D,885542,3.889,0.000,0.088,0,0
D,885547,3.911,0.000,0.088,0,0
D,885553,3.757,0.000,0.088,0,0
D,885558,3.779,0.000,0.000,0,0
D,885563,3.669,0.000,0.000,0,0
D,885569,3.625,0.000,0.000,0,0
D,885574,3.582,0.000,0.000,0,0
D,885579,3.494,0.000,0.000,0,0
D,885585,3.516,0.000,0.088,0,0
D,885590,3.450,0.000,0.176,0,0
D,885595,3.472,0.000,0.088,0,0
D,885601,3.296,0.000,0.176,0,0
D,885606,3.296,0.000,0.176,0,0
D,885612,3.230,0.000,0.176,0,0
D,885617,3.186,0.000,0.176,0,0
D,885622,3.164,0.000,0.176,0,0
D,885628,3.098,0.000,0.176,0,0
D,885633,3.010,0.000,0.176,0,0
D,885638,2.988,0.000,0.176,0,0
D,885644,2.900,0.000,0.088,0,0
D,885649,2.878,0.000,0.088,0,0
D,885654,2.856,0.000,0.088,0,0
D,885660,2.769,0.000,0.088,0,0
D,885665,2.769,0.000,0.088,0,0
D,885670,2.725,0.000,0.176,0,0
D,885676,2.681,0.000,0.176,0,0
D,885681,2.659,0.000,0.088,0,0
D,885686,2.637,0.000,0.176,0,0
D,885692,2.549,0.000,0.088,0,0
D,885697,2.527,0.000,0.088,0,0
D,885702,2.439,0.000,0.176,0,0
D,885708,2.395,0.000,0.176,0,0
D,885713,2.329,0.000,0.176,0,0
D,885718,2.307,0.000,0.176,0,0
D,885724,2.197,0.000,0.176,0,0
D,885729,2.241,0.000,0.176,0,0
D,885734,2.175,0.000,0.088,0,0
D,885740,2.087,0.000,0.176,0,0
D,885745,2.000,0.000,0.176,0,0
D,885750,1.934,0.000,0.088,0,0
D,885756,1.934,0.000,0.176,0,0
D,885761,1.890,0.000,0.176,0,0
D,885766,1.868,0.000,0.088,0,0
D,885772,1.758,0.000,0.176,0,0
D,885777,1.758,0.000,0.176,0,0
D,885783,1.714,0.000,0.176,0,0
D,885788,1.670,0.000,0.176,0,0
D,885793,1.626,0.000,0.176,0,0
D,885799,1.670,0.000,0.176,0,0
D,885804,1.604,0.000,0.176,0,0
D,885809,1.582,0.000,0.176,0,0
D,885815,1.538,0.000,0.176,0,0
D,885820,1.582,0.000,0.176,0,0
D,885825,1.516,0.000,0.088,0,0
D,885831,1.516,0.000,0.176,0,0
D,885836,1.560,0.000,0.176,0,0
D,885841,1.538,0.000,0.176,0,0
D,885847,1.538,0.000,0.176,0,0
D,885852,1.538,0.000,0.176,0,0
D,885857,1.472,0.000,0.176,0,0
D,885863,1.428,0.000,0.176,0,0
D,885868,1.472,0.000,0.264,0,0
D,885873,1.494,0.000,0.264,0,0
D,885879,1.538,0.000,0.176,0,0
D,885884,1.560,0.000,0.176,0,0
D,885889,1.560,0.000,0.264,0,0
D,885895,1.516,0.000,0.264,0,0
D,885900,1.626,0.000,0.264,0,0
D,885905,1.582,0.000,0.176,0,0
D,885911,1.626,0.000,0.264,0,0
D,885916,1.670,0.000,0.264,0,0
D,885922,1.648,0.000,0.176,0,0
D,885927,1.626,0.000,0.264,0,0
D,885932,1.604,0.000,0.176,0,0
D,885938,1.560,0.000,0.264,0,0
D,885943,1.604,0.000,0.176,0,0
D,885948,1.604,0.000,0.264,0,0
D,885954,1.604,0.000,0.176,0,0
D,885959,1.582,0.000,0.176,0,0
D,885964,1.560,0.000,0.264,0,0
D,885970,1.538,0.000,0.176,0,0
D,885975,1.516,0.000,0.264,0,0
D,885980,1.516,0.000,0.264,0,0
D,885986,1.494,0.000,0.176,0,0
D,885991,1.538,0.000,0.264,0,0
D,885996,1.538,0.000,0.264,0,0
D,886002,1.560,0.000,0.264,0,0
D,886007,1.494,0.000,0.176,0,0
D,886012,1.582,0.000,0.264,0,0
D,886018,1.538,0.000,0.264,0,0
D,886023,1.626,0.000,0.176,0,0
D,886028,1.604,0.000,0.264,0,0
D,886034,1.604,0.000,0.176,0,0
D,886039,1.648,0.000,0.264,0,0
D,886044,1.648,0.000,0.264,0,0
D,886050,1.714,0.000,0.264,0,0
D,886055,1.692,0.000,0.176,0,0
D,886060,1.780,0.000,0.264,0,0
D,886066,1.758,0.000,0.176,0,0
D,886071,1.846,0.000,0.176,0,0
D,886077,1.912,0.000,0.176,0,0
D,886082,1.912,0.000,0.264,0,0
D,886087,1.956,0.000,0.264,0,0
D,886093,2.065,0.000,0.264,0,0
D,886098,2.109,0.000,0.264,0,0
D,886103,2.241,0.000,0.264,0,0
D,886109,2.241,0.000,0.264,0,0
D,886114,2.285,0.000,0.264,0,0
D,886119,2.307,0.000,0.264,0,0
D,886125,2.395,0.000,0.176,0,0
D,886130,2.461,0.000,0.264,0,0
D,886135,2.549,0.000,0.264,0,0
D,886141,2.549,0.000,0.264,0,0
D,886146,2.571,0.000,0.264,0,0
D,886151,2.637,0.000,0.264,0,0
D,886157,2.703,0.000,0.176,0,0
D,886162,2.703,0.000,0.264,0,0
D,886167,2.791,0.000,0.176,0,0
D,886173,2.834,0.000,0.264,0,0
D,886178,2.900,0.000,0.264,0,0
D,886183,3.010,0.000,0.264,0,0
D,886189,3.032,0.000,0.264,0,0
D,886194,3.032,0.000,0.264,0,0
D,886199,3.120,0.000,0.264,0,0
D,886205,3.208,0.000,0.264,0,0
D,886210,3.208,0.000,0.176,0,0
D,886215,3.230,0.000,0.264,0,0
D,886221,3.252,0.000,0.264,0,0
D,886226,3.340,0.000,0.264,0,0
D,886232,3.274,0.000,0.264,0,0
D,886237,3.384,0.000,0.264,0,0
D,886242,3.428,0.000,0.264,0,0
D,886248,3.472,0.000,0.264,0,0
D,886253,3.472,0.000,0.176,0,0
D,886258,3.472,0.000,0.176,0,0
D,886264,3.582,0.000,0.176,0,0
D,886269,3.604,0.000,0.176,0,0
D,886274,3.625,0.000,0.176,0,0
D,886280,3.713,0.000,0.176,0,0
D,886285,3.713,0.000,0.176,0,0
D,886290,3.713,0.000,0.176,0,0
D,886296,3.845,0.000,0.176,0,0
D,886301,3.889,0.000,0.176,0,0
D,886306,3.911,0.000,0.176,0,0
D,886312,3.911,0.000,0.176,0,0
D,886317,3.933,0.000,0.176,0,0
D,886322,3.999,0.000,0.176,0,0
D,886328,3.955,0.000,0.176,0,0
D,886333,4.021,0.000,0.176,0,0
D,886338,3.999,0.000,0.264,0,0
D,886344,3.977,0.000,0.264,0,0
D,886349,4.021,0.000,0.176,0,0
D,886354,4.109,0.000,0.176,0,0
D,886360,4.065,0.000,0.176,0,0
D,886365,4.109,0.000,0.176,0,0
D,886370,4.109,0.000,0.264,0,0
D,886376,4.109,0.000,0.264,0,0
D,886381,4.131,0.000,0.264,0,0
D,886387,4.153,0.000,0.264,0,0
D,886392,4.197,0.000,0.176,0,0
D,886397,4.087,0.000,0.264,0,0
D,886403,4.175,0.000,0.176,0,0
D,886408,4.175,0.000,0.264,0,0
D,886413,4.197,0.000,0.264,0,0
D,886419,4.109,0.000,0.176,0,0
D,886424,4.065,0.000,0.264,0,0
D,886429,4.087,0.000,0.176,0,0
D,886435,4.109,0.000,0.264,0,0
D,886440,4.043,0.000,0.264,0,0
D,886445,4.021,0.000,0.264,0,0
D,886451,4.021,0.000,0.264,0,0
D,886456,3.955,0.000,0.264,0,0
D,886461,3.977,0.000,0.264,0,0
D,886467,3.955,0.000,0.264,0,0
D,886472,3.977,0.000,0.264,0,0
D,886477,3.911,0.000,0.264,0,0
D,886483,3.845,0.000,0.264,0,0
D,886488,3.757,0.000,0.264,0,0
D,886493,3.801,0.000,0.264,0,0
D,886499,3.735,0.000,0.264,0,0
D,886504,3.625,0.000,0.264,0,0
D,886509,3.604,0.000,0.264,0,0
D,886515,3.604,0.000,0.264,0,0
D,886520,3.516,0.000,0.264,0,0
D,886525,3.494,0.000,0.264,0,0
D,886531,3.450,0.000,0.264,0,0
D,886536,3.428,0.000,0.264,0,0
D,886542,3.406,0.000,0.264,0,0
D,886547,3.318,0.000,0.264,0,0
D,886552,3.230,0.000,0.264,0,0
D,886558,3.186,0.000,0.264,0,0
D,886563,3.098,0.000,0.176,0,0
D,886568,3.054,0.000,0.264,0,0
D,886574,3.010,0.000,0.264,0,0
D,886579,2.966,0.000,0.176,0,0
D,886584,2.944,0.000,0.176,0,0
D,886590,2.878,0.000,0.264,0,0
D,886595,2.791,0.000,0.264,0,0
D,886600,2.834,0.000,0.176,0,0
D,886606,2.703,0.000,0.264,0,0
D,886611,2.703,0.000,0.264,0,0
D,886616,2.593,0.000,0.264,0,0
D,886622,2.615,0.000,0.176,0,0
D,886627,2.549,0.000,0.264,0,0
D,886632,2.549,0.000,0.264,0,0
D,886638,2.483,0.000,0.264,0,0
D,886643,2.395,0.000,0.264,0,0
D,886648,2.373,0.000,0.264,0,0
D,886654,2.307,0.000,0.264,0,0
D,886659,2.285,0.000,0.264,0,0
D,886664,2.285,0.000,0.264,0,0
D,886670,2.109,0.000,0.264,0,0
D,886675,2.153,0.000,0.264,0,0
D,886680,2.043,0.000,0.264,0,0
D,886686,1.978,0.000,0.264,0,0
D,886691,1.978,0.000,0.264,0,0
D,886697,1.890,0.000,0.264,0,0
D,886702,1.890,0.000,0.264,0,0
D,886707,1.824,0.000,0.264,0,0
D,886713,1.758,0.000,0.264,0,0
D,886718,1.758,0.000,0.264,0,0
D,886723,1.670,0.000,0.264,0,0
D,886729,1.582,0.000,0.264,0,0
D,886734,1.648,0.000,0.176,0,0
D,886739,1.560,0.000,0.264,0,0
D,886745,1.494,0.000,0.264,0,0
D,886750,1.516,0.000,0.264,0,0
D,886755,1.450,0.000,0.264,0,0
D,886761,1.472,0.000,0.264,0,0
D,886766,1.406,0.000,0.264,0,0
D,886771,1.362,0.000,0.264,0,0
D,886777,1.318,0.000,0.264,0,0
D,886782,1.296,0.000,0.264,0,0
D,886787,1.296,0.000,0.264,0,0
D,886793,1.252,0.000,0.264,0,0
D,886798,1.252,0.000,0.264,0,0
D,886803,1.274,0.000,0.264,0,0
D,886809,1.296,0.000,0.264,0,0
D,886814,1.340,0.000,0.264,0,0
D,886819,1.340,0.000,0.264,0,0
D,886825,1.230,0.000,0.264,0,0
D,886830,1.318,0.000,0.264,0,0
D,886835,1.296,0.000,0.264,0,0
D,886841,1.274,0.000,0.264,0,0
D,886846,1.296,0.000,0.264,0,0
D,886852,1.296,0.000,0.264,0,0
D,886857,1.318,0.000,0.264,0,0
D,886862,1.318,0.000,0.264,0,0
D,886868,1.340,0.000,0.264,0,0
D,886873,1.318,0.000,0.264,0,0
D,886878,1.406,0.000,0.264,0,0
D,886884,1.362,0.000,0.264,0,0
D,886889,1.406,0.000,0.264,0,0
D,886894,1.428,0.000,0.264,0,0
D,886900,1.384,0.000,0.264,0,0
D,886905,1.472,0.000,0.264,0,0
D,886910,1.450,0.000,0.264,0,0
D,886916,1.516,0.000,0.264,0,0
D,886921,1.494,0.000,0.264,0,0
D,886926,1.494,0.000,0.264,0,0
D,886932,1.626,0.000,0.264,0,0
D,886937,1.538,0.000,0.264,0,0
D,886942,1.626,90.000,0.264,0,0
D,886948,1.670,0.022,0.264,0,0
D,886953,1.648,0.000,0.264,0,0
D,886958,1.736,0.022,0.264,0,0
D,886964,1.780,0.000,0.264,0,0
D,886969,1.846,22.500,0.264,0,0
D,886974,1.890,0.022,0.264,0,0
D,886980,1.890,0.022,0.264,0,0
D,886985,1.912,-11.228,0.264,0,0
D,886990,2.043,0.022,0.264,0,0
D,886996,2.043,-1.384,0.264,0,0
D,887001,2.087,0.088,0.264,0,0
D,887007,2.175,0.022,0.264,0,0
D,887012,2.219,0.000,0.264,0,0
D,887017,2.263,11.250,0.264,0,0
D,887023,2.329,-22.478,0.264,0,0
D,887028,2.351,0.022,0.264,0,0
D,887033,2.417,0.352,0.264,0,0
D,887039,2.483,0.000,0.264,0,0
D,887044,2.549,0.022,0.264,0,0
D,887049,2.593,-5.603,0.264,0,0
D,887055,2.637,0.000,0.264,0,0
D,887060,2.747,11.250,0.264,0,0
D,887065,2.856,0.000,0.264,0,0
D,887071,2.900,0.022,0.264,0,0
D,887076,2.900,-89.978,0.264,0,0
D,887081,2.966,0.000,0.264,0,0
D,887087,3.120,0.000,0.264,0,0
D,887092,3.164,-0.066,0.264,0,0
D,887097,3.230,0.000,0.264,0,0
D,887103,3.274,0.000,0.264,0,0
D,887108,3.318,-0.330,0.264,0,0
D,887113,3.472,0.000,0.264,0,0
D,887119,3.472,0.000,0.264,0,0
D,887124,3.538,0.000,0.264,0,0
D,887130,3.560,0.000,0.264,0,0
D,887135,3.713,0.000,0.264,0,0
D,887140,3.735,0.000,0.264,0,0
D,887146,3.845,0.000,0.264,0,0
D,887151,3.933,0.000,0.264,0,0
D,887156,3.955,0.022,0.264,0,0
D,887162,4.021,0.000,0.264,0,0
D,887167,4.065,0.000,0.264,0,0
D,887172,4.197,0.000,0.264,0,0
D,887178,4.197,0.000,0.264,0,0
D,887183,4.285,0.000,0.264,0,0
D,887188,4.307,0.000,0.264,0,0
D,887194,4.417,0.000,0.264,0,0
D,887199,4.460,0.000,0.264,0,0
D,887204,4.526,0.000,0.264,0,0
D,887210,4.636,0.000,0.264,0,0
D,887215,4.702,0.000,0.264,0,0
D,887220,4.680,0.000,0.264,0,0
D,887226,4.724,0.000,0.264,0,0
D,887231,4.790,0.000,0.264,0,0
D,887236,4.856,0.000,0.264,0,0
D,887242,4.878,0.000,0.264,0,0
D,887247,4.922,0.000,0.264,0,0
D,887252,4.966,0.000,0.264,0,0
D,887258,4.988,0.000,0.264,0,0
D,887263,5.032,0.000,0.264,0,0
D,887268,5.120,0.000,0.264,0,0
D,887274,5.164,0.000,0.264,0,0
D,887279,5.186,0.000,0.264,0,0
D,887285,5.208,0.000,0.264,0,0
D,887290,5.273,0.000,0.264,0,0
D,887295,5.361,0.000,0.264,0,0
D,887301,5.427,0.000,0.264,0,0
D,887306,5.427,0.000,0.264,0,0
D,887311,5.471,0.000,0.264,0,0
D,887317,5.515,0.000,0.264,0,0
D,887322,5.581,0.000,0.264,0,0
D,887327,5.625,0.000,0.264,0,0
D,887333,5.625,0.000,0.264,0,0
D,887338,5.669,0.000,0.264,0,0
D,887343,5.713,0.000,0.264,0,0
D,887349,5.713,0.000,0.264,0,0
D,887354,5.669,0.000,0.264,0,0
D,887359,5.735,0.000,0.264,0,0
D,887365,5.757,0.000,0.264,0,0
D,887370,5.779,0.000,0.264,0,0
D,887375,5.779,0.000,0.264,0,0
D,887381,5.823,0.000,0.264,0,0
D,887386,5.735,0.000,0.264,0,0
D,887391,5.779,0.000,0.264,0,0
D,887397,5.823,0.000,0.264,0,0
D,887402,5.713,0.000,0.264,0,0
D,887407,5.757,0.000,0.264,0,0
D,887413,5.669,0.000,0.264,0,0
D,887418,5.691,0.000,0.264,0,0
D,887423,5.713,0.000,0.264,0,0
D,887429,5.691,0.000,0.264,0,0
D,887434,5.691,0.000,0.264,0,0
D,887440,5.647,0.000,0.264,0,0
D,887445,5.625,0.000,0.264,0,0
D,887450,5.625,0.000,0.264,0,0
D,887456,5.581,0.000,0.264,0,0
D,887461,5.559,0.000,0.264,0,0
D,887466,5.559,0.000,0.264,0,0
D,887472,5.537,0.000,0.264,0,0
D,887477,5.493,0.000,0.264,0,0
D,887482,5.559,0.000,0.264,0,0
D,887488,5.471,0.000,0.264,0,0
D,887493,5.449,0.000,0.264,0,0
D,887498,5.493,0.000,0.264,0,0
D,887504,5.471,0.000,0.264,0,0
D,887509,5.383,0.000,0.264,0,0
D,887514,5.383,0.000,0.264,0,0
D,887520,5.339,0.000,0.264,0,0
D,887525,5.317,0.000,0.264,0,0
D,887530,5.229,0.000,0.264,0,0
D,887536,5.229,0.000,0.264,0,0
D,887541,5.186,0.000,0.264,0,0
D,887546,5.142,0.000,0.264,0,0
D,887552,5.098,0.000,0.264,0,0
D,887557,5.032,0.000,0.264,0,0
D,887562,5.010,0.000,0.264,0,0
D,887568,4.966,0.000,0.264,0,0
D,887573,4.878,0.000,0.264,0,0
D,887579,4.856,0.000,0.264,0,0
D,887584,4.900,0.000,0.264,0,0
D,887589,4.834,0.000,0.264,0,0
D,887595,4.724,0.000,0.264,0,0
D,887600,4.724,0.000,0.264,0,0
D,887605,4.592,0.000,0.264,0,0
D,887611,4.680,0.000,0.264,0,0
D,887616,4.548,0.000,0.264,0,0
D,887621,4.526,0.000,0.264,0,0
D,887627,4.482,0.000,0.264,0,0
D,887632,4.460,0.000,0.264,0,0
D,887637,4.438,0.000,0.264,0,0
D,887643,4.395,0.000,0.264,0,0
D,887648,4.329,0.000,0.264,0,0
D,887653,4.329,0.000,0.264,0,0
D,887659,4.329,0.000,0.264,0,0
D,887664,4.307,0.000,0.264,0,0
D,887669,4.263,0.000,0.264,0,0
D,887675,4.197,0.000,0.264,0,0
D,887680,4.153,0.000,0.264,0,0
D,887685,4.131,0.000,0.264,0,0
D,887691,4.087,0.000,0.264,0,0
D,887696,4.087,0.000,0.264,0,0
D,887701,4.065,0.000,0.264,0,0
D,887707,4.021,0.000,0.176,0,0
D,887712,3.977,0.000,0.264,0,0
D,887717,3.977,0.000,0.264,0,0
D,887723,3.911,0.000,0.264,0,0
D,887728,3.823,0.000,0.264,0,0
D,887733,3.955,0.000,0.264,0,0
D,887739,3.867,0.000,0.264,0,0
D,887744,3.801,0.000,0.264,0,0
D,887750,3.757,0.000,0.264,0,0
D,887755,3.757,0.000,0.264,0,0
D,887760,3.647,0.000,0.264,0,0
D,887766,3.647,0.000,0.264,0,0
D,887771,3.604,0.000,0.264,0,0
D,887776,3.625,0.000,0.264,0,0
D,887782,3.625,0.000,0.264,0,0
D,887787,3.604,0.000,0.264,0,0
D,887792,3.582,0.000,0.264,0,0
D,887798,3.516,0.000,0.264,0,0
D,887803,3.538,0.000,0.264,0,0
D,887808,3.516,0.000,0.264,0,0
D,887814,3.538,0.000,0.264,0,0
D,887819,3.538,0.000,0.264,0,0
D,887824,3.516,0.000,0.264,0,0
D,887830,3.494,0.000,0.264,0,0
D,887835,3.516,0.000,0.264,0,0
D,887840,3.538,0.000,0.264,0,0
D,887846,3.625,0.000,0.264,0,0
D,887851,3.538,0.000,0.264,0,0
D,887856,3.604,0.000,0.264,0,0
D,887862,3.560,0.000,0.264,0,0
D,887867,3.582,0.000,0.264,0,0
D,887872,3.494,0.000,0.264,0,0
D,887878,3.538,0.000,0.264,0,0
D,887883,3.538,0.000,0.264,0,0
D,887888,3.560,0.000,0.264,0,0
D,887894,3.560,0.000,0.264,0,0
D,887899,3.472,0.000,0.264,0,0
D,887905,3.538,0.000,0.264,0,0
D,887910,3.494,0.000,0.264,0,0
D,887915,3.516,0.000,0.264,0,0
D,887921,3.450,0.000,0.264,0,0
D,887926,3.428,0.000,0.264,0,0
D,887931,3.516,0.000,0.264,0,0
D,887937,3.472,0.000,0.264,0,0
D,887942,3.450,0.000,0.264,0,0
D,887947,3.318,0.000,0.264,0,0
D,887953,3.384,0.000,0.264,0,0
D,887958,3.384,0.000,0.264,0,0
D,887963,3.340,0.000,0.264,0,0
D,887969,3.296,0.000,0.264,0,0
D,887974,3.296,0.000,0.264,0,0
D,887979,3.274,0.000,0.264,0,0
D,887985,3.186,0.000,0.264,0,0
D,887990,3.230,0.000,0.264,0,0
D,887995,3.164,0.000,0.264,0,0
D,888001,3.208,0.000,0.264,0,0
D,888006,3.120,0.000,0.264,0,0
D,888011,3.054,0.000,0.264,0,0
D,888017,3.010,0.000,0.264,0,0
D,888022,2.900,0.000,0.264,0,0
D,888027,2.966,0.000,0.264,0,0
D,888033,2.856,0.000,0.264,0,0
D,888038,2.878,0.000,0.264,0,0
D,888043,2.747,0.000,0.264,0,0
D,888049,2.681,0.000,0.264,0,0
D,888054,2.703,0.000,0.264,0,0
D,888060,2.681,0.000,0.264,0,0
D,888065,2.593,0.000,0.264,0,0
D,888070,2.549,0.000,0.264,0,0
D,888076,2.527,0.000,0.264,0,0
D,888081,2.483,0.000,0.264,0,0
D,888086,2.395,0.000,0.264,0,0
D,888092,2.351,0.000,0.264,0,0
D,888097,2.373,0.000,0.264,0,0
D,888102,2.285,0.000,0.264,0,0
D,888108,2.241,0.000,0.264,0,0
D,888113,2.131,0.000,0.264,0,0
D,888118,2.065,0.000,0.264,0,0
D,888124,2.021,0.000,0.264,0,0
D,888129,1.978,0.000,0.264,0,0
D,888134,1.978,0.000,0.264,0,0
D,888140,1.868,0.000,0.264,0,0
D,888145,1.802,0.000,0.264,0,0
D,888150,1.780,0.000,0.264,0,0
D,888156,1.714,0.000,0.264,0,0
D,888161,1.648,0.000,0.264,0,0
D,888166,1.604,0.000,0.264,0,0
D,888172,1.516,0.000,0.264,0,0
D,888177,1.516,0.000,0.264,0,0
D,888182,1.472,0.000,0.264,0,0
D,888188,1.450,0.000,0.264,0,0
D,888193,1.362,0.000,0.264,0,0
D,888199,1.318,0.000,0.264,0,0
D,888204,1.252,0.000,0.264,0,0
D,888209,1.187,0.000,0.264,0,0
D,888215,1.165,0.000,0.264,0,0
D,888220,1.121,0.000,0.264,0,0
D,888225,1.055,0.000,0.264,0,0
D,888231,0.945,0.000,0.264,0,0
D,888236,0.923,0.000,0.264,0,0
D,888241,0.879,0.000,0.264,0,0
D,888247,0.879,0.000,0.264,0,0
D,888252,0.813,0.000,0.264,0,0
D,888257,0.813,0.000,0.264,0,0
D,888263,0.725,0.000,0.264,0,0
D,888268,0.703,0.000,0.264,0,0
D,888273,0.637,0.000,0.264,0,0
D,888279,0.593,0.000,0.264,0,0
D,888284,0.549,0.000,0.264,0,0
D,888289,0.593,0.000,0.264,0,0
D,888295,0.505,0.000,0.264,0,0
D,888300,0.439,0.000,0.264,0,0
D,888305,0.396,0.000,0.264,0,0
D,888311,0.308,0.000,0.264,0,0
D,888316,0.286,0.000,0.264,0,0
D,888321,0.242,0.000,0.264,0,0
D,888327,0.286,0.000,0.264,0,0
D,888332,0.220,0.000,0.176,0,0
D,888337,0.176,0.000,0.264,0,0
D,888343,0.154,0.000,0.264,0,0
D,888348,0.110,0.000,0.264,0,0
D,888354,0.088,0.000,0.264,0,0
D,888359,0.044,0.000,0.264,0,0
D,888364,0.066,0.000,0.264,0,0
D,888370,-0.022,0.000,0.264,0,0
D,888375,-0.022,0.000,0.264,0,0
D,888380,-0.110,0.000,0.264,0,0
D,888386,-0.022,0.000,0.264,0,0
D,888391,-0.110,0.000,0.264,0,0
D,888396,-0.154,0.000,0.264,0,0
D,888402,-0.088,0.000,0.264,0,0
D,888407,-0.132,0.000,0.264,0,0
D,888412,-0.198,0.000,0.264,0,0
D,888418,-0.220,0.000,0.264,0,0
D,888423,-0.198,0.000,0.264,0,0
D,888428,-0.220,0.000,0.264,0,0
D,888434,-0.220,0.000,0.264,0,0
D,888439,-0.220,0.000,0.264,0,0
D,888444,-0.242,0.000,0.264,0,0
D,888450,-0.286,0.000,0.264,0,0
D,888455,-0.264,0.000,0.264,0,0
D,888460,-0.308,0.000,0.264,0,0
D,888466,-0.330,0.000,0.264,0,0
D,888471,-0.439,0.000,0.264,0,0
D,888476,-0.396,0.000,0.264,0,0
D,888482,-0.396,0.000,0.264,0,0
D,888487,-0.417,0.000,0.264,0,0
D,888493,-0.439,0.000,0.264,0,0
D,888498,-0.483,0.000,0.264,0,0
D,888503,-0.461,0.000,0.264,0,0
D,888509,-0.483,0.000,0.264,0,0
D,888514,-0.549,0.000,0.264,0,0
D,888519,-0.615,0.000,0.264,0,0
D,888525,-0.593,0.000,0.264,0,0
D,888530,-0.637,0.000,0.264,0,0
D,888535,-0.659,0.000,0.264,0,0
D,888541,-0.725,0.000,0.264,0,0
D,888546,-0.747,0.000,0.264,0,0
D,888551,-0.747,0.000,0.264,0,0
D,888557,-0.813,0.000,0.264,0,0
D,888562,-0.791,0.000,0.264,0,0
D,888567,-0.791,0.000,0.264,0,0
D,888573,-0.813,0.000,0.264,0,0
D,888578,-0.857,0.000,0.264,0,0
D,888583,-0.923,0.000,0.264,0,0
D,888589,-0.945,0.000,0.264,0,0
D,888594,-0.945,0.000,0.264,0,0
D,888599,-0.945,0.000,0.264,0,0
D,888605,-0.945,0.000,0.264,0,0
D,888610,-0.989,0.000,0.264,0,0
D,888615,-0.989,0.000,0.264,0,0
D,888621,-1.011,0.000,0.264,0,0
D,888626,-1.077,0.000,0.264,0,0
D,888631,-1.033,0.000,0.264,0,0
D,888637,-1.099,0.000,0.264,0,0
D,888642,-1.077,0.000,0.264,0,0
D,888648,-1.099,0.000,0.264,0,0
D,888653,-1.165,0.000,0.264,0,0
D,888658,-1.187,0.000,0.264,0,0
D,888664,-1.230,0.000,0.264,0,0
D,888669,-1.252,0.000,0.264,0,0
D,888674,-1.252,0.000,0.264,0,0
D,888680,-1.362,0.000,0.264,0,0
D,888685,-1.318,0.000,0.264,0,0
D,888690,-1.362,0.000,0.264,0,0
D,888696,-1.362,0.000,0.264,0,0
D,888701,-1.318,0.000,0.264,0,0
D,888706,-1.340,0.000,0.264,0,0
D,888712,-1.384,0.000,0.264,0,0
D,888717,-1.384,0.000,0.264,0,0
D,888722,-1.516,0.000,0.264,0,0
D,888728,-1.450,0.000,0.264,0,0
D,888733,-1.450,0.000,0.264,0,0
D,888738,-1.516,0.000,0.264,0,0
D,888744,-1.516,0.000,0.264,0,0
D,888749,-1.516,0.000,0.264,0,0
D,888754,-1.604,0.000,0.264,0,0
D,888760,-1.582,0.000,0.264,0,0
D,888765,-1.604,0.000,0.264,0,0
D,888770,-1.670,0.000,0.264,0,0
D,888776,-1.714,0.000,0.264,0,0
D,888781,-1.692,0.000,0.264,0,0
D,888787,-1.758,0.000,0.264,0,0
D,888792,-1.846,0.000,0.264,0,0
D,888797,-1.846,0.000,0.264,0,0
D,888803,-1.868,0.000,0.264,0,0
D,888808,-1.912,0.000,0.264,0,0
D,888813,-1.934,0.000,0.264,0,0
D,888819,-1.956,0.000,0.264,0,0
D,888824,-2.000,0.000,0.264,0,0
D,888829,-2.043,0.000,0.264,0,0
D,888835,-2.109,0.000,0.264,0,0
D,888840,-2.131,0.000,0.264,0,0
D,888845,-2.175,0.000,0.264,0,0
D,888851,-2.241,0.000,0.264,0,0
D,888856,-2.263,0.000,0.264,0,0
D,888861,-2.329,0.000,0.264,0,0
D,888867,-2.395,0.000,0.264,0,0
D,888872,-2.417,0.000,0.264,0,0
D,888877,-2.373,0.000,0.264,0,0
D,888883,-2.461,0.000,0.264,0,0
D,888888,-2.461,0.000,0.264,0,0
D,888893,-2.549,0.000,0.264,0,0
D,888899,-2.549,0.000,0.264,0,0
D,888904,-2.615,0.000,0.264,0,0
D,888909,-2.659,0.000,0.264,0,0
D,888915,-2.703,0.000,0.264,0,0
D,888920,-2.725,0.000,0.264,0,0
D,888926,-2.834,0.000,0.264,0,0
D,888931,-2.856,0.000,0.264,0,0
D,888936,-2.878,0.000,0.264,0,0
D,888942,-2.966,0.000,0.264,0,0
D,888947,-2.944,0.000,0.264,0,0
D,888952,-3.010,0.000,0.264,0,0
D,888958,-3.076,0.000,0.264,0,0
D,888963,-3.142,0.000,0.264,0,0
D,888968,-3.120,0.000,0.264,0,0
D,888974,-3.142,0.000,0.264,0,0
D,888979,-3.186,0.000,0.264,0,0
D,888984,-3.274,0.000,0.264,0,0
D,888990,-3.252,0.000,0.264,0,0
D,888995,-3.274,0.000,0.264,0,0
D,889000,-3.340,0.000,0.264,0,0
D,889006,-3.384,0.000,0.264,0,0
D,889011,-3.384,0.000,0.264,0,0
D,889016,-3.472,0.000,0.264,0,0
D,889022,-3.450,0.000,0.264,0,0
D,889027,-3.516,0.000,0.264,0,0
D,889032,-3.538,0.000,0.264,0,0
D,889038,-3.669,0.000,0.264,0,0
D,889043,-3.625,0.000,0.264,0,0
D,889048,-3.625,0.000,0.264,0,0
D,889054,-3.669,0.000,0.264,0,0
D,889059,-3.691,0.000,0.264,0,0
D,889064,-3.713,0.000,0.264,0,0
D,889070,-3.713,0.000,0.264,0,0
D,889075,-3.713,0.000,0.264,0,0
D,889081,-3.801,0.000,0.264,0,0
D,889086,-3.823,0.000,0.264,0,0
D,889091,-3.889,0.000,0.264,0,0
D,889097,-3.823,0.000,0.264,0,0
D,889102,-3.933,0.000,0.264,0,0
D,889107,-3.955,0.000,0.264,0,0
D,889113,-4.021,0.000,0.264,0,0
D,889118,-3.977,0.000,0.264,0,0
D,889123,-4.087,0.000,0.264,0,0
D,889129,-4.043,0.000,0.264,0,0
D,889134,-4.087,0.000,0.264,0,0
D,889139,-4.175,0.000,0.264,0,0
D,889145,-4.219,0.000,0.264,0,0
D,889150,-4.241,0.000,0.264,0,0
D,889155,-4.285,0.000,0.264,0,0
D,889161,-4.307,0.000,0.264,0,0
D,889166,-4.373,0.000,0.264,0,0
D,889171,-4.329,0.000,0.264,0,0
D,889177,-4.351,0.000,0.264,0,0
D,889182,-4.373,0.000,0.264,0,0
D,889187,-4.417,0.000,0.264,0,0
D,889193,-4.395,0.000,0.264,0,0
D,889198,-4.395,0.000,0.264,0,0
D,889203,-4.482,0.000,0.264,0,0
D,889209,-4.482,0.000,0.264,0,0
D,889214,-4.460,0.000,0.264,0,0
D,889220,-4.526,0.000,0.264,0,0
D,889225,-4.526,0.000,0.264,0,0
D,889230,-4.526,0.000,0.176,0,0
D,889236,-4.548,0.000,0.264,0,0
D,889241,-4.526,0.000,0.264,0,0
D,889246,-4.548,0.000,0.264,0,0
D,889252,-4.592,0.000,0.264,0,0
D,889257,-4.570,0.000,0.264,0,0
D,889262,-4.614,0.000,0.264,0,0
D,889268,-4.614,0.000,0.264,0,0
D,889273,-4.614,0.000,0.264,0,0
D,889278,-4.570,0.000,0.264,0,0
D,889284,-4.548,0.000,0.264,0,0
D,889289,-4.680,0.000,0.264,0,0
D,889294,-4.614,0.000,0.264,0,0
D,889300,-4.614,0.000,0.264,0,0
D,889305,-4.570,0.000,0.264,0,0
D,889310,-4.614,0.000,0.264,0,0
D,889316,-4.636,0.000,0.264,0,0
D,889321,-4.680,0.000,0.264,0,0
D,889326,-4.724,0.000,0.264,0,0
D,889332,-4.658,0.000,0.264,0,0
D,889337,-4.702,0.000,0.264,0,0
D,889342,-4.636,0.000,0.264,0,0
D,889348,-4.812,0.000,0.264,0,0
D,889353,-4.768,0.000,0.264,0,0
D,889358,-4.768,0.000,0.264,0,0
D,889364,-4.768,0.000,0.264,0,0
D,889369,-4.790,0.000,0.264,0,0
D,889375,-4.834,0.000,0.264,0,0
D,889380,-4.746,0.000,0.264,0,0
D,889385,-4.856,0.000,0.264,0,0
D,889391,-4.856,0.000,0.264,0,0
D,889396,-4.900,0.000,0.264,0,0
D,889401,-4.922,0.000,0.264,0,0
D,889407,-4.922,0.000,0.264,0,0
D,889412,-4.922,0.000,0.264,0,0
D,889417,-4.966,0.000,0.264,0,0
D,889423,-4.922,0.000,0.264,0,0
D,889428,-4.944,0.000,0.264,0,0
D,889433,-4.944,0.000,0.264,0,0
D,889439,-4.966,0.000,0.264,0,0
D,889444,-4.922,0.000,0.264,0,0
D,889449,-4.966,0.000,0.264,0,0
D,889455,-4.944,0.000,0.264,0,0
D,889460,-4.988,0.000,0.264,0,0
D,889465,-5.010,0.000,0.264,0,0
D,889471,-5.010,0.000,0.264,0,0
D,889476,-5.032,0.000,0.264,0,0
D,889481,-5.010,0.000,0.264,0,0
D,889487,-5.010,0.000,0.176,0,0
D,889492,-5.032,0.000,0.264,0,0
D,889497,-4.944,0.000,0.264,0,0
D,889503,-5.054,0.000,0.264,0,0
D,889508,-5.054,0.000,0.264,0,0
D,889514,-5.098,0.000,0.264,0,0
D,889519,-5.098,0.000,0.264,0,0
D,889524,-5.120,0.000,0.264,0,0
D,889530,-5.164,0.000,0.264,0,0
D,889535,-5.164,0.000,0.264,0,0
D,889540,-5.142,0.000,0.264,0,0
D,889546,-5.229,0.000,0.264,0,0
D,889551,-5.164,0.000,0.264,0,0
D,889556,-5.251,0.000,0.264,0,0
D,889562,-5.251,0.000,0.264,0,0
D,889567,-5.229,0.000,0.264,0,0
D,889572,-5.317,0.000,0.264,0,0
D,889578,-5.383,0.000,0.264,0,0
D,889583,-5.317,0.000,0.264,0,0
D,889588,-5.405,0.000,0.264,0,0
D,889594,-5.427,0.000,0.264,0,0
D,889599,-5.493,0.000,0.264,0,0
D,889604,-5.493,0.000,0.264,0,0
D,889610,-5.515,0.000,0.264,0,0
D,889615,-5.515,0.000,0.264,0,0
D,889620,-5.647,0.000,0.264,0,0
D,889626,-5.603,0.000,0.264,0,0
D,889631,-5.603,0.000,0.264,0,0
D,889636,-5.647,0.000,0.264,0,0
D,889642,-5.691,0.000,0.264,0,0
D,889647,-5.735,0.000,0.264,0,0
D,889653,-5.757,0.000,0.264,0,0
D,889658,-5.889,0.000,0.264,0,0
D,889663,-5.911,0.000,0.264,0,0
D,889669,-5.889,0.000,0.264,0,0
D,889674,-5.933,0.000,0.264,0,0
D,889679,-5.977,0.000,0.264,0,0
D,889685,-6.021,0.000,0.264,0,0
D,889690,-6.042,0.000,0.264,0,0
D,889695,-5.999,0.000,0.264,0,0
D,889701,-6.042,0.000,0.264,0,0
D,889706,-6.174,0.000,0.264,0,0
D,889711,-6.130,0.000,0.264,0,0
D,889717,-6.152,0.000,0.264,0,0
D,889722,-6.218,0.000,0.264,0,0
D,889727,-6.284,0.000,0.264,0,0
D,889733,-6.328,0.000,0.264,0,0
D,889738,-6.394,0.000,0.264,0,0
D,889743,-6.438,0.000,0.264,0,0
D,889749,-6.372,0.000,0.264,0,0
D,889754,-6.438,0.000,0.264,0,0
D,889759,-6.416,0.000,0.264,0,0
D,889765,-6.504,0.000,0.264,0,0
D,889770,-6.570,0.000,0.264,0,0
D,889775,-6.636,0.000,0.264,0,0
D,889781,-6.636,0.000,0.264,0,0
D,889786,-6.636,0.000,0.264,0,0
D,889792,-6.768,0.000,0.264,0,0
D,889797,-6.768,0.000,0.264,0,0
D,889802,-6.855,0.000,0.176,0,0
D,889808,-6.921,0.000,0.264,0,0
D,889813,-6.987,0.000,0.264,0,0
D,889818,-6.987,0.000,0.264,0,0
D,889824,-7.053,0.000,0.264,0,0
D,889829,-7.053,0.000,0.264,0,0
D,889834,-7.163,0.000,0.264,0,0
D,889840,-7.185,0.000,0.264,0,0
D,889845,-7.273,0.000,0.264,0,0
D,889850,-7.229,0.000,0.264,0,0
D,889856,-7.339,0.000,0.264,0,0
D,889861,-7.339,0.000,0.264,0,0
D,889866,-7.361,0.000,0.264,0,0
D,889872,-7.405,0.000,0.264,0,0
D,889877,-7.449,0.000,0.264,0,0
D,889882,-7.493,0.000,0.264,0,0
D,889888,-7.515,0.000,0.264,0,0
D,889893,-7.537,0.000,0.264,0,0
D,889898,-7.537,0.000,0.264,0,0
D,889904,-7.668,0.000,0.264,0,0
D,889909,-7.603,0.000,0.264,0,0
D,889914,-7.646,0.000,0.264,0,0
D,889920,-7.646,0.000,0.264,0,0
D,889925,-7.734,0.000,0.264,0,0
D,889931,-7.690,0.000,0.264,0,0
D,889936,-7.756,0.000,0.264,0,0
D,889941,-7.712,0.000,0.264,0,0
D,889947,-7.822,0.000,0.264,0,0
D,889952,-7.822,0.000,0.264,0,0
D,889957,-7.888,0.000,0.176,0,0
D,889963,-7.866,0.000,0.264,0,0
D,889968,-7.888,0.000,0.264,0,0
D,889973,-7.976,0.000,0.264,0,0
D,889979,-7.954,0.000,0.264,0,0
D,889984,-8.020,0.000,0.264,0,0
D,889989,-8.086,0.000,0.264,0,0
D,889995,-8.152,0.000,0.264,0,0
D,890000,-8.174,0.000,0.264,0,0
D,890005,-8.240,0.000,0.264,0,0
D,890011,-8.262,0.000,0.264,0,0
D,890016,-8.306,0.000,0.264,0,0
D,890021,-8.328,0.000,0.264,0,0
D,890027,-8.350,0.000,0.264,0,0
D,890032,-8.328,0.000,0.264,0,0
D,890037,-8.372,0.000,0.176,0,0
D,890043,-8.481,0.000,0.176,0,0
D,890048,-8.438,0.000,0.264,0,0
D,890053,-8.547,0.000,0.264,0,0
D,890059,-8.525,0.000,0.264,0,0
D,890064,-8.569,0.000,0.264,0,0
D,890070,-8.525,0.000,0.264,0,0
D,890075,-8.503,0.000,0.264,0,0
D,890080,-8.569,0.000,0.264,0,0
D,890086,-8.569,0.000,0.264,0,0
D,890091,-8.591,0.000,0.264,0,0
D,890096,-8.613,0.000,0.264,0,0
D,890102,-8.591,0.000,0.264,0,0
D,890107,-8.569,0.000,0.264,0,0
D,890112,-8.569,0.000,0.264,0,0
D,890118,-8.569,0.000,0.176,0,0
D,890123,-8.503,0.000,0.264,0,0
D,890128,-8.613,0.000,0.176,0,0
D,890134,-8.547,0.000,0.264,0,0
D,890139,-8.459,0.000,0.264,0,0
D,890144,-8.459,0.000,0.264,0,0
D,890150,-8.394,0.000,0.264,0,0
D,890155,-8.394,0.000,0.264,0,0
D,890160,-8.306,0.000,0.264,0,0
D,890166,-8.328,0.000,0.264,0,0
D,890171,-8.240,0.000,0.264,0,0
D,890176,-8.196,0.000,0.264,0,0
D,890182,-8.130,0.000,0.264,0,0
D,890187,-8.064,0.000,0.264,0,0
D,890192,-7.998,0.000,0.264,0,0
D,890198,-7.910,0.000,0.264,0,0
D,890203,-7.844,0.000,0.264,0,0
D,890209,-7.756,0.000,0.264,0,0
D,890214,-7.734,0.000,0.264,0,0
D,890219,-7.646,0.000,0.264,0,0
D,890225,-7.537,0.000,0.264,0,0
D,890230,-7.427,0.000,0.264,0,0
D,890235,-7.361,0.000,0.264,0,0
D,890241,-7.295,0.000,0.264,0,0
D,890246,-7.207,0.000,0.264,0,0
D,890251,-7.119,0.000,0.176,0,0
D,890257,-6.943,0.000,0.264,0,0
D,890262,-6.899,0.000,0.264,0,0
D,890267,-6.746,0.000,0.176,0,0
D,890273,-6.658,0.000,0.176,0,0
D,890278,-6.526,0.000,0.176,0,0
D,890283,-6.350,0.000,0.264,0,0
D,890289,-6.284,0.000,0.176,0,0
D,890294,-6.152,0.000,0.264,0,0
D,890299,-5.999,0.000,0.264,0,0
D,890305,-5.845,0.000,0.176,0,0
D,890310,-5.757,0.000,0.264,0,0
D,890315,-5.581,0.000,0.264,0,0
D,890321,-5.471,0.000,0.176,0,0
D,890326,-5.361,0.000,0.176,0,0
D,890331,-5.208,0.000,0.264,0,0
D,890337,-5.032,0.000,0.264,0,0
D,890342,-4.900,0.000,0.264,0,0
D,890348,-4.680,0.000,0.176,0,0
D,890353,-4.592,0.000,0.176,0,0
D,890358,-4.395,0.000,0.264,0,0
D,890364,-4.241,0.000,0.264,0,0
D,890369,-4.109,0.000,0.264,0,0
D,890374,-3.933,0.000,0.264,0,0
D,890380,-3.801,0.000,0.176,0,0
D,890385,-3.560,0.000,0.176,0,0
D,890390,-3.472,0.000,0.264,0,0
D,890396,-3.296,0.000,0.264,0,0
D,890401,-3.164,0.000,0.176,0,0
D,890406,-2.988,0.000,0.264,0,0
D,890412,-2.834,0.000,0.264,0,0
D,890417,-2.637,0.000,0.264,0,0
D,890422,-2.505,0.000,0.176,0,0
D,890428,-2.241,0.000,0.264,0,0
D,890433,-2.131,0.000,0.264,0,0
D,890438,-1.978,0.000,0.176,0,0
D,890444,-1.846,0.000,0.264,0,0
D,890449,-1.648,0.000,0.264,0,0
D,890454,-1.494,0.000,0.264,0,0
D,890460,-1.406,0.000,0.264,0,0
D,890465,-1.187,0.000,0.176,0,0
D,890470,-1.033,0.000,0.264,0,0
D,890476,-0.879,0.000,0.264,0,0
D,890481,-0.703,0.000,0.264,0,0
D,890487,-0.571,0.000,0.264,0,0
D,890492,-0.417,0.000,0.264,0,0
D,890497,-0.286,0.000,0.264,0,0
D,890503,-0.154,0.000,0.264,0,0
D,890508,-0.044,0.000,0.176,0,0
D,890513,0.154,0.000,0.264,0,0
D,890519,0.286,0.000,0.264,0,0
D,890524,0.396,0.000,0.264,0,0
D,890529,0.571,0.000,0.264,0,0
D,890535,0.703,0.000,0.176,0,0
D,890540,0.879,0.000,0.176,0,0
D,890545,1.011,0.000,0.264,0,0
D,890551,1.121,0.000,0.264,0,0
D,890556,1.274,0.000,0.264,0,0
D,890561,1.362,0.000,0.264,0,0
D,890567,1.472,0.000,0.264,0,0
D,890572,1.604,0.000,0.264,0,0
D,890577,1.802,0.000,0.264,0,0
D,890583,1.824,0.000,0.264,0,0
D,890588,1.956,0.000,0.264,0,0
D,890593,2.000,0.000,0.264,0,0
D,890599,2.109,0.000,0.264,0,0
D,890604,2.175,0.000,0.264,0,0
D,890609,2.175,0.000,0.176,0,0
D,890615,2.307,0.000,0.264,0,0
D,890620,2.373,0.000,0.264,0,0
D,890625,2.307,0.000,0.264,0,0
D,890631,2.395,0.000,0.264,0,0
D,890636,2.395,0.000,0.264,0,0
D,890642,2.439,0.000,0.264,0,0
D,890647,2.417,0.000,0.176,0,0
D,890652,2.505,0.000,0.176,0,0
D,890658,2.549,0.000,0.176,0,0
D,890663,2.527,0.000,0.264,0,0
D,890668,2.527,0.000,0.264,0,0
D,890674,2.571,0.000,0.176,0,0
D,890679,2.593,0.000,0.264,0,0
D,890684,2.637,0.000,0.264,0,0
D,890690,2.615,0.000,0.264,0,0
D,890695,2.549,0.000,0.264,0,0
D,890700,2.571,0.000,0.264,0,0
D,890706,2.593,0.000,0.176,0,0
D,890711,2.549,0.000,0.176,0,0
D,890716,2.505,0.000,0.264,0,0
D,890722,2.483,0.000,0.176,0,0
D,890727,2.395,0.000,0.176,0,0
D,890732,2.395,0.000,0.176,0,0
D,890738,2.395,0.000,0.176,0,0
D,890743,2.307,0.000,0.176,0,0
D,890748,2.285,0.000,0.176,0,0
D,890754,2.219,0.000,0.176,0,0
D,890759,2.131,0.000,0.176,0,0
D,890764,2.153,0.000,0.176,0,0
D,890770,2.000,0.000,0.176,0,0
D,890775,1.978,0.000,0.176,0,0
D,890780,1.868,0.000,0.176,0,0
D,890786,1.824,0.000,0.176,0,0
D,890791,1.736,0.000,0.176,0,0
D,890797,1.692,0.000,0.176,0,0
D,890802,1.670,0.000,0.088,0,0
D,890807,1.582,0.000,0.088,0,0
D,890813,1.450,0.000,0.088,0,0
D,890818,1.472,0.000,0.088,0,0
D,890823,1.318,0.000,0.176,0,0
D,890829,1.318,0.000,0.088,0,0
D,890834,1.208,0.000,0.088,0,0
D,890839,1.165,0.000,0.088,0,0
D,890845,1.099,0.000,0.088,0,0
D,890850,1.121,0.000,0.176,0,0
D,890855,1.033,0.000,0.176,0,0
D,890861,0.967,0.000,0.088,0,0
D,890866,0.945,0.000,0.088,0,0
D,890871,0.923,0.000,0.000,0,0
D,890877,0.791,0.000,0.000,0,0
D,890882,0.835,0.000,0.000,0,0
D,890887,0.791,0.000,0.000,0,0
D,890893,0.747,0.000,-0.088,0,0
D,890898,0.659,0.000,-0.088,0,0
D,890903,0.615,0.000,-0.176,0,0
D,890909,0.527,0.000,-0.176,0,0
D,890914,0.615,0.000,-0.264,0,0
D,890919,0.505,0.000,-0.352,0,0
D,890925,0.461,0.000,-0.352,0,0
D,890930,0.505,0.000,-0.352,0,0
D,890935,0.396,0.000,-0.352,0,0
D,890941,0.461,0.000,-0.352,0,0
D,890946,0.461,0.000,-0.352,0,0
D,890952,0.439,0.000,-0.352,0,0
D,890957,0.439,0.000,-0.439,0,0
D,890962,0.396,0.000,-0.352,0,0
D,890968,0.439,0.000,-0.352,0,0
D,890973,0.439,0.000,-0.352,0,0
D,890978,0.308,0.000,-0.352,0,0
D,890984,0.417,0.000,-0.352,0,0
D,890989,0.352,0.000,-0.352,0,0
D,890994,0.396,0.000,-0.352,0,0
D,891000,0.374,0.000,-0.352,0,0
D,891005,0.396,0.000,-0.264,0,0
D,891010,0.483,0.000,-0.352,0,0
D,891016,0.461,0.000,-0.352,0,0
D,891021,0.461,0.000,-0.352,0,0
D,891026,0.461,0.000,-0.264,0,0
D,891032,0.527,0.000,-0.352,0,0
D,891037,0.527,0.000,-0.352,0,0
D,891042,0.615,0.000,-0.352,0,0
D,891048,0.593,0.000,-0.352,0,0
D,891053,0.703,0.000,-0.352,0,0
D,891058,0.703,2.813,-0.352,0,0
D,891064,0.725,43.638,-0.264,0,0
D,891069,0.769,-35.068,-0.352,0,0
D,891074,0.769,0.022,-0.352,0,0
D,891080,0.769,87.209,-0.264,0,0
D,891085,0.835,0.176,-0.352,0,0
D,891091,0.945,0.176,-0.264,0,0
D,891096,0.967,0.000,-0.264,0,0
D,891101,1.011,0.000,-0.264,0,0
D,891107,1.011,0.352,-0.264,0,0
D,891112,1.099,44.934,-0.264,0,0
D,891117,1.187,-89.978,-0.264,0,0
D,891123,1.274,-11.228,-0.264,0,0
D,891128,1.274,0.022,-0.176,0,0
D,891133,1.362,0.022,-0.176,0,0
D,891139,1.450,0.022,-0.176,0,0
D,891144,1.472,1.406,-0.176,0,0
D,891149,1.516,0.022,-0.176,0,0
D,891155,1.670,0.044,-0.176,0,0
D,891160,1.780,-178.594,-0.176,0,0
D,891165,1.868,44.319,-0.176,0,0
D,891171,1.912,0.022,-0.176,0,0
D,891176,1.978,1.340,-0.176,0,0
D,891181,2.131,-1.384,-0.176,0,0
D,891187,2.197,-43.616,-0.176,0,0
D,891192,2.285,45.000,-0.176,0,0
D,891197,2.307,45.000,-0.088,0,0
D,891203,2.395,-0.022,-0.088,0,0
D,891208,2.527,-11.074,-0.088,0,0
D,891214,2.637,0.000,-0.176,0,0
D,891219,2.769,-0.154,-0.088,0,0
D,891224,2.856,0.000,-0.176,0,0
D,891230,2.900,-84.397,-0.176,0,0
D,891235,3.054,-5.537,-0.088,0,0
D,891240,3.142,0.000,-0.088,0,0
D,891246,3.274,0.000,-0.088,0,0
D,891251,3.384,1.406,-0.088,0,0
D,891256,3.494,0.022,-0.088,0,0
D,891262,3.538,22.500,-0.088,0,0
D,891267,3.647,0.022,-0.088,0,0
D,891272,3.735,22.170,0.000,0,0
D,891278,3.889,0.000,0.088,0,0
D,891283,3.933,0.000,0.088,0,0
D,891288,4.021,-179.978,0.088,0,0
D,891294,4.153,0.000,0.088,0,0
D,891299,4.241,0.000,0.088,0,0
D,891304,4.285,-89.978,0.088,0,0
D,891310,4.460,0.022,0.088,0,0
D,891315,4.482,0.000,0.088,0,0
D,891320,4.570,0.000,0.088,0,0
D,891326,4.724,0.000,0.176,0,0
D,891331,4.702,0.000,0.176,0,0
D,891336,4.834,0.000,0.264,0,0
D,891342,4.944,0.000,0.264,0,0
D,891347,5.010,0.000,0.264,0,0
D,891353,5.098,0.000,0.264,0,0
D,891358,5.208,0.000,0.264,0,0
D,891363,5.208,0.000,0.264,0,0
D,891369,5.449,0.000,0.264,0,0
D,891374,5.471,0.000,0.264,0,0
D,891379,5.515,0.000,0.264,0,0
D,891385,5.625,0.000,0.264,0,0
D,891390,5.757,0.000,0.264,0,0
D,891395,5.801,0.000,0.176,0,0
D,891401,5.845,0.000,0.176,0,0
D,891406,6.021,0.000,0.176,0,0
D,891411,5.977,0.000,0.176,0,0
D,891417,6.130,0.000,0.176,0,0
D,891422,6.196,0.000,0.176,0,0
D,891427,6.196,0.000,0.176,0,0
D,891433,6.284,0.000,0.176,0,0
D,891438,6.372,0.000,0.176,0,0
D,891443,6.438,0.000,0.176,0,0
D,891449,6.526,0.000,0.176,0,0
D,891454,6.526,0.000,0.176,0,0
D,891459,6.614,0.000,0.176,0,0
D,891465,6.658,0.000,0.176,0,0
D,891470,6.658,0.000,0.176,0,0
D,891475,6.724,0.000,0.176,0,0
D,891481,6.724,0.000,0.176,0,0
D,891486,6.812,0.000,0.176,0,0
D,891492,6.790,0.000,0.176,0,0
D,891497,6.833,0.000,0.176,0,0
D,891502,6.899,0.000,0.176,0,0
D,891508,6.987,0.000,0.176,0,0
D,891513,6.943,0.000,0.176,0,0
D,891518,6.899,0.000,0.088,0,0
D,891524,7.009,0.000,0.088,0,0
D,891529,7.053,0.000,0.176,0,0
D,891534,7.075,0.000,0.088,0,0
D,891540,7.119,0.000,0.176,0,0
D,891545,7.031,0.000,0.176,0,0
D,891550,7.053,0.000,0.176,0,0
D,891556,7.185,0.000,0.176,0,0
D,891561,7.141,0.000,0.088,0,0
D,891566,7.163,0.000,0.088,0,0
D,891572,7.185,0.000,0.176,0,0
D,891577,7.251,0.000,0.088,0,0
D,891582,7.185,0.000,0.176,0,0
D,891588,7.185,0.000,0.176,0,0
D,891593,7.185,0.000,0.088,0,0
D,891598,7.273,0.000,0.176,0,0
D,891604,7.229,0.000,0.176,0,0
D,891609,7.251,0.000,0.176,0,0
D,891614,7.163,0.000,0.176,0,0
D,891620,7.251,0.000,0.088,0,0
D,891625,7.207,0.000,0.088,0,0
D,891630,7.207,0.000,0.088,0,0
D,891636,7.207,0.000,0.088,0,0
D,891641,7.251,0.000,0.176,0,0
D,891647,7.229,0.000,0.088,0,0
D,891652,7.141,0.000,0.088,0,0
D,891657,7.207,0.000,0.088,0,0
D,891663,7.207,0.000,0.088,0,0
D,891668,7.207,0.000,0.088,0,0
D,891673,7.119,0.000,0.176,0,0
D,891679,7.207,0.000,0.088,0,0
D,891684,7.141,0.000,0.088,0,0
D,891689,7.163,0.000,0.088,0,0
D,891695,7.119,0.000,0.176,0,0
D,891700,7.163,0.000,0.176,0,0
D,891705,7.075,0.000,0.088,0,0
D,891711,7.075,0.000,0.088,0,0
D,891716,7.075,0.000,0.088,0,0
D,891721,7.053,0.000,0.088,0,0
D,891727,7.097,0.000,0.176,0,0
D,891732,7.009,0.000,0.176,0,0
D,891737,7.097,0.000,0.176,0,0
D,891743,7.097,0.000,0.176,0,0
D,891748,7.053,0.000,0.088,0,0
D,891753,7.031,0.000,0.088,0,0
D,891759,7.053,0.000,0.088,0,0
D,891764,7.031,0.000,0.088,0,0
D,891769,7.119,0.000,0.176,0,0
D,891775,7.053,0.000,0.088,0,0
D,891780,7.053,0.000,0.088,0,0
D,891785,7.119,0.000,0.088,0,0
D,891791,7.097,0.000,0.176,0,0
D,891796,7.141,0.000,0.176,0,0
D,891802,7.141,0.000,0.088,0,0
D,891807,7.075,0.000,0.088,0,0
D,891812,7.053,0.000,0.088,0,0
D,891818,7.075,0.000,0.088,0,0
D,891823,7.119,0.000,0.176,0,0
D,891828,7.075,0.000,0.176,0,0
D,891834,7.075,0.000,0.088,0,0
D,891839,7.185,0.000,0.176,0,0
D,891844,7.163,0.000,0.088,0,0
D,891850,7.119,0.000,0.176,0,0
D,891855,7.229,0.000,0.088,0,0
D,891860,7.185,0.000,0.088,0,0
D,891866,7.163,0.000,0.088,0,0
D,891871,7.141,0.000,0.088,0,0
D,891876,7.141,0.000,0.088,0,0
D,891882,7.163,0.000,0.176,0,0
D,891887,7.207,0.000,0.176,0,0
D,891892,7.163,0.000,0.088,0,0
D,891898,7.207,0.000,0.088,0,0
D,891903,7.207,0.000,0.088,0,0
D,891908,7.207,0.000,0.088,0,0
D,891914,7.185,0.000,0.088,0,0
D,891919,7.207,0.000,0.088,0,0
D,891924,7.207,0.000,0.088,0,0
D,891930,7.273,0.000,0.176,0,0
D,891935,7.207,0.000,0.176,0,0
D,891940,7.207,0.000,0.088,0,0
D,891946,7.207,0.000,0.088,0,0
D,891951,7.229,0.000,0.176,0,0
D,891957,7.207,0.000,0.088,0,0
D,891962,7.229,0.000,0.176,0,0
D,891967,7.251,0.000,0.176,0,0
D,891973,7.229,0.000,0.176,0,0
D,891978,7.273,0.000,0.176,0,0
D,891983,7.317,0.000,0.088,0,0
D,891989,7.207,0.000,0.088,0,0
D,891994,7.229,0.000,0.088,0,0
D,891999,7.273,0.000,0.176,0,0
D,892005,7.185,0.000,0.176,0,0
D,892010,7.229,0.000,0.176,0,0
D,892015,7.229,0.000,0.176,0,0
D,892021,7.251,0.000,0.176,0,0
D,892026,7.207,0.000,0.176,0,0
D,892031,7.229,0.000,0.176,0,0
D,892037,7.295,0.000,0.176,0,0
D,892042,7.251,0.000,0.088,0,0
D,892047,7.163,0.000,0.176,0,0
D,892053,7.229,0.000,0.176,0,0
D,892058,7.273,0.000,0.176,0,0
D,892063,7.229,0.000,0.176,0,0
D,892069,7.207,0.000,0.176,0,0
D,892074,7.251,0.000,0.176,0,0
D,892079,7.273,0.000,0.176,0,0
D,892085,7.229,0.000,0.176,0,0
D,892090,7.251,0.000,0.176,0,0
D,892095,7.229,0.000,0.176,0,0
D,892101,7.229,0.000,0.176,0,0
D,892106,7.339,0.000,0.176,0,0
D,892112,7.251,0.000,0.176,0,0
D,892117,7.339,0.000,0.176,0,0
D,892122,7.295,0.000,0.176,0,0
D,892128,7.207,0.000,0.088,0,0
D,892133,7.251,0.000,0.176,0,0
D,892138,7.229,0.000,0.176,0,0
D,892144,7.229,0.000,0.176,0,0
D,892149,7.251,0.000,0.176,0,0
D,892154,7.295,0.000,0.176,0,0
D,892160,7.251,0.000,0.176,0,0
D,892165,7.273,0.000,0.176,0,0
D,892170,7.295,0.000,0.176,0,0
D,892176,7.273,0.000,0.176,0,0
D,892181,7.273,0.000,0.176,0,0
D,892186,7.295,0.000,0.176,0,0
D,892192,7.273,0.000,0.176,0,0
D,892197,7.295,0.000,0.176,0,0
D,892202,7.317,0.000,0.088,0,0
D,892208,7.295,0.000,0.176,0,0
D,892213,7.251,0.000,0.088,0,0
D,892218,7.273,0.000,0.176,0,0
D,892224,7.361,0.000,0.176,0,0
D,892229,7.273,0.000,0.176,0,0
D,892234,7.339,0.000,0.176,0,0
D,892240,7.273,0.000,0.176,0,0
D,892245,7.339,0.000,0.176,0,0
D,892250,7.361,0.000,0.176,0,0
D,892256,7.339,0.000,0.176,0,0
D,892261,7.339,0.000,0.176,0,0
D,892267,7.339,0.000,0.176,0,0
D,892272,7.273,0.000,0.176,0,0
D,892277,7.317,0.000,0.176,0,0
D,892283,7.317,0.000,0.176,0,0
D,892288,7.339,0.000,0.176,0,0
D,892293,7.295,0.000,0.176,0,0
D,892299,7.295,0.000,0.176,0,0
D,892304,7.295,0.000,0.176,0,0
D,892309,7.251,0.000,0.176,0,0
D,892315,7.229,0.000,0.176,0,0
D,892320,7.295,0.000,0.176,0,0
D,892325,7.339,0.000,0.176,0,0
D,892331,7.317,0.000,0.176,0,0
D,892336,7.229,0.000,0.176,0,0
D,892341,7.251,0.000,0.176,0,0
D,892347,7.273,0.000,0.176,0,0
D,892352,7.273,0.000,0.176,0,0
D,892357,7.295,0.000,0.176,0,0
D,892363,7.273,0.000,0.176,0,0
D,892368,7.251,0.000,0.176,0,0
D,892373,7.295,0.000,0.176,0,0
D,892379,7.295,0.000,0.176,0,0
D,892384,7.295,0.000,0.176,0,0
D,892389,7.273,0.000,0.176,0,0
D,892395,7.229,0.000,0.088,0,0
D,892400,7.251,0.000,0.176,0,0
D,892406,7.251,0.000,0.176,0,0
D,892411,7.273,0.000,0.176,0,0
D,892416,7.251,0.000,0.176,0,0
D,892422,7.295,0.000,0.176,0,0
D,892427,7.251,0.000,0.176,0,0
D,892432,7.317,0.000,0.176,0,0
D,892438,7.273,0.000,0.176,0,0
D,892443,7.251,0.000,0.176,0,0
D,892448,7.295,0.000,0.176,0,0
D,892454,7.273,0.000,0.176,0,0
D,892459,7.339,0.000,0.176,0,0
D,892464,7.251,0.000,0.176,0,0
D,892470,7.295,0.000,0.176,0,0
D,892475,7.295,0.000,0.176,0,0
D,892480,7.295,0.000,0.176,0,0
D,892486,7.295,0.000,0.176,0,0
D,892491,7.339,0.000,0.088,0,0
D,892496,7.295,0.000,0.176,0,0
D,892502,7.295,0.000,0.176,0,0
D,892507,7.361,0.000,0.176,0,0
D,892512,7.339,0.000,0.176,0,0
D,892518,7.317,0.000,0.176,0,0
D,892523,7.229,0.000,0.176,0,0
D,892528,7.273,0.000,0.176,0,0
D,892534,7.361,0.000,0.176,0,0
D,892539,7.295,0.000,0.176,0,0
D,892544,7.317,0.000,0.176,0,0
D,892550,7.339,0.000,0.176,0,0
D,892555,7.229,0.000,0.176,0,0
D,892561,7.251,0.000,0.176,0,0
D,892566,7.295,0.000,0.176,0,0
D,892571,7.295,0.000,0.176,0,0
D,892577,7.251,0.000,0.176,0,0
D,892582,7.317,0.000,0.176,0,0
D,892587,7.317,0.000,0.176,0,0
D,892593,7.339,0.000,0.176,0,0
D,892598,7.295,0.000,0.176,0,0
D,892603,7.339,0.000,0.176,0,0
D,892609,7.229,0.000,0.176,0,0
D,892614,7.251,0.000,0.176,0,0
D,892619,7.339,0.000,0.176,0,0
D,892625,7.229,0.000,0.176,0,0
D,892630,7.295,0.000,0.176,0,0
D,892635,7.317,0.000,0.176,0,0
D,892641,7.273,0.000,0.176,0,0
D,892646,7.273,0.000,0.176,0,0
D,892651,7.251,0.000,0.176,0,0
D,892657,7.295,0.000,0.176,0,0
D,892662,7.317,0.000,0.176,0,0
D,892667,7.229,0.000,0.176,0,0
D,892673,7.339,0.000,0.176,0,0
D,892678,7.295,0.000,0.176,0,0
D,892683,7.273,0.000,0.176,0,0
D,892689,7.251,0.000,0.176,0,0
D,892694,7.273,0.000,0.176,0,0
D,892699,7.251,0.000,0.176,0,0
D,892705,7.295,0.000,0.176,0,0
D,892710,7.251,0.000,0.176,0,0
D,892716,7.295,0.000,0.176,0,0
D,892721,7.317,0.000,0.176,0,0
D,892726,7.229,0.000,0.176,0,0
D,892732,7.295,0.000,0.176,0,0
D,892737,7.339,0.000,0.176,0,0
D,892742,7.317,0.000,0.176,0,0
D,892748,7.383,0.000,0.176,0,0
D,892753,7.295,0.000,0.176,0,0
D,892758,7.251,0.000,0.176,0,0
D,892764,7.317,0.000,0.176,0,0
D,892769,7.295,0.000,0.176,0,0
D,892774,7.339,0.000,0.176,0,0
D,892780,7.361,0.000,0.176,0,0
D,892785,7.273,0.000,0.176,0,0
D,892790,7.251,0.000,0.176,0,0
D,892796,7.273,0.000,0.176,0,0
D,892801,7.317,0.000,0.176,0,0
D,892806,7.295,0.000,0.176,0,0
D,892812,7.317,0.000,0.176,0,0
D,892817,7.339,0.000,0.176,0,0
D,892822,7.295,0.000,0.176,0,0
D,892828,7.295,0.000,0.176,0,0
D,892833,7.317,0.000,0.176,0,0
D,892838,7.251,0.000,0.176,0,0
D,892844,7.273,0.000,0.176,0,0
D,892849,7.383,0.000,0.176,0,0
D,892854,7.383,0.000,0.176,0,0
D,892860,7.295,0.000,0.176,0,0
D,892865,7.317,0.000,0.176,0,0
D,892871,7.295,0.000,0.176,0,0
D,892876,7.317,0.000,0.176,0,0
D,892881,7.339,0.000,0.176,0,0
D,892887,7.361,0.000,0.176,0,0
D,892892,7.317,0.000,0.176,0,0
D,892897,7.295,0.000,0.176,0,0
D,892903,7.273,0.000,0.176,0,0
D,892908,7.317,0.000,0.176,0,0
D,892913,7.317,0.000,0.176,0,0
D,892919,7.317,0.000,0.176,0,0
D,892924,7.317,0.000,0.176,0,0
D,892929,7.317,0.000,0.176,0,0
D,892935,7.361,0.000,0.176,0,0
D,892940,7.273,0.000,0.176,0,0
D,892945,7.317,0.000,0.176,0,0
D,892951,7.273,0.000,0.176,0,0
D,892956,7.295,0.000,0.176,0,0
D,892961,7.295,0.000,0.176,0,0
D,892967,7.229,0.000,0.176,0,0
D,892972,7.295,0.000,0.176,0,0
D,892977,7.317,0.000,0.176,0,0
D,892983,7.251,0.000,0.176,0,0
D,892988,7.317,0.000,0.176,0,0
D,892993,7.339,0.000,0.176,0,0
D,892999,7.339,0.000,0.176,0,0
D,893004,7.295,0.000,0.176,0,0
D,893009,7.251,0.000,0.176,0,0
D,893015,7.317,0.000,0.176,0,0
D,893020,7.295,0.000,0.176,0,0
D,893026,7.273,0.000,0.176,0,0
D,893031,7.317,0.000,0.176,0,0
D,893036,7.295,0.000,0.176,0,0
D,893042,7.339,0.000,0.176,0,0
D,893047,7.251,0.000,0.176,0,0
D,893052,7.295,0.000,0.176,0,0
D,893058,7.295,0.000,0.176,0,0
D,893063,7.317,0.000,0.176,0,0
D,893068,7.317,0.000,0.176,0,0
D,893074,7.317,0.000,0.176,0,0
D,893079,7.295,0.000,0.176,0,0
D,893084,7.295,0.000,0.176,0,0
D,893090,7.339,0.000,0.176,0,0
D,893095,7.383,0.000,0.176,0,0
D,893100,7.339,0.000,0.176,0,0
D,893106,7.295,0.000,0.176,0,0
D,893111,7.273,0.000,0.176,0,0
D,893116,7.317,0.000,0.176,0,0
D,893122,7.317,0.000,0.176,0,0
D,893127,7.361,0.000,0.176,0,0
D,893132,7.339,0.000,0.176,0,0
D,893138,7.317,0.000,0.176,0,0
D,893143,7.317,0.000,0.176,0,0
D,893148,7.339,0.000,0.176,0,0
D,893154,7.339,0.000,0.176,0,0
D,893159,7.273,0.000,0.088,0,0
D,893165,7.273,0.000,0.176,0,0
D,893170,7.317,0.000,0.176,0,0
D,893175,7.339,0.000,0.176,0,0
D,893181,7.317,0.000,0.176,0,0
D,893186,7.273,0.000,0.176,0,0
D,893191,7.317,0.000,0.088,0,0
D,893197,7.361,0.000,0.176,0,0
D,893202,7.339,0.000,0.176,0,0
D,893207,7.317,0.000,0.176,0,0
D,893213,7.295,0.000,0.176,0,0
D,893218,7.295,0.000,0.176,0,0
D,893223,7.339,0.000,0.176,0,0
D,893229,7.273,0.000,0.176,0,0
D,893234,7.273,0.000,0.176,0,0
D,893239,7.339,0.000,0.176,0,0
D,893245,7.339,0.000,0.176,0,0
D,893250,7.317,0.000,0.176,0,0
D,893255,7.295,0.000,0.176,0,0
D,893261,7.383,0.000,0.176,0,0
D,893266,7.317,0.000,0.176,0,0
D,893271,7.251,0.000,0.176,0,0
D,893277,7.317,0.000,0.176,0,0
D,893282,7.317,0.000,0.176,0,0
D,893287,7.317,0.000,0.176,0,0
D,893293,7.317,0.000,0.176,0,0
D,893298,7.317,0.000,0.176,0,0
D,893303,7.339,0.000,0.176,0,0
D,893309,7.295,0.000,0.176,0,0
D,893314,7.295,0.000,0.176,0,0
D,893320,7.339,0.000,0.176,0,0
D,893325,7.229,0.000,0.176,0,0
D,893330,7.339,0.000,0.176,0,0
D,893336,7.317,0.000,0.176,0,0
D,893341,7.317,0.000,0.176,0,0
D,893346,7.295,0.000,0.176,0,0
D,893352,7.317,0.000,0.176,0,0
D,893357,7.295,0.000,0.176,0,0
D,893362,7.317,0.000,0.176,0,0
D,893368,7.295,0.000,0.176,0,0
D,893373,7.361,0.000,0.176,0,0
D,893378,7.295,0.000,0.176,0,0
D,893384,7.339,0.000,0.176,0,0
D,893389,7.317,0.000,0.176,0,0
D,893394,7.295,0.000,0.176,0,0
D,893400,7.317,0.000,0.176,0,0
D,893405,7.295,0.000,0.176,0,0
D,893410,7.361,0.000,0.176,0,0
D,893416,7.295,0.000,0.176,0,0
D,893421,7.317,0.000,0.176,0,0
D,893426,7.317,0.000,0.176,0,0
D,893432,7.295,0.000,0.176,0,0
D,893437,7.295,0.000,0.176,0,0
D,893442,7.317,0.000,0.176,0,0
D,893448,7.317,0.000,0.176,0,0
D,893453,7.317,0.000,0.176,0,0
D,893459,7.295,0.000,0.176,0,0
D,893464,7.339,0.000,0.176,0,0
D,893469,7.295,0.000,0.176,0,0
D,893475,7.339,0.000,0.176,0,0
D,893480,7.273,0.000,0.176,0,0
D,893485,7.317,0.000,0.176,0,0
D,893491,7.317,0.000,0.176,0,0
D,893496,7.273,0.000,0.176,0,0
D,893501,7.273,0.000,0.176,0,0
D,893507,7.317,0.000,0.176,0,0
D,893512,7.295,0.000,0.176,0,0
D,893517,7.273,0.000,0.176,0,0
D,893523,7.273,0.000,0.176,0,0
D,893528,7.339,0.000,0.088,0,0
D,893533,7.339,0.000,0.176,0,0
D,893539,7.317,0.000,0.176,0,0
D,893544,7.339,0.000,0.176,0,0
D,893549,7.339,0.000,0.176,0,0
D,893555,7.339,0.000,0.176,0,0
D,893560,7.339,0.000,0.176,0,0
D,893565,7.339,0.000,0.176,0,0
D,893571,7.383,0.000,0.176,0,0
D,893576,7.339,0.000,0.176,0,0
D,893581,7.317,0.000,0.176,0,0
D,893587,7.339,0.000,0.176,0,0
D,893592,7.339,0.000,0.176,0,0
D,893597,7.339,0.000,0.176,0,0
D,893603,7.317,0.000,0.176,0,0
D,893608,7.251,0.000,0.176,0,0
D,893614,7.317,0.000,0.176,0,0
D,893619,7.317,0.000,0.176,0,0
D,893624,7.361,0.000,0.176,0,0
D,893630,7.317,0.000,0.176,0,0
D,893635,7.339,0.000,0.176,0,0
D,893640,7.361,0.000,0.176,0,0
D,893646,7.317,0.000,0.176,0,0
D,893651,7.361,0.000,0.176,0,0
D,893656,7.295,0.000,0.176,0,0
D,893662,7.383,0.000,0.176,0,0
D,893667,7.361,0.000,0.176,0,0
D,893672,7.251,0.000,0.176,0,0
D,893678,7.317,0.000,0.176,0,0
D,893683,7.295,0.000,0.176,0,0
D,893688,7.251,0.000,0.176,0,0
D,893694,7.295,0.000,0.176,0,0
D,893699,7.361,0.000,0.176,0,0
D,893704,7.339,0.000,0.176,0,0
D,893710,7.361,0.000,0.176,0,0
D,893715,7.361,0.000,0.176,0,0
D,893720,7.339,0.000,0.176,0,0
D,893726,7.273,0.000,0.176,0,0
D,893731,7.339,0.000,0.176,0,0
D,893736,7.317,0.000,0.176,0,0
D,893742,7.295,0.000,0.176,0,0
D,893747,7.361,0.000,0.176,0,0
D,893752,7.361,0.000,0.176,0,0
D,893758,7.339,0.000,0.176,0,0
D,893763,7.317,0.000,0.176,0,0
D,893769,7.317,0.000,0.176,0,0
D,893774,7.295,0.000,0.176,0,0
D,893779,7.273,0.000,0.176,0,0
D,893785,7.361,0.000,0.176,0,0
D,893790,7.295,0.000,0.176,0,0
D,893795,7.295,0.000,0.176,0,0
D,893801,7.317,0.000,0.176,0,0
D,893806,7.317,0.000,0.176,0,0
D,893811,7.383,0.000,0.176,0,0
D,893817,7.317,0.000,0.176,0,0
D,893822,7.339,0.000,0.176,0,0
D,893827,7.361,0.000,0.176,0,0
D,893833,7.317,0.000,0.176,0,0
D,893838,7.361,0.000,0.176,0,0
D,893843,7.295,0.000,0.176,0,0
D,893849,7.339,0.000,0.176,0,0
D,893854,7.317,0.000,0.176,0,0
D,893859,7.295,0.000,0.176,0,0
D,893865,7.361,0.000,0.176,0,0
D,893870,7.317,0.000,0.176,0,0
D,893875,7.383,0.000,0.176,0,0
D,893881,7.273,0.000,0.176,0,0
D,893886,7.295,0.000,0.176,0,0
D,893891,7.361,0.000,0.176,0,0
D,893897,7.339,0.000,0.176,0,0
D,893902,7.339,0.000,0.176,0,0
D,893907,7.339,0.000,0.176,0,0
D,893913,7.361,0.000,0.176,0,0
D,893918,7.295,0.000,0.176,0,0
D,893924,7.273,0.000,0.176,0,0
D,893929,7.361,0.000,0.176,0,0
D,893934,7.339,0.000,0.176,0,0
D,893940,7.361,0.000,0.176,0,0
D,893945,7.361,0.000,0.176,0,0
D,893950,7.339,0.000,0.176,0,0
D,893956,7.295,0.000,0.176,0,0
D,893961,7.273,0.000,0.176,0,0
D,893966,7.317,0.000,0.176,0,0
D,893972,7.317,0.000,0.176,0,0
D,893977,7.339,0.000,0.176,0,0
D,893982,7.317,0.000,0.176,0,0
D,893988,7.295,0.000,0.176,0,0
D,893993,7.339,0.000,0.176,0,0
D,893998,7.295,0.000,0.176,0,0
D,894004,7.405,0.000,0.176,0,0
D,894009,7.361,0.000,0.176,0,0
D,894014,7.339,0.000,0.176,0,0
D,894020,7.405,0.000,0.176,0,0
D,894025,7.383,0.000,0.176,0,0
D,894030,7.295,0.000,0.176,0,0
D,894036,7.339,0.000,0.176,0,0
D,894041,7.317,0.000,0.176,0,0
D,894046,7.317,0.000,0.176,0,0
D,894052,7.339,0.000,0.176,0,0
D,894057,7.295,0.000,0.176,0,0
D,894062,7.317,0.000,0.176,0,0
D,894068,7.295,0.000,0.176,0,0
D,894073,7.339,0.000,0.176,0,0
D,894079,7.317,0.000,0.176,0,0
D,894084,7.339,0.000,0.176,0,0
D,894089,7.273,0.000,0.176,0,0
D,894095,7.383,0.000,0.176,0,0
D,894100,7.383,0.000,0.176,0,0
D,894105,7.383,0.000,0.176,0,0
D,894111,7.295,0.000,0.176,0,0
D,894116,7.339,0.000,0.176,0,0
D,894121,7.317,0.000,0.176,0,0
D,894127,7.339,0.000,0.176,0,0
D,894132,7.295,0.000,0.176,0,0
D,894137,7.273,0.000,0.176,0,0
D,894143,7.361,0.000,0.176,0,0
D,894148,7.317,0.000,0.176,0,0
D,894153,7.317,0.000,0.176,0,0
D,894159,7.339,0.000,0.176,0,0
D,894164,7.383,0.000,0.176,0,0
D,894169,7.339,0.000,0.176,0,0
D,894175,7.317,0.000,0.176,0,0
D,894180,7.295,0.000,0.176,0,0
D,894185,7.317,0.000,0.176,0,0
D,894191,7.317,0.000,0.176,0,0
D,894196,7.339,0.000,0.176,0,0
D,894201,7.361,0.000,0.176,0,0
D,894207,7.339,0.000,0.176,0,0
D,894212,7.339,0.000,0.176,0,0
D,894217,7.383,0.000,0.176,0,0
D,894223,7.295,0.000,0.176,0,0
D,894228,7.295,0.000,0.176,0,0
D,894234,7.361,0.000,0.176,0,0
D,894239,7.339,0.000,0.176,0,0
D,894244,7.361,0.000,0.176,0,0
D,894250,7.339,0.000,0.176,0,0
D,894255,7.339,0.000,0.176,0,0
D,894260,7.383,0.000,0.176,0,0
D,894266,7.317,0.000,0.176,0,0
D,894271,7.273,0.000,0.176,0,0
D,894276,7.295,0.000,0.176,0,0
D,894282,7.361,0.000,0.176,0,0
D,894287,7.383,0.000,0.176,0,0
D,894292,7.339,0.000,0.176,0,0
D,894298,7.317,0.000,0.176,0,0
D,894303,7.317,0.000,0.176,0,0
D,894308,7.361,0.000,0.176,0,0
D,894314,7.295,0.000,0.176,0,0
D,894319,7.339,0.000,0.176,0,0
D,894324,7.295,0.000,0.176,0,0
D,894330,7.361,0.000,0.176,0,0
D,894335,7.295,0.000,0.176,0,0
D,894340,7.295,0.000,0.176,0,0
D,894346,7.317,0.000,0.176,0,0
D,894351,7.339,0.000,0.176,0,0
D,894356,7.361,0.000,0.176,0,0
D,894362,7.339,0.000,0.176,0,0
D,894367,7.383,0.000,0.176,0,0
D,894372,7.295,0.000,0.176,0,0
D,894378,7.339,0.000,0.176,0,0
D,894383,7.295,0.000,0.176,0,0
D,894388,7.383,0.000,0.176,0,0
D,894394,7.361,0.000,0.176,0,0
D,894399,7.383,0.000,0.176,0,0
D,894405,7.339,0.000,0.176,0,0
D,894410,7.317,0.000,0.176,0,0
D,894415,7.339,0.000,0.176,0,0
D,894421,7.383,0.000,0.176,0,0
D,894426,7.317,0.000,0.176,0,0
D,894431,7.361,0.000,0.176,0,0
D,894437,7.361,0.000,0.176,0,0
D,894442,7.317,0.000,0.176,0,0
D,894447,7.339,0.000,0.176,0,0
D,894453,7.339,0.000,0.176,0,0
D,894458,7.383,0.000,0.176,0,0
D,894463,7.295,0.000,0.176,0,0
D,894469,7.361,0.000,0.176,0,0
D,894474,7.339,0.000,0.176,0,0
D,894479,7.317,0.000,0.176,0,0
D,894485,7.295,0.000,0.176,0,0
D,894490,7.405,0.000,0.176,0,0
D,894495,7.317,0.000,0.176,0,0
D,894501,7.339,0.000,0.176,0,0
D,894506,7.295,0.000,0.176,0,0
D,894511,7.339,0.000,0.176,0,0
D,894517,7.339,0.000,0.176,0,0
D,894522,7.361,0.000,0.176,0,0
D,894527,7.317,0.000,0.176,0,0
D,894533,7.427,0.000,0.088,0,0
D,894538,7.339,0.000,0.176,0,0
D,894544,7.251,0.000,0.176,0,0
D,894549,7.317,0.000,0.176,0,0
D,894554,7.339,0.000,0.176,0,0
D,894560,7.317,0.000,0.176,0,0
D,894565,7.339,0.000,0.176,0,0
D,894570,7.317,0.000,0.176,0,0
D,894576,7.339,0.000,0.176,0,0
D,894581,7.383,0.000,0.176,0,0
D,894586,7.317,0.000,0.176,0,0
D,894592,7.317,0.000,0.176,0,0
D,894597,7.383,0.000,0.176,0,0
D,894602,7.361,0.000,0.176,0,0
D,894608,7.361,0.000,0.176,0,0
D,894613,7.383,0.000,0.176,0,0
D,894618,7.295,0.000,0.176,0,0
D,894624,7.295,0.000,0.176,0,0
D,894629,7.317,0.000,0.176,0,0
D,894634,7.339,0.000,0.176,0,0
D,894640,7.339,0.000,0.176,0,0
D,894645,7.273,0.000,0.176,0,0
D,894650,7.339,0.000,0.176,0,0
D,894656,7.339,0.000,0.176,0,0
D,894661,7.339,0.000,0.176,0,0
D,894666,7.383,0.000,0.176,0,0
D,894672,7.339,0.000,0.176,0,0
D,894677,7.317,0.000,0.176,0,0
D,894683,7.361,0.000,0.176,0,0
D,894688,7.339,0.000,0.176,0,0
D,894693,7.339,0.000,0.176,0,0
D,894699,7.295,0.000,0.176,0,0
D,894704,7.317,0.000,0.176,0,0
D,894709,7.295,0.000,0.176,0,0
D,894715,7.317,0.000,0.176,0,0
D,894720,7.361,0.000,0.176,0,0
D,894725,7.317,0.000,0.176,0,0
D,894731,7.339,0.000,0.176,0,0
D,894736,7.361,0.000,0.176,0,0
D,894741,7.361,0.000,0.176,0,0
D,894747,7.383,0.000,0.176,0,0
D,894752,7.317,0.000,0.176,0,0
D,894757,7.339,0.000,0.176,0,0
D,894763,7.317,0.000,0.176,0,0
D,894768,7.295,0.000,0.176,0,0
D,894773,7.361,0.000,0.176,0,0
D,894779,7.405,0.000,0.176,0,0
D,894784,7.383,0.000,0.176,0,0
D,894789,7.339,0.000,0.176,0,0
D,894795,7.339,0.000,0.176,0,0
D,894800,7.339,0.000,0.176,0,0
D,894805,7.361,0.000,0.176,0,0
D,894811,7.273,0.000,0.176,0,0
D,894816,7.383,0.000,0.176,0,0
D,894822,7.317,0.000,0.176,0,0
D,894827,7.383,0.000,0.176,0,0
D,894832,7.339,0.000,0.176,0,0
D,894838,7.383,0.000,0.176,0,0
D,894843,7.361,0.000,0.088,0,0
D,894848,7.295,0.000,0.176,0,0
D,894854,7.339,0.000,0.176,0,0
D,894859,7.295,0.000,0.176,0,0
D,894864,7.295,0.000,0.176,0,0
D,894870,7.361,0.000,0.176,0,0
D,894875,7.317,0.000,0.176,0,0
D,894880,7.339,0.000,0.176,0,0
D,894886,7.317,0.000,0.176,0,0
D,894891,7.361,0.000,0.176,0,0
D,894896,7.361,0.000,0.176,0,0
D,894902,7.339,0.000,0.176,0,0
D,894907,7.273,0.000,0.176,0,0
D,894912,7.317,0.000,0.176,0,0
D,894918,7.361,0.000,0.176,0,0
D,894923,7.295,0.000,0.176,0,0
D,894928,7.317,0.000,0.176,0,0
D,894934,7.361,0.000,0.176,0,0
D,894939,7.339,0.000,0.176,0,0
D,894944,7.339,0.000,0.176,0,0
D,894950,7.361,0.000,0.176,0,0
D,894955,7.339,0.000,0.176,0,0
D,894960,7.273,0.000,0.176,0,0
D,894966,7.361,0.000,0.176,0,0
D,894971,7.383,0.000,0.176,0,0
D,894977,7.317,0.000,0.176,0,0
D,894982,7.361,0.000,0.176,0,0
D,894987,7.339,0.000,0.176,0,0
D,894993,7.317,0.000,0.176,0,0
D,894998,7.339,0.000,0.176,0,0
D,895003,7.339,0.000,0.176,0,0
D,895009,7.317,0.000,0.176,0,0
D,895014,7.295,0.000,0.176,0,0
D,895019,7.317,0.000,0.176,0,0
D,895025,7.361,0.000,0.176,0,0
D,895030,7.339,0.000,0.176,0,0
D,895035,7.383,0.000,0.176,0,0
D,895041,7.339,0.000,0.176,0,0
D,895046,7.427,0.000,0.176,0,0
D,895051,7.317,0.000,0.176,0,0
D,895057,7.339,0.000,0.176,0,0
D,895062,7.295,0.000,0.176,0,0
D,895067,7.339,0.000,0.176,0,0
D,895073,7.317,0.000,0.176,0,0
D,895078,7.339,0.000,0.176,0,0
D,895083,7.383,0.000,0.176,0,0
D,895089,7.317,0.000,0.176,0,0
D,895094,7.339,0.000,0.176,0,0
D,895099,7.317,0.000,0.176,0,0
D,895105,7.339,0.000,0.176,0,0
D,895110,7.317,0.000,0.176,0,0
D,895115,7.317,0.000,0.176,0,0
D,895121,7.361,0.000,0.176,0,0
D,895126,7.361,0.000,0.176,0,0
D,895132,7.383,0.000,0.176,0,0
D,895137,7.317,0.000,0.176,0,0
D,895142,7.383,0.000,0.176,0,0
D,895148,7.295,0.000,0.176,0,0
D,895153,7.317,0.000,0.176,0,0
D,895158,7.361,0.000,0.176,0,0
D,895164,7.361,0.000,0.176,0,0
D,895169,7.339,0.000,0.176,0,0
D,895174,7.295,0.000,0.176,0,0
D,895180,7.295,0.000,0.176,0,0
D,895185,7.295,0.000,0.176,0,0
D,895190,7.361,0.000,0.176,0,0
D,895196,7.383,0.000,0.176,0,0
D,895201,7.361,0.000,0.176,0,0
D,895206,7.383,0.000,0.176,0,0
D,895212,7.339,0.000,0.176,0,0
D,895217,7.361,0.000,0.176,0,0
D,895222,7.361,0.000,0.176,0,0
D,895228,7.317,0.000,0.176,0,0
D,895233,7.339,0.000,0.176,0,0
D,895238,7.295,0.000,0.176,0,0
D,895244,7.339,0.000,0.176,0,0
D,895249,7.405,0.000,0.176,0,0
D,895254,7.339,0.000,0.176,0,0
D,895260,7.339,0.000,0.176,0,0
D,895265,7.339,0.000,0.176,0,0
D,895271,7.295,0.000,0.176,0,0
D,895276,7.295,0.000,0.176,0,0
D,895281,7.317,0.000,0.176,0,0
D,895287,7.361,0.000,0.176,0,0
D,895292,7.317,0.000,0.176,0,0
D,895297,7.273,0.000,0.176,0,0
D,895303,7.361,0.000,0.176,0,0
D,895308,7.339,0.000,0.176,0,0
D,895313,7.317,0.000,0.176,0,0
D,895319,7.295,0.000,0.176,0,0
D,895324,7.317,0.000,0.176,0,0
D,895329,7.295,0.000,0.176,0,0
D,895335,7.339,0.000,0.176,0,0
D,895340,7.273,0.000,0.176,0,0
D,895345,7.361,0.000,0.176,0,0
D,895351,7.339,0.000,0.176,0,0
D,895356,7.317,0.000,0.176,0,0
D,895361,7.339,0.000,0.176,0,0
D,895367,7.383,0.000,0.176,0,0
D,895372,7.273,0.000,0.176,0,0
D,895377,7.339,0.000,0.176,0,0
D,895383,7.361,0.000,0.176,0,0
D,895388,7.317,0.000,0.176,0,0
D,895393,7.273,0.000,0.176,0,0
D,895399,7.317,0.000,0.176,0,0
D,895404,7.361,0.000,0.176,0,0
D,895409,7.361,0.000,0.176,0,0
D,895415,7.339,0.000,0.176,0,0
D,895420,7.361,0.000,0.176,0,0
D,895426,7.339,0.000,0.176,0,0
D,895431,7.427,0.000,0.176,0,0
D,895436,7.383,0.000,0.176,0,0
D,895442,7.339,0.000,0.176,0,0
D,895447,7.361,0.000,0.176,0,0
D,895452,7.339,0.000,0.176,0,0
D,895458,7.317,0.000,0.176,0,0
D,895463,7.317,0.000,0.176,0,0
D,895468,7.383,0.000,0.176,0,0
D,895474,7.361,0.000,0.176,0,0
D,895479,7.339,0.000,0.176,0,0
D,895484,7.339,0.000,0.176,0,0
D,895490,7.339,0.000,0.176,0,0
D,895495,7.361,0.000,0.176,0,0
D,895500,7.405,0.000,0.176,0,0
D,895506,7.383,0.000,0.176,0,0
D,895511,7.339,0.000,0.176,0,0
D,895516,7.339,0.000,0.176,0,0
D,895522,7.317,0.000,0.176,0,0
D,895527,7.317,0.000,0.176,0,0
D,895532,7.405,0.000,0.176,0,0
D,895538,7.383,0.000,0.176,0,0
D,895543,7.405,0.000,0.176,0,0
D,895548,7.339,0.000,0.176,0,0
D,895554,7.295,0.000,0.176,0,0
D,895559,7.339,0.000,0.176,0,0
D,895564,7.317,0.000,0.176,0,0
D,895570,7.383,0.000,0.176,0,0
D,895575,7.317,0.000,0.176,0,0
D,895581,7.361,0.000,0.176,0,0
D,895586,7.361,0.000,0.176,0,0
D,895591,7.339,0.000,0.176,0,0
D,895597,7.339,0.000,0.176,0,0
D,895602,7.317,0.000,0.176,0,0
D,895607,7.339,0.000,0.176,0,0
D,895613,7.361,0.000,0.176,0,0
D,895618,7.361,0.000,0.176,0,0
D,895623,7.361,0.000,0.176,0,0
D,895629,7.339,0.000,0.176,0,0
D,895634,7.339,0.000,0.176,0,0
D,895639,7.317,0.000,0.176,0,0
D,895645,7.383,0.000,0.176,0,0
D,895650,7.317,0.000,0.176,0,0
D,895655,7.361,0.000,0.176,0,0
D,895661,7.361,0.000,0.176,0,0
D,895666,7.295,0.000,0.176,0,0
D,895671,7.339,0.000,0.176,0,0
D,895677,7.383,0.000,0.176,0,0
D,895682,7.405,0.000,0.176,0,0
D,895687,7.361,0.000,0.176,0,0
D,895693,7.317,0.000,0.176,0,0
D,895698,7.383,0.000,0.176,0,0
D,895703,7.339,0.000,0.176,0,0
D,895709,7.361,0.000,0.176,0,0
D,895714,7.339,0.000,0.176,0,0
D,895719,7.361,0.000,0.176,0,0
D,895725,7.361,0.000,0.176,0,0
D,895730,7.361,0.000,0.176,0,0
D,895736,7.317,0.000,0.176,0,0
D,895741,7.361,0.000,0.176,0,0
D,895746,7.361,0.000,0.176,0,0
D,895752,7.339,0.000,0.176,0,0
D,895757,7.361,0.000,0.176,0,0
D,895762,7.361,0.000,0.176,0,0
D,895768,7.339,0.000,0.088,0,0
D,895773,7.317,0.000,0.176,0,0
E,0,STREAM_OFF
